TimeQuest Timing Analyzer report for Main
Tue Sep 22 14:43:37 2026
Quartus II 64-Bit Version 13.1.0 Build 162 10/23/2013 SJ Web Edition


---------------------
; Table of Contents ;
---------------------
  1. Legal Notice
  2. TimeQuest Timing Analyzer Summary
  3. Parallel Compilation
  4. Clocks
  5. Slow 1200mV 85C Model Fmax Summary
  6. Timing Closure Recommendations
  7. Slow 1200mV 85C Model Setup Summary
  8. Slow 1200mV 85C Model Hold Summary
  9. Slow 1200mV 85C Model Recovery Summary
 10. Slow 1200mV 85C Model Removal Summary
 11. Slow 1200mV 85C Model Minimum Pulse Width Summary
 12. Slow 1200mV 85C Model Setup: 'CLK'
 13. Slow 1200mV 85C Model Setup: 'KPTastature:inst11|KeyFetch:inst|Debouncer:inst39|inst1'
 14. Slow 1200mV 85C Model Hold: 'CLK'
 15. Slow 1200mV 85C Model Hold: 'KPTastature:inst11|KeyFetch:inst|Debouncer:inst39|inst1'
 16. Slow 1200mV 85C Model Recovery: 'CLK'
 17. Slow 1200mV 85C Model Removal: 'CLK'
 18. Slow 1200mV 85C Model Minimum Pulse Width: 'CLK'
 19. Slow 1200mV 85C Model Minimum Pulse Width: 'KPTastature:inst11|KeyFetch:inst|Debouncer:inst39|inst1'
 20. Setup Times
 21. Hold Times
 22. Clock to Output Times
 23. Minimum Clock to Output Times
 24. Slow 1200mV 85C Model Metastability Report
 25. Slow 1200mV 0C Model Fmax Summary
 26. Slow 1200mV 0C Model Setup Summary
 27. Slow 1200mV 0C Model Hold Summary
 28. Slow 1200mV 0C Model Recovery Summary
 29. Slow 1200mV 0C Model Removal Summary
 30. Slow 1200mV 0C Model Minimum Pulse Width Summary
 31. Slow 1200mV 0C Model Setup: 'CLK'
 32. Slow 1200mV 0C Model Setup: 'KPTastature:inst11|KeyFetch:inst|Debouncer:inst39|inst1'
 33. Slow 1200mV 0C Model Hold: 'CLK'
 34. Slow 1200mV 0C Model Hold: 'KPTastature:inst11|KeyFetch:inst|Debouncer:inst39|inst1'
 35. Slow 1200mV 0C Model Recovery: 'CLK'
 36. Slow 1200mV 0C Model Removal: 'CLK'
 37. Slow 1200mV 0C Model Minimum Pulse Width: 'CLK'
 38. Slow 1200mV 0C Model Minimum Pulse Width: 'KPTastature:inst11|KeyFetch:inst|Debouncer:inst39|inst1'
 39. Setup Times
 40. Hold Times
 41. Clock to Output Times
 42. Minimum Clock to Output Times
 43. Slow 1200mV 0C Model Metastability Report
 44. Fast 1200mV 0C Model Setup Summary
 45. Fast 1200mV 0C Model Hold Summary
 46. Fast 1200mV 0C Model Recovery Summary
 47. Fast 1200mV 0C Model Removal Summary
 48. Fast 1200mV 0C Model Minimum Pulse Width Summary
 49. Fast 1200mV 0C Model Setup: 'CLK'
 50. Fast 1200mV 0C Model Setup: 'KPTastature:inst11|KeyFetch:inst|Debouncer:inst39|inst1'
 51. Fast 1200mV 0C Model Hold: 'CLK'
 52. Fast 1200mV 0C Model Hold: 'KPTastature:inst11|KeyFetch:inst|Debouncer:inst39|inst1'
 53. Fast 1200mV 0C Model Recovery: 'CLK'
 54. Fast 1200mV 0C Model Removal: 'CLK'
 55. Fast 1200mV 0C Model Minimum Pulse Width: 'CLK'
 56. Fast 1200mV 0C Model Minimum Pulse Width: 'KPTastature:inst11|KeyFetch:inst|Debouncer:inst39|inst1'
 57. Setup Times
 58. Hold Times
 59. Clock to Output Times
 60. Minimum Clock to Output Times
 61. Fast 1200mV 0C Model Metastability Report
 62. Multicorner Timing Analysis Summary
 63. Setup Times
 64. Hold Times
 65. Clock to Output Times
 66. Minimum Clock to Output Times
 67. Board Trace Model Assignments
 68. Input Transition Times
 69. Slow Corner Signal Integrity Metrics
 70. Fast Corner Signal Integrity Metrics
 71. Setup Transfers
 72. Hold Transfers
 73. Recovery Transfers
 74. Removal Transfers
 75. Report TCCS
 76. Report RSKM
 77. Unconstrained Paths
 78. TimeQuest Timing Analyzer Messages



----------------
; Legal Notice ;
----------------
Copyright (C) 1991-2013 Altera Corporation
Your use of Altera Corporation's design tools, logic functions 
and other software and tools, and its AMPP partner logic 
functions, and any output files from any of the foregoing 
(including device programming or simulation files), and any 
associated documentation or information are expressly subject 
to the terms and conditions of the Altera Program License 
Subscription Agreement, Altera MegaCore Function License 
Agreement, or other applicable license agreement, including, 
without limitation, that your use is for the sole purpose of 
programming logic devices manufactured by Altera and sold by 
Altera or its authorized distributors.  Please refer to the 
applicable agreement for further details.



+-------------------------------------------------------------------------+
; TimeQuest Timing Analyzer Summary                                       ;
+--------------------+----------------------------------------------------+
; Quartus II Version ; Version 13.1.0 Build 162 10/23/2013 SJ Web Edition ;
; Revision Name      ; Main                                               ;
; Device Family      ; Cyclone III                                        ;
; Device Name        ; EP3C16F484C6                                       ;
; Timing Models      ; Final                                              ;
; Delay Model        ; Combined                                           ;
; Rise/Fall Delays   ; Enabled                                            ;
+--------------------+----------------------------------------------------+


Parallel compilation was disabled, but you have multiple processors available. Enable parallel compilation to reduce compilation time.
+-------------------------------------+
; Parallel Compilation                ;
+----------------------------+--------+
; Processors                 ; Number ;
+----------------------------+--------+
; Number detected on machine ; 4      ;
; Maximum allowed            ; 1      ;
+----------------------------+--------+


+----------------------------------------------------------------------------------------------------------------------------------------------------------------------------------------------------------------------------------------------------------------------------------+
; Clocks                                                                                                                                                                                                                                                                           ;
+---------------------------------------------------------+------+--------+------------+-------+-------+------------+-----------+-------------+-------+--------+-----------+------------+----------+--------+--------+-------------------------------------------------------------+
; Clock Name                                              ; Type ; Period ; Frequency  ; Rise  ; Fall  ; Duty Cycle ; Divide by ; Multiply by ; Phase ; Offset ; Edge List ; Edge Shift ; Inverted ; Master ; Source ; Targets                                                     ;
+---------------------------------------------------------+------+--------+------------+-------+-------+------------+-----------+-------------+-------+--------+-----------+------------+----------+--------+--------+-------------------------------------------------------------+
; CLK                                                     ; Base ; 1.000  ; 1000.0 MHz ; 0.000 ; 0.500 ;            ;           ;             ;       ;        ;           ;            ;          ;        ;        ; { CLK }                                                     ;
; KPTastature:inst11|KeyFetch:inst|Debouncer:inst39|inst1 ; Base ; 1.000  ; 1000.0 MHz ; 0.000 ; 0.500 ;            ;           ;             ;       ;        ;           ;            ;          ;        ;        ; { KPTastature:inst11|KeyFetch:inst|Debouncer:inst39|inst1 } ;
+---------------------------------------------------------+------+--------+------------+-------+-------+------------+-----------+-------------+-------+--------+-----------+------------+----------+--------+--------+-------------------------------------------------------------+


+----------------------------------------------------------------------------------------------------------------------------------------+
; Slow 1200mV 85C Model Fmax Summary                                                                                                     ;
+-----------+-----------------+---------------------------------------------------------+------------------------------------------------+
; Fmax      ; Restricted Fmax ; Clock Name                                              ; Note                                           ;
+-----------+-----------------+---------------------------------------------------------+------------------------------------------------+
; 53.89 MHz ; 53.89 MHz       ; CLK                                                     ;                                                ;
; 625.0 MHz ; 500.0 MHz       ; KPTastature:inst11|KeyFetch:inst|Debouncer:inst39|inst1 ; limit due to minimum period restriction (tmin) ;
+-----------+-----------------+---------------------------------------------------------+------------------------------------------------+
This panel reports FMAX for every clock in the design, regardless of the user-specified clock periods.  FMAX is only computed for paths where the source and destination registers or ports are driven by the same clock.  Paths of different clocks, including generated clocks, are ignored.  For paths between a clock and its inversion, FMAX is computed as if the rising and falling edges are scaled along with FMAX, such that the duty cycle (in terms of a percentage) is maintained. Altera recommends that you always use clock constraints and other slack reports for sign-off analysis.


----------------------------------
; Timing Closure Recommendations ;
----------------------------------
HTML report is unavailable in plain text report export.


+-----------------------------------------------------------------------------------+
; Slow 1200mV 85C Model Setup Summary                                               ;
+---------------------------------------------------------+---------+---------------+
; Clock                                                   ; Slack   ; End Point TNS ;
+---------------------------------------------------------+---------+---------------+
; CLK                                                     ; -17.557 ; -21267.814    ;
; KPTastature:inst11|KeyFetch:inst|Debouncer:inst39|inst1 ; -0.600  ; -1.374        ;
+---------------------------------------------------------+---------+---------------+


+---------------------------------------------------------------------------------+
; Slow 1200mV 85C Model Hold Summary                                              ;
+---------------------------------------------------------+-------+---------------+
; Clock                                                   ; Slack ; End Point TNS ;
+---------------------------------------------------------+-------+---------------+
; CLK                                                     ; 0.293 ; 0.000         ;
; KPTastature:inst11|KeyFetch:inst|Debouncer:inst39|inst1 ; 0.382 ; 0.000         ;
+---------------------------------------------------------+-------+---------------+


+----------------------------------------+
; Slow 1200mV 85C Model Recovery Summary ;
+-------+--------+-----------------------+
; Clock ; Slack  ; End Point TNS         ;
+-------+--------+-----------------------+
; CLK   ; -0.311 ; -0.311                ;
+-------+--------+-----------------------+


+---------------------------------------+
; Slow 1200mV 85C Model Removal Summary ;
+-------+-------+-----------------------+
; Clock ; Slack ; End Point TNS         ;
+-------+-------+-----------------------+
; CLK   ; 0.858 ; 0.000                 ;
+-------+-------+-----------------------+


+----------------------------------------------------------------------------------+
; Slow 1200mV 85C Model Minimum Pulse Width Summary                                ;
+---------------------------------------------------------+--------+---------------+
; Clock                                                   ; Slack  ; End Point TNS ;
+---------------------------------------------------------+--------+---------------+
; CLK                                                     ; -3.000 ; -2072.968     ;
; KPTastature:inst11|KeyFetch:inst|Debouncer:inst39|inst1 ; -1.000 ; -19.000       ;
+---------------------------------------------------------+--------+---------------+


+-----------------------------------------------------------------------------------------------------------------------------------------------------------------------------------------+
; Slow 1200mV 85C Model Setup: 'CLK'                                                                                                                                                      ;
+---------+----------------------------------------------------+----------------------------------------------------+--------------+-------------+--------------+------------+------------+
; Slack   ; From Node                                          ; To Node                                            ; Launch Clock ; Latch Clock ; Relationship ; Clock Skew ; Data Delay ;
+---------+----------------------------------------------------+----------------------------------------------------+--------------+-------------+--------------+------------+------------+
; -17.557 ; CPU:inst|FetchFaza:inst24|RegisterX:inst2|data[1]  ; CPU:inst|DecodeFaza:inst|RegisterX:inst77|data[9]  ; CLK          ; CLK         ; 1.000        ; -0.061     ; 18.491     ;
; -17.537 ; CPU:inst|FetchFaza:inst24|RegisterX:inst2|data[3]  ; CPU:inst|DecodeFaza:inst|RegisterX:inst77|data[9]  ; CLK          ; CLK         ; 1.000        ; -0.061     ; 18.471     ;
; -17.276 ; CPU:inst|FetchFaza:inst24|RegisterX:inst2|data[2]  ; CPU:inst|DecodeFaza:inst|RegisterX:inst77|data[9]  ; CLK          ; CLK         ; 1.000        ; -0.061     ; 18.210     ;
; -17.269 ; CPU:inst|FetchFaza:inst24|RegisterX:inst2|data[0]  ; CPU:inst|DecodeFaza:inst|RegisterX:inst77|data[9]  ; CLK          ; CLK         ; 1.000        ; -0.061     ; 18.203     ;
; -17.245 ; CPU:inst|FetchFaza:inst24|RegisterX:inst2|data[1]  ; CPU:inst|DecodeFaza:inst|RegisterX:inst77|data[15] ; CLK          ; CLK         ; 1.000        ; -0.080     ; 18.160     ;
; -17.237 ; CPU:inst|FetchFaza:inst24|RegisterX:inst2|data[1]  ; CPU:inst|DecodeFaza:inst|RegisterX:inst77|data[8]  ; CLK          ; CLK         ; 1.000        ; -0.061     ; 18.171     ;
; -17.232 ; CPU:inst|FetchFaza:inst24|RegisterX:inst2|data[3]  ; CPU:inst|DecodeFaza:inst|RegisterX:inst77|data[15] ; CLK          ; CLK         ; 1.000        ; -0.080     ; 18.147     ;
; -17.217 ; CPU:inst|FetchFaza:inst24|RegisterX:inst2|data[3]  ; CPU:inst|DecodeFaza:inst|RegisterX:inst77|data[8]  ; CLK          ; CLK         ; 1.000        ; -0.061     ; 18.151     ;
; -17.210 ; CPU:inst|FetchFaza:inst24|RegisterX:inst2|data[1]  ; CPU:inst|DecodeFaza:inst|RegisterX:inst77|data[17] ; CLK          ; CLK         ; 1.000        ; -0.072     ; 18.133     ;
; -17.197 ; CPU:inst|FetchFaza:inst24|RegisterX:inst2|data[3]  ; CPU:inst|DecodeFaza:inst|RegisterX:inst77|data[17] ; CLK          ; CLK         ; 1.000        ; -0.072     ; 18.120     ;
; -17.111 ; CPU:inst|FetchFaza:inst24|RegisterX:inst2|data[6]  ; CPU:inst|DecodeFaza:inst|RegisterX:inst77|data[9]  ; CLK          ; CLK         ; 1.000        ; -0.061     ; 18.045     ;
; -17.106 ; CPU:inst|FetchFaza:inst24|RegisterX:inst2|data[1]  ; CPU:inst|DecodeFaza:inst|RegisterX:inst77|data[0]  ; CLK          ; CLK         ; 1.000        ; -0.081     ; 18.020     ;
; -17.086 ; CPU:inst|FetchFaza:inst24|RegisterX:inst2|data[3]  ; CPU:inst|DecodeFaza:inst|RegisterX:inst77|data[0]  ; CLK          ; CLK         ; 1.000        ; -0.081     ; 18.000     ;
; -17.057 ; CPU:inst|FetchFaza:inst24|RegisterX:inst2|data[1]  ; CPU:inst|DecodeFaza:inst|RegisterX:inst77|data[23] ; CLK          ; CLK         ; 1.000        ; -0.073     ; 17.979     ;
; -17.039 ; CPU:inst|FetchFaza:inst24|RegisterX:inst2|data[14] ; CPU:inst|DecodeFaza:inst|RegisterX:inst77|data[9]  ; CLK          ; CLK         ; 1.000        ; -0.053     ; 17.981     ;
; -17.037 ; CPU:inst|FetchFaza:inst24|RegisterX:inst2|data[3]  ; CPU:inst|DecodeFaza:inst|RegisterX:inst77|data[23] ; CLK          ; CLK         ; 1.000        ; -0.073     ; 17.959     ;
; -17.003 ; CPU:inst|FetchFaza:inst24|RegisterX:inst2|data[1]  ; CPU:inst|DecodeFaza:inst|RegisterX:inst77|data[10] ; CLK          ; CLK         ; 1.000        ; -0.061     ; 17.937     ;
; -16.997 ; CPU:inst|FetchFaza:inst24|RegisterX:inst2|data[1]  ; CPU:inst|DecodeFaza:inst|RegisterX:inst77|data[1]  ; CLK          ; CLK         ; 1.000        ; -0.071     ; 17.921     ;
; -16.987 ; CPU:inst|FetchFaza:inst24|RegisterX:inst2|data[1]  ; CPU:inst|DecodeFaza:inst|RegisterX:inst77|data[12] ; CLK          ; CLK         ; 1.000        ; -0.080     ; 17.902     ;
; -16.984 ; CPU:inst|FetchFaza:inst24|RegisterX:inst2|data[3]  ; CPU:inst|DecodeFaza:inst|RegisterX:inst77|data[1]  ; CLK          ; CLK         ; 1.000        ; -0.071     ; 17.908     ;
; -16.983 ; CPU:inst|FetchFaza:inst24|RegisterX:inst2|data[3]  ; CPU:inst|DecodeFaza:inst|RegisterX:inst77|data[10] ; CLK          ; CLK         ; 1.000        ; -0.061     ; 17.917     ;
; -16.976 ; CPU:inst|FetchFaza:inst24|RegisterX:inst2|data[1]  ; CPU:inst|DecodeFaza:inst|RegisterX:inst77|data[4]  ; CLK          ; CLK         ; 1.000        ; -0.082     ; 17.889     ;
; -16.976 ; CPU:inst|FetchFaza:inst24|RegisterX:inst2|data[1]  ; CPU:inst|DecodeFaza:inst|RegisterX:inst77|data[28] ; CLK          ; CLK         ; 1.000        ; -0.071     ; 17.900     ;
; -16.976 ; CPU:inst|FetchFaza:inst24|RegisterX:inst2|data[2]  ; CPU:inst|DecodeFaza:inst|RegisterX:inst77|data[15] ; CLK          ; CLK         ; 1.000        ; -0.080     ; 17.891     ;
; -16.974 ; CPU:inst|FetchFaza:inst24|RegisterX:inst2|data[3]  ; CPU:inst|DecodeFaza:inst|RegisterX:inst77|data[12] ; CLK          ; CLK         ; 1.000        ; -0.080     ; 17.889     ;
; -16.962 ; CPU:inst|FetchFaza:inst24|RegisterX:inst2|data[3]  ; CPU:inst|DecodeFaza:inst|RegisterX:inst77|data[28] ; CLK          ; CLK         ; 1.000        ; -0.071     ; 17.886     ;
; -16.958 ; CPU:inst|FetchFaza:inst24|RegisterX:inst2|data[1]  ; CPU:inst|DecodeFaza:inst|RegisterX:inst77|data[11] ; CLK          ; CLK         ; 1.000        ; -0.082     ; 17.871     ;
; -16.956 ; CPU:inst|FetchFaza:inst24|RegisterX:inst2|data[3]  ; CPU:inst|DecodeFaza:inst|RegisterX:inst77|data[4]  ; CLK          ; CLK         ; 1.000        ; -0.082     ; 17.869     ;
; -16.952 ; CPU:inst|FetchFaza:inst24|RegisterX:inst2|data[2]  ; CPU:inst|DecodeFaza:inst|RegisterX:inst77|data[8]  ; CLK          ; CLK         ; 1.000        ; -0.061     ; 17.886     ;
; -16.949 ; CPU:inst|FetchFaza:inst24|RegisterX:inst2|data[0]  ; CPU:inst|DecodeFaza:inst|RegisterX:inst77|data[8]  ; CLK          ; CLK         ; 1.000        ; -0.061     ; 17.883     ;
; -16.941 ; CPU:inst|FetchFaza:inst24|RegisterX:inst2|data[2]  ; CPU:inst|DecodeFaza:inst|RegisterX:inst77|data[17] ; CLK          ; CLK         ; 1.000        ; -0.072     ; 17.864     ;
; -16.938 ; CPU:inst|FetchFaza:inst24|RegisterX:inst2|data[3]  ; CPU:inst|DecodeFaza:inst|RegisterX:inst77|data[11] ; CLK          ; CLK         ; 1.000        ; -0.082     ; 17.851     ;
; -16.935 ; CPU:inst|FetchFaza:inst24|RegisterX:inst2|data[1]  ; CPU:inst|DecodeFaza:inst|RegisterX:inst77|data[3]  ; CLK          ; CLK         ; 1.000        ; -0.081     ; 17.849     ;
; -16.927 ; CPU:inst|FetchFaza:inst24|RegisterX:inst2|data[5]  ; CPU:inst|DecodeFaza:inst|RegisterX:inst77|data[9]  ; CLK          ; CLK         ; 1.000        ; -0.061     ; 17.861     ;
; -16.922 ; CPU:inst|FetchFaza:inst24|RegisterX:inst2|data[0]  ; CPU:inst|DecodeFaza:inst|RegisterX:inst77|data[15] ; CLK          ; CLK         ; 1.000        ; -0.080     ; 17.837     ;
; -16.920 ; CPU:inst|FetchFaza:inst24|RegisterX:inst2|data[1]  ; CPU:inst|DecodeFaza:inst|RegisterX:inst77|data[7]  ; CLK          ; CLK         ; 1.000        ; -0.081     ; 17.834     ;
; -16.915 ; CPU:inst|FetchFaza:inst24|RegisterX:inst2|data[3]  ; CPU:inst|DecodeFaza:inst|RegisterX:inst77|data[3]  ; CLK          ; CLK         ; 1.000        ; -0.081     ; 17.829     ;
; -16.900 ; CPU:inst|FetchFaza:inst24|RegisterX:inst2|data[3]  ; CPU:inst|DecodeFaza:inst|RegisterX:inst77|data[7]  ; CLK          ; CLK         ; 1.000        ; -0.081     ; 17.814     ;
; -16.886 ; CPU:inst|FetchFaza:inst24|RegisterX:inst2|data[1]  ; CPU:inst|CSRegFile:inst31|RegisterX:inst2|data[23] ; CLK          ; CLK         ; 1.000        ; -0.065     ; 17.816     ;
; -16.884 ; CPU:inst|FetchFaza:inst24|RegisterX:inst2|data[1]  ; CPU:inst|DecodeFaza:inst|RegisterX:inst77|data[19] ; CLK          ; CLK         ; 1.000        ; -0.072     ; 17.807     ;
; -16.873 ; CPU:inst|FetchFaza:inst24|RegisterX:inst2|data[3]  ; CPU:inst|CSRegFile:inst31|RegisterX:inst2|data[23] ; CLK          ; CLK         ; 1.000        ; -0.065     ; 17.803     ;
; -16.871 ; CPU:inst|FetchFaza:inst24|RegisterX:inst2|data[3]  ; CPU:inst|DecodeFaza:inst|RegisterX:inst77|data[19] ; CLK          ; CLK         ; 1.000        ; -0.072     ; 17.794     ;
; -16.860 ; CPU:inst|FetchFaza:inst24|RegisterX:inst2|data[4]  ; CPU:inst|DecodeFaza:inst|RegisterX:inst77|data[9]  ; CLK          ; CLK         ; 1.000        ; -0.061     ; 17.794     ;
; -16.857 ; CPU:inst|FetchFaza:inst24|RegisterX:inst2|data[27] ; CPU:inst|DecodeFaza:inst|RegisterX:inst77|data[9]  ; CLK          ; CLK         ; 1.000        ; -0.062     ; 17.790     ;
; -16.848 ; CPU:inst|FetchFaza:inst24|RegisterX:inst2|data[1]  ; CPU:inst|DecodeFaza:inst|RegisterX:inst77|data[5]  ; CLK          ; CLK         ; 1.000        ; -0.082     ; 17.761     ;
; -16.838 ; CPU:inst|FetchFaza:inst24|RegisterX:inst2|data[0]  ; CPU:inst|DecodeFaza:inst|RegisterX:inst77|data[17] ; CLK          ; CLK         ; 1.000        ; -0.072     ; 17.761     ;
; -16.828 ; CPU:inst|FetchFaza:inst24|RegisterX:inst2|data[3]  ; CPU:inst|DecodeFaza:inst|RegisterX:inst77|data[5]  ; CLK          ; CLK         ; 1.000        ; -0.082     ; 17.741     ;
; -16.827 ; CPU:inst|FetchFaza:inst24|RegisterX:inst2|data[1]  ; CPU:inst|DecodeFaza:inst|RegisterX:inst77|data[29] ; CLK          ; CLK         ; 1.000        ; -0.081     ; 17.741     ;
; -16.822 ; CPU:inst|FetchFaza:inst24|RegisterX:inst2|data[2]  ; CPU:inst|DecodeFaza:inst|RegisterX:inst77|data[0]  ; CLK          ; CLK         ; 1.000        ; -0.081     ; 17.736     ;
; -16.818 ; CPU:inst|FetchFaza:inst24|RegisterX:inst2|data[0]  ; CPU:inst|DecodeFaza:inst|RegisterX:inst77|data[0]  ; CLK          ; CLK         ; 1.000        ; -0.081     ; 17.732     ;
; -16.814 ; CPU:inst|FetchFaza:inst24|RegisterX:inst2|data[3]  ; CPU:inst|DecodeFaza:inst|RegisterX:inst77|data[29] ; CLK          ; CLK         ; 1.000        ; -0.081     ; 17.728     ;
; -16.811 ; CPU:inst|FetchFaza:inst24|RegisterX:inst2|data[6]  ; CPU:inst|DecodeFaza:inst|RegisterX:inst77|data[15] ; CLK          ; CLK         ; 1.000        ; -0.080     ; 17.726     ;
; -16.810 ; CPU:inst|FetchFaza:inst24|RegisterX:inst2|data[1]  ; CPU:inst|CSRegFile:inst31|RegisterX:inst2|data[1]  ; CLK          ; CLK         ; 1.000        ; 0.289      ; 18.094     ;
; -16.808 ; CPU:inst|FetchFaza:inst24|RegisterX:inst2|data[1]  ; CPU:inst|DecodeFaza:inst|RegisterX:inst77|data[2]  ; CLK          ; CLK         ; 1.000        ; -0.071     ; 17.732     ;
; -16.797 ; CPU:inst|FetchFaza:inst24|RegisterX:inst2|data[3]  ; CPU:inst|CSRegFile:inst31|RegisterX:inst2|data[1]  ; CLK          ; CLK         ; 1.000        ; 0.289      ; 18.081     ;
; -16.795 ; CPU:inst|FetchFaza:inst24|RegisterX:inst2|data[3]  ; CPU:inst|DecodeFaza:inst|RegisterX:inst77|data[2]  ; CLK          ; CLK         ; 1.000        ; -0.071     ; 17.719     ;
; -16.776 ; CPU:inst|FetchFaza:inst24|RegisterX:inst2|data[6]  ; CPU:inst|DecodeFaza:inst|RegisterX:inst77|data[17] ; CLK          ; CLK         ; 1.000        ; -0.072     ; 17.699     ;
; -16.772 ; CPU:inst|FetchFaza:inst24|RegisterX:inst2|data[2]  ; CPU:inst|DecodeFaza:inst|RegisterX:inst77|data[23] ; CLK          ; CLK         ; 1.000        ; -0.073     ; 17.694     ;
; -16.770 ; CPU:inst|FetchFaza:inst24|RegisterX:inst2|data[13] ; CPU:inst|DecodeFaza:inst|RegisterX:inst77|data[9]  ; CLK          ; CLK         ; 1.000        ; -0.053     ; 17.712     ;
; -16.769 ; CPU:inst|FetchFaza:inst24|RegisterX:inst2|data[0]  ; CPU:inst|DecodeFaza:inst|RegisterX:inst77|data[23] ; CLK          ; CLK         ; 1.000        ; -0.073     ; 17.691     ;
; -16.764 ; CPU:inst|FetchFaza:inst24|RegisterX:inst2|data[1]  ; CPU:inst|DecodeFaza:inst|RegisterX:inst77|data[31] ; CLK          ; CLK         ; 1.000        ; -0.071     ; 17.688     ;
; -16.758 ; CPU:inst|FetchFaza:inst24|RegisterX:inst2|data[1]  ; CPU:inst|DecodeFaza:inst|RegisterX:inst77|data[27] ; CLK          ; CLK         ; 1.000        ; -0.076     ; 17.677     ;
; -16.751 ; CPU:inst|FetchFaza:inst24|RegisterX:inst2|data[3]  ; CPU:inst|DecodeFaza:inst|RegisterX:inst77|data[31] ; CLK          ; CLK         ; 1.000        ; -0.071     ; 17.675     ;
; -16.745 ; CPU:inst|FetchFaza:inst24|RegisterX:inst2|data[3]  ; CPU:inst|DecodeFaza:inst|RegisterX:inst77|data[27] ; CLK          ; CLK         ; 1.000        ; -0.076     ; 17.664     ;
; -16.743 ; CPU:inst|FetchFaza:inst24|RegisterX:inst2|data[6]  ; CPU:inst|DecodeFaza:inst|RegisterX:inst77|data[8]  ; CLK          ; CLK         ; 1.000        ; -0.061     ; 17.677     ;
; -16.736 ; CPU:inst|FetchFaza:inst24|RegisterX:inst2|data[1]  ; CPU:inst|DecodeFaza:inst|RegisterX:inst77|data[14] ; CLK          ; CLK         ; 1.000        ; -0.080     ; 17.651     ;
; -16.735 ; CPU:inst|FetchFaza:inst24|RegisterX:inst2|data[1]  ; CPU:inst|DecodeFaza:inst|RegisterX:inst77|data[26] ; CLK          ; CLK         ; 1.000        ; -0.075     ; 17.655     ;
; -16.730 ; CPU:inst|FetchFaza:inst24|RegisterX:inst2|data[1]  ; CPU:inst|DecodeFaza:inst|RegisterX:inst77|data[25] ; CLK          ; CLK         ; 1.000        ; -0.075     ; 17.650     ;
; -16.728 ; CPU:inst|FetchFaza:inst24|RegisterX:inst2|data[2]  ; CPU:inst|DecodeFaza:inst|RegisterX:inst77|data[1]  ; CLK          ; CLK         ; 1.000        ; -0.071     ; 17.652     ;
; -16.723 ; CPU:inst|FetchFaza:inst24|RegisterX:inst2|data[1]  ; CPU:inst|DecodeFaza:inst|RegisterX:inst77|data[21] ; CLK          ; CLK         ; 1.000        ; -0.073     ; 17.645     ;
; -16.723 ; CPU:inst|FetchFaza:inst24|RegisterX:inst2|data[3]  ; CPU:inst|DecodeFaza:inst|RegisterX:inst77|data[14] ; CLK          ; CLK         ; 1.000        ; -0.080     ; 17.638     ;
; -16.722 ; CPU:inst|FetchFaza:inst24|RegisterX:inst2|data[3]  ; CPU:inst|DecodeFaza:inst|RegisterX:inst77|data[26] ; CLK          ; CLK         ; 1.000        ; -0.075     ; 17.642     ;
; -16.719 ; CPU:inst|FetchFaza:inst24|RegisterX:inst2|data[14] ; CPU:inst|DecodeFaza:inst|RegisterX:inst77|data[8]  ; CLK          ; CLK         ; 1.000        ; -0.053     ; 17.661     ;
; -16.718 ; CPU:inst|FetchFaza:inst24|RegisterX:inst2|data[2]  ; CPU:inst|DecodeFaza:inst|RegisterX:inst77|data[10] ; CLK          ; CLK         ; 1.000        ; -0.061     ; 17.652     ;
; -16.718 ; CPU:inst|FetchFaza:inst24|RegisterX:inst2|data[2]  ; CPU:inst|DecodeFaza:inst|RegisterX:inst77|data[12] ; CLK          ; CLK         ; 1.000        ; -0.080     ; 17.633     ;
; -16.716 ; CPU:inst|FetchFaza:inst24|RegisterX:inst2|data[1]  ; CPU:inst|DecodeFaza:inst|RegisterX:inst77|data[22] ; CLK          ; CLK         ; 1.000        ; -0.073     ; 17.638     ;
; -16.715 ; CPU:inst|FetchFaza:inst24|RegisterX:inst2|data[0]  ; CPU:inst|DecodeFaza:inst|RegisterX:inst77|data[10] ; CLK          ; CLK         ; 1.000        ; -0.061     ; 17.649     ;
; -16.710 ; CPU:inst|FetchFaza:inst24|RegisterX:inst2|data[3]  ; CPU:inst|DecodeFaza:inst|RegisterX:inst77|data[25] ; CLK          ; CLK         ; 1.000        ; -0.075     ; 17.630     ;
; -16.710 ; CPU:inst|FetchFaza:inst24|RegisterX:inst2|data[3]  ; CPU:inst|DecodeFaza:inst|RegisterX:inst77|data[21] ; CLK          ; CLK         ; 1.000        ; -0.073     ; 17.632     ;
; -16.706 ; CPU:inst|FetchFaza:inst24|RegisterX:inst2|data[2]  ; CPU:inst|DecodeFaza:inst|RegisterX:inst77|data[28] ; CLK          ; CLK         ; 1.000        ; -0.071     ; 17.630     ;
; -16.700 ; CPU:inst|FetchFaza:inst24|RegisterX:inst2|data[12] ; CPU:inst|DecodeFaza:inst|RegisterX:inst77|data[9]  ; CLK          ; CLK         ; 1.000        ; -0.053     ; 17.642     ;
; -16.699 ; CPU:inst|FetchFaza:inst24|RegisterX:inst2|data[1]  ; CPU:inst|DecodeFaza:inst|RegisterX:inst77|data[24] ; CLK          ; CLK         ; 1.000        ; -0.075     ; 17.619     ;
; -16.696 ; CPU:inst|FetchFaza:inst24|RegisterX:inst2|data[3]  ; CPU:inst|DecodeFaza:inst|RegisterX:inst77|data[22] ; CLK          ; CLK         ; 1.000        ; -0.073     ; 17.618     ;
; -16.692 ; CPU:inst|FetchFaza:inst24|RegisterX:inst2|data[14] ; CPU:inst|DecodeFaza:inst|RegisterX:inst77|data[15] ; CLK          ; CLK         ; 1.000        ; -0.072     ; 17.615     ;
; -16.691 ; CPU:inst|FetchFaza:inst24|RegisterX:inst2|data[2]  ; CPU:inst|DecodeFaza:inst|RegisterX:inst77|data[4]  ; CLK          ; CLK         ; 1.000        ; -0.082     ; 17.604     ;
; -16.689 ; CPU:inst|FetchFaza:inst24|RegisterX:inst2|data[1]  ; CPU:inst|DecodeFaza:inst|RegisterX:inst77|data[13] ; CLK          ; CLK         ; 1.000        ; -0.080     ; 17.604     ;
; -16.688 ; CPU:inst|FetchFaza:inst24|RegisterX:inst2|data[0]  ; CPU:inst|DecodeFaza:inst|RegisterX:inst77|data[4]  ; CLK          ; CLK         ; 1.000        ; -0.082     ; 17.601     ;
; -16.688 ; CPU:inst|FetchFaza:inst24|RegisterX:inst2|data[0]  ; CPU:inst|DecodeFaza:inst|RegisterX:inst77|data[28] ; CLK          ; CLK         ; 1.000        ; -0.071     ; 17.612     ;
; -16.686 ; CPU:inst|FetchFaza:inst24|RegisterX:inst2|data[3]  ; CPU:inst|DecodeFaza:inst|RegisterX:inst77|data[24] ; CLK          ; CLK         ; 1.000        ; -0.075     ; 17.606     ;
; -16.676 ; CPU:inst|FetchFaza:inst24|RegisterX:inst2|data[3]  ; CPU:inst|DecodeFaza:inst|RegisterX:inst77|data[13] ; CLK          ; CLK         ; 1.000        ; -0.080     ; 17.591     ;
; -16.673 ; CPU:inst|FetchFaza:inst24|RegisterX:inst2|data[2]  ; CPU:inst|DecodeFaza:inst|RegisterX:inst77|data[11] ; CLK          ; CLK         ; 1.000        ; -0.082     ; 17.586     ;
; -16.670 ; CPU:inst|FetchFaza:inst24|RegisterX:inst2|data[0]  ; CPU:inst|DecodeFaza:inst|RegisterX:inst77|data[12] ; CLK          ; CLK         ; 1.000        ; -0.080     ; 17.585     ;
; -16.670 ; CPU:inst|FetchFaza:inst24|RegisterX:inst2|data[0]  ; CPU:inst|DecodeFaza:inst|RegisterX:inst77|data[11] ; CLK          ; CLK         ; 1.000        ; -0.082     ; 17.583     ;
; -16.657 ; CPU:inst|FetchFaza:inst24|RegisterX:inst2|data[6]  ; CPU:inst|DecodeFaza:inst|RegisterX:inst77|data[0]  ; CLK          ; CLK         ; 1.000        ; -0.081     ; 17.571     ;
; -16.656 ; CPU:inst|FetchFaza:inst24|RegisterX:inst2|data[2]  ; CPU:inst|DecodeFaza:inst|RegisterX:inst77|data[3]  ; CLK          ; CLK         ; 1.000        ; -0.081     ; 17.570     ;
; -16.647 ; CPU:inst|FetchFaza:inst24|RegisterX:inst2|data[0]  ; CPU:inst|DecodeFaza:inst|RegisterX:inst77|data[3]  ; CLK          ; CLK         ; 1.000        ; -0.081     ; 17.561     ;
; -16.646 ; CPU:inst|FetchFaza:inst24|RegisterX:inst2|data[14] ; CPU:inst|DecodeFaza:inst|RegisterX:inst77|data[17] ; CLK          ; CLK         ; 1.000        ; -0.064     ; 17.577     ;
; -16.635 ; CPU:inst|FetchFaza:inst24|RegisterX:inst2|data[2]  ; CPU:inst|DecodeFaza:inst|RegisterX:inst77|data[7]  ; CLK          ; CLK         ; 1.000        ; -0.081     ; 17.549     ;
; -16.632 ; CPU:inst|FetchFaza:inst24|RegisterX:inst2|data[0]  ; CPU:inst|DecodeFaza:inst|RegisterX:inst77|data[7]  ; CLK          ; CLK         ; 1.000        ; -0.081     ; 17.546     ;
; -16.627 ; CPU:inst|FetchFaza:inst24|RegisterX:inst2|data[5]  ; CPU:inst|DecodeFaza:inst|RegisterX:inst77|data[15] ; CLK          ; CLK         ; 1.000        ; -0.080     ; 17.542     ;
+---------+----------------------------------------------------+----------------------------------------------------+--------------+-------------+--------------+------------+------------+


+---------------------------------------------------------------------------------------------------------------------------------------------------------------------------------------------------------------------------------------------------------+
; Slow 1200mV 85C Model Setup: 'KPTastature:inst11|KeyFetch:inst|Debouncer:inst39|inst1'                                                                                                                                                                  ;
+--------+-----------------------------------------+-----------------------------------------+---------------------------------------------------------+---------------------------------------------------------+--------------+------------+------------+
; Slack  ; From Node                               ; To Node                                 ; Launch Clock                                            ; Latch Clock                                             ; Relationship ; Clock Skew ; Data Delay ;
+--------+-----------------------------------------+-----------------------------------------+---------------------------------------------------------+---------------------------------------------------------+--------------+------------+------------+
; -0.600 ; KPTastature:inst11|KeyFetch:inst|inst   ; KPTastature:inst11|KeyFetch:inst|inst10 ; KPTastature:inst11|KeyFetch:inst|Debouncer:inst39|inst1 ; KPTastature:inst11|KeyFetch:inst|Debouncer:inst39|inst1 ; 1.000        ; -0.060     ; 1.535      ;
; -0.584 ; KPTastature:inst11|KeyFetch:inst|inst13 ; KPTastature:inst11|KeyFetch:inst|inst10 ; KPTastature:inst11|KeyFetch:inst|Debouncer:inst39|inst1 ; KPTastature:inst11|KeyFetch:inst|Debouncer:inst39|inst1 ; 1.000        ; -0.060     ; 1.519      ;
; -0.569 ; KPTastature:inst11|KeyFetch:inst|inst11 ; KPTastature:inst11|KeyFetch:inst|inst10 ; KPTastature:inst11|KeyFetch:inst|Debouncer:inst39|inst1 ; KPTastature:inst11|KeyFetch:inst|Debouncer:inst39|inst1 ; 1.000        ; -0.060     ; 1.504      ;
; -0.440 ; KPTastature:inst11|KeyFetch:inst|inst14 ; KPTastature:inst11|KeyFetch:inst|inst10 ; KPTastature:inst11|KeyFetch:inst|Debouncer:inst39|inst1 ; KPTastature:inst11|KeyFetch:inst|Debouncer:inst39|inst1 ; 1.000        ; -0.060     ; 1.375      ;
; -0.375 ; KPTastature:inst11|KeyFetch:inst|inst10 ; KPTastature:inst11|KeyFetch:inst|inst10 ; KPTastature:inst11|KeyFetch:inst|Debouncer:inst39|inst1 ; KPTastature:inst11|KeyFetch:inst|Debouncer:inst39|inst1 ; 1.000        ; -0.060     ; 1.310      ;
; -0.331 ; KPTastature:inst11|KeyFetch:inst|inst17 ; KPTastature:inst11|KeyFetch:inst|inst10 ; KPTastature:inst11|KeyFetch:inst|Debouncer:inst39|inst1 ; KPTastature:inst11|KeyFetch:inst|Debouncer:inst39|inst1 ; 1.000        ; -0.060     ; 1.266      ;
; -0.290 ; KPTastature:inst11|KeyFetch:inst|inst16 ; KPTastature:inst11|KeyFetch:inst|inst10 ; KPTastature:inst11|KeyFetch:inst|Debouncer:inst39|inst1 ; KPTastature:inst11|KeyFetch:inst|Debouncer:inst39|inst1 ; 1.000        ; -0.060     ; 1.225      ;
; -0.273 ; KPTastature:inst11|KeyFetch:inst|inst12 ; KPTastature:inst11|KeyFetch:inst|inst10 ; KPTastature:inst11|KeyFetch:inst|Debouncer:inst39|inst1 ; KPTastature:inst11|KeyFetch:inst|Debouncer:inst39|inst1 ; 1.000        ; -0.060     ; 1.208      ;
; -0.216 ; KPTastature:inst11|KeyFetch:inst|inst19 ; KPTastature:inst11|KeyFetch:inst|inst10 ; KPTastature:inst11|KeyFetch:inst|Debouncer:inst39|inst1 ; KPTastature:inst11|KeyFetch:inst|Debouncer:inst39|inst1 ; 1.000        ; -0.061     ; 1.150      ;
; -0.191 ; KPTastature:inst11|KeyFetch:inst|inst5  ; KPTastature:inst11|KeyFetch:inst|inst6  ; KPTastature:inst11|KeyFetch:inst|Debouncer:inst39|inst1 ; KPTastature:inst11|KeyFetch:inst|Debouncer:inst39|inst1 ; 1.000        ; -0.063     ; 1.123      ;
; -0.191 ; KPTastature:inst11|KeyFetch:inst|inst15 ; KPTastature:inst11|KeyFetch:inst|inst10 ; KPTastature:inst11|KeyFetch:inst|Debouncer:inst39|inst1 ; KPTastature:inst11|KeyFetch:inst|Debouncer:inst39|inst1 ; 1.000        ; -0.060     ; 1.126      ;
; -0.181 ; KPTastature:inst11|KeyFetch:inst|inst6  ; KPTastature:inst11|KeyFetch:inst|inst7  ; KPTastature:inst11|KeyFetch:inst|Debouncer:inst39|inst1 ; KPTastature:inst11|KeyFetch:inst|Debouncer:inst39|inst1 ; 1.000        ; -0.057     ; 1.119      ;
; -0.180 ; KPTastature:inst11|KeyFetch:inst|inst18 ; KPTastature:inst11|KeyFetch:inst|inst10 ; KPTastature:inst11|KeyFetch:inst|Debouncer:inst39|inst1 ; KPTastature:inst11|KeyFetch:inst|Debouncer:inst39|inst1 ; 1.000        ; -0.060     ; 1.115      ;
; -0.171 ; KPTastature:inst11|KeyFetch:inst|inst   ; KPTastature:inst11|KeyFetch:inst|inst1  ; KPTastature:inst11|KeyFetch:inst|Debouncer:inst39|inst1 ; KPTastature:inst11|KeyFetch:inst|Debouncer:inst39|inst1 ; 1.000        ; -0.057     ; 1.109      ;
; -0.115 ; KPTastature:inst11|KeyFetch:inst|inst3  ; KPTastature:inst11|KeyFetch:inst|inst4  ; KPTastature:inst11|KeyFetch:inst|Debouncer:inst39|inst1 ; KPTastature:inst11|KeyFetch:inst|Debouncer:inst39|inst1 ; 1.000        ; -0.060     ; 1.050      ;
; -0.070 ; KPTastature:inst11|KeyFetch:inst|inst15 ; KPTastature:inst11|KeyFetch:inst|inst16 ; KPTastature:inst11|KeyFetch:inst|Debouncer:inst39|inst1 ; KPTastature:inst11|KeyFetch:inst|Debouncer:inst39|inst1 ; 1.000        ; -0.060     ; 1.005      ;
; -0.046 ; KPTastature:inst11|KeyFetch:inst|inst11 ; KPTastature:inst11|KeyFetch:inst|inst12 ; KPTastature:inst11|KeyFetch:inst|Debouncer:inst39|inst1 ; KPTastature:inst11|KeyFetch:inst|Debouncer:inst39|inst1 ; 1.000        ; -0.060     ; 0.981      ;
; 0.070  ; KPTastature:inst11|KeyFetch:inst|inst18 ; KPTastature:inst11|KeyFetch:inst|inst19 ; KPTastature:inst11|KeyFetch:inst|Debouncer:inst39|inst1 ; KPTastature:inst11|KeyFetch:inst|Debouncer:inst39|inst1 ; 1.000        ; -0.059     ; 0.866      ;
; 0.083  ; KPTastature:inst11|KeyFetch:inst|inst4  ; KPTastature:inst11|KeyFetch:inst|inst5  ; KPTastature:inst11|KeyFetch:inst|Debouncer:inst39|inst1 ; KPTastature:inst11|KeyFetch:inst|Debouncer:inst39|inst1 ; 1.000        ; -0.060     ; 0.852      ;
; 0.088  ; KPTastature:inst11|KeyFetch:inst|inst1  ; KPTastature:inst11|KeyFetch:inst|inst2  ; KPTastature:inst11|KeyFetch:inst|Debouncer:inst39|inst1 ; KPTastature:inst11|KeyFetch:inst|Debouncer:inst39|inst1 ; 1.000        ; -0.060     ; 0.847      ;
; 0.089  ; KPTastature:inst11|KeyFetch:inst|inst13 ; KPTastature:inst11|KeyFetch:inst|inst14 ; KPTastature:inst11|KeyFetch:inst|Debouncer:inst39|inst1 ; KPTastature:inst11|KeyFetch:inst|Debouncer:inst39|inst1 ; 1.000        ; -0.060     ; 0.846      ;
; 0.095  ; KPTastature:inst11|KeyFetch:inst|inst10 ; KPTastature:inst11|KeyFetch:inst|inst11 ; KPTastature:inst11|KeyFetch:inst|Debouncer:inst39|inst1 ; KPTastature:inst11|KeyFetch:inst|Debouncer:inst39|inst1 ; 1.000        ; -0.060     ; 0.840      ;
; 0.099  ; KPTastature:inst11|KeyFetch:inst|inst16 ; KPTastature:inst11|KeyFetch:inst|inst17 ; KPTastature:inst11|KeyFetch:inst|Debouncer:inst39|inst1 ; KPTastature:inst11|KeyFetch:inst|Debouncer:inst39|inst1 ; 1.000        ; -0.060     ; 0.836      ;
; 0.226  ; KPTastature:inst11|KeyFetch:inst|inst2  ; KPTastature:inst11|KeyFetch:inst|inst3  ; KPTastature:inst11|KeyFetch:inst|Debouncer:inst39|inst1 ; KPTastature:inst11|KeyFetch:inst|Debouncer:inst39|inst1 ; 1.000        ; -0.060     ; 0.709      ;
; 0.227  ; KPTastature:inst11|KeyFetch:inst|inst7  ; KPTastature:inst11|KeyFetch:inst|inst8  ; KPTastature:inst11|KeyFetch:inst|Debouncer:inst39|inst1 ; KPTastature:inst11|KeyFetch:inst|Debouncer:inst39|inst1 ; 1.000        ; -0.060     ; 0.708      ;
; 0.238  ; KPTastature:inst11|KeyFetch:inst|inst17 ; KPTastature:inst11|KeyFetch:inst|inst18 ; KPTastature:inst11|KeyFetch:inst|Debouncer:inst39|inst1 ; KPTastature:inst11|KeyFetch:inst|Debouncer:inst39|inst1 ; 1.000        ; -0.060     ; 0.697      ;
; 0.238  ; KPTastature:inst11|KeyFetch:inst|inst14 ; KPTastature:inst11|KeyFetch:inst|inst15 ; KPTastature:inst11|KeyFetch:inst|Debouncer:inst39|inst1 ; KPTastature:inst11|KeyFetch:inst|Debouncer:inst39|inst1 ; 1.000        ; -0.060     ; 0.697      ;
; 0.238  ; KPTastature:inst11|KeyFetch:inst|inst12 ; KPTastature:inst11|KeyFetch:inst|inst13 ; KPTastature:inst11|KeyFetch:inst|Debouncer:inst39|inst1 ; KPTastature:inst11|KeyFetch:inst|Debouncer:inst39|inst1 ; 1.000        ; -0.060     ; 0.697      ;
+--------+-----------------------------------------+-----------------------------------------+---------------------------------------------------------+---------------------------------------------------------+--------------+------------+------------+


+----------------------------------------------------------------------------------------------------------------------------------------------------------------------------------------------------------------------------------------------------------------------------------------------+
; Slow 1200mV 85C Model Hold: 'CLK'                                                                                                                                                                                                                                                            ;
+-------+-----------------------------------------------------------------------+----------------------------------------------------------------------------------------------------------------------------------------+--------------+-------------+--------------+------------+------------+
; Slack ; From Node                                                             ; To Node                                                                                                                                ; Launch Clock ; Latch Clock ; Relationship ; Clock Skew ; Data Delay ;
+-------+-----------------------------------------------------------------------+----------------------------------------------------------------------------------------------------------------------------------------+--------------+-------------+--------------+------------+------------+
; 0.293 ; KPVGA:inst15|RegisterX:inst30|data[4]                                 ; KPVGA:inst15|VGAPer:inst|VideoRAM:inst9|altsyncram:altsyncram_component|altsyncram_tat3:auto_generated|ram_block1a0~porta_datain_reg0  ; CLK          ; CLK         ; 0.000        ; 0.384      ; 0.864      ;
; 0.298 ; KPVGA:inst15|RegisterX:inst30|data[7]                                 ; KPVGA:inst15|VGAPer:inst|VideoRAM:inst9|altsyncram:altsyncram_component|altsyncram_tat3:auto_generated|ram_block1a0~porta_datain_reg0  ; CLK          ; CLK         ; 0.000        ; 0.384      ; 0.869      ;
; 0.300 ; KPVGA:inst15|RegisterX:inst30|data[6]                                 ; KPVGA:inst15|VGAPer:inst|VideoRAM:inst9|altsyncram:altsyncram_component|altsyncram_tat3:auto_generated|ram_block1a0~porta_datain_reg0  ; CLK          ; CLK         ; 0.000        ; 0.384      ; 0.871      ;
; 0.303 ; KPVGA:inst15|RegisterX:inst30|data[3]                                 ; KPVGA:inst15|VGAPer:inst|VideoRAM:inst9|altsyncram:altsyncram_component|altsyncram_tat3:auto_generated|ram_block1a0~porta_datain_reg0  ; CLK          ; CLK         ; 0.000        ; 0.384      ; 0.874      ;
; 0.303 ; KPVGA:inst15|RegisterX:inst30|data[10]                                ; KPVGA:inst15|VGAPer:inst|VideoRAM:inst9|altsyncram:altsyncram_component|altsyncram_tat3:auto_generated|ram_block1a0~porta_datain_reg0  ; CLK          ; CLK         ; 0.000        ; 0.384      ; 0.874      ;
; 0.304 ; KPVGA:inst15|RegisterX:inst30|data[5]                                 ; KPVGA:inst15|VGAPer:inst|VideoRAM:inst9|altsyncram:altsyncram_component|altsyncram_tat3:auto_generated|ram_block1a0~porta_datain_reg0  ; CLK          ; CLK         ; 0.000        ; 0.384      ; 0.875      ;
; 0.306 ; KPVGA:inst15|RegisterX:inst30|data[8]                                 ; KPVGA:inst15|VGAPer:inst|VideoRAM:inst9|altsyncram:altsyncram_component|altsyncram_tat3:auto_generated|ram_block1a0~porta_datain_reg0  ; CLK          ; CLK         ; 0.000        ; 0.384      ; 0.877      ;
; 0.312 ; CPU:inst|RegisterX:inst28|data[2]                                     ; memTest:inst9|altsyncram:altsyncram_component|altsyncram_s0t3:auto_generated|ram_block1a29~porta_address_reg0                          ; CLK          ; CLK         ; 0.000        ; 0.380      ; 0.879      ;
; 0.312 ; CPU:inst|RegisterX:inst28|data[10]                                    ; memTest:inst9|altsyncram:altsyncram_component|altsyncram_s0t3:auto_generated|ram_block1a29~porta_address_reg0                          ; CLK          ; CLK         ; 0.000        ; 0.391      ; 0.890      ;
; 0.313 ; KPVGA:inst15|RegisterX:inst30|data[0]                                 ; KPVGA:inst15|VGAPer:inst|VideoRAM:inst9|altsyncram:altsyncram_component|altsyncram_tat3:auto_generated|ram_block1a0~porta_datain_reg0  ; CLK          ; CLK         ; 0.000        ; 0.384      ; 0.884      ;
; 0.314 ; KPVGA:inst15|RegisterX:inst30|data[9]                                 ; KPVGA:inst15|VGAPer:inst|VideoRAM:inst9|altsyncram:altsyncram_component|altsyncram_tat3:auto_generated|ram_block1a0~porta_datain_reg0  ; CLK          ; CLK         ; 0.000        ; 0.384      ; 0.885      ;
; 0.314 ; CPU:inst|RegisterX:inst28|data[10]                                    ; memTest:inst9|altsyncram:altsyncram_component|altsyncram_s0t3:auto_generated|ram_block1a19~porta_address_reg0                          ; CLK          ; CLK         ; 0.000        ; 0.381      ; 0.882      ;
; 0.318 ; KPVGA:inst15|RegisterX:inst30|data[1]                                 ; KPVGA:inst15|VGAPer:inst|VideoRAM:inst9|altsyncram:altsyncram_component|altsyncram_tat3:auto_generated|ram_block1a0~porta_datain_reg0  ; CLK          ; CLK         ; 0.000        ; 0.384      ; 0.889      ;
; 0.319 ; CPU:inst|RegisterX:inst28|data[1]                                     ; memTest:inst9|altsyncram:altsyncram_component|altsyncram_s0t3:auto_generated|ram_block1a19~porta_address_reg0                          ; CLK          ; CLK         ; 0.000        ; 0.381      ; 0.887      ;
; 0.320 ; KPVGA:inst15|RegisterX:inst31|data[2]                                 ; KPVGA:inst15|VGAPer:inst|VideoRAM:inst9|altsyncram:altsyncram_component|altsyncram_tat3:auto_generated|ram_block1a0~porta_address_reg0 ; CLK          ; CLK         ; 0.000        ; 0.380      ; 0.887      ;
; 0.321 ; KPVGA:inst15|RegisterX:inst30|data[2]                                 ; KPVGA:inst15|VGAPer:inst|VideoRAM:inst9|altsyncram:altsyncram_component|altsyncram_tat3:auto_generated|ram_block1a0~porta_datain_reg0  ; CLK          ; CLK         ; 0.000        ; 0.384      ; 0.892      ;
; 0.322 ; KPVGA:inst15|RegisterX:inst31|data[5]                                 ; KPVGA:inst15|VGAPer:inst|VideoRAM:inst9|altsyncram:altsyncram_component|altsyncram_tat3:auto_generated|ram_block1a0~porta_address_reg0 ; CLK          ; CLK         ; 0.000        ; 0.380      ; 0.889      ;
; 0.323 ; KPVGA:inst15|RegisterX:inst31|data[1]                                 ; KPVGA:inst15|VGAPer:inst|VideoRAM:inst9|altsyncram:altsyncram_component|altsyncram_tat3:auto_generated|ram_block1a0~porta_address_reg0 ; CLK          ; CLK         ; 0.000        ; 0.380      ; 0.890      ;
; 0.323 ; KPVGA:inst15|RegisterX:inst31|data[7]                                 ; KPVGA:inst15|VGAPer:inst|VideoRAM:inst9|altsyncram:altsyncram_component|altsyncram_tat3:auto_generated|ram_block1a0~porta_address_reg0 ; CLK          ; CLK         ; 0.000        ; 0.380      ; 0.890      ;
; 0.324 ; KPVGA:inst15|RegisterX:inst31|data[4]                                 ; KPVGA:inst15|VGAPer:inst|VideoRAM:inst9|altsyncram:altsyncram_component|altsyncram_tat3:auto_generated|ram_block1a0~porta_address_reg0 ; CLK          ; CLK         ; 0.000        ; 0.380      ; 0.891      ;
; 0.327 ; KPVGA:inst15|RegisterX:inst31|data[6]                                 ; KPVGA:inst15|VGAPer:inst|VideoRAM:inst9|altsyncram:altsyncram_component|altsyncram_tat3:auto_generated|ram_block1a0~porta_address_reg0 ; CLK          ; CLK         ; 0.000        ; 0.380      ; 0.894      ;
; 0.333 ; CPU:inst|RegisterX:inst28|data[7]                                     ; memTest:inst9|altsyncram:altsyncram_component|altsyncram_s0t3:auto_generated|ram_block1a19~porta_address_reg0                          ; CLK          ; CLK         ; 0.000        ; 0.380      ; 0.900      ;
; 0.334 ; CPU:inst|RegisterX:inst23|data[23]                                    ; memTest:inst9|altsyncram:altsyncram_component|altsyncram_s0t3:auto_generated|ram_block1a23~porta_datain_reg0                           ; CLK          ; CLK         ; 0.000        ; 0.381      ; 0.902      ;
; 0.339 ; KPVGA:inst15|RegisterX:inst30|data[11]                                ; KPVGA:inst15|VGAPer:inst|VideoRAM:inst9|altsyncram:altsyncram_component|altsyncram_tat3:auto_generated|ram_block1a0~porta_datain_reg0  ; CLK          ; CLK         ; 0.000        ; 0.384      ; 0.910      ;
; 0.344 ; CPU:inst|CSRegFile:inst31|RegisterX:inst74|data[0]                    ; CPU:inst|CSRegFile:inst31|RegisterX:inst74|data[0]                                                                                     ; CLK          ; CLK         ; 0.000        ; 0.076      ; 0.577      ;
; 0.344 ; CPU:inst|InterruptFaza:inst12|inst39                                  ; CPU:inst|InterruptFaza:inst12|inst39                                                                                                   ; CLK          ; CLK         ; 0.000        ; 0.076      ; 0.577      ;
; 0.344 ; CPU:inst|InterruptFaza:inst12|inst24                                  ; CPU:inst|InterruptFaza:inst12|inst24                                                                                                   ; CLK          ; CLK         ; 0.000        ; 0.076      ; 0.577      ;
; 0.344 ; CPU:inst|inst6                                                        ; CPU:inst|inst6                                                                                                                         ; CLK          ; CLK         ; 0.000        ; 0.076      ; 0.577      ;
; 0.345 ; KPTastature:inst11|KeyFetch:inst|Debouncer:inst39|Register:inst4|inst ; KPTastature:inst11|KeyFetch:inst|Debouncer:inst39|Register:inst4|inst                                                                  ; CLK          ; CLK         ; 0.000        ; 0.075      ; 0.577      ;
; 0.345 ; KPTastature:inst11|KeyFetch:inst|Debouncer:inst39|Register:inst3|inst ; KPTastature:inst11|KeyFetch:inst|Debouncer:inst39|Register:inst3|inst                                                                  ; CLK          ; CLK         ; 0.000        ; 0.075      ; 0.577      ;
; 0.348 ; KPTastature:inst11|KeyFetch:inst|Debouncer:inst39|Register:inst2|inst ; KPTastature:inst11|KeyFetch:inst|Debouncer:inst39|Register:inst2|inst                                                                  ; CLK          ; CLK         ; 0.000        ; 0.075      ; 0.580      ;
; 0.358 ; KPVGA:inst15|VGAPer:inst|RegisterX:inst12|data[4]                     ; KPVGA:inst15|VGAPer:inst|RegisterX:inst12|data[4]                                                                                      ; CLK          ; CLK         ; 0.000        ; 0.062      ; 0.577      ;
; 0.358 ; KPVGA:inst15|VGAPer:inst|RegisterX:inst12|data[0]                     ; KPVGA:inst15|VGAPer:inst|RegisterX:inst12|data[0]                                                                                      ; CLK          ; CLK         ; 0.000        ; 0.062      ; 0.577      ;
; 0.358 ; KPVGA:inst15|VGAPer:inst|RegisterX:inst12|data[1]                     ; KPVGA:inst15|VGAPer:inst|RegisterX:inst12|data[1]                                                                                      ; CLK          ; CLK         ; 0.000        ; 0.062      ; 0.577      ;
; 0.358 ; KPVGA:inst15|VGAPer:inst|RegisterX:inst12|data[2]                     ; KPVGA:inst15|VGAPer:inst|RegisterX:inst12|data[2]                                                                                      ; CLK          ; CLK         ; 0.000        ; 0.062      ; 0.577      ;
; 0.358 ; KPVGA:inst15|VGAPer:inst|RegisterX:inst12|data[3]                     ; KPVGA:inst15|VGAPer:inst|RegisterX:inst12|data[3]                                                                                      ; CLK          ; CLK         ; 0.000        ; 0.062      ; 0.577      ;
; 0.358 ; KPVGA:inst15|VGAPer:inst|RegisterX:inst13|data[4]                     ; KPVGA:inst15|VGAPer:inst|RegisterX:inst13|data[4]                                                                                      ; CLK          ; CLK         ; 0.000        ; 0.062      ; 0.577      ;
; 0.358 ; KPVGA:inst15|VGAPer:inst|RegisterX:inst13|data[0]                     ; KPVGA:inst15|VGAPer:inst|RegisterX:inst13|data[0]                                                                                      ; CLK          ; CLK         ; 0.000        ; 0.062      ; 0.577      ;
; 0.358 ; KPVGA:inst15|VGAPer:inst|RegisterX:inst13|data[1]                     ; KPVGA:inst15|VGAPer:inst|RegisterX:inst13|data[1]                                                                                      ; CLK          ; CLK         ; 0.000        ; 0.062      ; 0.577      ;
; 0.358 ; KPVGA:inst15|VGAPer:inst|RegisterX:inst13|data[2]                     ; KPVGA:inst15|VGAPer:inst|RegisterX:inst13|data[2]                                                                                      ; CLK          ; CLK         ; 0.000        ; 0.062      ; 0.577      ;
; 0.358 ; KPVGA:inst15|VGAPer:inst|RegisterX:inst13|data[3]                     ; KPVGA:inst15|VGAPer:inst|RegisterX:inst13|data[3]                                                                                      ; CLK          ; CLK         ; 0.000        ; 0.062      ; 0.577      ;
; 0.358 ; KPTastature:inst11|inst9                                              ; KPTastature:inst11|inst9                                                                                                               ; CLK          ; CLK         ; 0.000        ; 0.062      ; 0.577      ;
; 0.358 ; KPTastature:inst11|inst8                                              ; KPTastature:inst11|inst8                                                                                                               ; CLK          ; CLK         ; 0.000        ; 0.062      ; 0.577      ;
; 0.358 ; KPTastature:inst11|KeyFetch:inst|inst28                               ; KPTastature:inst11|KeyFetch:inst|inst28                                                                                                ; CLK          ; CLK         ; 0.000        ; 0.062      ; 0.577      ;
; 0.358 ; KPVGA:inst15|VGAPer:inst|Controller:inst4|RegisterX:inst3|data[0]     ; KPVGA:inst15|VGAPer:inst|Controller:inst4|RegisterX:inst3|data[0]                                                                      ; CLK          ; CLK         ; 0.000        ; 0.062      ; 0.577      ;
; 0.358 ; KPVGA:inst15|VGAPer:inst|Controller:inst4|RegisterX:inst3|data[1]     ; KPVGA:inst15|VGAPer:inst|Controller:inst4|RegisterX:inst3|data[1]                                                                      ; CLK          ; CLK         ; 0.000        ; 0.062      ; 0.577      ;
; 0.358 ; KPVGA:inst15|VGAPer:inst|Controller:inst4|RegisterX:inst3|data[3]     ; KPVGA:inst15|VGAPer:inst|Controller:inst4|RegisterX:inst3|data[3]                                                                      ; CLK          ; CLK         ; 0.000        ; 0.062      ; 0.577      ;
; 0.358 ; KPVGA:inst15|VGAPer:inst|Controller:inst4|RegisterX:inst3|data[4]     ; KPVGA:inst15|VGAPer:inst|Controller:inst4|RegisterX:inst3|data[4]                                                                      ; CLK          ; CLK         ; 0.000        ; 0.062      ; 0.577      ;
; 0.358 ; KPVGA:inst15|VGAPer:inst|Controller:inst4|RegisterX:inst3|data[6]     ; KPVGA:inst15|VGAPer:inst|Controller:inst4|RegisterX:inst3|data[6]                                                                      ; CLK          ; CLK         ; 0.000        ; 0.062      ; 0.577      ;
; 0.358 ; CPU:inst|inst13                                                       ; CPU:inst|inst13                                                                                                                        ; CLK          ; CLK         ; 0.000        ; 0.062      ; 0.577      ;
; 0.359 ; KPVGA:inst15|VGAPer:inst|RegisterX:inst60|data[1]                     ; KPVGA:inst15|VGAPer:inst|RegisterX:inst60|data[1]                                                                                      ; CLK          ; CLK         ; 0.000        ; 0.061      ; 0.577      ;
; 0.359 ; KPVGA:inst15|VGAPer:inst|RegisterX:inst62|data[0]                     ; KPVGA:inst15|VGAPer:inst|RegisterX:inst62|data[0]                                                                                      ; CLK          ; CLK         ; 0.000        ; 0.061      ; 0.577      ;
; 0.359 ; KPVGA:inst15|VGAPer:inst|RegisterX:inst62|data[1]                     ; KPVGA:inst15|VGAPer:inst|RegisterX:inst62|data[1]                                                                                      ; CLK          ; CLK         ; 0.000        ; 0.061      ; 0.577      ;
; 0.359 ; KPVGA:inst15|VGAPer:inst|RegisterX:inst62|data[2]                     ; KPVGA:inst15|VGAPer:inst|RegisterX:inst62|data[2]                                                                                      ; CLK          ; CLK         ; 0.000        ; 0.061      ; 0.577      ;
; 0.359 ; KPVGA:inst15|VGAPer:inst|RegisterX:inst62|data[3]                     ; KPVGA:inst15|VGAPer:inst|RegisterX:inst62|data[3]                                                                                      ; CLK          ; CLK         ; 0.000        ; 0.061      ; 0.577      ;
; 0.359 ; KPVGA:inst15|VGAPer:inst|RegisterX:inst62|data[4]                     ; KPVGA:inst15|VGAPer:inst|RegisterX:inst62|data[4]                                                                                      ; CLK          ; CLK         ; 0.000        ; 0.061      ; 0.577      ;
; 0.359 ; KPVGA:inst15|VGAPer:inst|RegisterX:inst61|data[0]                     ; KPVGA:inst15|VGAPer:inst|RegisterX:inst61|data[0]                                                                                      ; CLK          ; CLK         ; 0.000        ; 0.061      ; 0.577      ;
; 0.359 ; KPVGA:inst15|VGAPer:inst|RegisterX:inst61|data[4]                     ; KPVGA:inst15|VGAPer:inst|RegisterX:inst61|data[4]                                                                                      ; CLK          ; CLK         ; 0.000        ; 0.061      ; 0.577      ;
; 0.359 ; KPVGA:inst15|VGAPer:inst|RegisterX:inst61|data[1]                     ; KPVGA:inst15|VGAPer:inst|RegisterX:inst61|data[1]                                                                                      ; CLK          ; CLK         ; 0.000        ; 0.061      ; 0.577      ;
; 0.359 ; KPVGA:inst15|VGAPer:inst|RegisterX:inst61|data[2]                     ; KPVGA:inst15|VGAPer:inst|RegisterX:inst61|data[2]                                                                                      ; CLK          ; CLK         ; 0.000        ; 0.061      ; 0.577      ;
; 0.359 ; KPVGA:inst15|VGAPer:inst|RegisterX:inst61|data[3]                     ; KPVGA:inst15|VGAPer:inst|RegisterX:inst61|data[3]                                                                                      ; CLK          ; CLK         ; 0.000        ; 0.061      ; 0.577      ;
; 0.359 ; KPVGA:inst15|inst12                                                   ; KPVGA:inst15|inst12                                                                                                                    ; CLK          ; CLK         ; 0.000        ; 0.061      ; 0.577      ;
; 0.359 ; KPVGA:inst15|inst41                                                   ; KPVGA:inst15|inst41                                                                                                                    ; CLK          ; CLK         ; 0.000        ; 0.061      ; 0.577      ;
; 0.359 ; KPVGA:inst15|VGAPer:inst|Controller:inst4|RegisterX:inst3|data[2]     ; KPVGA:inst15|VGAPer:inst|Controller:inst4|RegisterX:inst3|data[2]                                                                      ; CLK          ; CLK         ; 0.000        ; 0.061      ; 0.577      ;
; 0.359 ; KPVGA:inst15|VGAPer:inst|Controller:inst4|RegisterX:inst3|data[5]     ; KPVGA:inst15|VGAPer:inst|Controller:inst4|RegisterX:inst3|data[5]                                                                      ; CLK          ; CLK         ; 0.000        ; 0.061      ; 0.577      ;
; 0.359 ; KPVGA:inst15|VGAPer:inst|Controller:inst4|RegisterX:inst3|data[7]     ; KPVGA:inst15|VGAPer:inst|Controller:inst4|RegisterX:inst3|data[7]                                                                      ; CLK          ; CLK         ; 0.000        ; 0.061      ; 0.577      ;
; 0.359 ; KPVGA:inst15|VGAPer:inst|Controller:inst4|RegisterX:inst3|data[8]     ; KPVGA:inst15|VGAPer:inst|Controller:inst4|RegisterX:inst3|data[8]                                                                      ; CLK          ; CLK         ; 0.000        ; 0.061      ; 0.577      ;
; 0.359 ; KPVGA:inst15|VGAPer:inst|Controller:inst4|RegisterX:inst3|data[9]     ; KPVGA:inst15|VGAPer:inst|Controller:inst4|RegisterX:inst3|data[9]                                                                      ; CLK          ; CLK         ; 0.000        ; 0.061      ; 0.577      ;
; 0.359 ; KPVGA:inst15|VGAPer:inst|Controller:inst4|RegisterX:inst|data[0]      ; KPVGA:inst15|VGAPer:inst|Controller:inst4|RegisterX:inst|data[0]                                                                       ; CLK          ; CLK         ; 0.000        ; 0.061      ; 0.577      ;
; 0.359 ; KPVGA:inst15|VGAPer:inst|Controller:inst4|RegisterX:inst|data[1]      ; KPVGA:inst15|VGAPer:inst|Controller:inst4|RegisterX:inst|data[1]                                                                       ; CLK          ; CLK         ; 0.000        ; 0.061      ; 0.577      ;
; 0.359 ; KPVGA:inst15|VGAPer:inst|Controller:inst4|RegisterX:inst|data[2]      ; KPVGA:inst15|VGAPer:inst|Controller:inst4|RegisterX:inst|data[2]                                                                       ; CLK          ; CLK         ; 0.000        ; 0.061      ; 0.577      ;
; 0.359 ; KPVGA:inst15|VGAPer:inst|Controller:inst4|RegisterX:inst|data[3]      ; KPVGA:inst15|VGAPer:inst|Controller:inst4|RegisterX:inst|data[3]                                                                       ; CLK          ; CLK         ; 0.000        ; 0.061      ; 0.577      ;
; 0.359 ; KPVGA:inst15|VGAPer:inst|Controller:inst4|RegisterX:inst|data[4]      ; KPVGA:inst15|VGAPer:inst|Controller:inst4|RegisterX:inst|data[4]                                                                       ; CLK          ; CLK         ; 0.000        ; 0.061      ; 0.577      ;
; 0.359 ; KPVGA:inst15|VGAPer:inst|Controller:inst4|RegisterX:inst|data[7]      ; KPVGA:inst15|VGAPer:inst|Controller:inst4|RegisterX:inst|data[7]                                                                       ; CLK          ; CLK         ; 0.000        ; 0.061      ; 0.577      ;
; 0.359 ; KPVGA:inst15|VGAPer:inst|Controller:inst4|RegisterX:inst|data[6]      ; KPVGA:inst15|VGAPer:inst|Controller:inst4|RegisterX:inst|data[6]                                                                       ; CLK          ; CLK         ; 0.000        ; 0.061      ; 0.577      ;
; 0.359 ; KPVGA:inst15|VGAPer:inst|Controller:inst4|RegisterX:inst|data[8]      ; KPVGA:inst15|VGAPer:inst|Controller:inst4|RegisterX:inst|data[8]                                                                       ; CLK          ; CLK         ; 0.000        ; 0.061      ; 0.577      ;
; 0.359 ; KPVGA:inst15|VGAPer:inst|Controller:inst4|RegisterX:inst|data[9]      ; KPVGA:inst15|VGAPer:inst|Controller:inst4|RegisterX:inst|data[9]                                                                       ; CLK          ; CLK         ; 0.000        ; 0.061      ; 0.577      ;
; 0.359 ; KPVGA:inst15|VGAPer:inst|Controller:inst4|RegisterX:inst|data[5]      ; KPVGA:inst15|VGAPer:inst|Controller:inst4|RegisterX:inst|data[5]                                                                       ; CLK          ; CLK         ; 0.000        ; 0.061      ; 0.577      ;
; 0.359 ; CPU:inst|inst9                                                        ; CPU:inst|inst9                                                                                                                         ; CLK          ; CLK         ; 0.000        ; 0.061      ; 0.577      ;
; 0.361 ; KPTastature:inst11|inst41                                             ; KPTastature:inst11|inst41                                                                                                              ; CLK          ; CLK         ; 0.000        ; 0.062      ; 0.580      ;
; 0.362 ; KPVGA:inst15|VGAPer:inst|RegisterX:inst60|data[0]                     ; KPVGA:inst15|VGAPer:inst|RegisterX:inst60|data[0]                                                                                      ; CLK          ; CLK         ; 0.000        ; 0.061      ; 0.580      ;
; 0.362 ; CPU:inst|RegisterX:inst28|data[0]                                     ; memTest:inst9|altsyncram:altsyncram_component|altsyncram_s0t3:auto_generated|ram_block1a29~porta_address_reg0                          ; CLK          ; CLK         ; 0.000        ; 0.380      ; 0.929      ;
; 0.376 ; KPVGA:inst15|inst41                                                   ; KPVGA:inst15|RisingEdgeDetector:inst48|inst                                                                                            ; CLK          ; CLK         ; 0.000        ; 0.061      ; 0.594      ;
; 0.377 ; CPU:inst|RegisterX:inst28|data[6]                                     ; memTest:inst9|altsyncram:altsyncram_component|altsyncram_s0t3:auto_generated|ram_block1a19~porta_address_reg0                          ; CLK          ; CLK         ; 0.000        ; 0.380      ; 0.944      ;
; 0.383 ; CPU:inst|FetchFaza:inst24|inst9                                       ; CPU:inst|FetchFaza:inst24|inst10                                                                                                       ; CLK          ; CLK         ; 0.000        ; 0.061      ; 0.601      ;
; 0.385 ; KPTastature:inst11|KeyFetch:inst|RisingEdgeDetector:inst38|inst       ; KPTastature:inst11|KeyFetch:inst|RisingEdgeDetector:inst38|inst1                                                                       ; CLK          ; CLK         ; 0.000        ; 0.062      ; 0.604      ;
; 0.389 ; KPTastature:inst11|KeyFetch:inst|RisingEdgeDetector:inst38|inst       ; KPTastature:inst11|KeyFetch:inst|inst28                                                                                                ; CLK          ; CLK         ; 0.000        ; 0.062      ; 0.608      ;
; 0.391 ; KPTastature:inst11|inst41                                             ; KPTastature:inst11|RisingEdgeDetector:inst48|inst                                                                                      ; CLK          ; CLK         ; 0.000        ; 0.062      ; 0.610      ;
; 0.391 ; KPTastature:inst11|KeyFetch:inst|Debouncer:inst39|inst                ; KPTastature:inst11|KeyFetch:inst|Debouncer:inst39|Register:inst2|inst                                                                  ; CLK          ; CLK         ; 0.000        ; 0.075      ; 0.623      ;
; 0.392 ; KPVGA:inst15|VGAPer:inst|RegisterX:inst11|data[4]                     ; KPVGA:inst15|VGAPer:inst|RegisterX:inst11|data[4]                                                                                      ; CLK          ; CLK         ; 0.000        ; 0.061      ; 0.610      ;
; 0.398 ; KPVGA:inst15|VGAPer:inst|RegisterX:inst10|data[4]                     ; KPVGA:inst15|VGAPer:inst|RegisterX:inst10|data[4]                                                                                      ; CLK          ; CLK         ; 0.000        ; 0.062      ; 0.617      ;
; 0.402 ; CPU:inst|RegisterX:inst28|data[12]                                    ; memTest:inst9|altsyncram:altsyncram_component|altsyncram_s0t3:auto_generated|ram_block1a12~porta_address_reg0                          ; CLK          ; CLK         ; 0.000        ; 0.376      ; 0.965      ;
; 0.410 ; KPHex:inst12|RegisterX:inst30|data[3]                                 ; seven_segment_display:inst18|seg_reg[3]                                                                                                ; CLK          ; CLK         ; 0.000        ; 0.062      ; 0.629      ;
; 0.411 ; KPHex:inst12|RegisterX:inst30|data[6]                                 ; seven_segment_display:inst19|seg_reg[6]                                                                                                ; CLK          ; CLK         ; 0.000        ; 0.061      ; 0.629      ;
; 0.411 ; KPHex:inst12|RegisterX:inst30|data[6]                                 ; seven_segment_display:inst19|seg_reg[3]                                                                                                ; CLK          ; CLK         ; 0.000        ; 0.061      ; 0.629      ;
; 0.411 ; KPHex:inst12|RegisterX:inst30|data[3]                                 ; seven_segment_display:inst18|seg_reg[6]                                                                                                ; CLK          ; CLK         ; 0.000        ; 0.062      ; 0.630      ;
; 0.412 ; KPHex:inst12|RegisterX:inst30|data[3]                                 ; seven_segment_display:inst18|seg_reg[5]                                                                                                ; CLK          ; CLK         ; 0.000        ; 0.062      ; 0.631      ;
; 0.412 ; KPHex:inst12|RegisterX:inst30|data[3]                                 ; seven_segment_display:inst18|seg_reg[0]                                                                                                ; CLK          ; CLK         ; 0.000        ; 0.062      ; 0.631      ;
; 0.413 ; KPHex:inst12|RegisterX:inst30|data[3]                                 ; seven_segment_display:inst18|seg_reg[4]                                                                                                ; CLK          ; CLK         ; 0.000        ; 0.062      ; 0.632      ;
; 0.413 ; KPHex:inst12|RegisterX:inst30|data[3]                                 ; seven_segment_display:inst18|seg_reg[1]                                                                                                ; CLK          ; CLK         ; 0.000        ; 0.062      ; 0.632      ;
+-------+-----------------------------------------------------------------------+----------------------------------------------------------------------------------------------------------------------------------------+--------------+-------------+--------------+------------+------------+


+--------------------------------------------------------------------------------------------------------------------------------------------------------------------------------------------------------------------------------------------------------+
; Slow 1200mV 85C Model Hold: 'KPTastature:inst11|KeyFetch:inst|Debouncer:inst39|inst1'                                                                                                                                                                  ;
+-------+-----------------------------------------+-----------------------------------------+---------------------------------------------------------+---------------------------------------------------------+--------------+------------+------------+
; Slack ; From Node                               ; To Node                                 ; Launch Clock                                            ; Latch Clock                                             ; Relationship ; Clock Skew ; Data Delay ;
+-------+-----------------------------------------+-----------------------------------------+---------------------------------------------------------+---------------------------------------------------------+--------------+------------+------------+
; 0.382 ; KPTastature:inst11|KeyFetch:inst|inst17 ; KPTastature:inst11|KeyFetch:inst|inst18 ; KPTastature:inst11|KeyFetch:inst|Debouncer:inst39|inst1 ; KPTastature:inst11|KeyFetch:inst|Debouncer:inst39|inst1 ; 0.000        ; 0.060      ; 0.599      ;
; 0.382 ; KPTastature:inst11|KeyFetch:inst|inst14 ; KPTastature:inst11|KeyFetch:inst|inst15 ; KPTastature:inst11|KeyFetch:inst|Debouncer:inst39|inst1 ; KPTastature:inst11|KeyFetch:inst|Debouncer:inst39|inst1 ; 0.000        ; 0.060      ; 0.599      ;
; 0.383 ; KPTastature:inst11|KeyFetch:inst|inst12 ; KPTastature:inst11|KeyFetch:inst|inst13 ; KPTastature:inst11|KeyFetch:inst|Debouncer:inst39|inst1 ; KPTastature:inst11|KeyFetch:inst|Debouncer:inst39|inst1 ; 0.000        ; 0.060      ; 0.600      ;
; 0.396 ; KPTastature:inst11|KeyFetch:inst|inst7  ; KPTastature:inst11|KeyFetch:inst|inst8  ; KPTastature:inst11|KeyFetch:inst|Debouncer:inst39|inst1 ; KPTastature:inst11|KeyFetch:inst|Debouncer:inst39|inst1 ; 0.000        ; 0.060      ; 0.613      ;
; 0.396 ; KPTastature:inst11|KeyFetch:inst|inst2  ; KPTastature:inst11|KeyFetch:inst|inst3  ; KPTastature:inst11|KeyFetch:inst|Debouncer:inst39|inst1 ; KPTastature:inst11|KeyFetch:inst|Debouncer:inst39|inst1 ; 0.000        ; 0.060      ; 0.613      ;
; 0.490 ; KPTastature:inst11|KeyFetch:inst|inst10 ; KPTastature:inst11|KeyFetch:inst|inst11 ; KPTastature:inst11|KeyFetch:inst|Debouncer:inst39|inst1 ; KPTastature:inst11|KeyFetch:inst|Debouncer:inst39|inst1 ; 0.000        ; 0.060      ; 0.707      ;
; 0.500 ; KPTastature:inst11|KeyFetch:inst|inst1  ; KPTastature:inst11|KeyFetch:inst|inst2  ; KPTastature:inst11|KeyFetch:inst|Debouncer:inst39|inst1 ; KPTastature:inst11|KeyFetch:inst|Debouncer:inst39|inst1 ; 0.000        ; 0.060      ; 0.717      ;
; 0.500 ; KPTastature:inst11|KeyFetch:inst|inst13 ; KPTastature:inst11|KeyFetch:inst|inst14 ; KPTastature:inst11|KeyFetch:inst|Debouncer:inst39|inst1 ; KPTastature:inst11|KeyFetch:inst|Debouncer:inst39|inst1 ; 0.000        ; 0.060      ; 0.717      ;
; 0.527 ; KPTastature:inst11|KeyFetch:inst|inst16 ; KPTastature:inst11|KeyFetch:inst|inst17 ; KPTastature:inst11|KeyFetch:inst|Debouncer:inst39|inst1 ; KPTastature:inst11|KeyFetch:inst|Debouncer:inst39|inst1 ; 0.000        ; 0.060      ; 0.744      ;
; 0.538 ; KPTastature:inst11|KeyFetch:inst|inst4  ; KPTastature:inst11|KeyFetch:inst|inst5  ; KPTastature:inst11|KeyFetch:inst|Debouncer:inst39|inst1 ; KPTastature:inst11|KeyFetch:inst|Debouncer:inst39|inst1 ; 0.000        ; 0.060      ; 0.755      ;
; 0.552 ; KPTastature:inst11|KeyFetch:inst|inst18 ; KPTastature:inst11|KeyFetch:inst|inst19 ; KPTastature:inst11|KeyFetch:inst|Debouncer:inst39|inst1 ; KPTastature:inst11|KeyFetch:inst|Debouncer:inst39|inst1 ; 0.000        ; 0.061      ; 0.770      ;
; 0.637 ; KPTastature:inst11|KeyFetch:inst|inst11 ; KPTastature:inst11|KeyFetch:inst|inst12 ; KPTastature:inst11|KeyFetch:inst|Debouncer:inst39|inst1 ; KPTastature:inst11|KeyFetch:inst|Debouncer:inst39|inst1 ; 0.000        ; 0.060      ; 0.854      ;
; 0.667 ; KPTastature:inst11|KeyFetch:inst|inst15 ; KPTastature:inst11|KeyFetch:inst|inst16 ; KPTastature:inst11|KeyFetch:inst|Debouncer:inst39|inst1 ; KPTastature:inst11|KeyFetch:inst|Debouncer:inst39|inst1 ; 0.000        ; 0.060      ; 0.884      ;
; 0.741 ; KPTastature:inst11|KeyFetch:inst|inst3  ; KPTastature:inst11|KeyFetch:inst|inst4  ; KPTastature:inst11|KeyFetch:inst|Debouncer:inst39|inst1 ; KPTastature:inst11|KeyFetch:inst|Debouncer:inst39|inst1 ; 0.000        ; 0.060      ; 0.958      ;
; 0.791 ; KPTastature:inst11|KeyFetch:inst|inst5  ; KPTastature:inst11|KeyFetch:inst|inst6  ; KPTastature:inst11|KeyFetch:inst|Debouncer:inst39|inst1 ; KPTastature:inst11|KeyFetch:inst|Debouncer:inst39|inst1 ; 0.000        ; 0.057      ; 1.005      ;
; 0.792 ; KPTastature:inst11|KeyFetch:inst|inst18 ; KPTastature:inst11|KeyFetch:inst|inst10 ; KPTastature:inst11|KeyFetch:inst|Debouncer:inst39|inst1 ; KPTastature:inst11|KeyFetch:inst|Debouncer:inst39|inst1 ; 0.000        ; 0.060      ; 1.009      ;
; 0.797 ; KPTastature:inst11|KeyFetch:inst|inst   ; KPTastature:inst11|KeyFetch:inst|inst1  ; KPTastature:inst11|KeyFetch:inst|Debouncer:inst39|inst1 ; KPTastature:inst11|KeyFetch:inst|Debouncer:inst39|inst1 ; 0.000        ; 0.063      ; 1.017      ;
; 0.802 ; KPTastature:inst11|KeyFetch:inst|inst6  ; KPTastature:inst11|KeyFetch:inst|inst7  ; KPTastature:inst11|KeyFetch:inst|Debouncer:inst39|inst1 ; KPTastature:inst11|KeyFetch:inst|Debouncer:inst39|inst1 ; 0.000        ; 0.063      ; 1.022      ;
; 0.825 ; KPTastature:inst11|KeyFetch:inst|inst15 ; KPTastature:inst11|KeyFetch:inst|inst10 ; KPTastature:inst11|KeyFetch:inst|Debouncer:inst39|inst1 ; KPTastature:inst11|KeyFetch:inst|Debouncer:inst39|inst1 ; 0.000        ; 0.060      ; 1.042      ;
; 0.828 ; KPTastature:inst11|KeyFetch:inst|inst19 ; KPTastature:inst11|KeyFetch:inst|inst10 ; KPTastature:inst11|KeyFetch:inst|Debouncer:inst39|inst1 ; KPTastature:inst11|KeyFetch:inst|Debouncer:inst39|inst1 ; 0.000        ; 0.059      ; 1.044      ;
; 0.881 ; KPTastature:inst11|KeyFetch:inst|inst12 ; KPTastature:inst11|KeyFetch:inst|inst10 ; KPTastature:inst11|KeyFetch:inst|Debouncer:inst39|inst1 ; KPTastature:inst11|KeyFetch:inst|Debouncer:inst39|inst1 ; 0.000        ; 0.060      ; 1.098      ;
; 0.927 ; KPTastature:inst11|KeyFetch:inst|inst16 ; KPTastature:inst11|KeyFetch:inst|inst10 ; KPTastature:inst11|KeyFetch:inst|Debouncer:inst39|inst1 ; KPTastature:inst11|KeyFetch:inst|Debouncer:inst39|inst1 ; 0.000        ; 0.060      ; 1.144      ;
; 0.941 ; KPTastature:inst11|KeyFetch:inst|inst17 ; KPTastature:inst11|KeyFetch:inst|inst10 ; KPTastature:inst11|KeyFetch:inst|Debouncer:inst39|inst1 ; KPTastature:inst11|KeyFetch:inst|Debouncer:inst39|inst1 ; 0.000        ; 0.060      ; 1.158      ;
; 0.985 ; KPTastature:inst11|KeyFetch:inst|inst10 ; KPTastature:inst11|KeyFetch:inst|inst10 ; KPTastature:inst11|KeyFetch:inst|Debouncer:inst39|inst1 ; KPTastature:inst11|KeyFetch:inst|Debouncer:inst39|inst1 ; 0.000        ; 0.060      ; 1.202      ;
; 1.076 ; KPTastature:inst11|KeyFetch:inst|inst14 ; KPTastature:inst11|KeyFetch:inst|inst10 ; KPTastature:inst11|KeyFetch:inst|Debouncer:inst39|inst1 ; KPTastature:inst11|KeyFetch:inst|Debouncer:inst39|inst1 ; 0.000        ; 0.060      ; 1.293      ;
; 1.113 ; KPTastature:inst11|KeyFetch:inst|inst   ; KPTastature:inst11|KeyFetch:inst|inst10 ; KPTastature:inst11|KeyFetch:inst|Debouncer:inst39|inst1 ; KPTastature:inst11|KeyFetch:inst|Debouncer:inst39|inst1 ; 0.000        ; 0.060      ; 1.330      ;
; 1.166 ; KPTastature:inst11|KeyFetch:inst|inst11 ; KPTastature:inst11|KeyFetch:inst|inst10 ; KPTastature:inst11|KeyFetch:inst|Debouncer:inst39|inst1 ; KPTastature:inst11|KeyFetch:inst|Debouncer:inst39|inst1 ; 0.000        ; 0.060      ; 1.383      ;
; 1.220 ; KPTastature:inst11|KeyFetch:inst|inst13 ; KPTastature:inst11|KeyFetch:inst|inst10 ; KPTastature:inst11|KeyFetch:inst|Debouncer:inst39|inst1 ; KPTastature:inst11|KeyFetch:inst|Debouncer:inst39|inst1 ; 0.000        ; 0.060      ; 1.437      ;
+-------+-----------------------------------------+-----------------------------------------+---------------------------------------------------------+---------------------------------------------------------+--------------+------------+------------+


+---------------------------------------------------------------------------------------------------------------------------------+
; Slow 1200mV 85C Model Recovery: 'CLK'                                                                                           ;
+--------+---------------------------------+----------------+--------------+-------------+--------------+------------+------------+
; Slack  ; From Node                       ; To Node        ; Launch Clock ; Latch Clock ; Relationship ; Clock Skew ; Data Delay ;
+--------+---------------------------------+----------------+--------------+-------------+--------------+------------+------------+
; -0.311 ; CPU:inst|pulse_gen:inst64|pulse ; CPU:inst|inst6 ; CLK          ; CLK         ; 1.000        ; -0.076     ; 1.230      ;
+--------+---------------------------------+----------------+--------------+-------------+--------------+------------+------------+


+--------------------------------------------------------------------------------------------------------------------------------+
; Slow 1200mV 85C Model Removal: 'CLK'                                                                                           ;
+-------+---------------------------------+----------------+--------------+-------------+--------------+------------+------------+
; Slack ; From Node                       ; To Node        ; Launch Clock ; Latch Clock ; Relationship ; Clock Skew ; Data Delay ;
+-------+---------------------------------+----------------+--------------+-------------+--------------+------------+------------+
; 0.858 ; CPU:inst|pulse_gen:inst64|pulse ; CPU:inst|inst6 ; CLK          ; CLK         ; 0.000        ; 0.076      ; 1.091      ;
+-------+---------------------------------+----------------+--------------+-------------+--------------+------------+------------+


+-------------------------------------------------------------------------------------------------------------------------------------------------------------------------------------------------------------------+
; Slow 1200mV 85C Model Minimum Pulse Width: 'CLK'                                                                                                                                                                  ;
+--------+--------------+----------------+------------+-------+------------+----------------------------------------------------------------------------------------------------------------------------------------+
; Slack  ; Actual Width ; Required Width ; Type       ; Clock ; Clock Edge ; Target                                                                                                                                 ;
+--------+--------------+----------------+------------+-------+------------+----------------------------------------------------------------------------------------------------------------------------------------+
; -3.000 ; 1.000        ; 4.000          ; Port Rate  ; CLK   ; Rise       ; CLK                                                                                                                                    ;
; -2.174 ; 1.000        ; 3.174          ; Min Period ; CLK   ; Rise       ; KPVGA:inst15|VGAPer:inst|VideoRAM:inst9|altsyncram:altsyncram_component|altsyncram_tat3:auto_generated|ram_block1a0~porta_address_reg0 ;
; -2.174 ; 1.000        ; 3.174          ; Min Period ; CLK   ; Rise       ; KPVGA:inst15|VGAPer:inst|VideoRAM:inst9|altsyncram:altsyncram_component|altsyncram_tat3:auto_generated|ram_block1a0~porta_datain_reg0  ;
; -2.174 ; 1.000        ; 3.174          ; Min Period ; CLK   ; Rise       ; KPVGA:inst15|VGAPer:inst|VideoRAM:inst9|altsyncram:altsyncram_component|altsyncram_tat3:auto_generated|ram_block1a0~porta_re_reg       ;
; -2.174 ; 1.000        ; 3.174          ; Min Period ; CLK   ; Rise       ; KPVGA:inst15|VGAPer:inst|VideoRAM:inst9|altsyncram:altsyncram_component|altsyncram_tat3:auto_generated|ram_block1a0~porta_we_reg       ;
; -2.174 ; 1.000        ; 3.174          ; Min Period ; CLK   ; Rise       ; memTest:inst9|altsyncram:altsyncram_component|altsyncram_s0t3:auto_generated|ram_block1a0~porta_address_reg0                           ;
; -2.174 ; 1.000        ; 3.174          ; Min Period ; CLK   ; Rise       ; memTest:inst9|altsyncram:altsyncram_component|altsyncram_s0t3:auto_generated|ram_block1a0~porta_datain_reg0                            ;
; -2.174 ; 1.000        ; 3.174          ; Min Period ; CLK   ; Rise       ; memTest:inst9|altsyncram:altsyncram_component|altsyncram_s0t3:auto_generated|ram_block1a0~porta_re_reg                                 ;
; -2.174 ; 1.000        ; 3.174          ; Min Period ; CLK   ; Rise       ; memTest:inst9|altsyncram:altsyncram_component|altsyncram_s0t3:auto_generated|ram_block1a0~porta_we_reg                                 ;
; -2.174 ; 1.000        ; 3.174          ; Min Period ; CLK   ; Rise       ; memTest:inst9|altsyncram:altsyncram_component|altsyncram_s0t3:auto_generated|ram_block1a10~porta_address_reg0                          ;
; -2.174 ; 1.000        ; 3.174          ; Min Period ; CLK   ; Rise       ; memTest:inst9|altsyncram:altsyncram_component|altsyncram_s0t3:auto_generated|ram_block1a10~porta_datain_reg0                           ;
; -2.174 ; 1.000        ; 3.174          ; Min Period ; CLK   ; Rise       ; memTest:inst9|altsyncram:altsyncram_component|altsyncram_s0t3:auto_generated|ram_block1a10~porta_re_reg                                ;
; -2.174 ; 1.000        ; 3.174          ; Min Period ; CLK   ; Rise       ; memTest:inst9|altsyncram:altsyncram_component|altsyncram_s0t3:auto_generated|ram_block1a10~porta_we_reg                                ;
; -2.174 ; 1.000        ; 3.174          ; Min Period ; CLK   ; Rise       ; memTest:inst9|altsyncram:altsyncram_component|altsyncram_s0t3:auto_generated|ram_block1a11~porta_address_reg0                          ;
; -2.174 ; 1.000        ; 3.174          ; Min Period ; CLK   ; Rise       ; memTest:inst9|altsyncram:altsyncram_component|altsyncram_s0t3:auto_generated|ram_block1a11~porta_datain_reg0                           ;
; -2.174 ; 1.000        ; 3.174          ; Min Period ; CLK   ; Rise       ; memTest:inst9|altsyncram:altsyncram_component|altsyncram_s0t3:auto_generated|ram_block1a11~porta_re_reg                                ;
; -2.174 ; 1.000        ; 3.174          ; Min Period ; CLK   ; Rise       ; memTest:inst9|altsyncram:altsyncram_component|altsyncram_s0t3:auto_generated|ram_block1a11~porta_we_reg                                ;
; -2.174 ; 1.000        ; 3.174          ; Min Period ; CLK   ; Rise       ; memTest:inst9|altsyncram:altsyncram_component|altsyncram_s0t3:auto_generated|ram_block1a12~porta_address_reg0                          ;
; -2.174 ; 1.000        ; 3.174          ; Min Period ; CLK   ; Rise       ; memTest:inst9|altsyncram:altsyncram_component|altsyncram_s0t3:auto_generated|ram_block1a12~porta_datain_reg0                           ;
; -2.174 ; 1.000        ; 3.174          ; Min Period ; CLK   ; Rise       ; memTest:inst9|altsyncram:altsyncram_component|altsyncram_s0t3:auto_generated|ram_block1a12~porta_re_reg                                ;
; -2.174 ; 1.000        ; 3.174          ; Min Period ; CLK   ; Rise       ; memTest:inst9|altsyncram:altsyncram_component|altsyncram_s0t3:auto_generated|ram_block1a12~porta_we_reg                                ;
; -2.174 ; 1.000        ; 3.174          ; Min Period ; CLK   ; Rise       ; memTest:inst9|altsyncram:altsyncram_component|altsyncram_s0t3:auto_generated|ram_block1a13~porta_address_reg0                          ;
; -2.174 ; 1.000        ; 3.174          ; Min Period ; CLK   ; Rise       ; memTest:inst9|altsyncram:altsyncram_component|altsyncram_s0t3:auto_generated|ram_block1a13~porta_datain_reg0                           ;
; -2.174 ; 1.000        ; 3.174          ; Min Period ; CLK   ; Rise       ; memTest:inst9|altsyncram:altsyncram_component|altsyncram_s0t3:auto_generated|ram_block1a13~porta_re_reg                                ;
; -2.174 ; 1.000        ; 3.174          ; Min Period ; CLK   ; Rise       ; memTest:inst9|altsyncram:altsyncram_component|altsyncram_s0t3:auto_generated|ram_block1a13~porta_we_reg                                ;
; -2.174 ; 1.000        ; 3.174          ; Min Period ; CLK   ; Rise       ; memTest:inst9|altsyncram:altsyncram_component|altsyncram_s0t3:auto_generated|ram_block1a14~porta_address_reg0                          ;
; -2.174 ; 1.000        ; 3.174          ; Min Period ; CLK   ; Rise       ; memTest:inst9|altsyncram:altsyncram_component|altsyncram_s0t3:auto_generated|ram_block1a14~porta_datain_reg0                           ;
; -2.174 ; 1.000        ; 3.174          ; Min Period ; CLK   ; Rise       ; memTest:inst9|altsyncram:altsyncram_component|altsyncram_s0t3:auto_generated|ram_block1a14~porta_re_reg                                ;
; -2.174 ; 1.000        ; 3.174          ; Min Period ; CLK   ; Rise       ; memTest:inst9|altsyncram:altsyncram_component|altsyncram_s0t3:auto_generated|ram_block1a14~porta_we_reg                                ;
; -2.174 ; 1.000        ; 3.174          ; Min Period ; CLK   ; Rise       ; memTest:inst9|altsyncram:altsyncram_component|altsyncram_s0t3:auto_generated|ram_block1a15~porta_address_reg0                          ;
; -2.174 ; 1.000        ; 3.174          ; Min Period ; CLK   ; Rise       ; memTest:inst9|altsyncram:altsyncram_component|altsyncram_s0t3:auto_generated|ram_block1a15~porta_datain_reg0                           ;
; -2.174 ; 1.000        ; 3.174          ; Min Period ; CLK   ; Rise       ; memTest:inst9|altsyncram:altsyncram_component|altsyncram_s0t3:auto_generated|ram_block1a15~porta_re_reg                                ;
; -2.174 ; 1.000        ; 3.174          ; Min Period ; CLK   ; Rise       ; memTest:inst9|altsyncram:altsyncram_component|altsyncram_s0t3:auto_generated|ram_block1a15~porta_we_reg                                ;
; -2.174 ; 1.000        ; 3.174          ; Min Period ; CLK   ; Rise       ; memTest:inst9|altsyncram:altsyncram_component|altsyncram_s0t3:auto_generated|ram_block1a16~porta_address_reg0                          ;
; -2.174 ; 1.000        ; 3.174          ; Min Period ; CLK   ; Rise       ; memTest:inst9|altsyncram:altsyncram_component|altsyncram_s0t3:auto_generated|ram_block1a16~porta_datain_reg0                           ;
; -2.174 ; 1.000        ; 3.174          ; Min Period ; CLK   ; Rise       ; memTest:inst9|altsyncram:altsyncram_component|altsyncram_s0t3:auto_generated|ram_block1a16~porta_re_reg                                ;
; -2.174 ; 1.000        ; 3.174          ; Min Period ; CLK   ; Rise       ; memTest:inst9|altsyncram:altsyncram_component|altsyncram_s0t3:auto_generated|ram_block1a16~porta_we_reg                                ;
; -2.174 ; 1.000        ; 3.174          ; Min Period ; CLK   ; Rise       ; memTest:inst9|altsyncram:altsyncram_component|altsyncram_s0t3:auto_generated|ram_block1a17~porta_address_reg0                          ;
; -2.174 ; 1.000        ; 3.174          ; Min Period ; CLK   ; Rise       ; memTest:inst9|altsyncram:altsyncram_component|altsyncram_s0t3:auto_generated|ram_block1a17~porta_datain_reg0                           ;
; -2.174 ; 1.000        ; 3.174          ; Min Period ; CLK   ; Rise       ; memTest:inst9|altsyncram:altsyncram_component|altsyncram_s0t3:auto_generated|ram_block1a17~porta_re_reg                                ;
; -2.174 ; 1.000        ; 3.174          ; Min Period ; CLK   ; Rise       ; memTest:inst9|altsyncram:altsyncram_component|altsyncram_s0t3:auto_generated|ram_block1a17~porta_we_reg                                ;
; -2.174 ; 1.000        ; 3.174          ; Min Period ; CLK   ; Rise       ; memTest:inst9|altsyncram:altsyncram_component|altsyncram_s0t3:auto_generated|ram_block1a18~porta_address_reg0                          ;
; -2.174 ; 1.000        ; 3.174          ; Min Period ; CLK   ; Rise       ; memTest:inst9|altsyncram:altsyncram_component|altsyncram_s0t3:auto_generated|ram_block1a18~porta_datain_reg0                           ;
; -2.174 ; 1.000        ; 3.174          ; Min Period ; CLK   ; Rise       ; memTest:inst9|altsyncram:altsyncram_component|altsyncram_s0t3:auto_generated|ram_block1a18~porta_re_reg                                ;
; -2.174 ; 1.000        ; 3.174          ; Min Period ; CLK   ; Rise       ; memTest:inst9|altsyncram:altsyncram_component|altsyncram_s0t3:auto_generated|ram_block1a18~porta_we_reg                                ;
; -2.174 ; 1.000        ; 3.174          ; Min Period ; CLK   ; Rise       ; memTest:inst9|altsyncram:altsyncram_component|altsyncram_s0t3:auto_generated|ram_block1a19~porta_address_reg0                          ;
; -2.174 ; 1.000        ; 3.174          ; Min Period ; CLK   ; Rise       ; memTest:inst9|altsyncram:altsyncram_component|altsyncram_s0t3:auto_generated|ram_block1a19~porta_datain_reg0                           ;
; -2.174 ; 1.000        ; 3.174          ; Min Period ; CLK   ; Rise       ; memTest:inst9|altsyncram:altsyncram_component|altsyncram_s0t3:auto_generated|ram_block1a19~porta_re_reg                                ;
; -2.174 ; 1.000        ; 3.174          ; Min Period ; CLK   ; Rise       ; memTest:inst9|altsyncram:altsyncram_component|altsyncram_s0t3:auto_generated|ram_block1a19~porta_we_reg                                ;
; -2.174 ; 1.000        ; 3.174          ; Min Period ; CLK   ; Rise       ; memTest:inst9|altsyncram:altsyncram_component|altsyncram_s0t3:auto_generated|ram_block1a1~porta_address_reg0                           ;
; -2.174 ; 1.000        ; 3.174          ; Min Period ; CLK   ; Rise       ; memTest:inst9|altsyncram:altsyncram_component|altsyncram_s0t3:auto_generated|ram_block1a1~porta_datain_reg0                            ;
; -2.174 ; 1.000        ; 3.174          ; Min Period ; CLK   ; Rise       ; memTest:inst9|altsyncram:altsyncram_component|altsyncram_s0t3:auto_generated|ram_block1a1~porta_re_reg                                 ;
; -2.174 ; 1.000        ; 3.174          ; Min Period ; CLK   ; Rise       ; memTest:inst9|altsyncram:altsyncram_component|altsyncram_s0t3:auto_generated|ram_block1a1~porta_we_reg                                 ;
; -2.174 ; 1.000        ; 3.174          ; Min Period ; CLK   ; Rise       ; memTest:inst9|altsyncram:altsyncram_component|altsyncram_s0t3:auto_generated|ram_block1a20~porta_address_reg0                          ;
; -2.174 ; 1.000        ; 3.174          ; Min Period ; CLK   ; Rise       ; memTest:inst9|altsyncram:altsyncram_component|altsyncram_s0t3:auto_generated|ram_block1a20~porta_datain_reg0                           ;
; -2.174 ; 1.000        ; 3.174          ; Min Period ; CLK   ; Rise       ; memTest:inst9|altsyncram:altsyncram_component|altsyncram_s0t3:auto_generated|ram_block1a20~porta_re_reg                                ;
; -2.174 ; 1.000        ; 3.174          ; Min Period ; CLK   ; Rise       ; memTest:inst9|altsyncram:altsyncram_component|altsyncram_s0t3:auto_generated|ram_block1a20~porta_we_reg                                ;
; -2.174 ; 1.000        ; 3.174          ; Min Period ; CLK   ; Rise       ; memTest:inst9|altsyncram:altsyncram_component|altsyncram_s0t3:auto_generated|ram_block1a21~porta_address_reg0                          ;
; -2.174 ; 1.000        ; 3.174          ; Min Period ; CLK   ; Rise       ; memTest:inst9|altsyncram:altsyncram_component|altsyncram_s0t3:auto_generated|ram_block1a21~porta_datain_reg0                           ;
; -2.174 ; 1.000        ; 3.174          ; Min Period ; CLK   ; Rise       ; memTest:inst9|altsyncram:altsyncram_component|altsyncram_s0t3:auto_generated|ram_block1a21~porta_re_reg                                ;
; -2.174 ; 1.000        ; 3.174          ; Min Period ; CLK   ; Rise       ; memTest:inst9|altsyncram:altsyncram_component|altsyncram_s0t3:auto_generated|ram_block1a21~porta_we_reg                                ;
; -2.174 ; 1.000        ; 3.174          ; Min Period ; CLK   ; Rise       ; memTest:inst9|altsyncram:altsyncram_component|altsyncram_s0t3:auto_generated|ram_block1a22~porta_address_reg0                          ;
; -2.174 ; 1.000        ; 3.174          ; Min Period ; CLK   ; Rise       ; memTest:inst9|altsyncram:altsyncram_component|altsyncram_s0t3:auto_generated|ram_block1a22~porta_datain_reg0                           ;
; -2.174 ; 1.000        ; 3.174          ; Min Period ; CLK   ; Rise       ; memTest:inst9|altsyncram:altsyncram_component|altsyncram_s0t3:auto_generated|ram_block1a22~porta_re_reg                                ;
; -2.174 ; 1.000        ; 3.174          ; Min Period ; CLK   ; Rise       ; memTest:inst9|altsyncram:altsyncram_component|altsyncram_s0t3:auto_generated|ram_block1a22~porta_we_reg                                ;
; -2.174 ; 1.000        ; 3.174          ; Min Period ; CLK   ; Rise       ; memTest:inst9|altsyncram:altsyncram_component|altsyncram_s0t3:auto_generated|ram_block1a23~porta_address_reg0                          ;
; -2.174 ; 1.000        ; 3.174          ; Min Period ; CLK   ; Rise       ; memTest:inst9|altsyncram:altsyncram_component|altsyncram_s0t3:auto_generated|ram_block1a23~porta_datain_reg0                           ;
; -2.174 ; 1.000        ; 3.174          ; Min Period ; CLK   ; Rise       ; memTest:inst9|altsyncram:altsyncram_component|altsyncram_s0t3:auto_generated|ram_block1a23~porta_re_reg                                ;
; -2.174 ; 1.000        ; 3.174          ; Min Period ; CLK   ; Rise       ; memTest:inst9|altsyncram:altsyncram_component|altsyncram_s0t3:auto_generated|ram_block1a23~porta_we_reg                                ;
; -2.174 ; 1.000        ; 3.174          ; Min Period ; CLK   ; Rise       ; memTest:inst9|altsyncram:altsyncram_component|altsyncram_s0t3:auto_generated|ram_block1a24~porta_address_reg0                          ;
; -2.174 ; 1.000        ; 3.174          ; Min Period ; CLK   ; Rise       ; memTest:inst9|altsyncram:altsyncram_component|altsyncram_s0t3:auto_generated|ram_block1a24~porta_datain_reg0                           ;
; -2.174 ; 1.000        ; 3.174          ; Min Period ; CLK   ; Rise       ; memTest:inst9|altsyncram:altsyncram_component|altsyncram_s0t3:auto_generated|ram_block1a24~porta_re_reg                                ;
; -2.174 ; 1.000        ; 3.174          ; Min Period ; CLK   ; Rise       ; memTest:inst9|altsyncram:altsyncram_component|altsyncram_s0t3:auto_generated|ram_block1a24~porta_we_reg                                ;
; -2.174 ; 1.000        ; 3.174          ; Min Period ; CLK   ; Rise       ; memTest:inst9|altsyncram:altsyncram_component|altsyncram_s0t3:auto_generated|ram_block1a25~porta_address_reg0                          ;
; -2.174 ; 1.000        ; 3.174          ; Min Period ; CLK   ; Rise       ; memTest:inst9|altsyncram:altsyncram_component|altsyncram_s0t3:auto_generated|ram_block1a25~porta_datain_reg0                           ;
; -2.174 ; 1.000        ; 3.174          ; Min Period ; CLK   ; Rise       ; memTest:inst9|altsyncram:altsyncram_component|altsyncram_s0t3:auto_generated|ram_block1a25~porta_re_reg                                ;
; -2.174 ; 1.000        ; 3.174          ; Min Period ; CLK   ; Rise       ; memTest:inst9|altsyncram:altsyncram_component|altsyncram_s0t3:auto_generated|ram_block1a25~porta_we_reg                                ;
; -2.174 ; 1.000        ; 3.174          ; Min Period ; CLK   ; Rise       ; memTest:inst9|altsyncram:altsyncram_component|altsyncram_s0t3:auto_generated|ram_block1a26~porta_address_reg0                          ;
; -2.174 ; 1.000        ; 3.174          ; Min Period ; CLK   ; Rise       ; memTest:inst9|altsyncram:altsyncram_component|altsyncram_s0t3:auto_generated|ram_block1a26~porta_datain_reg0                           ;
; -2.174 ; 1.000        ; 3.174          ; Min Period ; CLK   ; Rise       ; memTest:inst9|altsyncram:altsyncram_component|altsyncram_s0t3:auto_generated|ram_block1a26~porta_re_reg                                ;
; -2.174 ; 1.000        ; 3.174          ; Min Period ; CLK   ; Rise       ; memTest:inst9|altsyncram:altsyncram_component|altsyncram_s0t3:auto_generated|ram_block1a26~porta_we_reg                                ;
; -2.174 ; 1.000        ; 3.174          ; Min Period ; CLK   ; Rise       ; memTest:inst9|altsyncram:altsyncram_component|altsyncram_s0t3:auto_generated|ram_block1a27~porta_address_reg0                          ;
; -2.174 ; 1.000        ; 3.174          ; Min Period ; CLK   ; Rise       ; memTest:inst9|altsyncram:altsyncram_component|altsyncram_s0t3:auto_generated|ram_block1a27~porta_datain_reg0                           ;
; -2.174 ; 1.000        ; 3.174          ; Min Period ; CLK   ; Rise       ; memTest:inst9|altsyncram:altsyncram_component|altsyncram_s0t3:auto_generated|ram_block1a27~porta_re_reg                                ;
; -2.174 ; 1.000        ; 3.174          ; Min Period ; CLK   ; Rise       ; memTest:inst9|altsyncram:altsyncram_component|altsyncram_s0t3:auto_generated|ram_block1a27~porta_we_reg                                ;
; -2.174 ; 1.000        ; 3.174          ; Min Period ; CLK   ; Rise       ; memTest:inst9|altsyncram:altsyncram_component|altsyncram_s0t3:auto_generated|ram_block1a28~porta_address_reg0                          ;
; -2.174 ; 1.000        ; 3.174          ; Min Period ; CLK   ; Rise       ; memTest:inst9|altsyncram:altsyncram_component|altsyncram_s0t3:auto_generated|ram_block1a28~porta_datain_reg0                           ;
; -2.174 ; 1.000        ; 3.174          ; Min Period ; CLK   ; Rise       ; memTest:inst9|altsyncram:altsyncram_component|altsyncram_s0t3:auto_generated|ram_block1a28~porta_re_reg                                ;
; -2.174 ; 1.000        ; 3.174          ; Min Period ; CLK   ; Rise       ; memTest:inst9|altsyncram:altsyncram_component|altsyncram_s0t3:auto_generated|ram_block1a28~porta_we_reg                                ;
; -2.174 ; 1.000        ; 3.174          ; Min Period ; CLK   ; Rise       ; memTest:inst9|altsyncram:altsyncram_component|altsyncram_s0t3:auto_generated|ram_block1a29~porta_address_reg0                          ;
; -2.174 ; 1.000        ; 3.174          ; Min Period ; CLK   ; Rise       ; memTest:inst9|altsyncram:altsyncram_component|altsyncram_s0t3:auto_generated|ram_block1a29~porta_datain_reg0                           ;
; -2.174 ; 1.000        ; 3.174          ; Min Period ; CLK   ; Rise       ; memTest:inst9|altsyncram:altsyncram_component|altsyncram_s0t3:auto_generated|ram_block1a29~porta_re_reg                                ;
; -2.174 ; 1.000        ; 3.174          ; Min Period ; CLK   ; Rise       ; memTest:inst9|altsyncram:altsyncram_component|altsyncram_s0t3:auto_generated|ram_block1a29~porta_we_reg                                ;
; -2.174 ; 1.000        ; 3.174          ; Min Period ; CLK   ; Rise       ; memTest:inst9|altsyncram:altsyncram_component|altsyncram_s0t3:auto_generated|ram_block1a2~porta_address_reg0                           ;
; -2.174 ; 1.000        ; 3.174          ; Min Period ; CLK   ; Rise       ; memTest:inst9|altsyncram:altsyncram_component|altsyncram_s0t3:auto_generated|ram_block1a2~porta_datain_reg0                            ;
; -2.174 ; 1.000        ; 3.174          ; Min Period ; CLK   ; Rise       ; memTest:inst9|altsyncram:altsyncram_component|altsyncram_s0t3:auto_generated|ram_block1a2~porta_re_reg                                 ;
; -2.174 ; 1.000        ; 3.174          ; Min Period ; CLK   ; Rise       ; memTest:inst9|altsyncram:altsyncram_component|altsyncram_s0t3:auto_generated|ram_block1a2~porta_we_reg                                 ;
; -2.174 ; 1.000        ; 3.174          ; Min Period ; CLK   ; Rise       ; memTest:inst9|altsyncram:altsyncram_component|altsyncram_s0t3:auto_generated|ram_block1a30~porta_address_reg0                          ;
; -2.174 ; 1.000        ; 3.174          ; Min Period ; CLK   ; Rise       ; memTest:inst9|altsyncram:altsyncram_component|altsyncram_s0t3:auto_generated|ram_block1a30~porta_datain_reg0                           ;
; -2.174 ; 1.000        ; 3.174          ; Min Period ; CLK   ; Rise       ; memTest:inst9|altsyncram:altsyncram_component|altsyncram_s0t3:auto_generated|ram_block1a30~porta_re_reg                                ;
+--------+--------------+----------------+------------+-------+------------+----------------------------------------------------------------------------------------------------------------------------------------+


+------------------------------------------------------------------------------------------------------------------------------------------------------------------------------+
; Slow 1200mV 85C Model Minimum Pulse Width: 'KPTastature:inst11|KeyFetch:inst|Debouncer:inst39|inst1'                                                                         ;
+--------+--------------+----------------+------------------+---------------------------------------------------------+------------+-------------------------------------------+
; Slack  ; Actual Width ; Required Width ; Type             ; Clock                                                   ; Clock Edge ; Target                                    ;
+--------+--------------+----------------+------------------+---------------------------------------------------------+------------+-------------------------------------------+
; -1.000 ; 1.000        ; 2.000          ; Min Period       ; KPTastature:inst11|KeyFetch:inst|Debouncer:inst39|inst1 ; Rise       ; KPTastature:inst11|KeyFetch:inst|inst     ;
; -1.000 ; 1.000        ; 2.000          ; Min Period       ; KPTastature:inst11|KeyFetch:inst|Debouncer:inst39|inst1 ; Rise       ; KPTastature:inst11|KeyFetch:inst|inst1    ;
; -1.000 ; 1.000        ; 2.000          ; Min Period       ; KPTastature:inst11|KeyFetch:inst|Debouncer:inst39|inst1 ; Rise       ; KPTastature:inst11|KeyFetch:inst|inst10   ;
; -1.000 ; 1.000        ; 2.000          ; Min Period       ; KPTastature:inst11|KeyFetch:inst|Debouncer:inst39|inst1 ; Rise       ; KPTastature:inst11|KeyFetch:inst|inst11   ;
; -1.000 ; 1.000        ; 2.000          ; Min Period       ; KPTastature:inst11|KeyFetch:inst|Debouncer:inst39|inst1 ; Rise       ; KPTastature:inst11|KeyFetch:inst|inst12   ;
; -1.000 ; 1.000        ; 2.000          ; Min Period       ; KPTastature:inst11|KeyFetch:inst|Debouncer:inst39|inst1 ; Rise       ; KPTastature:inst11|KeyFetch:inst|inst13   ;
; -1.000 ; 1.000        ; 2.000          ; Min Period       ; KPTastature:inst11|KeyFetch:inst|Debouncer:inst39|inst1 ; Rise       ; KPTastature:inst11|KeyFetch:inst|inst14   ;
; -1.000 ; 1.000        ; 2.000          ; Min Period       ; KPTastature:inst11|KeyFetch:inst|Debouncer:inst39|inst1 ; Rise       ; KPTastature:inst11|KeyFetch:inst|inst15   ;
; -1.000 ; 1.000        ; 2.000          ; Min Period       ; KPTastature:inst11|KeyFetch:inst|Debouncer:inst39|inst1 ; Rise       ; KPTastature:inst11|KeyFetch:inst|inst16   ;
; -1.000 ; 1.000        ; 2.000          ; Min Period       ; KPTastature:inst11|KeyFetch:inst|Debouncer:inst39|inst1 ; Rise       ; KPTastature:inst11|KeyFetch:inst|inst17   ;
; -1.000 ; 1.000        ; 2.000          ; Min Period       ; KPTastature:inst11|KeyFetch:inst|Debouncer:inst39|inst1 ; Rise       ; KPTastature:inst11|KeyFetch:inst|inst18   ;
; -1.000 ; 1.000        ; 2.000          ; Min Period       ; KPTastature:inst11|KeyFetch:inst|Debouncer:inst39|inst1 ; Rise       ; KPTastature:inst11|KeyFetch:inst|inst19   ;
; -1.000 ; 1.000        ; 2.000          ; Min Period       ; KPTastature:inst11|KeyFetch:inst|Debouncer:inst39|inst1 ; Rise       ; KPTastature:inst11|KeyFetch:inst|inst2    ;
; -1.000 ; 1.000        ; 2.000          ; Min Period       ; KPTastature:inst11|KeyFetch:inst|Debouncer:inst39|inst1 ; Rise       ; KPTastature:inst11|KeyFetch:inst|inst3    ;
; -1.000 ; 1.000        ; 2.000          ; Min Period       ; KPTastature:inst11|KeyFetch:inst|Debouncer:inst39|inst1 ; Rise       ; KPTastature:inst11|KeyFetch:inst|inst4    ;
; -1.000 ; 1.000        ; 2.000          ; Min Period       ; KPTastature:inst11|KeyFetch:inst|Debouncer:inst39|inst1 ; Rise       ; KPTastature:inst11|KeyFetch:inst|inst5    ;
; -1.000 ; 1.000        ; 2.000          ; Min Period       ; KPTastature:inst11|KeyFetch:inst|Debouncer:inst39|inst1 ; Rise       ; KPTastature:inst11|KeyFetch:inst|inst6    ;
; -1.000 ; 1.000        ; 2.000          ; Min Period       ; KPTastature:inst11|KeyFetch:inst|Debouncer:inst39|inst1 ; Rise       ; KPTastature:inst11|KeyFetch:inst|inst7    ;
; -1.000 ; 1.000        ; 2.000          ; Min Period       ; KPTastature:inst11|KeyFetch:inst|Debouncer:inst39|inst1 ; Rise       ; KPTastature:inst11|KeyFetch:inst|inst8    ;
; 0.278  ; 0.462        ; 0.184          ; Low Pulse Width  ; KPTastature:inst11|KeyFetch:inst|Debouncer:inst39|inst1 ; Rise       ; KPTastature:inst11|KeyFetch:inst|inst     ;
; 0.278  ; 0.462        ; 0.184          ; Low Pulse Width  ; KPTastature:inst11|KeyFetch:inst|Debouncer:inst39|inst1 ; Rise       ; KPTastature:inst11|KeyFetch:inst|inst1    ;
; 0.278  ; 0.462        ; 0.184          ; Low Pulse Width  ; KPTastature:inst11|KeyFetch:inst|Debouncer:inst39|inst1 ; Rise       ; KPTastature:inst11|KeyFetch:inst|inst10   ;
; 0.278  ; 0.462        ; 0.184          ; Low Pulse Width  ; KPTastature:inst11|KeyFetch:inst|Debouncer:inst39|inst1 ; Rise       ; KPTastature:inst11|KeyFetch:inst|inst11   ;
; 0.278  ; 0.462        ; 0.184          ; Low Pulse Width  ; KPTastature:inst11|KeyFetch:inst|Debouncer:inst39|inst1 ; Rise       ; KPTastature:inst11|KeyFetch:inst|inst12   ;
; 0.278  ; 0.462        ; 0.184          ; Low Pulse Width  ; KPTastature:inst11|KeyFetch:inst|Debouncer:inst39|inst1 ; Rise       ; KPTastature:inst11|KeyFetch:inst|inst13   ;
; 0.278  ; 0.462        ; 0.184          ; Low Pulse Width  ; KPTastature:inst11|KeyFetch:inst|Debouncer:inst39|inst1 ; Rise       ; KPTastature:inst11|KeyFetch:inst|inst14   ;
; 0.278  ; 0.462        ; 0.184          ; Low Pulse Width  ; KPTastature:inst11|KeyFetch:inst|Debouncer:inst39|inst1 ; Rise       ; KPTastature:inst11|KeyFetch:inst|inst15   ;
; 0.278  ; 0.462        ; 0.184          ; Low Pulse Width  ; KPTastature:inst11|KeyFetch:inst|Debouncer:inst39|inst1 ; Rise       ; KPTastature:inst11|KeyFetch:inst|inst16   ;
; 0.278  ; 0.462        ; 0.184          ; Low Pulse Width  ; KPTastature:inst11|KeyFetch:inst|Debouncer:inst39|inst1 ; Rise       ; KPTastature:inst11|KeyFetch:inst|inst17   ;
; 0.278  ; 0.462        ; 0.184          ; Low Pulse Width  ; KPTastature:inst11|KeyFetch:inst|Debouncer:inst39|inst1 ; Rise       ; KPTastature:inst11|KeyFetch:inst|inst18   ;
; 0.278  ; 0.462        ; 0.184          ; Low Pulse Width  ; KPTastature:inst11|KeyFetch:inst|Debouncer:inst39|inst1 ; Rise       ; KPTastature:inst11|KeyFetch:inst|inst2    ;
; 0.278  ; 0.462        ; 0.184          ; Low Pulse Width  ; KPTastature:inst11|KeyFetch:inst|Debouncer:inst39|inst1 ; Rise       ; KPTastature:inst11|KeyFetch:inst|inst3    ;
; 0.278  ; 0.462        ; 0.184          ; Low Pulse Width  ; KPTastature:inst11|KeyFetch:inst|Debouncer:inst39|inst1 ; Rise       ; KPTastature:inst11|KeyFetch:inst|inst4    ;
; 0.278  ; 0.462        ; 0.184          ; Low Pulse Width  ; KPTastature:inst11|KeyFetch:inst|Debouncer:inst39|inst1 ; Rise       ; KPTastature:inst11|KeyFetch:inst|inst5    ;
; 0.278  ; 0.462        ; 0.184          ; Low Pulse Width  ; KPTastature:inst11|KeyFetch:inst|Debouncer:inst39|inst1 ; Rise       ; KPTastature:inst11|KeyFetch:inst|inst6    ;
; 0.278  ; 0.462        ; 0.184          ; Low Pulse Width  ; KPTastature:inst11|KeyFetch:inst|Debouncer:inst39|inst1 ; Rise       ; KPTastature:inst11|KeyFetch:inst|inst7    ;
; 0.278  ; 0.462        ; 0.184          ; Low Pulse Width  ; KPTastature:inst11|KeyFetch:inst|Debouncer:inst39|inst1 ; Rise       ; KPTastature:inst11|KeyFetch:inst|inst8    ;
; 0.279  ; 0.463        ; 0.184          ; Low Pulse Width  ; KPTastature:inst11|KeyFetch:inst|Debouncer:inst39|inst1 ; Rise       ; KPTastature:inst11|KeyFetch:inst|inst19   ;
; 0.318  ; 0.534        ; 0.216          ; High Pulse Width ; KPTastature:inst11|KeyFetch:inst|Debouncer:inst39|inst1 ; Rise       ; KPTastature:inst11|KeyFetch:inst|inst     ;
; 0.318  ; 0.534        ; 0.216          ; High Pulse Width ; KPTastature:inst11|KeyFetch:inst|Debouncer:inst39|inst1 ; Rise       ; KPTastature:inst11|KeyFetch:inst|inst1    ;
; 0.318  ; 0.534        ; 0.216          ; High Pulse Width ; KPTastature:inst11|KeyFetch:inst|Debouncer:inst39|inst1 ; Rise       ; KPTastature:inst11|KeyFetch:inst|inst10   ;
; 0.318  ; 0.534        ; 0.216          ; High Pulse Width ; KPTastature:inst11|KeyFetch:inst|Debouncer:inst39|inst1 ; Rise       ; KPTastature:inst11|KeyFetch:inst|inst11   ;
; 0.318  ; 0.534        ; 0.216          ; High Pulse Width ; KPTastature:inst11|KeyFetch:inst|Debouncer:inst39|inst1 ; Rise       ; KPTastature:inst11|KeyFetch:inst|inst12   ;
; 0.318  ; 0.534        ; 0.216          ; High Pulse Width ; KPTastature:inst11|KeyFetch:inst|Debouncer:inst39|inst1 ; Rise       ; KPTastature:inst11|KeyFetch:inst|inst13   ;
; 0.318  ; 0.534        ; 0.216          ; High Pulse Width ; KPTastature:inst11|KeyFetch:inst|Debouncer:inst39|inst1 ; Rise       ; KPTastature:inst11|KeyFetch:inst|inst14   ;
; 0.318  ; 0.534        ; 0.216          ; High Pulse Width ; KPTastature:inst11|KeyFetch:inst|Debouncer:inst39|inst1 ; Rise       ; KPTastature:inst11|KeyFetch:inst|inst15   ;
; 0.318  ; 0.534        ; 0.216          ; High Pulse Width ; KPTastature:inst11|KeyFetch:inst|Debouncer:inst39|inst1 ; Rise       ; KPTastature:inst11|KeyFetch:inst|inst16   ;
; 0.318  ; 0.534        ; 0.216          ; High Pulse Width ; KPTastature:inst11|KeyFetch:inst|Debouncer:inst39|inst1 ; Rise       ; KPTastature:inst11|KeyFetch:inst|inst17   ;
; 0.318  ; 0.534        ; 0.216          ; High Pulse Width ; KPTastature:inst11|KeyFetch:inst|Debouncer:inst39|inst1 ; Rise       ; KPTastature:inst11|KeyFetch:inst|inst18   ;
; 0.318  ; 0.534        ; 0.216          ; High Pulse Width ; KPTastature:inst11|KeyFetch:inst|Debouncer:inst39|inst1 ; Rise       ; KPTastature:inst11|KeyFetch:inst|inst19   ;
; 0.318  ; 0.534        ; 0.216          ; High Pulse Width ; KPTastature:inst11|KeyFetch:inst|Debouncer:inst39|inst1 ; Rise       ; KPTastature:inst11|KeyFetch:inst|inst2    ;
; 0.318  ; 0.534        ; 0.216          ; High Pulse Width ; KPTastature:inst11|KeyFetch:inst|Debouncer:inst39|inst1 ; Rise       ; KPTastature:inst11|KeyFetch:inst|inst3    ;
; 0.318  ; 0.534        ; 0.216          ; High Pulse Width ; KPTastature:inst11|KeyFetch:inst|Debouncer:inst39|inst1 ; Rise       ; KPTastature:inst11|KeyFetch:inst|inst4    ;
; 0.318  ; 0.534        ; 0.216          ; High Pulse Width ; KPTastature:inst11|KeyFetch:inst|Debouncer:inst39|inst1 ; Rise       ; KPTastature:inst11|KeyFetch:inst|inst5    ;
; 0.318  ; 0.534        ; 0.216          ; High Pulse Width ; KPTastature:inst11|KeyFetch:inst|Debouncer:inst39|inst1 ; Rise       ; KPTastature:inst11|KeyFetch:inst|inst6    ;
; 0.318  ; 0.534        ; 0.216          ; High Pulse Width ; KPTastature:inst11|KeyFetch:inst|Debouncer:inst39|inst1 ; Rise       ; KPTastature:inst11|KeyFetch:inst|inst7    ;
; 0.318  ; 0.534        ; 0.216          ; High Pulse Width ; KPTastature:inst11|KeyFetch:inst|Debouncer:inst39|inst1 ; Rise       ; KPTastature:inst11|KeyFetch:inst|inst8    ;
; 0.440  ; 0.440        ; 0.000          ; Low Pulse Width  ; KPTastature:inst11|KeyFetch:inst|Debouncer:inst39|inst1 ; Rise       ; inst11|inst|inst10|clk                    ;
; 0.440  ; 0.440        ; 0.000          ; Low Pulse Width  ; KPTastature:inst11|KeyFetch:inst|Debouncer:inst39|inst1 ; Rise       ; inst11|inst|inst11|clk                    ;
; 0.440  ; 0.440        ; 0.000          ; Low Pulse Width  ; KPTastature:inst11|KeyFetch:inst|Debouncer:inst39|inst1 ; Rise       ; inst11|inst|inst12|clk                    ;
; 0.440  ; 0.440        ; 0.000          ; Low Pulse Width  ; KPTastature:inst11|KeyFetch:inst|Debouncer:inst39|inst1 ; Rise       ; inst11|inst|inst13|clk                    ;
; 0.440  ; 0.440        ; 0.000          ; Low Pulse Width  ; KPTastature:inst11|KeyFetch:inst|Debouncer:inst39|inst1 ; Rise       ; inst11|inst|inst14|clk                    ;
; 0.440  ; 0.440        ; 0.000          ; Low Pulse Width  ; KPTastature:inst11|KeyFetch:inst|Debouncer:inst39|inst1 ; Rise       ; inst11|inst|inst15|clk                    ;
; 0.440  ; 0.440        ; 0.000          ; Low Pulse Width  ; KPTastature:inst11|KeyFetch:inst|Debouncer:inst39|inst1 ; Rise       ; inst11|inst|inst16|clk                    ;
; 0.440  ; 0.440        ; 0.000          ; Low Pulse Width  ; KPTastature:inst11|KeyFetch:inst|Debouncer:inst39|inst1 ; Rise       ; inst11|inst|inst17|clk                    ;
; 0.440  ; 0.440        ; 0.000          ; Low Pulse Width  ; KPTastature:inst11|KeyFetch:inst|Debouncer:inst39|inst1 ; Rise       ; inst11|inst|inst18|clk                    ;
; 0.440  ; 0.440        ; 0.000          ; Low Pulse Width  ; KPTastature:inst11|KeyFetch:inst|Debouncer:inst39|inst1 ; Rise       ; inst11|inst|inst1|clk                     ;
; 0.440  ; 0.440        ; 0.000          ; Low Pulse Width  ; KPTastature:inst11|KeyFetch:inst|Debouncer:inst39|inst1 ; Rise       ; inst11|inst|inst2|clk                     ;
; 0.440  ; 0.440        ; 0.000          ; Low Pulse Width  ; KPTastature:inst11|KeyFetch:inst|Debouncer:inst39|inst1 ; Rise       ; inst11|inst|inst3|clk                     ;
; 0.440  ; 0.440        ; 0.000          ; Low Pulse Width  ; KPTastature:inst11|KeyFetch:inst|Debouncer:inst39|inst1 ; Rise       ; inst11|inst|inst4|clk                     ;
; 0.440  ; 0.440        ; 0.000          ; Low Pulse Width  ; KPTastature:inst11|KeyFetch:inst|Debouncer:inst39|inst1 ; Rise       ; inst11|inst|inst5|clk                     ;
; 0.440  ; 0.440        ; 0.000          ; Low Pulse Width  ; KPTastature:inst11|KeyFetch:inst|Debouncer:inst39|inst1 ; Rise       ; inst11|inst|inst6|clk                     ;
; 0.440  ; 0.440        ; 0.000          ; Low Pulse Width  ; KPTastature:inst11|KeyFetch:inst|Debouncer:inst39|inst1 ; Rise       ; inst11|inst|inst7|clk                     ;
; 0.440  ; 0.440        ; 0.000          ; Low Pulse Width  ; KPTastature:inst11|KeyFetch:inst|Debouncer:inst39|inst1 ; Rise       ; inst11|inst|inst8|clk                     ;
; 0.440  ; 0.440        ; 0.000          ; Low Pulse Width  ; KPTastature:inst11|KeyFetch:inst|Debouncer:inst39|inst1 ; Rise       ; inst11|inst|inst|clk                      ;
; 0.441  ; 0.441        ; 0.000          ; Low Pulse Width  ; KPTastature:inst11|KeyFetch:inst|Debouncer:inst39|inst1 ; Rise       ; inst11|inst|inst19|clk                    ;
; 0.449  ; 0.449        ; 0.000          ; Low Pulse Width  ; KPTastature:inst11|KeyFetch:inst|Debouncer:inst39|inst1 ; Rise       ; inst11|inst|inst39|inst1~clkctrl|inclk[0] ;
; 0.449  ; 0.449        ; 0.000          ; Low Pulse Width  ; KPTastature:inst11|KeyFetch:inst|Debouncer:inst39|inst1 ; Rise       ; inst11|inst|inst39|inst1~clkctrl|outclk   ;
; 0.500  ; 0.500        ; 0.000          ; High Pulse Width ; KPTastature:inst11|KeyFetch:inst|Debouncer:inst39|inst1 ; Rise       ; inst11|inst|inst39|inst1|q                ;
; 0.500  ; 0.500        ; 0.000          ; Low Pulse Width  ; KPTastature:inst11|KeyFetch:inst|Debouncer:inst39|inst1 ; Rise       ; inst11|inst|inst39|inst1|q                ;
; 0.550  ; 0.550        ; 0.000          ; High Pulse Width ; KPTastature:inst11|KeyFetch:inst|Debouncer:inst39|inst1 ; Rise       ; inst11|inst|inst39|inst1~clkctrl|inclk[0] ;
; 0.550  ; 0.550        ; 0.000          ; High Pulse Width ; KPTastature:inst11|KeyFetch:inst|Debouncer:inst39|inst1 ; Rise       ; inst11|inst|inst39|inst1~clkctrl|outclk   ;
; 0.558  ; 0.558        ; 0.000          ; High Pulse Width ; KPTastature:inst11|KeyFetch:inst|Debouncer:inst39|inst1 ; Rise       ; inst11|inst|inst10|clk                    ;
; 0.558  ; 0.558        ; 0.000          ; High Pulse Width ; KPTastature:inst11|KeyFetch:inst|Debouncer:inst39|inst1 ; Rise       ; inst11|inst|inst11|clk                    ;
; 0.558  ; 0.558        ; 0.000          ; High Pulse Width ; KPTastature:inst11|KeyFetch:inst|Debouncer:inst39|inst1 ; Rise       ; inst11|inst|inst12|clk                    ;
; 0.558  ; 0.558        ; 0.000          ; High Pulse Width ; KPTastature:inst11|KeyFetch:inst|Debouncer:inst39|inst1 ; Rise       ; inst11|inst|inst13|clk                    ;
; 0.558  ; 0.558        ; 0.000          ; High Pulse Width ; KPTastature:inst11|KeyFetch:inst|Debouncer:inst39|inst1 ; Rise       ; inst11|inst|inst14|clk                    ;
; 0.558  ; 0.558        ; 0.000          ; High Pulse Width ; KPTastature:inst11|KeyFetch:inst|Debouncer:inst39|inst1 ; Rise       ; inst11|inst|inst15|clk                    ;
; 0.558  ; 0.558        ; 0.000          ; High Pulse Width ; KPTastature:inst11|KeyFetch:inst|Debouncer:inst39|inst1 ; Rise       ; inst11|inst|inst16|clk                    ;
; 0.558  ; 0.558        ; 0.000          ; High Pulse Width ; KPTastature:inst11|KeyFetch:inst|Debouncer:inst39|inst1 ; Rise       ; inst11|inst|inst17|clk                    ;
; 0.558  ; 0.558        ; 0.000          ; High Pulse Width ; KPTastature:inst11|KeyFetch:inst|Debouncer:inst39|inst1 ; Rise       ; inst11|inst|inst18|clk                    ;
; 0.558  ; 0.558        ; 0.000          ; High Pulse Width ; KPTastature:inst11|KeyFetch:inst|Debouncer:inst39|inst1 ; Rise       ; inst11|inst|inst19|clk                    ;
; 0.558  ; 0.558        ; 0.000          ; High Pulse Width ; KPTastature:inst11|KeyFetch:inst|Debouncer:inst39|inst1 ; Rise       ; inst11|inst|inst1|clk                     ;
; 0.558  ; 0.558        ; 0.000          ; High Pulse Width ; KPTastature:inst11|KeyFetch:inst|Debouncer:inst39|inst1 ; Rise       ; inst11|inst|inst2|clk                     ;
; 0.558  ; 0.558        ; 0.000          ; High Pulse Width ; KPTastature:inst11|KeyFetch:inst|Debouncer:inst39|inst1 ; Rise       ; inst11|inst|inst3|clk                     ;
; 0.558  ; 0.558        ; 0.000          ; High Pulse Width ; KPTastature:inst11|KeyFetch:inst|Debouncer:inst39|inst1 ; Rise       ; inst11|inst|inst4|clk                     ;
; 0.558  ; 0.558        ; 0.000          ; High Pulse Width ; KPTastature:inst11|KeyFetch:inst|Debouncer:inst39|inst1 ; Rise       ; inst11|inst|inst5|clk                     ;
; 0.558  ; 0.558        ; 0.000          ; High Pulse Width ; KPTastature:inst11|KeyFetch:inst|Debouncer:inst39|inst1 ; Rise       ; inst11|inst|inst6|clk                     ;
; 0.558  ; 0.558        ; 0.000          ; High Pulse Width ; KPTastature:inst11|KeyFetch:inst|Debouncer:inst39|inst1 ; Rise       ; inst11|inst|inst7|clk                     ;
; 0.558  ; 0.558        ; 0.000          ; High Pulse Width ; KPTastature:inst11|KeyFetch:inst|Debouncer:inst39|inst1 ; Rise       ; inst11|inst|inst8|clk                     ;
+--------+--------------+----------------+------------------+---------------------------------------------------------+------------+-------------------------------------------+


+--------------------------------------------------------------------------------------------------------------------------------------------------------------+
; Setup Times                                                                                                                                                  ;
+-----------+---------------------------------------------------------+--------+--------+------------+---------------------------------------------------------+
; Data Port ; Clock Port                                              ; Rise   ; Fall   ; Clock Edge ; Clock Reference                                         ;
+-----------+---------------------------------------------------------+--------+--------+------------+---------------------------------------------------------+
; PS2_CLK   ; CLK                                                     ; 2.391  ; 2.953  ; Rise       ; CLK                                                     ;
; SW0       ; CLK                                                     ; 9.849  ; 10.485 ; Rise       ; CLK                                                     ;
; SW1       ; CLK                                                     ; 9.948  ; 10.604 ; Rise       ; CLK                                                     ;
; SW2       ; CLK                                                     ; 10.484 ; 10.950 ; Rise       ; CLK                                                     ;
; SW3       ; CLK                                                     ; 10.674 ; 11.297 ; Rise       ; CLK                                                     ;
; SW4       ; CLK                                                     ; 10.303 ; 10.942 ; Rise       ; CLK                                                     ;
; PS2_DATA  ; KPTastature:inst11|KeyFetch:inst|Debouncer:inst39|inst1 ; 3.313  ; 3.774  ; Rise       ; KPTastature:inst11|KeyFetch:inst|Debouncer:inst39|inst1 ;
+-----------+---------------------------------------------------------+--------+--------+------------+---------------------------------------------------------+


+--------------------------------------------------------------------------------------------------------------------------------------------------------------+
; Hold Times                                                                                                                                                   ;
+-----------+---------------------------------------------------------+--------+--------+------------+---------------------------------------------------------+
; Data Port ; Clock Port                                              ; Rise   ; Fall   ; Clock Edge ; Clock Reference                                         ;
+-----------+---------------------------------------------------------+--------+--------+------------+---------------------------------------------------------+
; PS2_CLK   ; CLK                                                     ; -1.418 ; -1.905 ; Rise       ; CLK                                                     ;
; SW0       ; CLK                                                     ; -3.407 ; -3.897 ; Rise       ; CLK                                                     ;
; SW1       ; CLK                                                     ; -3.182 ; -3.682 ; Rise       ; CLK                                                     ;
; SW2       ; CLK                                                     ; -3.258 ; -3.774 ; Rise       ; CLK                                                     ;
; SW3       ; CLK                                                     ; -3.456 ; -3.912 ; Rise       ; CLK                                                     ;
; SW4       ; CLK                                                     ; -2.807 ; -3.300 ; Rise       ; CLK                                                     ;
; PS2_DATA  ; KPTastature:inst11|KeyFetch:inst|Debouncer:inst39|inst1 ; -2.290 ; -2.753 ; Rise       ; KPTastature:inst11|KeyFetch:inst|Debouncer:inst39|inst1 ;
+-----------+---------------------------------------------------------+--------+--------+------------+---------------------------------------------------------+


+-------------------------------------------------------------------------+
; Clock to Output Times                                                   ;
+-----------+------------+--------+--------+------------+-----------------+
; Data Port ; Clock Port ; Rise   ; Fall   ; Clock Edge ; Clock Reference ;
+-----------+------------+--------+--------+------------+-----------------+
; BLUE[*]   ; CLK        ; 11.745 ; 11.860 ; Rise       ; CLK             ;
;  BLUE[0]  ; CLK        ; 11.745 ; 11.860 ; Rise       ; CLK             ;
;  BLUE[1]  ; CLK        ; 11.183 ; 11.171 ; Rise       ; CLK             ;
;  BLUE[2]  ; CLK        ; 11.084 ; 11.123 ; Rise       ; CLK             ;
;  BLUE[3]  ; CLK        ; 11.278 ; 11.227 ; Rise       ; CLK             ;
; GREEN[*]  ; CLK        ; 11.455 ; 11.434 ; Rise       ; CLK             ;
;  GREEN[0] ; CLK        ; 11.455 ; 11.434 ; Rise       ; CLK             ;
;  GREEN[1] ; CLK        ; 10.994 ; 11.007 ; Rise       ; CLK             ;
;  GREEN[2] ; CLK        ; 10.750 ; 10.719 ; Rise       ; CLK             ;
;  GREEN[3] ; CLK        ; 10.840 ; 10.870 ; Rise       ; CLK             ;
; HEX0      ; CLK        ; 5.892  ; 5.882  ; Rise       ; CLK             ;
; HEX1      ; CLK        ; 5.782  ; 5.770  ; Rise       ; CLK             ;
; HEX2      ; CLK        ; 5.468  ; 5.463  ; Rise       ; CLK             ;
; HEX3      ; CLK        ; 5.482  ; 5.475  ; Rise       ; CLK             ;
; HEX4      ; CLK        ; 5.498  ; 5.475  ; Rise       ; CLK             ;
; HEX5      ; CLK        ; 5.465  ; 5.461  ; Rise       ; CLK             ;
; HEX6      ; CLK        ; 5.457  ; 5.451  ; Rise       ; CLK             ;
; HEX7      ; CLK        ; 5.311  ; 5.330  ; Rise       ; CLK             ;
; HEX8      ; CLK        ; 5.321  ; 5.341  ; Rise       ; CLK             ;
; HEX9      ; CLK        ; 5.294  ; 5.289  ; Rise       ; CLK             ;
; HEX10     ; CLK        ; 5.320  ; 5.328  ; Rise       ; CLK             ;
; HEX11     ; CLK        ; 5.301  ; 5.311  ; Rise       ; CLK             ;
; HEX12     ; CLK        ; 5.760  ; 5.740  ; Rise       ; CLK             ;
; HEX13     ; CLK        ; 5.594  ; 5.598  ; Rise       ; CLK             ;
; HEX14     ; CLK        ; 5.520  ; 5.511  ; Rise       ; CLK             ;
; HEX15     ; CLK        ; 5.511  ; 5.513  ; Rise       ; CLK             ;
; HEX16     ; CLK        ; 5.834  ; 5.901  ; Rise       ; CLK             ;
; HEX17     ; CLK        ; 5.513  ; 5.516  ; Rise       ; CLK             ;
; HEX18     ; CLK        ; 5.553  ; 5.562  ; Rise       ; CLK             ;
; HEX19     ; CLK        ; 5.543  ; 5.545  ; Rise       ; CLK             ;
; HEX20     ; CLK        ; 5.912  ; 5.894  ; Rise       ; CLK             ;
; HEX21     ; CLK        ; 5.560  ; 5.531  ; Rise       ; CLK             ;
; HEX22     ; CLK        ; 5.719  ; 5.722  ; Rise       ; CLK             ;
; HEX23     ; CLK        ; 5.555  ; 5.563  ; Rise       ; CLK             ;
; HEX24     ; CLK        ; 5.596  ; 5.589  ; Rise       ; CLK             ;
; HEX25     ; CLK        ; 5.718  ; 5.699  ; Rise       ; CLK             ;
; HEX26     ; CLK        ; 5.778  ; 5.764  ; Rise       ; CLK             ;
; HEX27     ; CLK        ; 5.927  ; 5.872  ; Rise       ; CLK             ;
; HS        ; CLK        ; 8.090  ; 8.056  ; Rise       ; CLK             ;
; RED[*]    ; CLK        ; 11.271 ; 11.216 ; Rise       ; CLK             ;
;  RED[0]   ; CLK        ; 10.754 ; 10.710 ; Rise       ; CLK             ;
;  RED[1]   ; CLK        ; 11.194 ; 11.216 ; Rise       ; CLK             ;
;  RED[2]   ; CLK        ; 10.934 ; 10.928 ; Rise       ; CLK             ;
;  RED[3]   ; CLK        ; 11.271 ; 11.209 ; Rise       ; CLK             ;
; VS        ; CLK        ; 8.024  ; 8.021  ; Rise       ; CLK             ;
+-----------+------------+--------+--------+------------+-----------------+


+-----------------------------------------------------------------------+
; Minimum Clock to Output Times                                         ;
+-----------+------------+-------+-------+------------+-----------------+
; Data Port ; Clock Port ; Rise  ; Fall  ; Clock Edge ; Clock Reference ;
+-----------+------------+-------+-------+------------+-----------------+
; BLUE[*]   ; CLK        ; 6.509 ; 6.511 ; Rise       ; CLK             ;
;  BLUE[0]  ; CLK        ; 7.438 ; 7.559 ; Rise       ; CLK             ;
;  BLUE[1]  ; CLK        ; 6.553 ; 6.539 ; Rise       ; CLK             ;
;  BLUE[2]  ; CLK        ; 6.509 ; 6.511 ; Rise       ; CLK             ;
;  BLUE[3]  ; CLK        ; 6.646 ; 6.592 ; Rise       ; CLK             ;
; GREEN[*]  ; CLK        ; 6.389 ; 6.350 ; Rise       ; CLK             ;
;  GREEN[0] ; CLK        ; 6.846 ; 6.832 ; Rise       ; CLK             ;
;  GREEN[1] ; CLK        ; 6.401 ; 6.375 ; Rise       ; CLK             ;
;  GREEN[2] ; CLK        ; 6.389 ; 6.350 ; Rise       ; CLK             ;
;  GREEN[3] ; CLK        ; 6.406 ; 6.465 ; Rise       ; CLK             ;
; HEX0      ; CLK        ; 5.759 ; 5.749 ; Rise       ; CLK             ;
; HEX1      ; CLK        ; 5.654 ; 5.641 ; Rise       ; CLK             ;
; HEX2      ; CLK        ; 5.353 ; 5.346 ; Rise       ; CLK             ;
; HEX3      ; CLK        ; 5.366 ; 5.358 ; Rise       ; CLK             ;
; HEX4      ; CLK        ; 5.382 ; 5.358 ; Rise       ; CLK             ;
; HEX5      ; CLK        ; 5.350 ; 5.344 ; Rise       ; CLK             ;
; HEX6      ; CLK        ; 5.342 ; 5.334 ; Rise       ; CLK             ;
; HEX7      ; CLK        ; 5.203 ; 5.220 ; Rise       ; CLK             ;
; HEX8      ; CLK        ; 5.213 ; 5.230 ; Rise       ; CLK             ;
; HEX9      ; CLK        ; 5.186 ; 5.180 ; Rise       ; CLK             ;
; HEX10     ; CLK        ; 5.212 ; 5.218 ; Rise       ; CLK             ;
; HEX11     ; CLK        ; 5.194 ; 5.201 ; Rise       ; CLK             ;
; HEX12     ; CLK        ; 5.634 ; 5.612 ; Rise       ; CLK             ;
; HEX13     ; CLK        ; 5.476 ; 5.477 ; Rise       ; CLK             ;
; HEX14     ; CLK        ; 5.403 ; 5.392 ; Rise       ; CLK             ;
; HEX15     ; CLK        ; 5.395 ; 5.395 ; Rise       ; CLK             ;
; HEX16     ; CLK        ; 5.705 ; 5.767 ; Rise       ; CLK             ;
; HEX17     ; CLK        ; 5.396 ; 5.397 ; Rise       ; CLK             ;
; HEX18     ; CLK        ; 5.436 ; 5.443 ; Rise       ; CLK             ;
; HEX19     ; CLK        ; 5.426 ; 5.426 ; Rise       ; CLK             ;
; HEX20     ; CLK        ; 5.780 ; 5.760 ; Rise       ; CLK             ;
; HEX21     ; CLK        ; 5.444 ; 5.414 ; Rise       ; CLK             ;
; HEX22     ; CLK        ; 5.594 ; 5.595 ; Rise       ; CLK             ;
; HEX23     ; CLK        ; 5.439 ; 5.444 ; Rise       ; CLK             ;
; HEX24     ; CLK        ; 5.477 ; 5.469 ; Rise       ; CLK             ;
; HEX25     ; CLK        ; 5.594 ; 5.573 ; Rise       ; CLK             ;
; HEX26     ; CLK        ; 5.652 ; 5.636 ; Rise       ; CLK             ;
; HEX27     ; CLK        ; 5.794 ; 5.739 ; Rise       ; CLK             ;
; HS        ; CLK        ; 6.459 ; 6.556 ; Rise       ; CLK             ;
; RED[*]    ; CLK        ; 6.178 ; 6.140 ; Rise       ; CLK             ;
;  RED[0]   ; CLK        ; 6.178 ; 6.140 ; Rise       ; CLK             ;
;  RED[1]   ; CLK        ; 6.588 ; 6.572 ; Rise       ; CLK             ;
;  RED[2]   ; CLK        ; 6.342 ; 6.341 ; Rise       ; CLK             ;
;  RED[3]   ; CLK        ; 6.748 ; 6.624 ; Rise       ; CLK             ;
; VS        ; CLK        ; 5.879 ; 5.895 ; Rise       ; CLK             ;
+-----------+------------+-------+-------+------------+-----------------+


----------------------------------------------
; Slow 1200mV 85C Model Metastability Report ;
----------------------------------------------
No synchronizer chains to report.


+-----------------------------------------------------------------------------------------------------------------------------------------+
; Slow 1200mV 0C Model Fmax Summary                                                                                                       ;
+------------+-----------------+---------------------------------------------------------+------------------------------------------------+
; Fmax       ; Restricted Fmax ; Clock Name                                              ; Note                                           ;
+------------+-----------------+---------------------------------------------------------+------------------------------------------------+
; 59.56 MHz  ; 59.56 MHz       ; CLK                                                     ;                                                ;
; 699.79 MHz ; 500.0 MHz       ; KPTastature:inst11|KeyFetch:inst|Debouncer:inst39|inst1 ; limit due to minimum period restriction (tmin) ;
+------------+-----------------+---------------------------------------------------------+------------------------------------------------+
This panel reports FMAX for every clock in the design, regardless of the user-specified clock periods.  FMAX is only computed for paths where the source and destination registers or ports are driven by the same clock.  Paths of different clocks, including generated clocks, are ignored.  For paths between a clock and its inversion, FMAX is computed as if the rising and falling edges are scaled along with FMAX, such that the duty cycle (in terms of a percentage) is maintained. Altera recommends that you always use clock constraints and other slack reports for sign-off analysis.


+-----------------------------------------------------------------------------------+
; Slow 1200mV 0C Model Setup Summary                                                ;
+---------------------------------------------------------+---------+---------------+
; Clock                                                   ; Slack   ; End Point TNS ;
+---------------------------------------------------------+---------+---------------+
; CLK                                                     ; -15.790 ; -18942.393    ;
; KPTastature:inst11|KeyFetch:inst|Debouncer:inst39|inst1 ; -0.429  ; -0.576        ;
+---------------------------------------------------------+---------+---------------+


+---------------------------------------------------------------------------------+
; Slow 1200mV 0C Model Hold Summary                                               ;
+---------------------------------------------------------+-------+---------------+
; Clock                                                   ; Slack ; End Point TNS ;
+---------------------------------------------------------+-------+---------------+
; CLK                                                     ; 0.289 ; 0.000         ;
; KPTastature:inst11|KeyFetch:inst|Debouncer:inst39|inst1 ; 0.343 ; 0.000         ;
+---------------------------------------------------------+-------+---------------+


+---------------------------------------+
; Slow 1200mV 0C Model Recovery Summary ;
+-------+--------+----------------------+
; Clock ; Slack  ; End Point TNS        ;
+-------+--------+----------------------+
; CLK   ; -0.175 ; -0.175               ;
+-------+--------+----------------------+


+--------------------------------------+
; Slow 1200mV 0C Model Removal Summary ;
+-------+-------+----------------------+
; Clock ; Slack ; End Point TNS        ;
+-------+-------+----------------------+
; CLK   ; 0.768 ; 0.000                ;
+-------+-------+----------------------+


+----------------------------------------------------------------------------------+
; Slow 1200mV 0C Model Minimum Pulse Width Summary                                 ;
+---------------------------------------------------------+--------+---------------+
; Clock                                                   ; Slack  ; End Point TNS ;
+---------------------------------------------------------+--------+---------------+
; CLK                                                     ; -3.000 ; -2072.968     ;
; KPTastature:inst11|KeyFetch:inst|Debouncer:inst39|inst1 ; -1.000 ; -19.000       ;
+---------------------------------------------------------+--------+---------------+


+-----------------------------------------------------------------------------------------------------------------------------------------------------------------------------------------+
; Slow 1200mV 0C Model Setup: 'CLK'                                                                                                                                                       ;
+---------+----------------------------------------------------+----------------------------------------------------+--------------+-------------+--------------+------------+------------+
; Slack   ; From Node                                          ; To Node                                            ; Launch Clock ; Latch Clock ; Relationship ; Clock Skew ; Data Delay ;
+---------+----------------------------------------------------+----------------------------------------------------+--------------+-------------+--------------+------------+------------+
; -15.790 ; CPU:inst|FetchFaza:inst24|RegisterX:inst2|data[1]  ; CPU:inst|DecodeFaza:inst|RegisterX:inst77|data[9]  ; CLK          ; CLK         ; 1.000        ; -0.053     ; 16.732     ;
; -15.773 ; CPU:inst|FetchFaza:inst24|RegisterX:inst2|data[3]  ; CPU:inst|DecodeFaza:inst|RegisterX:inst77|data[9]  ; CLK          ; CLK         ; 1.000        ; -0.053     ; 16.715     ;
; -15.534 ; CPU:inst|FetchFaza:inst24|RegisterX:inst2|data[2]  ; CPU:inst|DecodeFaza:inst|RegisterX:inst77|data[9]  ; CLK          ; CLK         ; 1.000        ; -0.053     ; 16.476     ;
; -15.525 ; CPU:inst|FetchFaza:inst24|RegisterX:inst2|data[0]  ; CPU:inst|DecodeFaza:inst|RegisterX:inst77|data[9]  ; CLK          ; CLK         ; 1.000        ; -0.053     ; 16.467     ;
; -15.470 ; CPU:inst|FetchFaza:inst24|RegisterX:inst2|data[1]  ; CPU:inst|DecodeFaza:inst|RegisterX:inst77|data[8]  ; CLK          ; CLK         ; 1.000        ; -0.053     ; 16.412     ;
; -15.465 ; CPU:inst|FetchFaza:inst24|RegisterX:inst2|data[1]  ; CPU:inst|DecodeFaza:inst|RegisterX:inst77|data[15] ; CLK          ; CLK         ; 1.000        ; -0.070     ; 16.390     ;
; -15.453 ; CPU:inst|FetchFaza:inst24|RegisterX:inst2|data[3]  ; CPU:inst|DecodeFaza:inst|RegisterX:inst77|data[8]  ; CLK          ; CLK         ; 1.000        ; -0.053     ; 16.395     ;
; -15.448 ; CPU:inst|FetchFaza:inst24|RegisterX:inst2|data[3]  ; CPU:inst|DecodeFaza:inst|RegisterX:inst77|data[15] ; CLK          ; CLK         ; 1.000        ; -0.070     ; 16.373     ;
; -15.391 ; CPU:inst|FetchFaza:inst24|RegisterX:inst2|data[1]  ; CPU:inst|DecodeFaza:inst|RegisterX:inst77|data[17] ; CLK          ; CLK         ; 1.000        ; -0.063     ; 16.323     ;
; -15.379 ; CPU:inst|FetchFaza:inst24|RegisterX:inst2|data[3]  ; CPU:inst|DecodeFaza:inst|RegisterX:inst77|data[17] ; CLK          ; CLK         ; 1.000        ; -0.063     ; 16.311     ;
; -15.363 ; CPU:inst|FetchFaza:inst24|RegisterX:inst2|data[6]  ; CPU:inst|DecodeFaza:inst|RegisterX:inst77|data[9]  ; CLK          ; CLK         ; 1.000        ; -0.053     ; 16.305     ;
; -15.360 ; CPU:inst|FetchFaza:inst24|RegisterX:inst2|data[14] ; CPU:inst|DecodeFaza:inst|RegisterX:inst77|data[9]  ; CLK          ; CLK         ; 1.000        ; -0.045     ; 16.310     ;
; -15.359 ; CPU:inst|FetchFaza:inst24|RegisterX:inst2|data[1]  ; CPU:inst|DecodeFaza:inst|RegisterX:inst77|data[0]  ; CLK          ; CLK         ; 1.000        ; -0.075     ; 16.279     ;
; -15.342 ; CPU:inst|FetchFaza:inst24|RegisterX:inst2|data[3]  ; CPU:inst|DecodeFaza:inst|RegisterX:inst77|data[0]  ; CLK          ; CLK         ; 1.000        ; -0.075     ; 16.262     ;
; -15.338 ; CPU:inst|FetchFaza:inst24|RegisterX:inst2|data[1]  ; CPU:inst|DecodeFaza:inst|RegisterX:inst77|data[23] ; CLK          ; CLK         ; 1.000        ; -0.063     ; 16.270     ;
; -15.321 ; CPU:inst|FetchFaza:inst24|RegisterX:inst2|data[3]  ; CPU:inst|DecodeFaza:inst|RegisterX:inst77|data[23] ; CLK          ; CLK         ; 1.000        ; -0.063     ; 16.253     ;
; -15.269 ; CPU:inst|FetchFaza:inst24|RegisterX:inst2|data[1]  ; CPU:inst|DecodeFaza:inst|RegisterX:inst77|data[10] ; CLK          ; CLK         ; 1.000        ; -0.053     ; 16.211     ;
; -15.264 ; CPU:inst|FetchFaza:inst24|RegisterX:inst2|data[1]  ; CPU:inst|DecodeFaza:inst|RegisterX:inst77|data[4]  ; CLK          ; CLK         ; 1.000        ; -0.076     ; 16.183     ;
; -15.252 ; CPU:inst|FetchFaza:inst24|RegisterX:inst2|data[3]  ; CPU:inst|DecodeFaza:inst|RegisterX:inst77|data[10] ; CLK          ; CLK         ; 1.000        ; -0.053     ; 16.194     ;
; -15.248 ; CPU:inst|FetchFaza:inst24|RegisterX:inst2|data[1]  ; CPU:inst|DecodeFaza:inst|RegisterX:inst77|data[11] ; CLK          ; CLK         ; 1.000        ; -0.076     ; 16.167     ;
; -15.247 ; CPU:inst|FetchFaza:inst24|RegisterX:inst2|data[1]  ; CPU:inst|DecodeFaza:inst|RegisterX:inst77|data[28] ; CLK          ; CLK         ; 1.000        ; -0.062     ; 16.180     ;
; -15.247 ; CPU:inst|FetchFaza:inst24|RegisterX:inst2|data[3]  ; CPU:inst|DecodeFaza:inst|RegisterX:inst77|data[4]  ; CLK          ; CLK         ; 1.000        ; -0.076     ; 16.166     ;
; -15.233 ; CPU:inst|FetchFaza:inst24|RegisterX:inst2|data[1]  ; CPU:inst|DecodeFaza:inst|RegisterX:inst77|data[12] ; CLK          ; CLK         ; 1.000        ; -0.070     ; 16.158     ;
; -15.231 ; CPU:inst|FetchFaza:inst24|RegisterX:inst2|data[3]  ; CPU:inst|DecodeFaza:inst|RegisterX:inst77|data[11] ; CLK          ; CLK         ; 1.000        ; -0.076     ; 16.150     ;
; -15.230 ; CPU:inst|FetchFaza:inst24|RegisterX:inst2|data[3]  ; CPU:inst|DecodeFaza:inst|RegisterX:inst77|data[28] ; CLK          ; CLK         ; 1.000        ; -0.062     ; 16.163     ;
; -15.223 ; CPU:inst|FetchFaza:inst24|RegisterX:inst2|data[27] ; CPU:inst|DecodeFaza:inst|RegisterX:inst77|data[9]  ; CLK          ; CLK         ; 1.000        ; -0.056     ; 16.162     ;
; -15.216 ; CPU:inst|FetchFaza:inst24|RegisterX:inst2|data[3]  ; CPU:inst|DecodeFaza:inst|RegisterX:inst77|data[12] ; CLK          ; CLK         ; 1.000        ; -0.070     ; 16.141     ;
; -15.214 ; CPU:inst|FetchFaza:inst24|RegisterX:inst2|data[2]  ; CPU:inst|DecodeFaza:inst|RegisterX:inst77|data[8]  ; CLK          ; CLK         ; 1.000        ; -0.053     ; 16.156     ;
; -15.209 ; CPU:inst|FetchFaza:inst24|RegisterX:inst2|data[2]  ; CPU:inst|DecodeFaza:inst|RegisterX:inst77|data[15] ; CLK          ; CLK         ; 1.000        ; -0.070     ; 16.134     ;
; -15.205 ; CPU:inst|FetchFaza:inst24|RegisterX:inst2|data[0]  ; CPU:inst|DecodeFaza:inst|RegisterX:inst77|data[8]  ; CLK          ; CLK         ; 1.000        ; -0.053     ; 16.147     ;
; -15.200 ; CPU:inst|FetchFaza:inst24|RegisterX:inst2|data[1]  ; CPU:inst|DecodeFaza:inst|RegisterX:inst77|data[7]  ; CLK          ; CLK         ; 1.000        ; -0.071     ; 16.124     ;
; -15.200 ; CPU:inst|FetchFaza:inst24|RegisterX:inst2|data[0]  ; CPU:inst|DecodeFaza:inst|RegisterX:inst77|data[15] ; CLK          ; CLK         ; 1.000        ; -0.070     ; 16.125     ;
; -15.198 ; CPU:inst|FetchFaza:inst24|RegisterX:inst2|data[1]  ; CPU:inst|DecodeFaza:inst|RegisterX:inst77|data[3]  ; CLK          ; CLK         ; 1.000        ; -0.071     ; 16.122     ;
; -15.183 ; CPU:inst|FetchFaza:inst24|RegisterX:inst2|data[3]  ; CPU:inst|DecodeFaza:inst|RegisterX:inst77|data[7]  ; CLK          ; CLK         ; 1.000        ; -0.071     ; 16.107     ;
; -15.181 ; CPU:inst|FetchFaza:inst24|RegisterX:inst2|data[1]  ; CPU:inst|DecodeFaza:inst|RegisterX:inst77|data[1]  ; CLK          ; CLK         ; 1.000        ; -0.062     ; 16.114     ;
; -15.181 ; CPU:inst|FetchFaza:inst24|RegisterX:inst2|data[3]  ; CPU:inst|DecodeFaza:inst|RegisterX:inst77|data[3]  ; CLK          ; CLK         ; 1.000        ; -0.071     ; 16.105     ;
; -15.169 ; CPU:inst|FetchFaza:inst24|RegisterX:inst2|data[3]  ; CPU:inst|DecodeFaza:inst|RegisterX:inst77|data[1]  ; CLK          ; CLK         ; 1.000        ; -0.062     ; 16.102     ;
; -15.154 ; CPU:inst|FetchFaza:inst24|RegisterX:inst2|data[2]  ; CPU:inst|DecodeFaza:inst|RegisterX:inst77|data[17] ; CLK          ; CLK         ; 1.000        ; -0.063     ; 16.086     ;
; -15.151 ; CPU:inst|FetchFaza:inst24|RegisterX:inst2|data[1]  ; CPU:inst|DecodeFaza:inst|RegisterX:inst77|data[5]  ; CLK          ; CLK         ; 1.000        ; -0.076     ; 16.070     ;
; -15.141 ; CPU:inst|FetchFaza:inst24|RegisterX:inst2|data[1]  ; CPU:inst|DecodeFaza:inst|RegisterX:inst77|data[19] ; CLK          ; CLK         ; 1.000        ; -0.063     ; 16.073     ;
; -15.140 ; CPU:inst|FetchFaza:inst24|RegisterX:inst2|data[4]  ; CPU:inst|DecodeFaza:inst|RegisterX:inst77|data[9]  ; CLK          ; CLK         ; 1.000        ; -0.053     ; 16.082     ;
; -15.135 ; CPU:inst|FetchFaza:inst24|RegisterX:inst2|data[1]  ; CPU:inst|CSRegFile:inst31|RegisterX:inst2|data[23] ; CLK          ; CLK         ; 1.000        ; -0.058     ; 16.072     ;
; -15.134 ; CPU:inst|FetchFaza:inst24|RegisterX:inst2|data[3]  ; CPU:inst|DecodeFaza:inst|RegisterX:inst77|data[5]  ; CLK          ; CLK         ; 1.000        ; -0.076     ; 16.053     ;
; -15.126 ; CPU:inst|FetchFaza:inst24|RegisterX:inst2|data[13] ; CPU:inst|DecodeFaza:inst|RegisterX:inst77|data[9]  ; CLK          ; CLK         ; 1.000        ; -0.045     ; 16.076     ;
; -15.124 ; CPU:inst|FetchFaza:inst24|RegisterX:inst2|data[3]  ; CPU:inst|DecodeFaza:inst|RegisterX:inst77|data[19] ; CLK          ; CLK         ; 1.000        ; -0.063     ; 16.056     ;
; -15.118 ; CPU:inst|FetchFaza:inst24|RegisterX:inst2|data[3]  ; CPU:inst|CSRegFile:inst31|RegisterX:inst2|data[23] ; CLK          ; CLK         ; 1.000        ; -0.058     ; 16.055     ;
; -15.116 ; CPU:inst|FetchFaza:inst24|RegisterX:inst2|data[1]  ; CPU:inst|DecodeFaza:inst|RegisterX:inst77|data[29] ; CLK          ; CLK         ; 1.000        ; -0.075     ; 16.036     ;
; -15.114 ; CPU:inst|FetchFaza:inst24|RegisterX:inst2|data[0]  ; CPU:inst|DecodeFaza:inst|RegisterX:inst77|data[17] ; CLK          ; CLK         ; 1.000        ; -0.063     ; 16.046     ;
; -15.105 ; CPU:inst|FetchFaza:inst24|RegisterX:inst2|data[5]  ; CPU:inst|DecodeFaza:inst|RegisterX:inst77|data[9]  ; CLK          ; CLK         ; 1.000        ; -0.053     ; 16.047     ;
; -15.103 ; CPU:inst|FetchFaza:inst24|RegisterX:inst2|data[2]  ; CPU:inst|DecodeFaza:inst|RegisterX:inst77|data[0]  ; CLK          ; CLK         ; 1.000        ; -0.075     ; 16.023     ;
; -15.099 ; CPU:inst|FetchFaza:inst24|RegisterX:inst2|data[3]  ; CPU:inst|DecodeFaza:inst|RegisterX:inst77|data[29] ; CLK          ; CLK         ; 1.000        ; -0.075     ; 16.019     ;
; -15.094 ; CPU:inst|FetchFaza:inst24|RegisterX:inst2|data[1]  ; CPU:inst|DecodeFaza:inst|RegisterX:inst77|data[2]  ; CLK          ; CLK         ; 1.000        ; -0.062     ; 16.027     ;
; -15.094 ; CPU:inst|FetchFaza:inst24|RegisterX:inst2|data[0]  ; CPU:inst|DecodeFaza:inst|RegisterX:inst77|data[0]  ; CLK          ; CLK         ; 1.000        ; -0.075     ; 16.014     ;
; -15.082 ; CPU:inst|FetchFaza:inst24|RegisterX:inst2|data[2]  ; CPU:inst|DecodeFaza:inst|RegisterX:inst77|data[23] ; CLK          ; CLK         ; 1.000        ; -0.063     ; 16.014     ;
; -15.077 ; CPU:inst|FetchFaza:inst24|RegisterX:inst2|data[3]  ; CPU:inst|DecodeFaza:inst|RegisterX:inst77|data[2]  ; CLK          ; CLK         ; 1.000        ; -0.062     ; 16.010     ;
; -15.073 ; CPU:inst|FetchFaza:inst24|RegisterX:inst2|data[0]  ; CPU:inst|DecodeFaza:inst|RegisterX:inst77|data[23] ; CLK          ; CLK         ; 1.000        ; -0.063     ; 16.005     ;
; -15.058 ; CPU:inst|FetchFaza:inst24|RegisterX:inst2|data[1]  ; CPU:inst|DecodeFaza:inst|RegisterX:inst77|data[25] ; CLK          ; CLK         ; 1.000        ; -0.067     ; 15.986     ;
; -15.052 ; CPU:inst|FetchFaza:inst24|RegisterX:inst2|data[1]  ; CPU:inst|CSRegFile:inst31|RegisterX:inst2|data[1]  ; CLK          ; CLK         ; 1.000        ; 0.258      ; 16.305     ;
; -15.043 ; CPU:inst|FetchFaza:inst24|RegisterX:inst2|data[6]  ; CPU:inst|DecodeFaza:inst|RegisterX:inst77|data[8]  ; CLK          ; CLK         ; 1.000        ; -0.053     ; 15.985     ;
; -15.042 ; CPU:inst|FetchFaza:inst24|RegisterX:inst2|data[1]  ; CPU:inst|DecodeFaza:inst|RegisterX:inst77|data[31] ; CLK          ; CLK         ; 1.000        ; -0.062     ; 15.975     ;
; -15.041 ; CPU:inst|FetchFaza:inst24|RegisterX:inst2|data[3]  ; CPU:inst|DecodeFaza:inst|RegisterX:inst77|data[25] ; CLK          ; CLK         ; 1.000        ; -0.067     ; 15.969     ;
; -15.040 ; CPU:inst|FetchFaza:inst24|RegisterX:inst2|data[14] ; CPU:inst|DecodeFaza:inst|RegisterX:inst77|data[8]  ; CLK          ; CLK         ; 1.000        ; -0.045     ; 15.990     ;
; -15.038 ; CPU:inst|FetchFaza:inst24|RegisterX:inst2|data[6]  ; CPU:inst|DecodeFaza:inst|RegisterX:inst77|data[15] ; CLK          ; CLK         ; 1.000        ; -0.070     ; 15.963     ;
; -15.035 ; CPU:inst|FetchFaza:inst24|RegisterX:inst2|data[3]  ; CPU:inst|CSRegFile:inst31|RegisterX:inst2|data[1]  ; CLK          ; CLK         ; 1.000        ; 0.258      ; 16.288     ;
; -15.035 ; CPU:inst|FetchFaza:inst24|RegisterX:inst2|data[14] ; CPU:inst|DecodeFaza:inst|RegisterX:inst77|data[15] ; CLK          ; CLK         ; 1.000        ; -0.062     ; 15.968     ;
; -15.025 ; CPU:inst|FetchFaza:inst24|RegisterX:inst2|data[3]  ; CPU:inst|DecodeFaza:inst|RegisterX:inst77|data[31] ; CLK          ; CLK         ; 1.000        ; -0.062     ; 15.958     ;
; -15.023 ; CPU:inst|FetchFaza:inst24|RegisterX:inst2|data[1]  ; CPU:inst|DecodeFaza:inst|RegisterX:inst77|data[14] ; CLK          ; CLK         ; 1.000        ; -0.070     ; 15.948     ;
; -15.022 ; CPU:inst|FetchFaza:inst24|RegisterX:inst2|data[1]  ; CPU:inst|DecodeFaza:inst|RegisterX:inst77|data[27] ; CLK          ; CLK         ; 1.000        ; -0.068     ; 15.949     ;
; -15.019 ; CPU:inst|FetchFaza:inst24|RegisterX:inst2|data[12] ; CPU:inst|DecodeFaza:inst|RegisterX:inst77|data[9]  ; CLK          ; CLK         ; 1.000        ; -0.045     ; 15.969     ;
; -15.013 ; CPU:inst|FetchFaza:inst24|RegisterX:inst2|data[2]  ; CPU:inst|DecodeFaza:inst|RegisterX:inst77|data[10] ; CLK          ; CLK         ; 1.000        ; -0.053     ; 15.955     ;
; -15.008 ; CPU:inst|FetchFaza:inst24|RegisterX:inst2|data[1]  ; CPU:inst|DecodeFaza:inst|RegisterX:inst77|data[22] ; CLK          ; CLK         ; 1.000        ; -0.063     ; 15.940     ;
; -15.008 ; CPU:inst|FetchFaza:inst24|RegisterX:inst2|data[2]  ; CPU:inst|DecodeFaza:inst|RegisterX:inst77|data[4]  ; CLK          ; CLK         ; 1.000        ; -0.076     ; 15.927     ;
; -15.006 ; CPU:inst|FetchFaza:inst24|RegisterX:inst2|data[1]  ; CPU:inst|DecodeFaza:inst|RegisterX:inst77|data[26] ; CLK          ; CLK         ; 1.000        ; -0.067     ; 15.934     ;
; -15.006 ; CPU:inst|FetchFaza:inst24|RegisterX:inst2|data[3]  ; CPU:inst|DecodeFaza:inst|RegisterX:inst77|data[14] ; CLK          ; CLK         ; 1.000        ; -0.070     ; 15.931     ;
; -15.005 ; CPU:inst|FetchFaza:inst24|RegisterX:inst2|data[3]  ; CPU:inst|DecodeFaza:inst|RegisterX:inst77|data[27] ; CLK          ; CLK         ; 1.000        ; -0.068     ; 15.932     ;
; -15.004 ; CPU:inst|FetchFaza:inst24|RegisterX:inst2|data[0]  ; CPU:inst|DecodeFaza:inst|RegisterX:inst77|data[10] ; CLK          ; CLK         ; 1.000        ; -0.053     ; 15.946     ;
; -15.001 ; CPU:inst|FetchFaza:inst24|RegisterX:inst2|data[6]  ; CPU:inst|DecodeFaza:inst|RegisterX:inst77|data[17] ; CLK          ; CLK         ; 1.000        ; -0.063     ; 15.933     ;
; -14.999 ; CPU:inst|FetchFaza:inst24|RegisterX:inst2|data[0]  ; CPU:inst|DecodeFaza:inst|RegisterX:inst77|data[4]  ; CLK          ; CLK         ; 1.000        ; -0.076     ; 15.918     ;
; -14.992 ; CPU:inst|FetchFaza:inst24|RegisterX:inst2|data[2]  ; CPU:inst|DecodeFaza:inst|RegisterX:inst77|data[11] ; CLK          ; CLK         ; 1.000        ; -0.076     ; 15.911     ;
; -14.991 ; CPU:inst|FetchFaza:inst24|RegisterX:inst2|data[2]  ; CPU:inst|DecodeFaza:inst|RegisterX:inst77|data[28] ; CLK          ; CLK         ; 1.000        ; -0.062     ; 15.924     ;
; -14.991 ; CPU:inst|FetchFaza:inst24|RegisterX:inst2|data[3]  ; CPU:inst|DecodeFaza:inst|RegisterX:inst77|data[22] ; CLK          ; CLK         ; 1.000        ; -0.063     ; 15.923     ;
; -14.989 ; CPU:inst|FetchFaza:inst24|RegisterX:inst2|data[1]  ; CPU:inst|DecodeFaza:inst|RegisterX:inst77|data[21] ; CLK          ; CLK         ; 1.000        ; -0.063     ; 15.921     ;
; -14.989 ; CPU:inst|FetchFaza:inst24|RegisterX:inst2|data[3]  ; CPU:inst|DecodeFaza:inst|RegisterX:inst77|data[26] ; CLK          ; CLK         ; 1.000        ; -0.067     ; 15.917     ;
; -14.983 ; CPU:inst|FetchFaza:inst24|RegisterX:inst2|data[1]  ; CPU:inst|DecodeFaza:inst|RegisterX:inst77|data[24] ; CLK          ; CLK         ; 1.000        ; -0.067     ; 15.911     ;
; -14.983 ; CPU:inst|FetchFaza:inst24|RegisterX:inst2|data[0]  ; CPU:inst|DecodeFaza:inst|RegisterX:inst77|data[11] ; CLK          ; CLK         ; 1.000        ; -0.076     ; 15.902     ;
; -14.982 ; CPU:inst|FetchFaza:inst24|RegisterX:inst2|data[0]  ; CPU:inst|DecodeFaza:inst|RegisterX:inst77|data[28] ; CLK          ; CLK         ; 1.000        ; -0.062     ; 15.915     ;
; -14.980 ; CPU:inst|FetchFaza:inst24|RegisterX:inst2|data[1]  ; CPU:inst|DecodeFaza:inst|RegisterX:inst77|data[13] ; CLK          ; CLK         ; 1.000        ; -0.070     ; 15.905     ;
; -14.977 ; CPU:inst|FetchFaza:inst24|RegisterX:inst2|data[2]  ; CPU:inst|DecodeFaza:inst|RegisterX:inst77|data[12] ; CLK          ; CLK         ; 1.000        ; -0.070     ; 15.902     ;
; -14.972 ; CPU:inst|FetchFaza:inst24|RegisterX:inst2|data[3]  ; CPU:inst|DecodeFaza:inst|RegisterX:inst77|data[21] ; CLK          ; CLK         ; 1.000        ; -0.063     ; 15.904     ;
; -14.968 ; CPU:inst|FetchFaza:inst24|RegisterX:inst2|data[0]  ; CPU:inst|DecodeFaza:inst|RegisterX:inst77|data[12] ; CLK          ; CLK         ; 1.000        ; -0.070     ; 15.893     ;
; -14.966 ; CPU:inst|FetchFaza:inst24|RegisterX:inst2|data[3]  ; CPU:inst|DecodeFaza:inst|RegisterX:inst77|data[24] ; CLK          ; CLK         ; 1.000        ; -0.067     ; 15.894     ;
; -14.963 ; CPU:inst|FetchFaza:inst24|RegisterX:inst2|data[3]  ; CPU:inst|DecodeFaza:inst|RegisterX:inst77|data[13] ; CLK          ; CLK         ; 1.000        ; -0.070     ; 15.888     ;
; -14.949 ; CPU:inst|FetchFaza:inst24|RegisterX:inst2|data[14] ; CPU:inst|DecodeFaza:inst|RegisterX:inst77|data[17] ; CLK          ; CLK         ; 1.000        ; -0.055     ; 15.889     ;
; -14.944 ; CPU:inst|FetchFaza:inst24|RegisterX:inst2|data[2]  ; CPU:inst|DecodeFaza:inst|RegisterX:inst77|data[7]  ; CLK          ; CLK         ; 1.000        ; -0.071     ; 15.868     ;
; -14.944 ; CPU:inst|FetchFaza:inst24|RegisterX:inst2|data[2]  ; CPU:inst|DecodeFaza:inst|RegisterX:inst77|data[1]  ; CLK          ; CLK         ; 1.000        ; -0.062     ; 15.877     ;
; -14.942 ; CPU:inst|FetchFaza:inst24|RegisterX:inst2|data[2]  ; CPU:inst|DecodeFaza:inst|RegisterX:inst77|data[3]  ; CLK          ; CLK         ; 1.000        ; -0.071     ; 15.866     ;
; -14.935 ; CPU:inst|FetchFaza:inst24|RegisterX:inst2|data[0]  ; CPU:inst|DecodeFaza:inst|RegisterX:inst77|data[7]  ; CLK          ; CLK         ; 1.000        ; -0.071     ; 15.859     ;
; -14.933 ; CPU:inst|FetchFaza:inst24|RegisterX:inst2|data[0]  ; CPU:inst|DecodeFaza:inst|RegisterX:inst77|data[3]  ; CLK          ; CLK         ; 1.000        ; -0.071     ; 15.857     ;
; -14.932 ; CPU:inst|FetchFaza:inst24|RegisterX:inst2|data[6]  ; CPU:inst|DecodeFaza:inst|RegisterX:inst77|data[0]  ; CLK          ; CLK         ; 1.000        ; -0.075     ; 15.852     ;
; -14.929 ; CPU:inst|FetchFaza:inst24|RegisterX:inst2|data[14] ; CPU:inst|DecodeFaza:inst|RegisterX:inst77|data[0]  ; CLK          ; CLK         ; 1.000        ; -0.067     ; 15.857     ;
+---------+----------------------------------------------------+----------------------------------------------------+--------------+-------------+--------------+------------+------------+


+---------------------------------------------------------------------------------------------------------------------------------------------------------------------------------------------------------------------------------------------------------+
; Slow 1200mV 0C Model Setup: 'KPTastature:inst11|KeyFetch:inst|Debouncer:inst39|inst1'                                                                                                                                                                   ;
+--------+-----------------------------------------+-----------------------------------------+---------------------------------------------------------+---------------------------------------------------------+--------------+------------+------------+
; Slack  ; From Node                               ; To Node                                 ; Launch Clock                                            ; Latch Clock                                             ; Relationship ; Clock Skew ; Data Delay ;
+--------+-----------------------------------------+-----------------------------------------+---------------------------------------------------------+---------------------------------------------------------+--------------+------------+------------+
; -0.429 ; KPTastature:inst11|KeyFetch:inst|inst13 ; KPTastature:inst11|KeyFetch:inst|inst10 ; KPTastature:inst11|KeyFetch:inst|Debouncer:inst39|inst1 ; KPTastature:inst11|KeyFetch:inst|Debouncer:inst39|inst1 ; 1.000        ; -0.055     ; 1.369      ;
; -0.423 ; KPTastature:inst11|KeyFetch:inst|inst   ; KPTastature:inst11|KeyFetch:inst|inst10 ; KPTastature:inst11|KeyFetch:inst|Debouncer:inst39|inst1 ; KPTastature:inst11|KeyFetch:inst|Debouncer:inst39|inst1 ; 1.000        ; -0.055     ; 1.363      ;
; -0.410 ; KPTastature:inst11|KeyFetch:inst|inst11 ; KPTastature:inst11|KeyFetch:inst|inst10 ; KPTastature:inst11|KeyFetch:inst|Debouncer:inst39|inst1 ; KPTastature:inst11|KeyFetch:inst|Debouncer:inst39|inst1 ; 1.000        ; -0.055     ; 1.350      ;
; -0.293 ; KPTastature:inst11|KeyFetch:inst|inst14 ; KPTastature:inst11|KeyFetch:inst|inst10 ; KPTastature:inst11|KeyFetch:inst|Debouncer:inst39|inst1 ; KPTastature:inst11|KeyFetch:inst|Debouncer:inst39|inst1 ; 1.000        ; -0.055     ; 1.233      ;
; -0.244 ; KPTastature:inst11|KeyFetch:inst|inst10 ; KPTastature:inst11|KeyFetch:inst|inst10 ; KPTastature:inst11|KeyFetch:inst|Debouncer:inst39|inst1 ; KPTastature:inst11|KeyFetch:inst|Debouncer:inst39|inst1 ; 1.000        ; -0.055     ; 1.184      ;
; -0.197 ; KPTastature:inst11|KeyFetch:inst|inst17 ; KPTastature:inst11|KeyFetch:inst|inst10 ; KPTastature:inst11|KeyFetch:inst|Debouncer:inst39|inst1 ; KPTastature:inst11|KeyFetch:inst|Debouncer:inst39|inst1 ; 1.000        ; -0.055     ; 1.137      ;
; -0.168 ; KPTastature:inst11|KeyFetch:inst|inst16 ; KPTastature:inst11|KeyFetch:inst|inst10 ; KPTastature:inst11|KeyFetch:inst|Debouncer:inst39|inst1 ; KPTastature:inst11|KeyFetch:inst|Debouncer:inst39|inst1 ; 1.000        ; -0.055     ; 1.108      ;
; -0.149 ; KPTastature:inst11|KeyFetch:inst|inst12 ; KPTastature:inst11|KeyFetch:inst|inst10 ; KPTastature:inst11|KeyFetch:inst|Debouncer:inst39|inst1 ; KPTastature:inst11|KeyFetch:inst|Debouncer:inst39|inst1 ; 1.000        ; -0.055     ; 1.089      ;
; -0.098 ; KPTastature:inst11|KeyFetch:inst|inst19 ; KPTastature:inst11|KeyFetch:inst|inst10 ; KPTastature:inst11|KeyFetch:inst|Debouncer:inst39|inst1 ; KPTastature:inst11|KeyFetch:inst|Debouncer:inst39|inst1 ; 1.000        ; -0.056     ; 1.037      ;
; -0.075 ; KPTastature:inst11|KeyFetch:inst|inst15 ; KPTastature:inst11|KeyFetch:inst|inst10 ; KPTastature:inst11|KeyFetch:inst|Debouncer:inst39|inst1 ; KPTastature:inst11|KeyFetch:inst|Debouncer:inst39|inst1 ; 1.000        ; -0.055     ; 1.015      ;
; -0.071 ; KPTastature:inst11|KeyFetch:inst|inst18 ; KPTastature:inst11|KeyFetch:inst|inst10 ; KPTastature:inst11|KeyFetch:inst|Debouncer:inst39|inst1 ; KPTastature:inst11|KeyFetch:inst|Debouncer:inst39|inst1 ; 1.000        ; -0.055     ; 1.011      ;
; -0.056 ; KPTastature:inst11|KeyFetch:inst|inst6  ; KPTastature:inst11|KeyFetch:inst|inst7  ; KPTastature:inst11|KeyFetch:inst|Debouncer:inst39|inst1 ; KPTastature:inst11|KeyFetch:inst|Debouncer:inst39|inst1 ; 1.000        ; -0.052     ; 0.999      ;
; -0.046 ; KPTastature:inst11|KeyFetch:inst|inst   ; KPTastature:inst11|KeyFetch:inst|inst1  ; KPTastature:inst11|KeyFetch:inst|Debouncer:inst39|inst1 ; KPTastature:inst11|KeyFetch:inst|Debouncer:inst39|inst1 ; 1.000        ; -0.052     ; 0.989      ;
; -0.045 ; KPTastature:inst11|KeyFetch:inst|inst5  ; KPTastature:inst11|KeyFetch:inst|inst6  ; KPTastature:inst11|KeyFetch:inst|Debouncer:inst39|inst1 ; KPTastature:inst11|KeyFetch:inst|Debouncer:inst39|inst1 ; 1.000        ; -0.058     ; 0.982      ;
; 0.016  ; KPTastature:inst11|KeyFetch:inst|inst3  ; KPTastature:inst11|KeyFetch:inst|inst4  ; KPTastature:inst11|KeyFetch:inst|Debouncer:inst39|inst1 ; KPTastature:inst11|KeyFetch:inst|Debouncer:inst39|inst1 ; 1.000        ; -0.055     ; 0.924      ;
; 0.047  ; KPTastature:inst11|KeyFetch:inst|inst15 ; KPTastature:inst11|KeyFetch:inst|inst16 ; KPTastature:inst11|KeyFetch:inst|Debouncer:inst39|inst1 ; KPTastature:inst11|KeyFetch:inst|Debouncer:inst39|inst1 ; 1.000        ; -0.055     ; 0.893      ;
; 0.066  ; KPTastature:inst11|KeyFetch:inst|inst11 ; KPTastature:inst11|KeyFetch:inst|inst12 ; KPTastature:inst11|KeyFetch:inst|Debouncer:inst39|inst1 ; KPTastature:inst11|KeyFetch:inst|Debouncer:inst39|inst1 ; 1.000        ; -0.055     ; 0.874      ;
; 0.175  ; KPTastature:inst11|KeyFetch:inst|inst4  ; KPTastature:inst11|KeyFetch:inst|inst5  ; KPTastature:inst11|KeyFetch:inst|Debouncer:inst39|inst1 ; KPTastature:inst11|KeyFetch:inst|Debouncer:inst39|inst1 ; 1.000        ; -0.055     ; 0.765      ;
; 0.178  ; KPTastature:inst11|KeyFetch:inst|inst18 ; KPTastature:inst11|KeyFetch:inst|inst19 ; KPTastature:inst11|KeyFetch:inst|Debouncer:inst39|inst1 ; KPTastature:inst11|KeyFetch:inst|Debouncer:inst39|inst1 ; 1.000        ; -0.055     ; 0.762      ;
; 0.183  ; KPTastature:inst11|KeyFetch:inst|inst1  ; KPTastature:inst11|KeyFetch:inst|inst2  ; KPTastature:inst11|KeyFetch:inst|Debouncer:inst39|inst1 ; KPTastature:inst11|KeyFetch:inst|Debouncer:inst39|inst1 ; 1.000        ; -0.055     ; 0.757      ;
; 0.185  ; KPTastature:inst11|KeyFetch:inst|inst13 ; KPTastature:inst11|KeyFetch:inst|inst14 ; KPTastature:inst11|KeyFetch:inst|Debouncer:inst39|inst1 ; KPTastature:inst11|KeyFetch:inst|Debouncer:inst39|inst1 ; 1.000        ; -0.055     ; 0.755      ;
; 0.190  ; KPTastature:inst11|KeyFetch:inst|inst10 ; KPTastature:inst11|KeyFetch:inst|inst11 ; KPTastature:inst11|KeyFetch:inst|Debouncer:inst39|inst1 ; KPTastature:inst11|KeyFetch:inst|Debouncer:inst39|inst1 ; 1.000        ; -0.055     ; 0.750      ;
; 0.201  ; KPTastature:inst11|KeyFetch:inst|inst16 ; KPTastature:inst11|KeyFetch:inst|inst17 ; KPTastature:inst11|KeyFetch:inst|Debouncer:inst39|inst1 ; KPTastature:inst11|KeyFetch:inst|Debouncer:inst39|inst1 ; 1.000        ; -0.055     ; 0.739      ;
; 0.311  ; KPTastature:inst11|KeyFetch:inst|inst2  ; KPTastature:inst11|KeyFetch:inst|inst3  ; KPTastature:inst11|KeyFetch:inst|Debouncer:inst39|inst1 ; KPTastature:inst11|KeyFetch:inst|Debouncer:inst39|inst1 ; 1.000        ; -0.055     ; 0.629      ;
; 0.312  ; KPTastature:inst11|KeyFetch:inst|inst7  ; KPTastature:inst11|KeyFetch:inst|inst8  ; KPTastature:inst11|KeyFetch:inst|Debouncer:inst39|inst1 ; KPTastature:inst11|KeyFetch:inst|Debouncer:inst39|inst1 ; 1.000        ; -0.055     ; 0.628      ;
; 0.322  ; KPTastature:inst11|KeyFetch:inst|inst17 ; KPTastature:inst11|KeyFetch:inst|inst18 ; KPTastature:inst11|KeyFetch:inst|Debouncer:inst39|inst1 ; KPTastature:inst11|KeyFetch:inst|Debouncer:inst39|inst1 ; 1.000        ; -0.055     ; 0.618      ;
; 0.322  ; KPTastature:inst11|KeyFetch:inst|inst14 ; KPTastature:inst11|KeyFetch:inst|inst15 ; KPTastature:inst11|KeyFetch:inst|Debouncer:inst39|inst1 ; KPTastature:inst11|KeyFetch:inst|Debouncer:inst39|inst1 ; 1.000        ; -0.055     ; 0.618      ;
; 0.322  ; KPTastature:inst11|KeyFetch:inst|inst12 ; KPTastature:inst11|KeyFetch:inst|inst13 ; KPTastature:inst11|KeyFetch:inst|Debouncer:inst39|inst1 ; KPTastature:inst11|KeyFetch:inst|Debouncer:inst39|inst1 ; 1.000        ; -0.055     ; 0.618      ;
+--------+-----------------------------------------+-----------------------------------------+---------------------------------------------------------+---------------------------------------------------------+--------------+------------+------------+


+-----------------------------------------------------------------------------------------------------------------------------------------------------------------------------------------------------------------------------------------------------------------------------------------------------------------------------------------+
; Slow 1200mV 0C Model Hold: 'CLK'                                                                                                                                                                                                                                                                                                        ;
+-------+-----------------------------------------------------------------------+----------------------------------------------------------------------------------------------------------------------------------------+---------------------------------------------------------+-------------+--------------+------------+------------+
; Slack ; From Node                                                             ; To Node                                                                                                                                ; Launch Clock                                            ; Latch Clock ; Relationship ; Clock Skew ; Data Delay ;
+-------+-----------------------------------------------------------------------+----------------------------------------------------------------------------------------------------------------------------------------+---------------------------------------------------------+-------------+--------------+------------+------------+
; 0.289 ; KPVGA:inst15|RegisterX:inst30|data[4]                                 ; KPVGA:inst15|VGAPer:inst|VideoRAM:inst9|altsyncram:altsyncram_component|altsyncram_tat3:auto_generated|ram_block1a0~porta_datain_reg0  ; CLK                                                     ; CLK         ; 0.000        ; 0.344      ; 0.802      ;
; 0.293 ; KPVGA:inst15|RegisterX:inst30|data[7]                                 ; KPVGA:inst15|VGAPer:inst|VideoRAM:inst9|altsyncram:altsyncram_component|altsyncram_tat3:auto_generated|ram_block1a0~porta_datain_reg0  ; CLK                                                     ; CLK         ; 0.000        ; 0.344      ; 0.806      ;
; 0.295 ; KPVGA:inst15|RegisterX:inst30|data[6]                                 ; KPVGA:inst15|VGAPer:inst|VideoRAM:inst9|altsyncram:altsyncram_component|altsyncram_tat3:auto_generated|ram_block1a0~porta_datain_reg0  ; CLK                                                     ; CLK         ; 0.000        ; 0.344      ; 0.808      ;
; 0.297 ; KPVGA:inst15|RegisterX:inst31|data[2]                                 ; KPVGA:inst15|VGAPer:inst|VideoRAM:inst9|altsyncram:altsyncram_component|altsyncram_tat3:auto_generated|ram_block1a0~porta_address_reg0 ; CLK                                                     ; CLK         ; 0.000        ; 0.340      ; 0.806      ;
; 0.299 ; KPVGA:inst15|RegisterX:inst30|data[5]                                 ; KPVGA:inst15|VGAPer:inst|VideoRAM:inst9|altsyncram:altsyncram_component|altsyncram_tat3:auto_generated|ram_block1a0~porta_datain_reg0  ; CLK                                                     ; CLK         ; 0.000        ; 0.344      ; 0.812      ;
; 0.299 ; KPVGA:inst15|RegisterX:inst31|data[5]                                 ; KPVGA:inst15|VGAPer:inst|VideoRAM:inst9|altsyncram:altsyncram_component|altsyncram_tat3:auto_generated|ram_block1a0~porta_address_reg0 ; CLK                                                     ; CLK         ; 0.000        ; 0.340      ; 0.808      ;
; 0.299 ; CPU:inst|CSRegFile:inst31|RegisterX:inst74|data[0]                    ; CPU:inst|CSRegFile:inst31|RegisterX:inst74|data[0]                                                                                     ; CLK                                                     ; CLK         ; 0.000        ; 0.068      ; 0.511      ;
; 0.299 ; CPU:inst|InterruptFaza:inst12|inst39                                  ; CPU:inst|InterruptFaza:inst12|inst39                                                                                                   ; CLK                                                     ; CLK         ; 0.000        ; 0.068      ; 0.511      ;
; 0.299 ; CPU:inst|InterruptFaza:inst12|inst24                                  ; CPU:inst|InterruptFaza:inst12|inst24                                                                                                   ; CLK                                                     ; CLK         ; 0.000        ; 0.068      ; 0.511      ;
; 0.300 ; KPVGA:inst15|RegisterX:inst30|data[3]                                 ; KPVGA:inst15|VGAPer:inst|VideoRAM:inst9|altsyncram:altsyncram_component|altsyncram_tat3:auto_generated|ram_block1a0~porta_datain_reg0  ; CLK                                                     ; CLK         ; 0.000        ; 0.344      ; 0.813      ;
; 0.300 ; KPVGA:inst15|RegisterX:inst30|data[10]                                ; KPVGA:inst15|VGAPer:inst|VideoRAM:inst9|altsyncram:altsyncram_component|altsyncram_tat3:auto_generated|ram_block1a0~porta_datain_reg0  ; CLK                                                     ; CLK         ; 0.000        ; 0.345      ; 0.814      ;
; 0.300 ; CPU:inst|inst6                                                        ; CPU:inst|inst6                                                                                                                         ; CLK                                                     ; CLK         ; 0.000        ; 0.067      ; 0.511      ;
; 0.300 ; KPTastature:inst11|KeyFetch:inst|Debouncer:inst39|Register:inst4|inst ; KPTastature:inst11|KeyFetch:inst|Debouncer:inst39|Register:inst4|inst                                                                  ; CLK                                                     ; CLK         ; 0.000        ; 0.067      ; 0.511      ;
; 0.300 ; KPTastature:inst11|KeyFetch:inst|Debouncer:inst39|Register:inst3|inst ; KPTastature:inst11|KeyFetch:inst|Debouncer:inst39|Register:inst3|inst                                                                  ; CLK                                                     ; CLK         ; 0.000        ; 0.067      ; 0.511      ;
; 0.302 ; KPVGA:inst15|RegisterX:inst30|data[8]                                 ; KPVGA:inst15|VGAPer:inst|VideoRAM:inst9|altsyncram:altsyncram_component|altsyncram_tat3:auto_generated|ram_block1a0~porta_datain_reg0  ; CLK                                                     ; CLK         ; 0.000        ; 0.345      ; 0.816      ;
; 0.303 ; KPVGA:inst15|RegisterX:inst31|data[1]                                 ; KPVGA:inst15|VGAPer:inst|VideoRAM:inst9|altsyncram:altsyncram_component|altsyncram_tat3:auto_generated|ram_block1a0~porta_address_reg0 ; CLK                                                     ; CLK         ; 0.000        ; 0.340      ; 0.812      ;
; 0.303 ; KPVGA:inst15|RegisterX:inst31|data[4]                                 ; KPVGA:inst15|VGAPer:inst|VideoRAM:inst9|altsyncram:altsyncram_component|altsyncram_tat3:auto_generated|ram_block1a0~porta_address_reg0 ; CLK                                                     ; CLK         ; 0.000        ; 0.340      ; 0.812      ;
; 0.303 ; KPVGA:inst15|RegisterX:inst31|data[7]                                 ; KPVGA:inst15|VGAPer:inst|VideoRAM:inst9|altsyncram:altsyncram_component|altsyncram_tat3:auto_generated|ram_block1a0~porta_address_reg0 ; CLK                                                     ; CLK         ; 0.000        ; 0.340      ; 0.812      ;
; 0.305 ; CPU:inst|RegisterX:inst28|data[10]                                    ; memTest:inst9|altsyncram:altsyncram_component|altsyncram_s0t3:auto_generated|ram_block1a29~porta_address_reg0                          ; CLK                                                     ; CLK         ; 0.000        ; 0.353      ; 0.827      ;
; 0.306 ; KPVGA:inst15|RegisterX:inst30|data[9]                                 ; KPVGA:inst15|VGAPer:inst|VideoRAM:inst9|altsyncram:altsyncram_component|altsyncram_tat3:auto_generated|ram_block1a0~porta_datain_reg0  ; CLK                                                     ; CLK         ; 0.000        ; 0.345      ; 0.820      ;
; 0.306 ; CPU:inst|RegisterX:inst28|data[2]                                     ; memTest:inst9|altsyncram:altsyncram_component|altsyncram_s0t3:auto_generated|ram_block1a29~porta_address_reg0                          ; CLK                                                     ; CLK         ; 0.000        ; 0.341      ; 0.816      ;
; 0.307 ; KPVGA:inst15|RegisterX:inst31|data[6]                                 ; KPVGA:inst15|VGAPer:inst|VideoRAM:inst9|altsyncram:altsyncram_component|altsyncram_tat3:auto_generated|ram_block1a0~porta_address_reg0 ; CLK                                                     ; CLK         ; 0.000        ; 0.340      ; 0.816      ;
; 0.308 ; KPTastature:inst11|KeyFetch:inst|Debouncer:inst39|Register:inst2|inst ; KPTastature:inst11|KeyFetch:inst|Debouncer:inst39|Register:inst2|inst                                                                  ; CLK                                                     ; CLK         ; 0.000        ; 0.067      ; 0.519      ;
; 0.312 ; KPVGA:inst15|RegisterX:inst30|data[0]                                 ; KPVGA:inst15|VGAPer:inst|VideoRAM:inst9|altsyncram:altsyncram_component|altsyncram_tat3:auto_generated|ram_block1a0~porta_datain_reg0  ; CLK                                                     ; CLK         ; 0.000        ; 0.344      ; 0.825      ;
; 0.312 ; KPVGA:inst15|VGAPer:inst|RegisterX:inst12|data[4]                     ; KPVGA:inst15|VGAPer:inst|RegisterX:inst12|data[4]                                                                                      ; CLK                                                     ; CLK         ; 0.000        ; 0.055      ; 0.511      ;
; 0.312 ; KPVGA:inst15|VGAPer:inst|RegisterX:inst12|data[0]                     ; KPVGA:inst15|VGAPer:inst|RegisterX:inst12|data[0]                                                                                      ; CLK                                                     ; CLK         ; 0.000        ; 0.055      ; 0.511      ;
; 0.312 ; KPVGA:inst15|VGAPer:inst|RegisterX:inst12|data[1]                     ; KPVGA:inst15|VGAPer:inst|RegisterX:inst12|data[1]                                                                                      ; CLK                                                     ; CLK         ; 0.000        ; 0.055      ; 0.511      ;
; 0.312 ; KPVGA:inst15|VGAPer:inst|RegisterX:inst12|data[2]                     ; KPVGA:inst15|VGAPer:inst|RegisterX:inst12|data[2]                                                                                      ; CLK                                                     ; CLK         ; 0.000        ; 0.055      ; 0.511      ;
; 0.312 ; KPVGA:inst15|VGAPer:inst|RegisterX:inst12|data[3]                     ; KPVGA:inst15|VGAPer:inst|RegisterX:inst12|data[3]                                                                                      ; CLK                                                     ; CLK         ; 0.000        ; 0.055      ; 0.511      ;
; 0.312 ; KPVGA:inst15|VGAPer:inst|RegisterX:inst13|data[4]                     ; KPVGA:inst15|VGAPer:inst|RegisterX:inst13|data[4]                                                                                      ; CLK                                                     ; CLK         ; 0.000        ; 0.055      ; 0.511      ;
; 0.312 ; KPVGA:inst15|VGAPer:inst|RegisterX:inst13|data[0]                     ; KPVGA:inst15|VGAPer:inst|RegisterX:inst13|data[0]                                                                                      ; CLK                                                     ; CLK         ; 0.000        ; 0.055      ; 0.511      ;
; 0.312 ; KPVGA:inst15|VGAPer:inst|RegisterX:inst13|data[1]                     ; KPVGA:inst15|VGAPer:inst|RegisterX:inst13|data[1]                                                                                      ; CLK                                                     ; CLK         ; 0.000        ; 0.055      ; 0.511      ;
; 0.312 ; KPVGA:inst15|VGAPer:inst|RegisterX:inst13|data[2]                     ; KPVGA:inst15|VGAPer:inst|RegisterX:inst13|data[2]                                                                                      ; CLK                                                     ; CLK         ; 0.000        ; 0.055      ; 0.511      ;
; 0.312 ; KPVGA:inst15|VGAPer:inst|RegisterX:inst13|data[3]                     ; KPVGA:inst15|VGAPer:inst|RegisterX:inst13|data[3]                                                                                      ; CLK                                                     ; CLK         ; 0.000        ; 0.055      ; 0.511      ;
; 0.312 ; KPTastature:inst11|inst9                                              ; KPTastature:inst11|inst9                                                                                                               ; CLK                                                     ; CLK         ; 0.000        ; 0.055      ; 0.511      ;
; 0.312 ; KPTastature:inst11|inst8                                              ; KPTastature:inst11|inst8                                                                                                               ; CLK                                                     ; CLK         ; 0.000        ; 0.055      ; 0.511      ;
; 0.312 ; KPTastature:inst11|KeyFetch:inst|inst28                               ; KPTastature:inst11|KeyFetch:inst|inst28                                                                                                ; CLK                                                     ; CLK         ; 0.000        ; 0.055      ; 0.511      ;
; 0.312 ; KPVGA:inst15|VGAPer:inst|Controller:inst4|RegisterX:inst3|data[0]     ; KPVGA:inst15|VGAPer:inst|Controller:inst4|RegisterX:inst3|data[0]                                                                      ; CLK                                                     ; CLK         ; 0.000        ; 0.055      ; 0.511      ;
; 0.312 ; KPVGA:inst15|VGAPer:inst|Controller:inst4|RegisterX:inst3|data[1]     ; KPVGA:inst15|VGAPer:inst|Controller:inst4|RegisterX:inst3|data[1]                                                                      ; CLK                                                     ; CLK         ; 0.000        ; 0.055      ; 0.511      ;
; 0.312 ; KPVGA:inst15|VGAPer:inst|Controller:inst4|RegisterX:inst3|data[2]     ; KPVGA:inst15|VGAPer:inst|Controller:inst4|RegisterX:inst3|data[2]                                                                      ; CLK                                                     ; CLK         ; 0.000        ; 0.055      ; 0.511      ;
; 0.312 ; KPVGA:inst15|VGAPer:inst|Controller:inst4|RegisterX:inst3|data[3]     ; KPVGA:inst15|VGAPer:inst|Controller:inst4|RegisterX:inst3|data[3]                                                                      ; CLK                                                     ; CLK         ; 0.000        ; 0.055      ; 0.511      ;
; 0.312 ; KPVGA:inst15|VGAPer:inst|Controller:inst4|RegisterX:inst3|data[4]     ; KPVGA:inst15|VGAPer:inst|Controller:inst4|RegisterX:inst3|data[4]                                                                      ; CLK                                                     ; CLK         ; 0.000        ; 0.055      ; 0.511      ;
; 0.312 ; KPVGA:inst15|VGAPer:inst|Controller:inst4|RegisterX:inst3|data[5]     ; KPVGA:inst15|VGAPer:inst|Controller:inst4|RegisterX:inst3|data[5]                                                                      ; CLK                                                     ; CLK         ; 0.000        ; 0.055      ; 0.511      ;
; 0.312 ; KPVGA:inst15|VGAPer:inst|Controller:inst4|RegisterX:inst3|data[7]     ; KPVGA:inst15|VGAPer:inst|Controller:inst4|RegisterX:inst3|data[7]                                                                      ; CLK                                                     ; CLK         ; 0.000        ; 0.055      ; 0.511      ;
; 0.312 ; KPVGA:inst15|VGAPer:inst|Controller:inst4|RegisterX:inst3|data[6]     ; KPVGA:inst15|VGAPer:inst|Controller:inst4|RegisterX:inst3|data[6]                                                                      ; CLK                                                     ; CLK         ; 0.000        ; 0.055      ; 0.511      ;
; 0.312 ; KPVGA:inst15|VGAPer:inst|Controller:inst4|RegisterX:inst3|data[8]     ; KPVGA:inst15|VGAPer:inst|Controller:inst4|RegisterX:inst3|data[8]                                                                      ; CLK                                                     ; CLK         ; 0.000        ; 0.055      ; 0.511      ;
; 0.312 ; KPVGA:inst15|VGAPer:inst|Controller:inst4|RegisterX:inst3|data[9]     ; KPVGA:inst15|VGAPer:inst|Controller:inst4|RegisterX:inst3|data[9]                                                                      ; CLK                                                     ; CLK         ; 0.000        ; 0.055      ; 0.511      ;
; 0.312 ; KPVGA:inst15|VGAPer:inst|Controller:inst4|RegisterX:inst|data[0]      ; KPVGA:inst15|VGAPer:inst|Controller:inst4|RegisterX:inst|data[0]                                                                       ; CLK                                                     ; CLK         ; 0.000        ; 0.055      ; 0.511      ;
; 0.312 ; KPVGA:inst15|VGAPer:inst|Controller:inst4|RegisterX:inst|data[1]      ; KPVGA:inst15|VGAPer:inst|Controller:inst4|RegisterX:inst|data[1]                                                                       ; CLK                                                     ; CLK         ; 0.000        ; 0.055      ; 0.511      ;
; 0.312 ; KPVGA:inst15|VGAPer:inst|Controller:inst4|RegisterX:inst|data[2]      ; KPVGA:inst15|VGAPer:inst|Controller:inst4|RegisterX:inst|data[2]                                                                       ; CLK                                                     ; CLK         ; 0.000        ; 0.055      ; 0.511      ;
; 0.312 ; KPVGA:inst15|VGAPer:inst|Controller:inst4|RegisterX:inst|data[3]      ; KPVGA:inst15|VGAPer:inst|Controller:inst4|RegisterX:inst|data[3]                                                                       ; CLK                                                     ; CLK         ; 0.000        ; 0.055      ; 0.511      ;
; 0.312 ; KPVGA:inst15|VGAPer:inst|Controller:inst4|RegisterX:inst|data[6]      ; KPVGA:inst15|VGAPer:inst|Controller:inst4|RegisterX:inst|data[6]                                                                       ; CLK                                                     ; CLK         ; 0.000        ; 0.055      ; 0.511      ;
; 0.312 ; KPVGA:inst15|VGAPer:inst|Controller:inst4|RegisterX:inst|data[5]      ; KPVGA:inst15|VGAPer:inst|Controller:inst4|RegisterX:inst|data[5]                                                                       ; CLK                                                     ; CLK         ; 0.000        ; 0.055      ; 0.511      ;
; 0.312 ; CPU:inst|RegisterX:inst28|data[10]                                    ; memTest:inst9|altsyncram:altsyncram_component|altsyncram_s0t3:auto_generated|ram_block1a19~porta_address_reg0                          ; CLK                                                     ; CLK         ; 0.000        ; 0.341      ; 0.822      ;
; 0.312 ; CPU:inst|inst9                                                        ; CPU:inst|inst9                                                                                                                         ; CLK                                                     ; CLK         ; 0.000        ; 0.055      ; 0.511      ;
; 0.312 ; CPU:inst|inst13                                                       ; CPU:inst|inst13                                                                                                                        ; CLK                                                     ; CLK         ; 0.000        ; 0.055      ; 0.511      ;
; 0.313 ; KPVGA:inst15|VGAPer:inst|RegisterX:inst60|data[1]                     ; KPVGA:inst15|VGAPer:inst|RegisterX:inst60|data[1]                                                                                      ; CLK                                                     ; CLK         ; 0.000        ; 0.054      ; 0.511      ;
; 0.313 ; KPVGA:inst15|VGAPer:inst|RegisterX:inst62|data[0]                     ; KPVGA:inst15|VGAPer:inst|RegisterX:inst62|data[0]                                                                                      ; CLK                                                     ; CLK         ; 0.000        ; 0.054      ; 0.511      ;
; 0.313 ; KPVGA:inst15|VGAPer:inst|RegisterX:inst62|data[1]                     ; KPVGA:inst15|VGAPer:inst|RegisterX:inst62|data[1]                                                                                      ; CLK                                                     ; CLK         ; 0.000        ; 0.054      ; 0.511      ;
; 0.313 ; KPVGA:inst15|VGAPer:inst|RegisterX:inst62|data[2]                     ; KPVGA:inst15|VGAPer:inst|RegisterX:inst62|data[2]                                                                                      ; CLK                                                     ; CLK         ; 0.000        ; 0.054      ; 0.511      ;
; 0.313 ; KPVGA:inst15|VGAPer:inst|RegisterX:inst62|data[3]                     ; KPVGA:inst15|VGAPer:inst|RegisterX:inst62|data[3]                                                                                      ; CLK                                                     ; CLK         ; 0.000        ; 0.054      ; 0.511      ;
; 0.313 ; KPVGA:inst15|VGAPer:inst|RegisterX:inst62|data[4]                     ; KPVGA:inst15|VGAPer:inst|RegisterX:inst62|data[4]                                                                                      ; CLK                                                     ; CLK         ; 0.000        ; 0.054      ; 0.511      ;
; 0.313 ; KPVGA:inst15|VGAPer:inst|RegisterX:inst61|data[0]                     ; KPVGA:inst15|VGAPer:inst|RegisterX:inst61|data[0]                                                                                      ; CLK                                                     ; CLK         ; 0.000        ; 0.054      ; 0.511      ;
; 0.313 ; KPVGA:inst15|VGAPer:inst|RegisterX:inst61|data[4]                     ; KPVGA:inst15|VGAPer:inst|RegisterX:inst61|data[4]                                                                                      ; CLK                                                     ; CLK         ; 0.000        ; 0.054      ; 0.511      ;
; 0.313 ; KPVGA:inst15|VGAPer:inst|RegisterX:inst61|data[1]                     ; KPVGA:inst15|VGAPer:inst|RegisterX:inst61|data[1]                                                                                      ; CLK                                                     ; CLK         ; 0.000        ; 0.054      ; 0.511      ;
; 0.313 ; KPVGA:inst15|VGAPer:inst|RegisterX:inst61|data[2]                     ; KPVGA:inst15|VGAPer:inst|RegisterX:inst61|data[2]                                                                                      ; CLK                                                     ; CLK         ; 0.000        ; 0.054      ; 0.511      ;
; 0.313 ; KPVGA:inst15|VGAPer:inst|RegisterX:inst61|data[3]                     ; KPVGA:inst15|VGAPer:inst|RegisterX:inst61|data[3]                                                                                      ; CLK                                                     ; CLK         ; 0.000        ; 0.054      ; 0.511      ;
; 0.313 ; KPVGA:inst15|inst12                                                   ; KPVGA:inst15|inst12                                                                                                                    ; CLK                                                     ; CLK         ; 0.000        ; 0.054      ; 0.511      ;
; 0.313 ; KPVGA:inst15|inst41                                                   ; KPVGA:inst15|inst41                                                                                                                    ; CLK                                                     ; CLK         ; 0.000        ; 0.054      ; 0.511      ;
; 0.313 ; KPVGA:inst15|VGAPer:inst|Controller:inst4|RegisterX:inst|data[4]      ; KPVGA:inst15|VGAPer:inst|Controller:inst4|RegisterX:inst|data[4]                                                                       ; CLK                                                     ; CLK         ; 0.000        ; 0.054      ; 0.511      ;
; 0.313 ; KPVGA:inst15|VGAPer:inst|Controller:inst4|RegisterX:inst|data[7]      ; KPVGA:inst15|VGAPer:inst|Controller:inst4|RegisterX:inst|data[7]                                                                       ; CLK                                                     ; CLK         ; 0.000        ; 0.054      ; 0.511      ;
; 0.313 ; KPVGA:inst15|VGAPer:inst|Controller:inst4|RegisterX:inst|data[8]      ; KPVGA:inst15|VGAPer:inst|Controller:inst4|RegisterX:inst|data[8]                                                                       ; CLK                                                     ; CLK         ; 0.000        ; 0.054      ; 0.511      ;
; 0.313 ; KPVGA:inst15|VGAPer:inst|Controller:inst4|RegisterX:inst|data[9]      ; KPVGA:inst15|VGAPer:inst|Controller:inst4|RegisterX:inst|data[9]                                                                       ; CLK                                                     ; CLK         ; 0.000        ; 0.054      ; 0.511      ;
; 0.313 ; CPU:inst|RegisterX:inst28|data[1]                                     ; memTest:inst9|altsyncram:altsyncram_component|altsyncram_s0t3:auto_generated|ram_block1a19~porta_address_reg0                          ; CLK                                                     ; CLK         ; 0.000        ; 0.341      ; 0.823      ;
; 0.316 ; KPVGA:inst15|RegisterX:inst30|data[1]                                 ; KPVGA:inst15|VGAPer:inst|VideoRAM:inst9|altsyncram:altsyncram_component|altsyncram_tat3:auto_generated|ram_block1a0~porta_datain_reg0  ; CLK                                                     ; CLK         ; 0.000        ; 0.344      ; 0.829      ;
; 0.318 ; KPVGA:inst15|RegisterX:inst30|data[2]                                 ; KPVGA:inst15|VGAPer:inst|VideoRAM:inst9|altsyncram:altsyncram_component|altsyncram_tat3:auto_generated|ram_block1a0~porta_datain_reg0  ; CLK                                                     ; CLK         ; 0.000        ; 0.344      ; 0.831      ;
; 0.320 ; KPTastature:inst11|inst41                                             ; KPTastature:inst11|inst41                                                                                                              ; CLK                                                     ; CLK         ; 0.000        ; 0.055      ; 0.519      ;
; 0.321 ; KPVGA:inst15|VGAPer:inst|RegisterX:inst60|data[0]                     ; KPVGA:inst15|VGAPer:inst|RegisterX:inst60|data[0]                                                                                      ; CLK                                                     ; CLK         ; 0.000        ; 0.054      ; 0.519      ;
; 0.323 ; CPU:inst|RegisterX:inst23|data[23]                                    ; memTest:inst9|altsyncram:altsyncram_component|altsyncram_s0t3:auto_generated|ram_block1a23~porta_datain_reg0                           ; CLK                                                     ; CLK         ; 0.000        ; 0.341      ; 0.833      ;
; 0.328 ; CPU:inst|RegisterX:inst28|data[7]                                     ; memTest:inst9|altsyncram:altsyncram_component|altsyncram_s0t3:auto_generated|ram_block1a19~porta_address_reg0                          ; CLK                                                     ; CLK         ; 0.000        ; 0.340      ; 0.837      ;
; 0.334 ; KPVGA:inst15|RegisterX:inst30|data[11]                                ; KPVGA:inst15|VGAPer:inst|VideoRAM:inst9|altsyncram:altsyncram_component|altsyncram_tat3:auto_generated|ram_block1a0~porta_datain_reg0  ; CLK                                                     ; CLK         ; 0.000        ; 0.345      ; 0.848      ;
; 0.342 ; KPVGA:inst15|inst41                                                   ; KPVGA:inst15|RisingEdgeDetector:inst48|inst                                                                                            ; CLK                                                     ; CLK         ; 0.000        ; 0.054      ; 0.540      ;
; 0.347 ; CPU:inst|FetchFaza:inst24|inst9                                       ; CPU:inst|FetchFaza:inst24|inst10                                                                                                       ; CLK                                                     ; CLK         ; 0.000        ; 0.055      ; 0.546      ;
; 0.347 ; KPTastature:inst11|KeyFetch:inst|Debouncer:inst39|inst                ; KPTastature:inst11|KeyFetch:inst|Debouncer:inst39|Register:inst2|inst                                                                  ; CLK                                                     ; CLK         ; 0.000        ; 0.067      ; 0.558      ;
; 0.349 ; KPVGA:inst15|VGAPer:inst|RegisterX:inst11|data[4]                     ; KPVGA:inst15|VGAPer:inst|RegisterX:inst11|data[4]                                                                                      ; CLK                                                     ; CLK         ; 0.000        ; 0.054      ; 0.547      ;
; 0.350 ; KPTastature:inst11|KeyFetch:inst|RisingEdgeDetector:inst38|inst       ; KPTastature:inst11|KeyFetch:inst|RisingEdgeDetector:inst38|inst1                                                                       ; CLK                                                     ; CLK         ; 0.000        ; 0.055      ; 0.549      ;
; 0.352 ; KPTastature:inst11|inst41                                             ; KPTastature:inst11|RisingEdgeDetector:inst48|inst                                                                                      ; CLK                                                     ; CLK         ; 0.000        ; 0.055      ; 0.551      ;
; 0.352 ; CPU:inst|RegisterX:inst28|data[0]                                     ; memTest:inst9|altsyncram:altsyncram_component|altsyncram_s0t3:auto_generated|ram_block1a29~porta_address_reg0                          ; CLK                                                     ; CLK         ; 0.000        ; 0.341      ; 0.862      ;
; 0.353 ; KPTastature:inst11|KeyFetch:inst|RisingEdgeDetector:inst38|inst       ; KPTastature:inst11|KeyFetch:inst|inst28                                                                                                ; CLK                                                     ; CLK         ; 0.000        ; 0.055      ; 0.552      ;
; 0.353 ; KPTastature:inst11|KeyFetch:inst|inst4                                ; KPTastature:inst11|KeyFetch:inst|inst33                                                                                                ; KPTastature:inst11|KeyFetch:inst|Debouncer:inst39|inst1 ; CLK         ; 0.000        ; 0.481      ; 1.008      ;
; 0.353 ; KPTastature:inst11|KeyFetch:inst|inst2                                ; KPTastature:inst11|KeyFetch:inst|inst31                                                                                                ; KPTastature:inst11|KeyFetch:inst|Debouncer:inst39|inst1 ; CLK         ; 0.000        ; 0.481      ; 1.008      ;
; 0.354 ; KPVGA:inst15|VGAPer:inst|RegisterX:inst10|data[4]                     ; KPVGA:inst15|VGAPer:inst|RegisterX:inst10|data[4]                                                                                      ; CLK                                                     ; CLK         ; 0.000        ; 0.055      ; 0.553      ;
; 0.363 ; KPHex:inst12|RegisterX:inst30|data[3]                                 ; seven_segment_display:inst18|seg_reg[3]                                                                                                ; CLK                                                     ; CLK         ; 0.000        ; 0.055      ; 0.562      ;
; 0.367 ; KPHex:inst12|RegisterX:inst30|data[6]                                 ; seven_segment_display:inst19|seg_reg[6]                                                                                                ; CLK                                                     ; CLK         ; 0.000        ; 0.055      ; 0.566      ;
; 0.367 ; KPHex:inst12|RegisterX:inst30|data[6]                                 ; seven_segment_display:inst19|seg_reg[5]                                                                                                ; CLK                                                     ; CLK         ; 0.000        ; 0.055      ; 0.566      ;
; 0.367 ; KPHex:inst12|RegisterX:inst30|data[6]                                 ; seven_segment_display:inst19|seg_reg[0]                                                                                                ; CLK                                                     ; CLK         ; 0.000        ; 0.055      ; 0.566      ;
; 0.368 ; KPHex:inst12|RegisterX:inst30|data[6]                                 ; seven_segment_display:inst19|seg_reg[4]                                                                                                ; CLK                                                     ; CLK         ; 0.000        ; 0.055      ; 0.567      ;
; 0.368 ; KPHex:inst12|RegisterX:inst30|data[6]                                 ; seven_segment_display:inst19|seg_reg[3]                                                                                                ; CLK                                                     ; CLK         ; 0.000        ; 0.055      ; 0.567      ;
; 0.368 ; KPHex:inst12|RegisterX:inst30|data[6]                                 ; seven_segment_display:inst19|seg_reg[2]                                                                                                ; CLK                                                     ; CLK         ; 0.000        ; 0.055      ; 0.567      ;
; 0.368 ; KPHex:inst12|RegisterX:inst30|data[3]                                 ; seven_segment_display:inst18|seg_reg[6]                                                                                                ; CLK                                                     ; CLK         ; 0.000        ; 0.055      ; 0.567      ;
+-------+-----------------------------------------------------------------------+----------------------------------------------------------------------------------------------------------------------------------------+---------------------------------------------------------+-------------+--------------+------------+------------+


+--------------------------------------------------------------------------------------------------------------------------------------------------------------------------------------------------------------------------------------------------------+
; Slow 1200mV 0C Model Hold: 'KPTastature:inst11|KeyFetch:inst|Debouncer:inst39|inst1'                                                                                                                                                                   ;
+-------+-----------------------------------------+-----------------------------------------+---------------------------------------------------------+---------------------------------------------------------+--------------+------------+------------+
; Slack ; From Node                               ; To Node                                 ; Launch Clock                                            ; Latch Clock                                             ; Relationship ; Clock Skew ; Data Delay ;
+-------+-----------------------------------------+-----------------------------------------+---------------------------------------------------------+---------------------------------------------------------+--------------+------------+------------+
; 0.343 ; KPTastature:inst11|KeyFetch:inst|inst17 ; KPTastature:inst11|KeyFetch:inst|inst18 ; KPTastature:inst11|KeyFetch:inst|Debouncer:inst39|inst1 ; KPTastature:inst11|KeyFetch:inst|Debouncer:inst39|inst1 ; 0.000        ; 0.055      ; 0.542      ;
; 0.343 ; KPTastature:inst11|KeyFetch:inst|inst14 ; KPTastature:inst11|KeyFetch:inst|inst15 ; KPTastature:inst11|KeyFetch:inst|Debouncer:inst39|inst1 ; KPTastature:inst11|KeyFetch:inst|Debouncer:inst39|inst1 ; 0.000        ; 0.055      ; 0.542      ;
; 0.346 ; KPTastature:inst11|KeyFetch:inst|inst12 ; KPTastature:inst11|KeyFetch:inst|inst13 ; KPTastature:inst11|KeyFetch:inst|Debouncer:inst39|inst1 ; KPTastature:inst11|KeyFetch:inst|Debouncer:inst39|inst1 ; 0.000        ; 0.055      ; 0.545      ;
; 0.357 ; KPTastature:inst11|KeyFetch:inst|inst7  ; KPTastature:inst11|KeyFetch:inst|inst8  ; KPTastature:inst11|KeyFetch:inst|Debouncer:inst39|inst1 ; KPTastature:inst11|KeyFetch:inst|Debouncer:inst39|inst1 ; 0.000        ; 0.055      ; 0.556      ;
; 0.357 ; KPTastature:inst11|KeyFetch:inst|inst2  ; KPTastature:inst11|KeyFetch:inst|inst3  ; KPTastature:inst11|KeyFetch:inst|Debouncer:inst39|inst1 ; KPTastature:inst11|KeyFetch:inst|Debouncer:inst39|inst1 ; 0.000        ; 0.055      ; 0.556      ;
; 0.439 ; KPTastature:inst11|KeyFetch:inst|inst10 ; KPTastature:inst11|KeyFetch:inst|inst11 ; KPTastature:inst11|KeyFetch:inst|Debouncer:inst39|inst1 ; KPTastature:inst11|KeyFetch:inst|Debouncer:inst39|inst1 ; 0.000        ; 0.055      ; 0.638      ;
; 0.449 ; KPTastature:inst11|KeyFetch:inst|inst1  ; KPTastature:inst11|KeyFetch:inst|inst2  ; KPTastature:inst11|KeyFetch:inst|Debouncer:inst39|inst1 ; KPTastature:inst11|KeyFetch:inst|Debouncer:inst39|inst1 ; 0.000        ; 0.055      ; 0.648      ;
; 0.449 ; KPTastature:inst11|KeyFetch:inst|inst13 ; KPTastature:inst11|KeyFetch:inst|inst14 ; KPTastature:inst11|KeyFetch:inst|Debouncer:inst39|inst1 ; KPTastature:inst11|KeyFetch:inst|Debouncer:inst39|inst1 ; 0.000        ; 0.055      ; 0.648      ;
; 0.480 ; KPTastature:inst11|KeyFetch:inst|inst16 ; KPTastature:inst11|KeyFetch:inst|inst17 ; KPTastature:inst11|KeyFetch:inst|Debouncer:inst39|inst1 ; KPTastature:inst11|KeyFetch:inst|Debouncer:inst39|inst1 ; 0.000        ; 0.055      ; 0.679      ;
; 0.483 ; KPTastature:inst11|KeyFetch:inst|inst4  ; KPTastature:inst11|KeyFetch:inst|inst5  ; KPTastature:inst11|KeyFetch:inst|Debouncer:inst39|inst1 ; KPTastature:inst11|KeyFetch:inst|Debouncer:inst39|inst1 ; 0.000        ; 0.055      ; 0.682      ;
; 0.507 ; KPTastature:inst11|KeyFetch:inst|inst18 ; KPTastature:inst11|KeyFetch:inst|inst19 ; KPTastature:inst11|KeyFetch:inst|Debouncer:inst39|inst1 ; KPTastature:inst11|KeyFetch:inst|Debouncer:inst39|inst1 ; 0.000        ; 0.056      ; 0.707      ;
; 0.585 ; KPTastature:inst11|KeyFetch:inst|inst11 ; KPTastature:inst11|KeyFetch:inst|inst12 ; KPTastature:inst11|KeyFetch:inst|Debouncer:inst39|inst1 ; KPTastature:inst11|KeyFetch:inst|Debouncer:inst39|inst1 ; 0.000        ; 0.055      ; 0.784      ;
; 0.607 ; KPTastature:inst11|KeyFetch:inst|inst15 ; KPTastature:inst11|KeyFetch:inst|inst16 ; KPTastature:inst11|KeyFetch:inst|Debouncer:inst39|inst1 ; KPTastature:inst11|KeyFetch:inst|Debouncer:inst39|inst1 ; 0.000        ; 0.055      ; 0.806      ;
; 0.677 ; KPTastature:inst11|KeyFetch:inst|inst3  ; KPTastature:inst11|KeyFetch:inst|inst4  ; KPTastature:inst11|KeyFetch:inst|Debouncer:inst39|inst1 ; KPTastature:inst11|KeyFetch:inst|Debouncer:inst39|inst1 ; 0.000        ; 0.055      ; 0.876      ;
; 0.703 ; KPTastature:inst11|KeyFetch:inst|inst18 ; KPTastature:inst11|KeyFetch:inst|inst10 ; KPTastature:inst11|KeyFetch:inst|Debouncer:inst39|inst1 ; KPTastature:inst11|KeyFetch:inst|Debouncer:inst39|inst1 ; 0.000        ; 0.055      ; 0.902      ;
; 0.730 ; KPTastature:inst11|KeyFetch:inst|inst5  ; KPTastature:inst11|KeyFetch:inst|inst6  ; KPTastature:inst11|KeyFetch:inst|Debouncer:inst39|inst1 ; KPTastature:inst11|KeyFetch:inst|Debouncer:inst39|inst1 ; 0.000        ; 0.052      ; 0.926      ;
; 0.737 ; KPTastature:inst11|KeyFetch:inst|inst   ; KPTastature:inst11|KeyFetch:inst|inst1  ; KPTastature:inst11|KeyFetch:inst|Debouncer:inst39|inst1 ; KPTastature:inst11|KeyFetch:inst|Debouncer:inst39|inst1 ; 0.000        ; 0.058      ; 0.939      ;
; 0.737 ; KPTastature:inst11|KeyFetch:inst|inst15 ; KPTastature:inst11|KeyFetch:inst|inst10 ; KPTastature:inst11|KeyFetch:inst|Debouncer:inst39|inst1 ; KPTastature:inst11|KeyFetch:inst|Debouncer:inst39|inst1 ; 0.000        ; 0.055      ; 0.936      ;
; 0.741 ; KPTastature:inst11|KeyFetch:inst|inst6  ; KPTastature:inst11|KeyFetch:inst|inst7  ; KPTastature:inst11|KeyFetch:inst|Debouncer:inst39|inst1 ; KPTastature:inst11|KeyFetch:inst|Debouncer:inst39|inst1 ; 0.000        ; 0.058      ; 0.943      ;
; 0.744 ; KPTastature:inst11|KeyFetch:inst|inst19 ; KPTastature:inst11|KeyFetch:inst|inst10 ; KPTastature:inst11|KeyFetch:inst|Debouncer:inst39|inst1 ; KPTastature:inst11|KeyFetch:inst|Debouncer:inst39|inst1 ; 0.000        ; 0.055      ; 0.943      ;
; 0.783 ; KPTastature:inst11|KeyFetch:inst|inst12 ; KPTastature:inst11|KeyFetch:inst|inst10 ; KPTastature:inst11|KeyFetch:inst|Debouncer:inst39|inst1 ; KPTastature:inst11|KeyFetch:inst|Debouncer:inst39|inst1 ; 0.000        ; 0.055      ; 0.982      ;
; 0.828 ; KPTastature:inst11|KeyFetch:inst|inst16 ; KPTastature:inst11|KeyFetch:inst|inst10 ; KPTastature:inst11|KeyFetch:inst|Debouncer:inst39|inst1 ; KPTastature:inst11|KeyFetch:inst|Debouncer:inst39|inst1 ; 0.000        ; 0.055      ; 1.027      ;
; 0.839 ; KPTastature:inst11|KeyFetch:inst|inst17 ; KPTastature:inst11|KeyFetch:inst|inst10 ; KPTastature:inst11|KeyFetch:inst|Debouncer:inst39|inst1 ; KPTastature:inst11|KeyFetch:inst|Debouncer:inst39|inst1 ; 0.000        ; 0.055      ; 1.038      ;
; 0.874 ; KPTastature:inst11|KeyFetch:inst|inst10 ; KPTastature:inst11|KeyFetch:inst|inst10 ; KPTastature:inst11|KeyFetch:inst|Debouncer:inst39|inst1 ; KPTastature:inst11|KeyFetch:inst|Debouncer:inst39|inst1 ; 0.000        ; 0.055      ; 1.073      ;
; 0.963 ; KPTastature:inst11|KeyFetch:inst|inst14 ; KPTastature:inst11|KeyFetch:inst|inst10 ; KPTastature:inst11|KeyFetch:inst|Debouncer:inst39|inst1 ; KPTastature:inst11|KeyFetch:inst|Debouncer:inst39|inst1 ; 0.000        ; 0.055      ; 1.162      ;
; 1.002 ; KPTastature:inst11|KeyFetch:inst|inst   ; KPTastature:inst11|KeyFetch:inst|inst10 ; KPTastature:inst11|KeyFetch:inst|Debouncer:inst39|inst1 ; KPTastature:inst11|KeyFetch:inst|Debouncer:inst39|inst1 ; 0.000        ; 0.055      ; 1.201      ;
; 1.036 ; KPTastature:inst11|KeyFetch:inst|inst11 ; KPTastature:inst11|KeyFetch:inst|inst10 ; KPTastature:inst11|KeyFetch:inst|Debouncer:inst39|inst1 ; KPTastature:inst11|KeyFetch:inst|Debouncer:inst39|inst1 ; 0.000        ; 0.055      ; 1.235      ;
; 1.102 ; KPTastature:inst11|KeyFetch:inst|inst13 ; KPTastature:inst11|KeyFetch:inst|inst10 ; KPTastature:inst11|KeyFetch:inst|Debouncer:inst39|inst1 ; KPTastature:inst11|KeyFetch:inst|Debouncer:inst39|inst1 ; 0.000        ; 0.055      ; 1.301      ;
+-------+-----------------------------------------+-----------------------------------------+---------------------------------------------------------+---------------------------------------------------------+--------------+------------+------------+


+---------------------------------------------------------------------------------------------------------------------------------+
; Slow 1200mV 0C Model Recovery: 'CLK'                                                                                            ;
+--------+---------------------------------+----------------+--------------+-------------+--------------+------------+------------+
; Slack  ; From Node                       ; To Node        ; Launch Clock ; Latch Clock ; Relationship ; Clock Skew ; Data Delay ;
+--------+---------------------------------+----------------+--------------+-------------+--------------+------------+------------+
; -0.175 ; CPU:inst|pulse_gen:inst64|pulse ; CPU:inst|inst6 ; CLK          ; CLK         ; 1.000        ; -0.067     ; 1.103      ;
+--------+---------------------------------+----------------+--------------+-------------+--------------+------------+------------+


+--------------------------------------------------------------------------------------------------------------------------------+
; Slow 1200mV 0C Model Removal: 'CLK'                                                                                            ;
+-------+---------------------------------+----------------+--------------+-------------+--------------+------------+------------+
; Slack ; From Node                       ; To Node        ; Launch Clock ; Latch Clock ; Relationship ; Clock Skew ; Data Delay ;
+-------+---------------------------------+----------------+--------------+-------------+--------------+------------+------------+
; 0.768 ; CPU:inst|pulse_gen:inst64|pulse ; CPU:inst|inst6 ; CLK          ; CLK         ; 0.000        ; 0.067      ; 0.979      ;
+-------+---------------------------------+----------------+--------------+-------------+--------------+------------+------------+


+-------------------------------------------------------------------------------------------------------------------------------------------------------------------------------------------------------------------+
; Slow 1200mV 0C Model Minimum Pulse Width: 'CLK'                                                                                                                                                                   ;
+--------+--------------+----------------+------------+-------+------------+----------------------------------------------------------------------------------------------------------------------------------------+
; Slack  ; Actual Width ; Required Width ; Type       ; Clock ; Clock Edge ; Target                                                                                                                                 ;
+--------+--------------+----------------+------------+-------+------------+----------------------------------------------------------------------------------------------------------------------------------------+
; -3.000 ; 1.000        ; 4.000          ; Port Rate  ; CLK   ; Rise       ; CLK                                                                                                                                    ;
; -2.174 ; 1.000        ; 3.174          ; Min Period ; CLK   ; Rise       ; KPVGA:inst15|VGAPer:inst|VideoRAM:inst9|altsyncram:altsyncram_component|altsyncram_tat3:auto_generated|ram_block1a0~porta_address_reg0 ;
; -2.174 ; 1.000        ; 3.174          ; Min Period ; CLK   ; Rise       ; KPVGA:inst15|VGAPer:inst|VideoRAM:inst9|altsyncram:altsyncram_component|altsyncram_tat3:auto_generated|ram_block1a0~porta_datain_reg0  ;
; -2.174 ; 1.000        ; 3.174          ; Min Period ; CLK   ; Rise       ; KPVGA:inst15|VGAPer:inst|VideoRAM:inst9|altsyncram:altsyncram_component|altsyncram_tat3:auto_generated|ram_block1a0~porta_re_reg       ;
; -2.174 ; 1.000        ; 3.174          ; Min Period ; CLK   ; Rise       ; KPVGA:inst15|VGAPer:inst|VideoRAM:inst9|altsyncram:altsyncram_component|altsyncram_tat3:auto_generated|ram_block1a0~porta_we_reg       ;
; -2.174 ; 1.000        ; 3.174          ; Min Period ; CLK   ; Rise       ; memTest:inst9|altsyncram:altsyncram_component|altsyncram_s0t3:auto_generated|ram_block1a0~porta_address_reg0                           ;
; -2.174 ; 1.000        ; 3.174          ; Min Period ; CLK   ; Rise       ; memTest:inst9|altsyncram:altsyncram_component|altsyncram_s0t3:auto_generated|ram_block1a0~porta_datain_reg0                            ;
; -2.174 ; 1.000        ; 3.174          ; Min Period ; CLK   ; Rise       ; memTest:inst9|altsyncram:altsyncram_component|altsyncram_s0t3:auto_generated|ram_block1a0~porta_re_reg                                 ;
; -2.174 ; 1.000        ; 3.174          ; Min Period ; CLK   ; Rise       ; memTest:inst9|altsyncram:altsyncram_component|altsyncram_s0t3:auto_generated|ram_block1a0~porta_we_reg                                 ;
; -2.174 ; 1.000        ; 3.174          ; Min Period ; CLK   ; Rise       ; memTest:inst9|altsyncram:altsyncram_component|altsyncram_s0t3:auto_generated|ram_block1a10~porta_address_reg0                          ;
; -2.174 ; 1.000        ; 3.174          ; Min Period ; CLK   ; Rise       ; memTest:inst9|altsyncram:altsyncram_component|altsyncram_s0t3:auto_generated|ram_block1a10~porta_datain_reg0                           ;
; -2.174 ; 1.000        ; 3.174          ; Min Period ; CLK   ; Rise       ; memTest:inst9|altsyncram:altsyncram_component|altsyncram_s0t3:auto_generated|ram_block1a10~porta_re_reg                                ;
; -2.174 ; 1.000        ; 3.174          ; Min Period ; CLK   ; Rise       ; memTest:inst9|altsyncram:altsyncram_component|altsyncram_s0t3:auto_generated|ram_block1a10~porta_we_reg                                ;
; -2.174 ; 1.000        ; 3.174          ; Min Period ; CLK   ; Rise       ; memTest:inst9|altsyncram:altsyncram_component|altsyncram_s0t3:auto_generated|ram_block1a11~porta_address_reg0                          ;
; -2.174 ; 1.000        ; 3.174          ; Min Period ; CLK   ; Rise       ; memTest:inst9|altsyncram:altsyncram_component|altsyncram_s0t3:auto_generated|ram_block1a11~porta_datain_reg0                           ;
; -2.174 ; 1.000        ; 3.174          ; Min Period ; CLK   ; Rise       ; memTest:inst9|altsyncram:altsyncram_component|altsyncram_s0t3:auto_generated|ram_block1a11~porta_re_reg                                ;
; -2.174 ; 1.000        ; 3.174          ; Min Period ; CLK   ; Rise       ; memTest:inst9|altsyncram:altsyncram_component|altsyncram_s0t3:auto_generated|ram_block1a11~porta_we_reg                                ;
; -2.174 ; 1.000        ; 3.174          ; Min Period ; CLK   ; Rise       ; memTest:inst9|altsyncram:altsyncram_component|altsyncram_s0t3:auto_generated|ram_block1a12~porta_address_reg0                          ;
; -2.174 ; 1.000        ; 3.174          ; Min Period ; CLK   ; Rise       ; memTest:inst9|altsyncram:altsyncram_component|altsyncram_s0t3:auto_generated|ram_block1a12~porta_datain_reg0                           ;
; -2.174 ; 1.000        ; 3.174          ; Min Period ; CLK   ; Rise       ; memTest:inst9|altsyncram:altsyncram_component|altsyncram_s0t3:auto_generated|ram_block1a12~porta_re_reg                                ;
; -2.174 ; 1.000        ; 3.174          ; Min Period ; CLK   ; Rise       ; memTest:inst9|altsyncram:altsyncram_component|altsyncram_s0t3:auto_generated|ram_block1a12~porta_we_reg                                ;
; -2.174 ; 1.000        ; 3.174          ; Min Period ; CLK   ; Rise       ; memTest:inst9|altsyncram:altsyncram_component|altsyncram_s0t3:auto_generated|ram_block1a13~porta_address_reg0                          ;
; -2.174 ; 1.000        ; 3.174          ; Min Period ; CLK   ; Rise       ; memTest:inst9|altsyncram:altsyncram_component|altsyncram_s0t3:auto_generated|ram_block1a13~porta_datain_reg0                           ;
; -2.174 ; 1.000        ; 3.174          ; Min Period ; CLK   ; Rise       ; memTest:inst9|altsyncram:altsyncram_component|altsyncram_s0t3:auto_generated|ram_block1a13~porta_re_reg                                ;
; -2.174 ; 1.000        ; 3.174          ; Min Period ; CLK   ; Rise       ; memTest:inst9|altsyncram:altsyncram_component|altsyncram_s0t3:auto_generated|ram_block1a13~porta_we_reg                                ;
; -2.174 ; 1.000        ; 3.174          ; Min Period ; CLK   ; Rise       ; memTest:inst9|altsyncram:altsyncram_component|altsyncram_s0t3:auto_generated|ram_block1a14~porta_address_reg0                          ;
; -2.174 ; 1.000        ; 3.174          ; Min Period ; CLK   ; Rise       ; memTest:inst9|altsyncram:altsyncram_component|altsyncram_s0t3:auto_generated|ram_block1a14~porta_datain_reg0                           ;
; -2.174 ; 1.000        ; 3.174          ; Min Period ; CLK   ; Rise       ; memTest:inst9|altsyncram:altsyncram_component|altsyncram_s0t3:auto_generated|ram_block1a14~porta_re_reg                                ;
; -2.174 ; 1.000        ; 3.174          ; Min Period ; CLK   ; Rise       ; memTest:inst9|altsyncram:altsyncram_component|altsyncram_s0t3:auto_generated|ram_block1a14~porta_we_reg                                ;
; -2.174 ; 1.000        ; 3.174          ; Min Period ; CLK   ; Rise       ; memTest:inst9|altsyncram:altsyncram_component|altsyncram_s0t3:auto_generated|ram_block1a15~porta_address_reg0                          ;
; -2.174 ; 1.000        ; 3.174          ; Min Period ; CLK   ; Rise       ; memTest:inst9|altsyncram:altsyncram_component|altsyncram_s0t3:auto_generated|ram_block1a15~porta_datain_reg0                           ;
; -2.174 ; 1.000        ; 3.174          ; Min Period ; CLK   ; Rise       ; memTest:inst9|altsyncram:altsyncram_component|altsyncram_s0t3:auto_generated|ram_block1a15~porta_re_reg                                ;
; -2.174 ; 1.000        ; 3.174          ; Min Period ; CLK   ; Rise       ; memTest:inst9|altsyncram:altsyncram_component|altsyncram_s0t3:auto_generated|ram_block1a15~porta_we_reg                                ;
; -2.174 ; 1.000        ; 3.174          ; Min Period ; CLK   ; Rise       ; memTest:inst9|altsyncram:altsyncram_component|altsyncram_s0t3:auto_generated|ram_block1a16~porta_address_reg0                          ;
; -2.174 ; 1.000        ; 3.174          ; Min Period ; CLK   ; Rise       ; memTest:inst9|altsyncram:altsyncram_component|altsyncram_s0t3:auto_generated|ram_block1a16~porta_datain_reg0                           ;
; -2.174 ; 1.000        ; 3.174          ; Min Period ; CLK   ; Rise       ; memTest:inst9|altsyncram:altsyncram_component|altsyncram_s0t3:auto_generated|ram_block1a16~porta_re_reg                                ;
; -2.174 ; 1.000        ; 3.174          ; Min Period ; CLK   ; Rise       ; memTest:inst9|altsyncram:altsyncram_component|altsyncram_s0t3:auto_generated|ram_block1a16~porta_we_reg                                ;
; -2.174 ; 1.000        ; 3.174          ; Min Period ; CLK   ; Rise       ; memTest:inst9|altsyncram:altsyncram_component|altsyncram_s0t3:auto_generated|ram_block1a17~porta_address_reg0                          ;
; -2.174 ; 1.000        ; 3.174          ; Min Period ; CLK   ; Rise       ; memTest:inst9|altsyncram:altsyncram_component|altsyncram_s0t3:auto_generated|ram_block1a17~porta_datain_reg0                           ;
; -2.174 ; 1.000        ; 3.174          ; Min Period ; CLK   ; Rise       ; memTest:inst9|altsyncram:altsyncram_component|altsyncram_s0t3:auto_generated|ram_block1a17~porta_re_reg                                ;
; -2.174 ; 1.000        ; 3.174          ; Min Period ; CLK   ; Rise       ; memTest:inst9|altsyncram:altsyncram_component|altsyncram_s0t3:auto_generated|ram_block1a17~porta_we_reg                                ;
; -2.174 ; 1.000        ; 3.174          ; Min Period ; CLK   ; Rise       ; memTest:inst9|altsyncram:altsyncram_component|altsyncram_s0t3:auto_generated|ram_block1a18~porta_address_reg0                          ;
; -2.174 ; 1.000        ; 3.174          ; Min Period ; CLK   ; Rise       ; memTest:inst9|altsyncram:altsyncram_component|altsyncram_s0t3:auto_generated|ram_block1a18~porta_datain_reg0                           ;
; -2.174 ; 1.000        ; 3.174          ; Min Period ; CLK   ; Rise       ; memTest:inst9|altsyncram:altsyncram_component|altsyncram_s0t3:auto_generated|ram_block1a18~porta_re_reg                                ;
; -2.174 ; 1.000        ; 3.174          ; Min Period ; CLK   ; Rise       ; memTest:inst9|altsyncram:altsyncram_component|altsyncram_s0t3:auto_generated|ram_block1a18~porta_we_reg                                ;
; -2.174 ; 1.000        ; 3.174          ; Min Period ; CLK   ; Rise       ; memTest:inst9|altsyncram:altsyncram_component|altsyncram_s0t3:auto_generated|ram_block1a19~porta_address_reg0                          ;
; -2.174 ; 1.000        ; 3.174          ; Min Period ; CLK   ; Rise       ; memTest:inst9|altsyncram:altsyncram_component|altsyncram_s0t3:auto_generated|ram_block1a19~porta_datain_reg0                           ;
; -2.174 ; 1.000        ; 3.174          ; Min Period ; CLK   ; Rise       ; memTest:inst9|altsyncram:altsyncram_component|altsyncram_s0t3:auto_generated|ram_block1a19~porta_re_reg                                ;
; -2.174 ; 1.000        ; 3.174          ; Min Period ; CLK   ; Rise       ; memTest:inst9|altsyncram:altsyncram_component|altsyncram_s0t3:auto_generated|ram_block1a19~porta_we_reg                                ;
; -2.174 ; 1.000        ; 3.174          ; Min Period ; CLK   ; Rise       ; memTest:inst9|altsyncram:altsyncram_component|altsyncram_s0t3:auto_generated|ram_block1a1~porta_address_reg0                           ;
; -2.174 ; 1.000        ; 3.174          ; Min Period ; CLK   ; Rise       ; memTest:inst9|altsyncram:altsyncram_component|altsyncram_s0t3:auto_generated|ram_block1a1~porta_datain_reg0                            ;
; -2.174 ; 1.000        ; 3.174          ; Min Period ; CLK   ; Rise       ; memTest:inst9|altsyncram:altsyncram_component|altsyncram_s0t3:auto_generated|ram_block1a1~porta_re_reg                                 ;
; -2.174 ; 1.000        ; 3.174          ; Min Period ; CLK   ; Rise       ; memTest:inst9|altsyncram:altsyncram_component|altsyncram_s0t3:auto_generated|ram_block1a1~porta_we_reg                                 ;
; -2.174 ; 1.000        ; 3.174          ; Min Period ; CLK   ; Rise       ; memTest:inst9|altsyncram:altsyncram_component|altsyncram_s0t3:auto_generated|ram_block1a20~porta_address_reg0                          ;
; -2.174 ; 1.000        ; 3.174          ; Min Period ; CLK   ; Rise       ; memTest:inst9|altsyncram:altsyncram_component|altsyncram_s0t3:auto_generated|ram_block1a20~porta_datain_reg0                           ;
; -2.174 ; 1.000        ; 3.174          ; Min Period ; CLK   ; Rise       ; memTest:inst9|altsyncram:altsyncram_component|altsyncram_s0t3:auto_generated|ram_block1a20~porta_re_reg                                ;
; -2.174 ; 1.000        ; 3.174          ; Min Period ; CLK   ; Rise       ; memTest:inst9|altsyncram:altsyncram_component|altsyncram_s0t3:auto_generated|ram_block1a20~porta_we_reg                                ;
; -2.174 ; 1.000        ; 3.174          ; Min Period ; CLK   ; Rise       ; memTest:inst9|altsyncram:altsyncram_component|altsyncram_s0t3:auto_generated|ram_block1a21~porta_address_reg0                          ;
; -2.174 ; 1.000        ; 3.174          ; Min Period ; CLK   ; Rise       ; memTest:inst9|altsyncram:altsyncram_component|altsyncram_s0t3:auto_generated|ram_block1a21~porta_datain_reg0                           ;
; -2.174 ; 1.000        ; 3.174          ; Min Period ; CLK   ; Rise       ; memTest:inst9|altsyncram:altsyncram_component|altsyncram_s0t3:auto_generated|ram_block1a21~porta_re_reg                                ;
; -2.174 ; 1.000        ; 3.174          ; Min Period ; CLK   ; Rise       ; memTest:inst9|altsyncram:altsyncram_component|altsyncram_s0t3:auto_generated|ram_block1a21~porta_we_reg                                ;
; -2.174 ; 1.000        ; 3.174          ; Min Period ; CLK   ; Rise       ; memTest:inst9|altsyncram:altsyncram_component|altsyncram_s0t3:auto_generated|ram_block1a22~porta_address_reg0                          ;
; -2.174 ; 1.000        ; 3.174          ; Min Period ; CLK   ; Rise       ; memTest:inst9|altsyncram:altsyncram_component|altsyncram_s0t3:auto_generated|ram_block1a22~porta_datain_reg0                           ;
; -2.174 ; 1.000        ; 3.174          ; Min Period ; CLK   ; Rise       ; memTest:inst9|altsyncram:altsyncram_component|altsyncram_s0t3:auto_generated|ram_block1a22~porta_re_reg                                ;
; -2.174 ; 1.000        ; 3.174          ; Min Period ; CLK   ; Rise       ; memTest:inst9|altsyncram:altsyncram_component|altsyncram_s0t3:auto_generated|ram_block1a22~porta_we_reg                                ;
; -2.174 ; 1.000        ; 3.174          ; Min Period ; CLK   ; Rise       ; memTest:inst9|altsyncram:altsyncram_component|altsyncram_s0t3:auto_generated|ram_block1a23~porta_address_reg0                          ;
; -2.174 ; 1.000        ; 3.174          ; Min Period ; CLK   ; Rise       ; memTest:inst9|altsyncram:altsyncram_component|altsyncram_s0t3:auto_generated|ram_block1a23~porta_datain_reg0                           ;
; -2.174 ; 1.000        ; 3.174          ; Min Period ; CLK   ; Rise       ; memTest:inst9|altsyncram:altsyncram_component|altsyncram_s0t3:auto_generated|ram_block1a23~porta_re_reg                                ;
; -2.174 ; 1.000        ; 3.174          ; Min Period ; CLK   ; Rise       ; memTest:inst9|altsyncram:altsyncram_component|altsyncram_s0t3:auto_generated|ram_block1a23~porta_we_reg                                ;
; -2.174 ; 1.000        ; 3.174          ; Min Period ; CLK   ; Rise       ; memTest:inst9|altsyncram:altsyncram_component|altsyncram_s0t3:auto_generated|ram_block1a24~porta_address_reg0                          ;
; -2.174 ; 1.000        ; 3.174          ; Min Period ; CLK   ; Rise       ; memTest:inst9|altsyncram:altsyncram_component|altsyncram_s0t3:auto_generated|ram_block1a24~porta_datain_reg0                           ;
; -2.174 ; 1.000        ; 3.174          ; Min Period ; CLK   ; Rise       ; memTest:inst9|altsyncram:altsyncram_component|altsyncram_s0t3:auto_generated|ram_block1a24~porta_re_reg                                ;
; -2.174 ; 1.000        ; 3.174          ; Min Period ; CLK   ; Rise       ; memTest:inst9|altsyncram:altsyncram_component|altsyncram_s0t3:auto_generated|ram_block1a24~porta_we_reg                                ;
; -2.174 ; 1.000        ; 3.174          ; Min Period ; CLK   ; Rise       ; memTest:inst9|altsyncram:altsyncram_component|altsyncram_s0t3:auto_generated|ram_block1a25~porta_address_reg0                          ;
; -2.174 ; 1.000        ; 3.174          ; Min Period ; CLK   ; Rise       ; memTest:inst9|altsyncram:altsyncram_component|altsyncram_s0t3:auto_generated|ram_block1a25~porta_datain_reg0                           ;
; -2.174 ; 1.000        ; 3.174          ; Min Period ; CLK   ; Rise       ; memTest:inst9|altsyncram:altsyncram_component|altsyncram_s0t3:auto_generated|ram_block1a25~porta_re_reg                                ;
; -2.174 ; 1.000        ; 3.174          ; Min Period ; CLK   ; Rise       ; memTest:inst9|altsyncram:altsyncram_component|altsyncram_s0t3:auto_generated|ram_block1a25~porta_we_reg                                ;
; -2.174 ; 1.000        ; 3.174          ; Min Period ; CLK   ; Rise       ; memTest:inst9|altsyncram:altsyncram_component|altsyncram_s0t3:auto_generated|ram_block1a26~porta_address_reg0                          ;
; -2.174 ; 1.000        ; 3.174          ; Min Period ; CLK   ; Rise       ; memTest:inst9|altsyncram:altsyncram_component|altsyncram_s0t3:auto_generated|ram_block1a26~porta_datain_reg0                           ;
; -2.174 ; 1.000        ; 3.174          ; Min Period ; CLK   ; Rise       ; memTest:inst9|altsyncram:altsyncram_component|altsyncram_s0t3:auto_generated|ram_block1a26~porta_re_reg                                ;
; -2.174 ; 1.000        ; 3.174          ; Min Period ; CLK   ; Rise       ; memTest:inst9|altsyncram:altsyncram_component|altsyncram_s0t3:auto_generated|ram_block1a26~porta_we_reg                                ;
; -2.174 ; 1.000        ; 3.174          ; Min Period ; CLK   ; Rise       ; memTest:inst9|altsyncram:altsyncram_component|altsyncram_s0t3:auto_generated|ram_block1a27~porta_address_reg0                          ;
; -2.174 ; 1.000        ; 3.174          ; Min Period ; CLK   ; Rise       ; memTest:inst9|altsyncram:altsyncram_component|altsyncram_s0t3:auto_generated|ram_block1a27~porta_datain_reg0                           ;
; -2.174 ; 1.000        ; 3.174          ; Min Period ; CLK   ; Rise       ; memTest:inst9|altsyncram:altsyncram_component|altsyncram_s0t3:auto_generated|ram_block1a27~porta_re_reg                                ;
; -2.174 ; 1.000        ; 3.174          ; Min Period ; CLK   ; Rise       ; memTest:inst9|altsyncram:altsyncram_component|altsyncram_s0t3:auto_generated|ram_block1a27~porta_we_reg                                ;
; -2.174 ; 1.000        ; 3.174          ; Min Period ; CLK   ; Rise       ; memTest:inst9|altsyncram:altsyncram_component|altsyncram_s0t3:auto_generated|ram_block1a28~porta_address_reg0                          ;
; -2.174 ; 1.000        ; 3.174          ; Min Period ; CLK   ; Rise       ; memTest:inst9|altsyncram:altsyncram_component|altsyncram_s0t3:auto_generated|ram_block1a28~porta_datain_reg0                           ;
; -2.174 ; 1.000        ; 3.174          ; Min Period ; CLK   ; Rise       ; memTest:inst9|altsyncram:altsyncram_component|altsyncram_s0t3:auto_generated|ram_block1a28~porta_re_reg                                ;
; -2.174 ; 1.000        ; 3.174          ; Min Period ; CLK   ; Rise       ; memTest:inst9|altsyncram:altsyncram_component|altsyncram_s0t3:auto_generated|ram_block1a28~porta_we_reg                                ;
; -2.174 ; 1.000        ; 3.174          ; Min Period ; CLK   ; Rise       ; memTest:inst9|altsyncram:altsyncram_component|altsyncram_s0t3:auto_generated|ram_block1a29~porta_address_reg0                          ;
; -2.174 ; 1.000        ; 3.174          ; Min Period ; CLK   ; Rise       ; memTest:inst9|altsyncram:altsyncram_component|altsyncram_s0t3:auto_generated|ram_block1a29~porta_datain_reg0                           ;
; -2.174 ; 1.000        ; 3.174          ; Min Period ; CLK   ; Rise       ; memTest:inst9|altsyncram:altsyncram_component|altsyncram_s0t3:auto_generated|ram_block1a29~porta_re_reg                                ;
; -2.174 ; 1.000        ; 3.174          ; Min Period ; CLK   ; Rise       ; memTest:inst9|altsyncram:altsyncram_component|altsyncram_s0t3:auto_generated|ram_block1a29~porta_we_reg                                ;
; -2.174 ; 1.000        ; 3.174          ; Min Period ; CLK   ; Rise       ; memTest:inst9|altsyncram:altsyncram_component|altsyncram_s0t3:auto_generated|ram_block1a2~porta_address_reg0                           ;
; -2.174 ; 1.000        ; 3.174          ; Min Period ; CLK   ; Rise       ; memTest:inst9|altsyncram:altsyncram_component|altsyncram_s0t3:auto_generated|ram_block1a2~porta_datain_reg0                            ;
; -2.174 ; 1.000        ; 3.174          ; Min Period ; CLK   ; Rise       ; memTest:inst9|altsyncram:altsyncram_component|altsyncram_s0t3:auto_generated|ram_block1a2~porta_re_reg                                 ;
; -2.174 ; 1.000        ; 3.174          ; Min Period ; CLK   ; Rise       ; memTest:inst9|altsyncram:altsyncram_component|altsyncram_s0t3:auto_generated|ram_block1a2~porta_we_reg                                 ;
; -2.174 ; 1.000        ; 3.174          ; Min Period ; CLK   ; Rise       ; memTest:inst9|altsyncram:altsyncram_component|altsyncram_s0t3:auto_generated|ram_block1a30~porta_address_reg0                          ;
; -2.174 ; 1.000        ; 3.174          ; Min Period ; CLK   ; Rise       ; memTest:inst9|altsyncram:altsyncram_component|altsyncram_s0t3:auto_generated|ram_block1a30~porta_datain_reg0                           ;
; -2.174 ; 1.000        ; 3.174          ; Min Period ; CLK   ; Rise       ; memTest:inst9|altsyncram:altsyncram_component|altsyncram_s0t3:auto_generated|ram_block1a30~porta_re_reg                                ;
+--------+--------------+----------------+------------+-------+------------+----------------------------------------------------------------------------------------------------------------------------------------+


+------------------------------------------------------------------------------------------------------------------------------------------------------------------------------+
; Slow 1200mV 0C Model Minimum Pulse Width: 'KPTastature:inst11|KeyFetch:inst|Debouncer:inst39|inst1'                                                                          ;
+--------+--------------+----------------+------------------+---------------------------------------------------------+------------+-------------------------------------------+
; Slack  ; Actual Width ; Required Width ; Type             ; Clock                                                   ; Clock Edge ; Target                                    ;
+--------+--------------+----------------+------------------+---------------------------------------------------------+------------+-------------------------------------------+
; -1.000 ; 1.000        ; 2.000          ; Min Period       ; KPTastature:inst11|KeyFetch:inst|Debouncer:inst39|inst1 ; Rise       ; KPTastature:inst11|KeyFetch:inst|inst     ;
; -1.000 ; 1.000        ; 2.000          ; Min Period       ; KPTastature:inst11|KeyFetch:inst|Debouncer:inst39|inst1 ; Rise       ; KPTastature:inst11|KeyFetch:inst|inst1    ;
; -1.000 ; 1.000        ; 2.000          ; Min Period       ; KPTastature:inst11|KeyFetch:inst|Debouncer:inst39|inst1 ; Rise       ; KPTastature:inst11|KeyFetch:inst|inst10   ;
; -1.000 ; 1.000        ; 2.000          ; Min Period       ; KPTastature:inst11|KeyFetch:inst|Debouncer:inst39|inst1 ; Rise       ; KPTastature:inst11|KeyFetch:inst|inst11   ;
; -1.000 ; 1.000        ; 2.000          ; Min Period       ; KPTastature:inst11|KeyFetch:inst|Debouncer:inst39|inst1 ; Rise       ; KPTastature:inst11|KeyFetch:inst|inst12   ;
; -1.000 ; 1.000        ; 2.000          ; Min Period       ; KPTastature:inst11|KeyFetch:inst|Debouncer:inst39|inst1 ; Rise       ; KPTastature:inst11|KeyFetch:inst|inst13   ;
; -1.000 ; 1.000        ; 2.000          ; Min Period       ; KPTastature:inst11|KeyFetch:inst|Debouncer:inst39|inst1 ; Rise       ; KPTastature:inst11|KeyFetch:inst|inst14   ;
; -1.000 ; 1.000        ; 2.000          ; Min Period       ; KPTastature:inst11|KeyFetch:inst|Debouncer:inst39|inst1 ; Rise       ; KPTastature:inst11|KeyFetch:inst|inst15   ;
; -1.000 ; 1.000        ; 2.000          ; Min Period       ; KPTastature:inst11|KeyFetch:inst|Debouncer:inst39|inst1 ; Rise       ; KPTastature:inst11|KeyFetch:inst|inst16   ;
; -1.000 ; 1.000        ; 2.000          ; Min Period       ; KPTastature:inst11|KeyFetch:inst|Debouncer:inst39|inst1 ; Rise       ; KPTastature:inst11|KeyFetch:inst|inst17   ;
; -1.000 ; 1.000        ; 2.000          ; Min Period       ; KPTastature:inst11|KeyFetch:inst|Debouncer:inst39|inst1 ; Rise       ; KPTastature:inst11|KeyFetch:inst|inst18   ;
; -1.000 ; 1.000        ; 2.000          ; Min Period       ; KPTastature:inst11|KeyFetch:inst|Debouncer:inst39|inst1 ; Rise       ; KPTastature:inst11|KeyFetch:inst|inst19   ;
; -1.000 ; 1.000        ; 2.000          ; Min Period       ; KPTastature:inst11|KeyFetch:inst|Debouncer:inst39|inst1 ; Rise       ; KPTastature:inst11|KeyFetch:inst|inst2    ;
; -1.000 ; 1.000        ; 2.000          ; Min Period       ; KPTastature:inst11|KeyFetch:inst|Debouncer:inst39|inst1 ; Rise       ; KPTastature:inst11|KeyFetch:inst|inst3    ;
; -1.000 ; 1.000        ; 2.000          ; Min Period       ; KPTastature:inst11|KeyFetch:inst|Debouncer:inst39|inst1 ; Rise       ; KPTastature:inst11|KeyFetch:inst|inst4    ;
; -1.000 ; 1.000        ; 2.000          ; Min Period       ; KPTastature:inst11|KeyFetch:inst|Debouncer:inst39|inst1 ; Rise       ; KPTastature:inst11|KeyFetch:inst|inst5    ;
; -1.000 ; 1.000        ; 2.000          ; Min Period       ; KPTastature:inst11|KeyFetch:inst|Debouncer:inst39|inst1 ; Rise       ; KPTastature:inst11|KeyFetch:inst|inst6    ;
; -1.000 ; 1.000        ; 2.000          ; Min Period       ; KPTastature:inst11|KeyFetch:inst|Debouncer:inst39|inst1 ; Rise       ; KPTastature:inst11|KeyFetch:inst|inst7    ;
; -1.000 ; 1.000        ; 2.000          ; Min Period       ; KPTastature:inst11|KeyFetch:inst|Debouncer:inst39|inst1 ; Rise       ; KPTastature:inst11|KeyFetch:inst|inst8    ;
; 0.294  ; 0.478        ; 0.184          ; Low Pulse Width  ; KPTastature:inst11|KeyFetch:inst|Debouncer:inst39|inst1 ; Rise       ; KPTastature:inst11|KeyFetch:inst|inst     ;
; 0.294  ; 0.478        ; 0.184          ; Low Pulse Width  ; KPTastature:inst11|KeyFetch:inst|Debouncer:inst39|inst1 ; Rise       ; KPTastature:inst11|KeyFetch:inst|inst1    ;
; 0.294  ; 0.478        ; 0.184          ; Low Pulse Width  ; KPTastature:inst11|KeyFetch:inst|Debouncer:inst39|inst1 ; Rise       ; KPTastature:inst11|KeyFetch:inst|inst10   ;
; 0.294  ; 0.478        ; 0.184          ; Low Pulse Width  ; KPTastature:inst11|KeyFetch:inst|Debouncer:inst39|inst1 ; Rise       ; KPTastature:inst11|KeyFetch:inst|inst11   ;
; 0.294  ; 0.478        ; 0.184          ; Low Pulse Width  ; KPTastature:inst11|KeyFetch:inst|Debouncer:inst39|inst1 ; Rise       ; KPTastature:inst11|KeyFetch:inst|inst12   ;
; 0.294  ; 0.478        ; 0.184          ; Low Pulse Width  ; KPTastature:inst11|KeyFetch:inst|Debouncer:inst39|inst1 ; Rise       ; KPTastature:inst11|KeyFetch:inst|inst13   ;
; 0.294  ; 0.478        ; 0.184          ; Low Pulse Width  ; KPTastature:inst11|KeyFetch:inst|Debouncer:inst39|inst1 ; Rise       ; KPTastature:inst11|KeyFetch:inst|inst14   ;
; 0.294  ; 0.478        ; 0.184          ; Low Pulse Width  ; KPTastature:inst11|KeyFetch:inst|Debouncer:inst39|inst1 ; Rise       ; KPTastature:inst11|KeyFetch:inst|inst15   ;
; 0.294  ; 0.478        ; 0.184          ; Low Pulse Width  ; KPTastature:inst11|KeyFetch:inst|Debouncer:inst39|inst1 ; Rise       ; KPTastature:inst11|KeyFetch:inst|inst16   ;
; 0.294  ; 0.478        ; 0.184          ; Low Pulse Width  ; KPTastature:inst11|KeyFetch:inst|Debouncer:inst39|inst1 ; Rise       ; KPTastature:inst11|KeyFetch:inst|inst17   ;
; 0.294  ; 0.478        ; 0.184          ; Low Pulse Width  ; KPTastature:inst11|KeyFetch:inst|Debouncer:inst39|inst1 ; Rise       ; KPTastature:inst11|KeyFetch:inst|inst18   ;
; 0.294  ; 0.478        ; 0.184          ; Low Pulse Width  ; KPTastature:inst11|KeyFetch:inst|Debouncer:inst39|inst1 ; Rise       ; KPTastature:inst11|KeyFetch:inst|inst2    ;
; 0.294  ; 0.478        ; 0.184          ; Low Pulse Width  ; KPTastature:inst11|KeyFetch:inst|Debouncer:inst39|inst1 ; Rise       ; KPTastature:inst11|KeyFetch:inst|inst3    ;
; 0.294  ; 0.478        ; 0.184          ; Low Pulse Width  ; KPTastature:inst11|KeyFetch:inst|Debouncer:inst39|inst1 ; Rise       ; KPTastature:inst11|KeyFetch:inst|inst4    ;
; 0.294  ; 0.478        ; 0.184          ; Low Pulse Width  ; KPTastature:inst11|KeyFetch:inst|Debouncer:inst39|inst1 ; Rise       ; KPTastature:inst11|KeyFetch:inst|inst5    ;
; 0.294  ; 0.478        ; 0.184          ; Low Pulse Width  ; KPTastature:inst11|KeyFetch:inst|Debouncer:inst39|inst1 ; Rise       ; KPTastature:inst11|KeyFetch:inst|inst6    ;
; 0.294  ; 0.478        ; 0.184          ; Low Pulse Width  ; KPTastature:inst11|KeyFetch:inst|Debouncer:inst39|inst1 ; Rise       ; KPTastature:inst11|KeyFetch:inst|inst7    ;
; 0.294  ; 0.478        ; 0.184          ; Low Pulse Width  ; KPTastature:inst11|KeyFetch:inst|Debouncer:inst39|inst1 ; Rise       ; KPTastature:inst11|KeyFetch:inst|inst8    ;
; 0.295  ; 0.479        ; 0.184          ; Low Pulse Width  ; KPTastature:inst11|KeyFetch:inst|Debouncer:inst39|inst1 ; Rise       ; KPTastature:inst11|KeyFetch:inst|inst19   ;
; 0.303  ; 0.519        ; 0.216          ; High Pulse Width ; KPTastature:inst11|KeyFetch:inst|Debouncer:inst39|inst1 ; Rise       ; KPTastature:inst11|KeyFetch:inst|inst     ;
; 0.303  ; 0.519        ; 0.216          ; High Pulse Width ; KPTastature:inst11|KeyFetch:inst|Debouncer:inst39|inst1 ; Rise       ; KPTastature:inst11|KeyFetch:inst|inst1    ;
; 0.303  ; 0.519        ; 0.216          ; High Pulse Width ; KPTastature:inst11|KeyFetch:inst|Debouncer:inst39|inst1 ; Rise       ; KPTastature:inst11|KeyFetch:inst|inst10   ;
; 0.303  ; 0.519        ; 0.216          ; High Pulse Width ; KPTastature:inst11|KeyFetch:inst|Debouncer:inst39|inst1 ; Rise       ; KPTastature:inst11|KeyFetch:inst|inst11   ;
; 0.303  ; 0.519        ; 0.216          ; High Pulse Width ; KPTastature:inst11|KeyFetch:inst|Debouncer:inst39|inst1 ; Rise       ; KPTastature:inst11|KeyFetch:inst|inst12   ;
; 0.303  ; 0.519        ; 0.216          ; High Pulse Width ; KPTastature:inst11|KeyFetch:inst|Debouncer:inst39|inst1 ; Rise       ; KPTastature:inst11|KeyFetch:inst|inst13   ;
; 0.303  ; 0.519        ; 0.216          ; High Pulse Width ; KPTastature:inst11|KeyFetch:inst|Debouncer:inst39|inst1 ; Rise       ; KPTastature:inst11|KeyFetch:inst|inst14   ;
; 0.303  ; 0.519        ; 0.216          ; High Pulse Width ; KPTastature:inst11|KeyFetch:inst|Debouncer:inst39|inst1 ; Rise       ; KPTastature:inst11|KeyFetch:inst|inst15   ;
; 0.303  ; 0.519        ; 0.216          ; High Pulse Width ; KPTastature:inst11|KeyFetch:inst|Debouncer:inst39|inst1 ; Rise       ; KPTastature:inst11|KeyFetch:inst|inst16   ;
; 0.303  ; 0.519        ; 0.216          ; High Pulse Width ; KPTastature:inst11|KeyFetch:inst|Debouncer:inst39|inst1 ; Rise       ; KPTastature:inst11|KeyFetch:inst|inst17   ;
; 0.303  ; 0.519        ; 0.216          ; High Pulse Width ; KPTastature:inst11|KeyFetch:inst|Debouncer:inst39|inst1 ; Rise       ; KPTastature:inst11|KeyFetch:inst|inst18   ;
; 0.303  ; 0.519        ; 0.216          ; High Pulse Width ; KPTastature:inst11|KeyFetch:inst|Debouncer:inst39|inst1 ; Rise       ; KPTastature:inst11|KeyFetch:inst|inst2    ;
; 0.303  ; 0.519        ; 0.216          ; High Pulse Width ; KPTastature:inst11|KeyFetch:inst|Debouncer:inst39|inst1 ; Rise       ; KPTastature:inst11|KeyFetch:inst|inst3    ;
; 0.303  ; 0.519        ; 0.216          ; High Pulse Width ; KPTastature:inst11|KeyFetch:inst|Debouncer:inst39|inst1 ; Rise       ; KPTastature:inst11|KeyFetch:inst|inst4    ;
; 0.303  ; 0.519        ; 0.216          ; High Pulse Width ; KPTastature:inst11|KeyFetch:inst|Debouncer:inst39|inst1 ; Rise       ; KPTastature:inst11|KeyFetch:inst|inst5    ;
; 0.303  ; 0.519        ; 0.216          ; High Pulse Width ; KPTastature:inst11|KeyFetch:inst|Debouncer:inst39|inst1 ; Rise       ; KPTastature:inst11|KeyFetch:inst|inst6    ;
; 0.303  ; 0.519        ; 0.216          ; High Pulse Width ; KPTastature:inst11|KeyFetch:inst|Debouncer:inst39|inst1 ; Rise       ; KPTastature:inst11|KeyFetch:inst|inst7    ;
; 0.303  ; 0.519        ; 0.216          ; High Pulse Width ; KPTastature:inst11|KeyFetch:inst|Debouncer:inst39|inst1 ; Rise       ; KPTastature:inst11|KeyFetch:inst|inst8    ;
; 0.304  ; 0.520        ; 0.216          ; High Pulse Width ; KPTastature:inst11|KeyFetch:inst|Debouncer:inst39|inst1 ; Rise       ; KPTastature:inst11|KeyFetch:inst|inst19   ;
; 0.454  ; 0.454        ; 0.000          ; Low Pulse Width  ; KPTastature:inst11|KeyFetch:inst|Debouncer:inst39|inst1 ; Rise       ; inst11|inst|inst10|clk                    ;
; 0.454  ; 0.454        ; 0.000          ; Low Pulse Width  ; KPTastature:inst11|KeyFetch:inst|Debouncer:inst39|inst1 ; Rise       ; inst11|inst|inst11|clk                    ;
; 0.454  ; 0.454        ; 0.000          ; Low Pulse Width  ; KPTastature:inst11|KeyFetch:inst|Debouncer:inst39|inst1 ; Rise       ; inst11|inst|inst12|clk                    ;
; 0.454  ; 0.454        ; 0.000          ; Low Pulse Width  ; KPTastature:inst11|KeyFetch:inst|Debouncer:inst39|inst1 ; Rise       ; inst11|inst|inst13|clk                    ;
; 0.454  ; 0.454        ; 0.000          ; Low Pulse Width  ; KPTastature:inst11|KeyFetch:inst|Debouncer:inst39|inst1 ; Rise       ; inst11|inst|inst14|clk                    ;
; 0.454  ; 0.454        ; 0.000          ; Low Pulse Width  ; KPTastature:inst11|KeyFetch:inst|Debouncer:inst39|inst1 ; Rise       ; inst11|inst|inst15|clk                    ;
; 0.454  ; 0.454        ; 0.000          ; Low Pulse Width  ; KPTastature:inst11|KeyFetch:inst|Debouncer:inst39|inst1 ; Rise       ; inst11|inst|inst16|clk                    ;
; 0.454  ; 0.454        ; 0.000          ; Low Pulse Width  ; KPTastature:inst11|KeyFetch:inst|Debouncer:inst39|inst1 ; Rise       ; inst11|inst|inst17|clk                    ;
; 0.454  ; 0.454        ; 0.000          ; Low Pulse Width  ; KPTastature:inst11|KeyFetch:inst|Debouncer:inst39|inst1 ; Rise       ; inst11|inst|inst18|clk                    ;
; 0.454  ; 0.454        ; 0.000          ; Low Pulse Width  ; KPTastature:inst11|KeyFetch:inst|Debouncer:inst39|inst1 ; Rise       ; inst11|inst|inst1|clk                     ;
; 0.454  ; 0.454        ; 0.000          ; Low Pulse Width  ; KPTastature:inst11|KeyFetch:inst|Debouncer:inst39|inst1 ; Rise       ; inst11|inst|inst2|clk                     ;
; 0.454  ; 0.454        ; 0.000          ; Low Pulse Width  ; KPTastature:inst11|KeyFetch:inst|Debouncer:inst39|inst1 ; Rise       ; inst11|inst|inst3|clk                     ;
; 0.454  ; 0.454        ; 0.000          ; Low Pulse Width  ; KPTastature:inst11|KeyFetch:inst|Debouncer:inst39|inst1 ; Rise       ; inst11|inst|inst4|clk                     ;
; 0.454  ; 0.454        ; 0.000          ; Low Pulse Width  ; KPTastature:inst11|KeyFetch:inst|Debouncer:inst39|inst1 ; Rise       ; inst11|inst|inst5|clk                     ;
; 0.454  ; 0.454        ; 0.000          ; Low Pulse Width  ; KPTastature:inst11|KeyFetch:inst|Debouncer:inst39|inst1 ; Rise       ; inst11|inst|inst6|clk                     ;
; 0.454  ; 0.454        ; 0.000          ; Low Pulse Width  ; KPTastature:inst11|KeyFetch:inst|Debouncer:inst39|inst1 ; Rise       ; inst11|inst|inst7|clk                     ;
; 0.454  ; 0.454        ; 0.000          ; Low Pulse Width  ; KPTastature:inst11|KeyFetch:inst|Debouncer:inst39|inst1 ; Rise       ; inst11|inst|inst8|clk                     ;
; 0.454  ; 0.454        ; 0.000          ; Low Pulse Width  ; KPTastature:inst11|KeyFetch:inst|Debouncer:inst39|inst1 ; Rise       ; inst11|inst|inst|clk                      ;
; 0.455  ; 0.455        ; 0.000          ; Low Pulse Width  ; KPTastature:inst11|KeyFetch:inst|Debouncer:inst39|inst1 ; Rise       ; inst11|inst|inst19|clk                    ;
; 0.462  ; 0.462        ; 0.000          ; Low Pulse Width  ; KPTastature:inst11|KeyFetch:inst|Debouncer:inst39|inst1 ; Rise       ; inst11|inst|inst39|inst1~clkctrl|inclk[0] ;
; 0.462  ; 0.462        ; 0.000          ; Low Pulse Width  ; KPTastature:inst11|KeyFetch:inst|Debouncer:inst39|inst1 ; Rise       ; inst11|inst|inst39|inst1~clkctrl|outclk   ;
; 0.500  ; 0.500        ; 0.000          ; High Pulse Width ; KPTastature:inst11|KeyFetch:inst|Debouncer:inst39|inst1 ; Rise       ; inst11|inst|inst39|inst1|q                ;
; 0.500  ; 0.500        ; 0.000          ; Low Pulse Width  ; KPTastature:inst11|KeyFetch:inst|Debouncer:inst39|inst1 ; Rise       ; inst11|inst|inst39|inst1|q                ;
; 0.536  ; 0.536        ; 0.000          ; High Pulse Width ; KPTastature:inst11|KeyFetch:inst|Debouncer:inst39|inst1 ; Rise       ; inst11|inst|inst39|inst1~clkctrl|inclk[0] ;
; 0.536  ; 0.536        ; 0.000          ; High Pulse Width ; KPTastature:inst11|KeyFetch:inst|Debouncer:inst39|inst1 ; Rise       ; inst11|inst|inst39|inst1~clkctrl|outclk   ;
; 0.543  ; 0.543        ; 0.000          ; High Pulse Width ; KPTastature:inst11|KeyFetch:inst|Debouncer:inst39|inst1 ; Rise       ; inst11|inst|inst10|clk                    ;
; 0.543  ; 0.543        ; 0.000          ; High Pulse Width ; KPTastature:inst11|KeyFetch:inst|Debouncer:inst39|inst1 ; Rise       ; inst11|inst|inst11|clk                    ;
; 0.543  ; 0.543        ; 0.000          ; High Pulse Width ; KPTastature:inst11|KeyFetch:inst|Debouncer:inst39|inst1 ; Rise       ; inst11|inst|inst12|clk                    ;
; 0.543  ; 0.543        ; 0.000          ; High Pulse Width ; KPTastature:inst11|KeyFetch:inst|Debouncer:inst39|inst1 ; Rise       ; inst11|inst|inst13|clk                    ;
; 0.543  ; 0.543        ; 0.000          ; High Pulse Width ; KPTastature:inst11|KeyFetch:inst|Debouncer:inst39|inst1 ; Rise       ; inst11|inst|inst14|clk                    ;
; 0.543  ; 0.543        ; 0.000          ; High Pulse Width ; KPTastature:inst11|KeyFetch:inst|Debouncer:inst39|inst1 ; Rise       ; inst11|inst|inst15|clk                    ;
; 0.543  ; 0.543        ; 0.000          ; High Pulse Width ; KPTastature:inst11|KeyFetch:inst|Debouncer:inst39|inst1 ; Rise       ; inst11|inst|inst16|clk                    ;
; 0.543  ; 0.543        ; 0.000          ; High Pulse Width ; KPTastature:inst11|KeyFetch:inst|Debouncer:inst39|inst1 ; Rise       ; inst11|inst|inst17|clk                    ;
; 0.543  ; 0.543        ; 0.000          ; High Pulse Width ; KPTastature:inst11|KeyFetch:inst|Debouncer:inst39|inst1 ; Rise       ; inst11|inst|inst18|clk                    ;
; 0.543  ; 0.543        ; 0.000          ; High Pulse Width ; KPTastature:inst11|KeyFetch:inst|Debouncer:inst39|inst1 ; Rise       ; inst11|inst|inst1|clk                     ;
; 0.543  ; 0.543        ; 0.000          ; High Pulse Width ; KPTastature:inst11|KeyFetch:inst|Debouncer:inst39|inst1 ; Rise       ; inst11|inst|inst2|clk                     ;
; 0.543  ; 0.543        ; 0.000          ; High Pulse Width ; KPTastature:inst11|KeyFetch:inst|Debouncer:inst39|inst1 ; Rise       ; inst11|inst|inst3|clk                     ;
; 0.543  ; 0.543        ; 0.000          ; High Pulse Width ; KPTastature:inst11|KeyFetch:inst|Debouncer:inst39|inst1 ; Rise       ; inst11|inst|inst4|clk                     ;
; 0.543  ; 0.543        ; 0.000          ; High Pulse Width ; KPTastature:inst11|KeyFetch:inst|Debouncer:inst39|inst1 ; Rise       ; inst11|inst|inst5|clk                     ;
; 0.543  ; 0.543        ; 0.000          ; High Pulse Width ; KPTastature:inst11|KeyFetch:inst|Debouncer:inst39|inst1 ; Rise       ; inst11|inst|inst6|clk                     ;
; 0.543  ; 0.543        ; 0.000          ; High Pulse Width ; KPTastature:inst11|KeyFetch:inst|Debouncer:inst39|inst1 ; Rise       ; inst11|inst|inst7|clk                     ;
; 0.543  ; 0.543        ; 0.000          ; High Pulse Width ; KPTastature:inst11|KeyFetch:inst|Debouncer:inst39|inst1 ; Rise       ; inst11|inst|inst8|clk                     ;
; 0.543  ; 0.543        ; 0.000          ; High Pulse Width ; KPTastature:inst11|KeyFetch:inst|Debouncer:inst39|inst1 ; Rise       ; inst11|inst|inst|clk                      ;
+--------+--------------+----------------+------------------+---------------------------------------------------------+------------+-------------------------------------------+


+-------------------------------------------------------------------------------------------------------------------------------------------------------------+
; Setup Times                                                                                                                                                 ;
+-----------+---------------------------------------------------------+-------+--------+------------+---------------------------------------------------------+
; Data Port ; Clock Port                                              ; Rise  ; Fall   ; Clock Edge ; Clock Reference                                         ;
+-----------+---------------------------------------------------------+-------+--------+------------+---------------------------------------------------------+
; PS2_CLK   ; CLK                                                     ; 2.073 ; 2.541  ; Rise       ; CLK                                                     ;
; SW0       ; CLK                                                     ; 8.878 ; 9.325  ; Rise       ; CLK                                                     ;
; SW1       ; CLK                                                     ; 8.917 ; 9.442  ; Rise       ; CLK                                                     ;
; SW2       ; CLK                                                     ; 9.339 ; 9.729  ; Rise       ; CLK                                                     ;
; SW3       ; CLK                                                     ; 9.582 ; 10.019 ; Rise       ; CLK                                                     ;
; SW4       ; CLK                                                     ; 9.239 ; 9.681  ; Rise       ; CLK                                                     ;
; PS2_DATA  ; KPTastature:inst11|KeyFetch:inst|Debouncer:inst39|inst1 ; 2.967 ; 3.350  ; Rise       ; KPTastature:inst11|KeyFetch:inst|Debouncer:inst39|inst1 ;
+-----------+---------------------------------------------------------+-------+--------+------------+---------------------------------------------------------+


+--------------------------------------------------------------------------------------------------------------------------------------------------------------+
; Hold Times                                                                                                                                                   ;
+-----------+---------------------------------------------------------+--------+--------+------------+---------------------------------------------------------+
; Data Port ; Clock Port                                              ; Rise   ; Fall   ; Clock Edge ; Clock Reference                                         ;
+-----------+---------------------------------------------------------+--------+--------+------------+---------------------------------------------------------+
; PS2_CLK   ; CLK                                                     ; -1.210 ; -1.609 ; Rise       ; CLK                                                     ;
; SW0       ; CLK                                                     ; -3.025 ; -3.390 ; Rise       ; CLK                                                     ;
; SW1       ; CLK                                                     ; -2.802 ; -3.205 ; Rise       ; CLK                                                     ;
; SW2       ; CLK                                                     ; -2.890 ; -3.258 ; Rise       ; CLK                                                     ;
; SW3       ; CLK                                                     ; -3.050 ; -3.418 ; Rise       ; CLK                                                     ;
; SW4       ; CLK                                                     ; -2.473 ; -2.835 ; Rise       ; CLK                                                     ;
; PS2_DATA  ; KPTastature:inst11|KeyFetch:inst|Debouncer:inst39|inst1 ; -2.058 ; -2.435 ; Rise       ; KPTastature:inst11|KeyFetch:inst|Debouncer:inst39|inst1 ;
+-----------+---------------------------------------------------------+--------+--------+------------+---------------------------------------------------------+


+-------------------------------------------------------------------------+
; Clock to Output Times                                                   ;
+-----------+------------+--------+--------+------------+-----------------+
; Data Port ; Clock Port ; Rise   ; Fall   ; Clock Edge ; Clock Reference ;
+-----------+------------+--------+--------+------------+-----------------+
; BLUE[*]   ; CLK        ; 10.962 ; 11.146 ; Rise       ; CLK             ;
;  BLUE[0]  ; CLK        ; 10.962 ; 11.146 ; Rise       ; CLK             ;
;  BLUE[1]  ; CLK        ; 10.355 ; 10.409 ; Rise       ; CLK             ;
;  BLUE[2]  ; CLK        ; 10.348 ; 10.304 ; Rise       ; CLK             ;
;  BLUE[3]  ; CLK        ; 10.437 ; 10.450 ; Rise       ; CLK             ;
; GREEN[*]  ; CLK        ; 10.614 ; 10.648 ; Rise       ; CLK             ;
;  GREEN[0] ; CLK        ; 10.614 ; 10.648 ; Rise       ; CLK             ;
;  GREEN[1] ; CLK        ; 10.287 ; 10.216 ; Rise       ; CLK             ;
;  GREEN[2] ; CLK        ; 9.972  ; 9.995  ; Rise       ; CLK             ;
;  GREEN[3] ; CLK        ; 10.043 ; 10.126 ; Rise       ; CLK             ;
; HEX0      ; CLK        ; 5.602  ; 5.529  ; Rise       ; CLK             ;
; HEX1      ; CLK        ; 5.495  ; 5.430  ; Rise       ; CLK             ;
; HEX2      ; CLK        ; 5.195  ; 5.151  ; Rise       ; CLK             ;
; HEX3      ; CLK        ; 5.211  ; 5.167  ; Rise       ; CLK             ;
; HEX4      ; CLK        ; 5.224  ; 5.184  ; Rise       ; CLK             ;
; HEX5      ; CLK        ; 5.192  ; 5.148  ; Rise       ; CLK             ;
; HEX6      ; CLK        ; 5.183  ; 5.139  ; Rise       ; CLK             ;
; HEX7      ; CLK        ; 5.051  ; 5.039  ; Rise       ; CLK             ;
; HEX8      ; CLK        ; 5.061  ; 5.051  ; Rise       ; CLK             ;
; HEX9      ; CLK        ; 5.037  ; 5.023  ; Rise       ; CLK             ;
; HEX10     ; CLK        ; 5.061  ; 5.039  ; Rise       ; CLK             ;
; HEX11     ; CLK        ; 5.043  ; 5.023  ; Rise       ; CLK             ;
; HEX12     ; CLK        ; 5.466  ; 5.403  ; Rise       ; CLK             ;
; HEX13     ; CLK        ; 5.317  ; 5.295  ; Rise       ; CLK             ;
; HEX14     ; CLK        ; 5.243  ; 5.211  ; Rise       ; CLK             ;
; HEX15     ; CLK        ; 5.239  ; 5.210  ; Rise       ; CLK             ;
; HEX16     ; CLK        ; 5.559  ; 5.572  ; Rise       ; CLK             ;
; HEX17     ; CLK        ; 5.237  ; 5.217  ; Rise       ; CLK             ;
; HEX18     ; CLK        ; 5.277  ; 5.259  ; Rise       ; CLK             ;
; HEX19     ; CLK        ; 5.269  ; 5.247  ; Rise       ; CLK             ;
; HEX20     ; CLK        ; 5.612  ; 5.560  ; Rise       ; CLK             ;
; HEX21     ; CLK        ; 5.284  ; 5.231  ; Rise       ; CLK             ;
; HEX22     ; CLK        ; 5.430  ; 5.399  ; Rise       ; CLK             ;
; HEX23     ; CLK        ; 5.278  ; 5.262  ; Rise       ; CLK             ;
; HEX24     ; CLK        ; 5.318  ; 5.302  ; Rise       ; CLK             ;
; HEX25     ; CLK        ; 5.431  ; 5.392  ; Rise       ; CLK             ;
; HEX26     ; CLK        ; 5.490  ; 5.457  ; Rise       ; CLK             ;
; HEX27     ; CLK        ; 5.618  ; 5.533  ; Rise       ; CLK             ;
; HS        ; CLK        ; 7.579  ; 7.575  ; Rise       ; CLK             ;
; RED[*]    ; CLK        ; 10.468 ; 10.443 ; Rise       ; CLK             ;
;  RED[0]   ; CLK        ; 9.969  ; 9.984  ; Rise       ; CLK             ;
;  RED[1]   ; CLK        ; 10.468 ; 10.425 ; Rise       ; CLK             ;
;  RED[2]   ; CLK        ; 10.127 ; 10.179 ; Rise       ; CLK             ;
;  RED[3]   ; CLK        ; 10.450 ; 10.443 ; Rise       ; CLK             ;
; VS        ; CLK        ; 7.481  ; 7.483  ; Rise       ; CLK             ;
+-----------+------------+--------+--------+------------+-----------------+


+-----------------------------------------------------------------------+
; Minimum Clock to Output Times                                         ;
+-----------+------------+-------+-------+------------+-----------------+
; Data Port ; Clock Port ; Rise  ; Fall  ; Clock Edge ; Clock Reference ;
+-----------+------------+-------+-------+------------+-----------------+
; BLUE[*]   ; CLK        ; 6.163 ; 6.107 ; Rise       ; CLK             ;
;  BLUE[0]  ; CLK        ; 7.097 ; 7.182 ; Rise       ; CLK             ;
;  BLUE[1]  ; CLK        ; 6.212 ; 6.149 ; Rise       ; CLK             ;
;  BLUE[2]  ; CLK        ; 6.163 ; 6.107 ; Rise       ; CLK             ;
;  BLUE[3]  ; CLK        ; 6.293 ; 6.190 ; Rise       ; CLK             ;
; GREEN[*]  ; CLK        ; 6.060 ; 5.983 ; Rise       ; CLK             ;
;  GREEN[0] ; CLK        ; 6.479 ; 6.417 ; Rise       ; CLK             ;
;  GREEN[1] ; CLK        ; 6.068 ; 5.983 ; Rise       ; CLK             ;
;  GREEN[2] ; CLK        ; 6.060 ; 5.988 ; Rise       ; CLK             ;
;  GREEN[3] ; CLK        ; 6.077 ; 6.075 ; Rise       ; CLK             ;
; HEX0      ; CLK        ; 5.483 ; 5.411 ; Rise       ; CLK             ;
; HEX1      ; CLK        ; 5.380 ; 5.315 ; Rise       ; CLK             ;
; HEX2      ; CLK        ; 5.092 ; 5.048 ; Rise       ; CLK             ;
; HEX3      ; CLK        ; 5.108 ; 5.063 ; Rise       ; CLK             ;
; HEX4      ; CLK        ; 5.120 ; 5.080 ; Rise       ; CLK             ;
; HEX5      ; CLK        ; 5.090 ; 5.045 ; Rise       ; CLK             ;
; HEX6      ; CLK        ; 5.081 ; 5.037 ; Rise       ; CLK             ;
; HEX7      ; CLK        ; 4.955 ; 4.941 ; Rise       ; CLK             ;
; HEX8      ; CLK        ; 4.964 ; 4.952 ; Rise       ; CLK             ;
; HEX9      ; CLK        ; 4.940 ; 4.925 ; Rise       ; CLK             ;
; HEX10     ; CLK        ; 4.964 ; 4.941 ; Rise       ; CLK             ;
; HEX11     ; CLK        ; 4.947 ; 4.925 ; Rise       ; CLK             ;
; HEX12     ; CLK        ; 5.352 ; 5.290 ; Rise       ; CLK             ;
; HEX13     ; CLK        ; 5.210 ; 5.187 ; Rise       ; CLK             ;
; HEX14     ; CLK        ; 5.138 ; 5.106 ; Rise       ; CLK             ;
; HEX15     ; CLK        ; 5.136 ; 5.106 ; Rise       ; CLK             ;
; HEX16     ; CLK        ; 5.443 ; 5.454 ; Rise       ; CLK             ;
; HEX17     ; CLK        ; 5.133 ; 5.112 ; Rise       ; CLK             ;
; HEX18     ; CLK        ; 5.172 ; 5.153 ; Rise       ; CLK             ;
; HEX19     ; CLK        ; 5.165 ; 5.142 ; Rise       ; CLK             ;
; HEX20     ; CLK        ; 5.493 ; 5.442 ; Rise       ; CLK             ;
; HEX21     ; CLK        ; 5.178 ; 5.126 ; Rise       ; CLK             ;
; HEX22     ; CLK        ; 5.318 ; 5.286 ; Rise       ; CLK             ;
; HEX23     ; CLK        ; 5.173 ; 5.156 ; Rise       ; CLK             ;
; HEX24     ; CLK        ; 5.212 ; 5.194 ; Rise       ; CLK             ;
; HEX25     ; CLK        ; 5.320 ; 5.280 ; Rise       ; CLK             ;
; HEX26     ; CLK        ; 5.375 ; 5.342 ; Rise       ; CLK             ;
; HEX27     ; CLK        ; 5.498 ; 5.415 ; Rise       ; CLK             ;
; HS        ; CLK        ; 6.119 ; 6.192 ; Rise       ; CLK             ;
; RED[*]    ; CLK        ; 5.867 ; 5.783 ; Rise       ; CLK             ;
;  RED[0]   ; CLK        ; 5.867 ; 5.783 ; Rise       ; CLK             ;
;  RED[1]   ; CLK        ; 6.240 ; 6.182 ; Rise       ; CLK             ;
;  RED[2]   ; CLK        ; 6.010 ; 5.962 ; Rise       ; CLK             ;
;  RED[3]   ; CLK        ; 6.395 ; 6.235 ; Rise       ; CLK             ;
; VS        ; CLK        ; 5.556 ; 5.604 ; Rise       ; CLK             ;
+-----------+------------+-------+-------+------------+-----------------+


---------------------------------------------
; Slow 1200mV 0C Model Metastability Report ;
---------------------------------------------
No synchronizer chains to report.


+----------------------------------------------------------------------------------+
; Fast 1200mV 0C Model Setup Summary                                               ;
+---------------------------------------------------------+--------+---------------+
; Clock                                                   ; Slack  ; End Point TNS ;
+---------------------------------------------------------+--------+---------------+
; CLK                                                     ; -9.497 ; -11553.043    ;
; KPTastature:inst11|KeyFetch:inst|Debouncer:inst39|inst1 ; 0.102  ; 0.000         ;
+---------------------------------------------------------+--------+---------------+


+---------------------------------------------------------------------------------+
; Fast 1200mV 0C Model Hold Summary                                               ;
+---------------------------------------------------------+-------+---------------+
; Clock                                                   ; Slack ; End Point TNS ;
+---------------------------------------------------------+-------+---------------+
; CLK                                                     ; 0.132 ; 0.000         ;
; KPTastature:inst11|KeyFetch:inst|Debouncer:inst39|inst1 ; 0.197 ; 0.000         ;
+---------------------------------------------------------+-------+---------------+


+---------------------------------------+
; Fast 1200mV 0C Model Recovery Summary ;
+-------+-------+-----------------------+
; Clock ; Slack ; End Point TNS         ;
+-------+-------+-----------------------+
; CLK   ; 0.260 ; 0.000                 ;
+-------+-------+-----------------------+


+--------------------------------------+
; Fast 1200mV 0C Model Removal Summary ;
+-------+-------+----------------------+
; Clock ; Slack ; End Point TNS        ;
+-------+-------+----------------------+
; CLK   ; 0.479 ; 0.000                ;
+-------+-------+----------------------+


+----------------------------------------------------------------------------------+
; Fast 1200mV 0C Model Minimum Pulse Width Summary                                 ;
+---------------------------------------------------------+--------+---------------+
; Clock                                                   ; Slack  ; End Point TNS ;
+---------------------------------------------------------+--------+---------------+
; CLK                                                     ; -3.000 ; -2045.443     ;
; KPTastature:inst11|KeyFetch:inst|Debouncer:inst39|inst1 ; -1.000 ; -19.000       ;
+---------------------------------------------------------+--------+---------------+


+----------------------------------------------------------------------------------------------------------------------------------------------------------------------------------------+
; Fast 1200mV 0C Model Setup: 'CLK'                                                                                                                                                      ;
+--------+----------------------------------------------------+----------------------------------------------------+--------------+-------------+--------------+------------+------------+
; Slack  ; From Node                                          ; To Node                                            ; Launch Clock ; Latch Clock ; Relationship ; Clock Skew ; Data Delay ;
+--------+----------------------------------------------------+----------------------------------------------------+--------------+-------------+--------------+------------+------------+
; -9.497 ; CPU:inst|FetchFaza:inst24|RegisterX:inst2|data[1]  ; CPU:inst|DecodeFaza:inst|RegisterX:inst77|data[9]  ; CLK          ; CLK         ; 1.000        ; -0.038     ; 10.446     ;
; -9.490 ; CPU:inst|FetchFaza:inst24|RegisterX:inst2|data[3]  ; CPU:inst|DecodeFaza:inst|RegisterX:inst77|data[9]  ; CLK          ; CLK         ; 1.000        ; -0.038     ; 10.439     ;
; -9.407 ; CPU:inst|FetchFaza:inst24|RegisterX:inst2|data[1]  ; CPU:inst|DecodeFaza:inst|RegisterX:inst77|data[8]  ; CLK          ; CLK         ; 1.000        ; -0.038     ; 10.356     ;
; -9.400 ; CPU:inst|FetchFaza:inst24|RegisterX:inst2|data[3]  ; CPU:inst|DecodeFaza:inst|RegisterX:inst77|data[8]  ; CLK          ; CLK         ; 1.000        ; -0.038     ; 10.349     ;
; -9.344 ; CPU:inst|FetchFaza:inst24|RegisterX:inst2|data[2]  ; CPU:inst|DecodeFaza:inst|RegisterX:inst77|data[9]  ; CLK          ; CLK         ; 1.000        ; -0.038     ; 10.293     ;
; -9.292 ; CPU:inst|FetchFaza:inst24|RegisterX:inst2|data[0]  ; CPU:inst|DecodeFaza:inst|RegisterX:inst77|data[9]  ; CLK          ; CLK         ; 1.000        ; -0.038     ; 10.241     ;
; -9.280 ; CPU:inst|FetchFaza:inst24|RegisterX:inst2|data[14] ; CPU:inst|DecodeFaza:inst|RegisterX:inst77|data[9]  ; CLK          ; CLK         ; 1.000        ; -0.032     ; 10.235     ;
; -9.274 ; CPU:inst|FetchFaza:inst24|RegisterX:inst2|data[6]  ; CPU:inst|DecodeFaza:inst|RegisterX:inst77|data[9]  ; CLK          ; CLK         ; 1.000        ; -0.038     ; 10.223     ;
; -9.264 ; CPU:inst|FetchFaza:inst24|RegisterX:inst2|data[1]  ; CPU:inst|DecodeFaza:inst|RegisterX:inst77|data[15] ; CLK          ; CLK         ; 1.000        ; -0.050     ; 10.201     ;
; -9.261 ; CPU:inst|FetchFaza:inst24|RegisterX:inst2|data[1]  ; CPU:inst|DecodeFaza:inst|RegisterX:inst77|data[10] ; CLK          ; CLK         ; 1.000        ; -0.038     ; 10.210     ;
; -9.257 ; CPU:inst|FetchFaza:inst24|RegisterX:inst2|data[3]  ; CPU:inst|DecodeFaza:inst|RegisterX:inst77|data[15] ; CLK          ; CLK         ; 1.000        ; -0.050     ; 10.194     ;
; -9.254 ; CPU:inst|FetchFaza:inst24|RegisterX:inst2|data[2]  ; CPU:inst|DecodeFaza:inst|RegisterX:inst77|data[8]  ; CLK          ; CLK         ; 1.000        ; -0.038     ; 10.203     ;
; -9.254 ; CPU:inst|FetchFaza:inst24|RegisterX:inst2|data[3]  ; CPU:inst|DecodeFaza:inst|RegisterX:inst77|data[10] ; CLK          ; CLK         ; 1.000        ; -0.038     ; 10.203     ;
; -9.247 ; CPU:inst|FetchFaza:inst24|RegisterX:inst2|data[1]  ; CPU:inst|DecodeFaza:inst|RegisterX:inst77|data[17] ; CLK          ; CLK         ; 1.000        ; -0.045     ; 10.189     ;
; -9.246 ; CPU:inst|FetchFaza:inst24|RegisterX:inst2|data[5]  ; CPU:inst|DecodeFaza:inst|RegisterX:inst77|data[9]  ; CLK          ; CLK         ; 1.000        ; -0.038     ; 10.195     ;
; -9.240 ; CPU:inst|FetchFaza:inst24|RegisterX:inst2|data[3]  ; CPU:inst|DecodeFaza:inst|RegisterX:inst77|data[17] ; CLK          ; CLK         ; 1.000        ; -0.045     ; 10.182     ;
; -9.222 ; CPU:inst|FetchFaza:inst24|RegisterX:inst2|data[1]  ; CPU:inst|DecodeFaza:inst|RegisterX:inst77|data[23] ; CLK          ; CLK         ; 1.000        ; -0.046     ; 10.163     ;
; -9.215 ; CPU:inst|FetchFaza:inst24|RegisterX:inst2|data[3]  ; CPU:inst|DecodeFaza:inst|RegisterX:inst77|data[23] ; CLK          ; CLK         ; 1.000        ; -0.046     ; 10.156     ;
; -9.203 ; CPU:inst|FetchFaza:inst24|RegisterX:inst2|data[27] ; CPU:inst|DecodeFaza:inst|RegisterX:inst77|data[9]  ; CLK          ; CLK         ; 1.000        ; -0.038     ; 10.152     ;
; -9.199 ; CPU:inst|FetchFaza:inst24|RegisterX:inst2|data[0]  ; CPU:inst|DecodeFaza:inst|RegisterX:inst77|data[8]  ; CLK          ; CLK         ; 1.000        ; -0.038     ; 10.148     ;
; -9.195 ; CPU:inst|FetchFaza:inst24|RegisterX:inst2|data[1]  ; CPU:inst|DecodeFaza:inst|RegisterX:inst77|data[0]  ; CLK          ; CLK         ; 1.000        ; -0.052     ; 10.130     ;
; -9.190 ; CPU:inst|FetchFaza:inst24|RegisterX:inst2|data[14] ; CPU:inst|DecodeFaza:inst|RegisterX:inst77|data[8]  ; CLK          ; CLK         ; 1.000        ; -0.032     ; 10.145     ;
; -9.188 ; CPU:inst|FetchFaza:inst24|RegisterX:inst2|data[3]  ; CPU:inst|DecodeFaza:inst|RegisterX:inst77|data[0]  ; CLK          ; CLK         ; 1.000        ; -0.052     ; 10.123     ;
; -9.185 ; CPU:inst|FetchFaza:inst24|RegisterX:inst2|data[1]  ; CPU:inst|DecodeFaza:inst|RegisterX:inst77|data[29] ; CLK          ; CLK         ; 1.000        ; -0.052     ; 10.120     ;
; -9.184 ; CPU:inst|FetchFaza:inst24|RegisterX:inst2|data[6]  ; CPU:inst|DecodeFaza:inst|RegisterX:inst77|data[8]  ; CLK          ; CLK         ; 1.000        ; -0.038     ; 10.133     ;
; -9.178 ; CPU:inst|FetchFaza:inst24|RegisterX:inst2|data[3]  ; CPU:inst|DecodeFaza:inst|RegisterX:inst77|data[29] ; CLK          ; CLK         ; 1.000        ; -0.052     ; 10.113     ;
; -9.166 ; CPU:inst|FetchFaza:inst24|RegisterX:inst2|data[1]  ; CPU:inst|DecodeFaza:inst|RegisterX:inst77|data[28] ; CLK          ; CLK         ; 1.000        ; -0.044     ; 10.109     ;
; -9.159 ; CPU:inst|FetchFaza:inst24|RegisterX:inst2|data[3]  ; CPU:inst|DecodeFaza:inst|RegisterX:inst77|data[28] ; CLK          ; CLK         ; 1.000        ; -0.044     ; 10.102     ;
; -9.156 ; CPU:inst|FetchFaza:inst24|RegisterX:inst2|data[5]  ; CPU:inst|DecodeFaza:inst|RegisterX:inst77|data[8]  ; CLK          ; CLK         ; 1.000        ; -0.038     ; 10.105     ;
; -9.149 ; CPU:inst|FetchFaza:inst24|RegisterX:inst2|data[1]  ; CPU:inst|DecodeFaza:inst|RegisterX:inst77|data[4]  ; CLK          ; CLK         ; 1.000        ; -0.054     ; 10.082     ;
; -9.145 ; CPU:inst|FetchFaza:inst24|RegisterX:inst2|data[1]  ; CPU:inst|DecodeFaza:inst|RegisterX:inst77|data[12] ; CLK          ; CLK         ; 1.000        ; -0.050     ; 10.082     ;
; -9.142 ; CPU:inst|FetchFaza:inst24|RegisterX:inst2|data[1]  ; CPU:inst|DecodeFaza:inst|RegisterX:inst77|data[5]  ; CLK          ; CLK         ; 1.000        ; -0.054     ; 10.075     ;
; -9.142 ; CPU:inst|FetchFaza:inst24|RegisterX:inst2|data[3]  ; CPU:inst|DecodeFaza:inst|RegisterX:inst77|data[4]  ; CLK          ; CLK         ; 1.000        ; -0.054     ; 10.075     ;
; -9.138 ; CPU:inst|FetchFaza:inst24|RegisterX:inst2|data[3]  ; CPU:inst|DecodeFaza:inst|RegisterX:inst77|data[12] ; CLK          ; CLK         ; 1.000        ; -0.050     ; 10.075     ;
; -9.135 ; CPU:inst|FetchFaza:inst24|RegisterX:inst2|data[3]  ; CPU:inst|DecodeFaza:inst|RegisterX:inst77|data[5]  ; CLK          ; CLK         ; 1.000        ; -0.054     ; 10.068     ;
; -9.133 ; CPU:inst|FetchFaza:inst24|RegisterX:inst2|data[13] ; CPU:inst|DecodeFaza:inst|RegisterX:inst77|data[9]  ; CLK          ; CLK         ; 1.000        ; -0.032     ; 10.088     ;
; -9.130 ; CPU:inst|FetchFaza:inst24|RegisterX:inst2|data[12] ; CPU:inst|DecodeFaza:inst|RegisterX:inst77|data[9]  ; CLK          ; CLK         ; 1.000        ; -0.032     ; 10.085     ;
; -9.123 ; CPU:inst|FetchFaza:inst24|RegisterX:inst2|data[1]  ; CPU:inst|DecodeFaza:inst|RegisterX:inst77|data[7]  ; CLK          ; CLK         ; 1.000        ; -0.050     ; 10.060     ;
; -9.119 ; CPU:inst|FetchFaza:inst24|RegisterX:inst2|data[1]  ; CPU:inst|DecodeFaza:inst|RegisterX:inst77|data[3]  ; CLK          ; CLK         ; 1.000        ; -0.050     ; 10.056     ;
; -9.119 ; CPU:inst|FetchFaza:inst24|RegisterX:inst2|data[1]  ; CPU:inst|DecodeFaza:inst|RegisterX:inst77|data[1]  ; CLK          ; CLK         ; 1.000        ; -0.044     ; 10.062     ;
; -9.119 ; CPU:inst|FetchFaza:inst24|RegisterX:inst2|data[1]  ; CPU:inst|DecodeFaza:inst|RegisterX:inst77|data[2]  ; CLK          ; CLK         ; 1.000        ; -0.044     ; 10.062     ;
; -9.116 ; CPU:inst|FetchFaza:inst24|RegisterX:inst2|data[3]  ; CPU:inst|DecodeFaza:inst|RegisterX:inst77|data[7]  ; CLK          ; CLK         ; 1.000        ; -0.050     ; 10.053     ;
; -9.113 ; CPU:inst|FetchFaza:inst24|RegisterX:inst2|data[27] ; CPU:inst|DecodeFaza:inst|RegisterX:inst77|data[8]  ; CLK          ; CLK         ; 1.000        ; -0.038     ; 10.062     ;
; -9.112 ; CPU:inst|FetchFaza:inst24|RegisterX:inst2|data[3]  ; CPU:inst|DecodeFaza:inst|RegisterX:inst77|data[3]  ; CLK          ; CLK         ; 1.000        ; -0.050     ; 10.049     ;
; -9.112 ; CPU:inst|FetchFaza:inst24|RegisterX:inst2|data[3]  ; CPU:inst|DecodeFaza:inst|RegisterX:inst77|data[1]  ; CLK          ; CLK         ; 1.000        ; -0.044     ; 10.055     ;
; -9.112 ; CPU:inst|FetchFaza:inst24|RegisterX:inst2|data[3]  ; CPU:inst|DecodeFaza:inst|RegisterX:inst77|data[2]  ; CLK          ; CLK         ; 1.000        ; -0.044     ; 10.055     ;
; -9.111 ; CPU:inst|FetchFaza:inst24|RegisterX:inst2|data[2]  ; CPU:inst|DecodeFaza:inst|RegisterX:inst77|data[15] ; CLK          ; CLK         ; 1.000        ; -0.050     ; 10.048     ;
; -9.109 ; CPU:inst|FetchFaza:inst24|RegisterX:inst2|data[1]  ; CPU:inst|DecodeFaza:inst|RegisterX:inst77|data[11] ; CLK          ; CLK         ; 1.000        ; -0.054     ; 10.042     ;
; -9.108 ; CPU:inst|FetchFaza:inst24|RegisterX:inst2|data[2]  ; CPU:inst|DecodeFaza:inst|RegisterX:inst77|data[10] ; CLK          ; CLK         ; 1.000        ; -0.038     ; 10.057     ;
; -9.105 ; CPU:inst|FetchFaza:inst24|RegisterX:inst2|data[1]  ; CPU:inst|CSRegFile:inst31|RegisterX:inst2|data[23] ; CLK          ; CLK         ; 1.000        ; -0.039     ; 10.053     ;
; -9.102 ; CPU:inst|FetchFaza:inst24|RegisterX:inst2|data[3]  ; CPU:inst|DecodeFaza:inst|RegisterX:inst77|data[11] ; CLK          ; CLK         ; 1.000        ; -0.054     ; 10.035     ;
; -9.098 ; CPU:inst|FetchFaza:inst24|RegisterX:inst2|data[3]  ; CPU:inst|CSRegFile:inst31|RegisterX:inst2|data[23] ; CLK          ; CLK         ; 1.000        ; -0.039     ; 10.046     ;
; -9.094 ; CPU:inst|FetchFaza:inst24|RegisterX:inst2|data[2]  ; CPU:inst|DecodeFaza:inst|RegisterX:inst77|data[17] ; CLK          ; CLK         ; 1.000        ; -0.045     ; 10.036     ;
; -9.094 ; CPU:inst|FetchFaza:inst24|RegisterX:inst2|data[4]  ; CPU:inst|DecodeFaza:inst|RegisterX:inst77|data[9]  ; CLK          ; CLK         ; 1.000        ; -0.038     ; 10.043     ;
; -9.086 ; CPU:inst|FetchFaza:inst24|RegisterX:inst2|data[1]  ; CPU:inst|DecodeFaza:inst|RegisterX:inst77|data[19] ; CLK          ; CLK         ; 1.000        ; -0.045     ; 10.028     ;
; -9.079 ; CPU:inst|FetchFaza:inst24|RegisterX:inst2|data[3]  ; CPU:inst|DecodeFaza:inst|RegisterX:inst77|data[19] ; CLK          ; CLK         ; 1.000        ; -0.045     ; 10.021     ;
; -9.069 ; CPU:inst|FetchFaza:inst24|RegisterX:inst2|data[2]  ; CPU:inst|DecodeFaza:inst|RegisterX:inst77|data[23] ; CLK          ; CLK         ; 1.000        ; -0.046     ; 10.010     ;
; -9.056 ; CPU:inst|FetchFaza:inst24|RegisterX:inst2|data[0]  ; CPU:inst|DecodeFaza:inst|RegisterX:inst77|data[15] ; CLK          ; CLK         ; 1.000        ; -0.050     ; 9.993      ;
; -9.055 ; CPU:inst|FetchFaza:inst24|RegisterX:inst2|data[1]  ; CPU:inst|CSRegFile:inst31|RegisterX:inst2|data[1]  ; CLK          ; CLK         ; 1.000        ; 0.152      ; 10.194     ;
; -9.053 ; CPU:inst|FetchFaza:inst24|RegisterX:inst2|data[0]  ; CPU:inst|DecodeFaza:inst|RegisterX:inst77|data[10] ; CLK          ; CLK         ; 1.000        ; -0.038     ; 10.002     ;
; -9.051 ; CPU:inst|FetchFaza:inst24|RegisterX:inst2|data[1]  ; CPU:inst|DecodeFaza:inst|RegisterX:inst77|data[22] ; CLK          ; CLK         ; 1.000        ; -0.046     ; 9.992      ;
; -9.048 ; CPU:inst|FetchFaza:inst24|RegisterX:inst2|data[3]  ; CPU:inst|CSRegFile:inst31|RegisterX:inst2|data[1]  ; CLK          ; CLK         ; 1.000        ; 0.152      ; 10.187     ;
; -9.047 ; CPU:inst|FetchFaza:inst24|RegisterX:inst2|data[14] ; CPU:inst|DecodeFaza:inst|RegisterX:inst77|data[15] ; CLK          ; CLK         ; 1.000        ; -0.044     ; 9.990      ;
; -9.044 ; CPU:inst|FetchFaza:inst24|RegisterX:inst2|data[3]  ; CPU:inst|DecodeFaza:inst|RegisterX:inst77|data[22] ; CLK          ; CLK         ; 1.000        ; -0.046     ; 9.985      ;
; -9.044 ; CPU:inst|FetchFaza:inst24|RegisterX:inst2|data[14] ; CPU:inst|DecodeFaza:inst|RegisterX:inst77|data[10] ; CLK          ; CLK         ; 1.000        ; -0.032     ; 9.999      ;
; -9.043 ; CPU:inst|FetchFaza:inst24|RegisterX:inst2|data[13] ; CPU:inst|DecodeFaza:inst|RegisterX:inst77|data[8]  ; CLK          ; CLK         ; 1.000        ; -0.032     ; 9.998      ;
; -9.042 ; CPU:inst|FetchFaza:inst24|RegisterX:inst2|data[2]  ; CPU:inst|DecodeFaza:inst|RegisterX:inst77|data[0]  ; CLK          ; CLK         ; 1.000        ; -0.052     ; 9.977      ;
; -9.041 ; CPU:inst|FetchFaza:inst24|RegisterX:inst2|data[6]  ; CPU:inst|DecodeFaza:inst|RegisterX:inst77|data[15] ; CLK          ; CLK         ; 1.000        ; -0.050     ; 9.978      ;
; -9.040 ; CPU:inst|FetchFaza:inst24|RegisterX:inst2|data[12] ; CPU:inst|DecodeFaza:inst|RegisterX:inst77|data[8]  ; CLK          ; CLK         ; 1.000        ; -0.032     ; 9.995      ;
; -9.039 ; CPU:inst|FetchFaza:inst24|RegisterX:inst2|data[0]  ; CPU:inst|DecodeFaza:inst|RegisterX:inst77|data[17] ; CLK          ; CLK         ; 1.000        ; -0.045     ; 9.981      ;
; -9.038 ; CPU:inst|FetchFaza:inst24|RegisterX:inst2|data[6]  ; CPU:inst|DecodeFaza:inst|RegisterX:inst77|data[10] ; CLK          ; CLK         ; 1.000        ; -0.038     ; 9.987      ;
; -9.037 ; CPU:inst|FetchFaza:inst24|RegisterX:inst2|data[1]  ; CPU:inst|DecodeFaza:inst|RegisterX:inst77|data[31] ; CLK          ; CLK         ; 1.000        ; -0.044     ; 9.980      ;
; -9.032 ; CPU:inst|FetchFaza:inst24|RegisterX:inst2|data[2]  ; CPU:inst|DecodeFaza:inst|RegisterX:inst77|data[29] ; CLK          ; CLK         ; 1.000        ; -0.052     ; 9.967      ;
; -9.030 ; CPU:inst|FetchFaza:inst24|RegisterX:inst2|data[3]  ; CPU:inst|DecodeFaza:inst|RegisterX:inst77|data[31] ; CLK          ; CLK         ; 1.000        ; -0.044     ; 9.973      ;
; -9.030 ; CPU:inst|FetchFaza:inst24|RegisterX:inst2|data[14] ; CPU:inst|DecodeFaza:inst|RegisterX:inst77|data[17] ; CLK          ; CLK         ; 1.000        ; -0.039     ; 9.978      ;
; -9.024 ; CPU:inst|FetchFaza:inst24|RegisterX:inst2|data[6]  ; CPU:inst|DecodeFaza:inst|RegisterX:inst77|data[17] ; CLK          ; CLK         ; 1.000        ; -0.045     ; 9.966      ;
; -9.014 ; CPU:inst|FetchFaza:inst24|RegisterX:inst2|data[0]  ; CPU:inst|DecodeFaza:inst|RegisterX:inst77|data[23] ; CLK          ; CLK         ; 1.000        ; -0.046     ; 9.955      ;
; -9.013 ; CPU:inst|FetchFaza:inst24|RegisterX:inst2|data[2]  ; CPU:inst|DecodeFaza:inst|RegisterX:inst77|data[28] ; CLK          ; CLK         ; 1.000        ; -0.044     ; 9.956      ;
; -9.013 ; CPU:inst|FetchFaza:inst24|RegisterX:inst2|data[5]  ; CPU:inst|DecodeFaza:inst|RegisterX:inst77|data[15] ; CLK          ; CLK         ; 1.000        ; -0.050     ; 9.950      ;
; -9.010 ; CPU:inst|FetchFaza:inst24|RegisterX:inst2|data[5]  ; CPU:inst|DecodeFaza:inst|RegisterX:inst77|data[10] ; CLK          ; CLK         ; 1.000        ; -0.038     ; 9.959      ;
; -9.005 ; CPU:inst|FetchFaza:inst24|RegisterX:inst2|data[1]  ; CPU:inst|DecodeFaza:inst|RegisterX:inst77|data[27] ; CLK          ; CLK         ; 1.000        ; -0.046     ; 9.946      ;
; -9.005 ; CPU:inst|FetchFaza:inst24|RegisterX:inst2|data[1]  ; CPU:inst|DecodeFaza:inst|RegisterX:inst77|data[16] ; CLK          ; CLK         ; 1.000        ; -0.045     ; 9.947      ;
; -9.005 ; CPU:inst|FetchFaza:inst24|RegisterX:inst2|data[14] ; CPU:inst|DecodeFaza:inst|RegisterX:inst77|data[23] ; CLK          ; CLK         ; 1.000        ; -0.040     ; 9.952      ;
; -9.004 ; CPU:inst|FetchFaza:inst24|RegisterX:inst2|data[4]  ; CPU:inst|DecodeFaza:inst|RegisterX:inst77|data[8]  ; CLK          ; CLK         ; 1.000        ; -0.038     ; 9.953      ;
; -8.999 ; CPU:inst|FetchFaza:inst24|RegisterX:inst2|data[1]  ; CPU:inst|DecodeFaza:inst|RegisterX:inst77|data[25] ; CLK          ; CLK         ; 1.000        ; -0.045     ; 9.941      ;
; -8.999 ; CPU:inst|FetchFaza:inst24|RegisterX:inst2|data[1]  ; CPU:inst|DecodeFaza:inst|RegisterX:inst77|data[26] ; CLK          ; CLK         ; 1.000        ; -0.045     ; 9.941      ;
; -8.999 ; CPU:inst|FetchFaza:inst24|RegisterX:inst2|data[6]  ; CPU:inst|DecodeFaza:inst|RegisterX:inst77|data[23] ; CLK          ; CLK         ; 1.000        ; -0.046     ; 9.940      ;
; -8.998 ; CPU:inst|FetchFaza:inst24|RegisterX:inst2|data[3]  ; CPU:inst|DecodeFaza:inst|RegisterX:inst77|data[27] ; CLK          ; CLK         ; 1.000        ; -0.046     ; 9.939      ;
; -8.998 ; CPU:inst|FetchFaza:inst24|RegisterX:inst2|data[3]  ; CPU:inst|DecodeFaza:inst|RegisterX:inst77|data[16] ; CLK          ; CLK         ; 1.000        ; -0.045     ; 9.940      ;
; -8.996 ; CPU:inst|FetchFaza:inst24|RegisterX:inst2|data[2]  ; CPU:inst|DecodeFaza:inst|RegisterX:inst77|data[4]  ; CLK          ; CLK         ; 1.000        ; -0.054     ; 9.929      ;
; -8.996 ; CPU:inst|FetchFaza:inst24|RegisterX:inst2|data[5]  ; CPU:inst|DecodeFaza:inst|RegisterX:inst77|data[17] ; CLK          ; CLK         ; 1.000        ; -0.045     ; 9.938      ;
; -8.995 ; CPU:inst|FetchFaza:inst24|RegisterX:inst2|data[1]  ; CPU:inst|DecodeFaza:inst|RegisterX:inst77|data[24] ; CLK          ; CLK         ; 1.000        ; -0.045     ; 9.937      ;
; -8.994 ; CPU:inst|FetchFaza:inst24|RegisterX:inst2|data[1]  ; CPU:inst|DecodeFaza:inst|RegisterX:inst77|data[6]  ; CLK          ; CLK         ; 1.000        ; -0.046     ; 9.935      ;
; -8.992 ; CPU:inst|FetchFaza:inst24|RegisterX:inst2|data[1]  ; CPU:inst|DecodeFaza:inst|RegisterX:inst77|data[13] ; CLK          ; CLK         ; 1.000        ; -0.050     ; 9.929      ;
; -8.992 ; CPU:inst|FetchFaza:inst24|RegisterX:inst2|data[2]  ; CPU:inst|DecodeFaza:inst|RegisterX:inst77|data[12] ; CLK          ; CLK         ; 1.000        ; -0.050     ; 9.929      ;
; -8.992 ; CPU:inst|FetchFaza:inst24|RegisterX:inst2|data[3]  ; CPU:inst|DecodeFaza:inst|RegisterX:inst77|data[25] ; CLK          ; CLK         ; 1.000        ; -0.045     ; 9.934      ;
; -8.992 ; CPU:inst|FetchFaza:inst24|RegisterX:inst2|data[3]  ; CPU:inst|DecodeFaza:inst|RegisterX:inst77|data[26] ; CLK          ; CLK         ; 1.000        ; -0.045     ; 9.934      ;
; -8.990 ; CPU:inst|FetchFaza:inst24|RegisterX:inst2|data[1]  ; CPU:inst|DecodeFaza:inst|RegisterX:inst77|data[14] ; CLK          ; CLK         ; 1.000        ; -0.050     ; 9.927      ;
; -8.989 ; CPU:inst|FetchFaza:inst24|RegisterX:inst2|data[2]  ; CPU:inst|DecodeFaza:inst|RegisterX:inst77|data[5]  ; CLK          ; CLK         ; 1.000        ; -0.054     ; 9.922      ;
; -8.988 ; CPU:inst|FetchFaza:inst24|RegisterX:inst2|data[1]  ; CPU:inst|DecodeFaza:inst|RegisterX:inst77|data[20] ; CLK          ; CLK         ; 1.000        ; -0.046     ; 9.929      ;
+--------+----------------------------------------------------+----------------------------------------------------+--------------+-------------+--------------+------------+------------+


+--------------------------------------------------------------------------------------------------------------------------------------------------------------------------------------------------------------------------------------------------------+
; Fast 1200mV 0C Model Setup: 'KPTastature:inst11|KeyFetch:inst|Debouncer:inst39|inst1'                                                                                                                                                                  ;
+-------+-----------------------------------------+-----------------------------------------+---------------------------------------------------------+---------------------------------------------------------+--------------+------------+------------+
; Slack ; From Node                               ; To Node                                 ; Launch Clock                                            ; Latch Clock                                             ; Relationship ; Clock Skew ; Data Delay ;
+-------+-----------------------------------------+-----------------------------------------+---------------------------------------------------------+---------------------------------------------------------+--------------+------------+------------+
; 0.102 ; KPTastature:inst11|KeyFetch:inst|inst   ; KPTastature:inst11|KeyFetch:inst|inst10 ; KPTastature:inst11|KeyFetch:inst|Debouncer:inst39|inst1 ; KPTastature:inst11|KeyFetch:inst|Debouncer:inst39|inst1 ; 1.000        ; -0.036     ; 0.849      ;
; 0.121 ; KPTastature:inst11|KeyFetch:inst|inst13 ; KPTastature:inst11|KeyFetch:inst|inst10 ; KPTastature:inst11|KeyFetch:inst|Debouncer:inst39|inst1 ; KPTastature:inst11|KeyFetch:inst|Debouncer:inst39|inst1 ; 1.000        ; -0.036     ; 0.830      ;
; 0.129 ; KPTastature:inst11|KeyFetch:inst|inst11 ; KPTastature:inst11|KeyFetch:inst|inst10 ; KPTastature:inst11|KeyFetch:inst|Debouncer:inst39|inst1 ; KPTastature:inst11|KeyFetch:inst|Debouncer:inst39|inst1 ; 1.000        ; -0.036     ; 0.822      ;
; 0.208 ; KPTastature:inst11|KeyFetch:inst|inst14 ; KPTastature:inst11|KeyFetch:inst|inst10 ; KPTastature:inst11|KeyFetch:inst|Debouncer:inst39|inst1 ; KPTastature:inst11|KeyFetch:inst|Debouncer:inst39|inst1 ; 1.000        ; -0.036     ; 0.743      ;
; 0.237 ; KPTastature:inst11|KeyFetch:inst|inst10 ; KPTastature:inst11|KeyFetch:inst|inst10 ; KPTastature:inst11|KeyFetch:inst|Debouncer:inst39|inst1 ; KPTastature:inst11|KeyFetch:inst|Debouncer:inst39|inst1 ; 1.000        ; -0.036     ; 0.714      ;
; 0.269 ; KPTastature:inst11|KeyFetch:inst|inst17 ; KPTastature:inst11|KeyFetch:inst|inst10 ; KPTastature:inst11|KeyFetch:inst|Debouncer:inst39|inst1 ; KPTastature:inst11|KeyFetch:inst|Debouncer:inst39|inst1 ; 1.000        ; -0.036     ; 0.682      ;
; 0.296 ; KPTastature:inst11|KeyFetch:inst|inst16 ; KPTastature:inst11|KeyFetch:inst|inst10 ; KPTastature:inst11|KeyFetch:inst|Debouncer:inst39|inst1 ; KPTastature:inst11|KeyFetch:inst|Debouncer:inst39|inst1 ; 1.000        ; -0.036     ; 0.655      ;
; 0.297 ; KPTastature:inst11|KeyFetch:inst|inst12 ; KPTastature:inst11|KeyFetch:inst|inst10 ; KPTastature:inst11|KeyFetch:inst|Debouncer:inst39|inst1 ; KPTastature:inst11|KeyFetch:inst|Debouncer:inst39|inst1 ; 1.000        ; -0.036     ; 0.654      ;
; 0.310 ; KPTastature:inst11|KeyFetch:inst|inst5  ; KPTastature:inst11|KeyFetch:inst|inst6  ; KPTastature:inst11|KeyFetch:inst|Debouncer:inst39|inst1 ; KPTastature:inst11|KeyFetch:inst|Debouncer:inst39|inst1 ; 1.000        ; -0.039     ; 0.638      ;
; 0.312 ; KPTastature:inst11|KeyFetch:inst|inst6  ; KPTastature:inst11|KeyFetch:inst|inst7  ; KPTastature:inst11|KeyFetch:inst|Debouncer:inst39|inst1 ; KPTastature:inst11|KeyFetch:inst|Debouncer:inst39|inst1 ; 1.000        ; -0.033     ; 0.642      ;
; 0.317 ; KPTastature:inst11|KeyFetch:inst|inst   ; KPTastature:inst11|KeyFetch:inst|inst1  ; KPTastature:inst11|KeyFetch:inst|Debouncer:inst39|inst1 ; KPTastature:inst11|KeyFetch:inst|Debouncer:inst39|inst1 ; 1.000        ; -0.033     ; 0.637      ;
; 0.331 ; KPTastature:inst11|KeyFetch:inst|inst19 ; KPTastature:inst11|KeyFetch:inst|inst10 ; KPTastature:inst11|KeyFetch:inst|Debouncer:inst39|inst1 ; KPTastature:inst11|KeyFetch:inst|Debouncer:inst39|inst1 ; 1.000        ; -0.036     ; 0.620      ;
; 0.349 ; KPTastature:inst11|KeyFetch:inst|inst15 ; KPTastature:inst11|KeyFetch:inst|inst10 ; KPTastature:inst11|KeyFetch:inst|Debouncer:inst39|inst1 ; KPTastature:inst11|KeyFetch:inst|Debouncer:inst39|inst1 ; 1.000        ; -0.036     ; 0.602      ;
; 0.360 ; KPTastature:inst11|KeyFetch:inst|inst18 ; KPTastature:inst11|KeyFetch:inst|inst10 ; KPTastature:inst11|KeyFetch:inst|Debouncer:inst39|inst1 ; KPTastature:inst11|KeyFetch:inst|Debouncer:inst39|inst1 ; 1.000        ; -0.036     ; 0.591      ;
; 0.368 ; KPTastature:inst11|KeyFetch:inst|inst3  ; KPTastature:inst11|KeyFetch:inst|inst4  ; KPTastature:inst11|KeyFetch:inst|Debouncer:inst39|inst1 ; KPTastature:inst11|KeyFetch:inst|Debouncer:inst39|inst1 ; 1.000        ; -0.036     ; 0.583      ;
; 0.398 ; KPTastature:inst11|KeyFetch:inst|inst15 ; KPTastature:inst11|KeyFetch:inst|inst16 ; KPTastature:inst11|KeyFetch:inst|Debouncer:inst39|inst1 ; KPTastature:inst11|KeyFetch:inst|Debouncer:inst39|inst1 ; 1.000        ; -0.036     ; 0.553      ;
; 0.414 ; KPTastature:inst11|KeyFetch:inst|inst11 ; KPTastature:inst11|KeyFetch:inst|inst12 ; KPTastature:inst11|KeyFetch:inst|Debouncer:inst39|inst1 ; KPTastature:inst11|KeyFetch:inst|Debouncer:inst39|inst1 ; 1.000        ; -0.036     ; 0.537      ;
; 0.477 ; KPTastature:inst11|KeyFetch:inst|inst18 ; KPTastature:inst11|KeyFetch:inst|inst19 ; KPTastature:inst11|KeyFetch:inst|Debouncer:inst39|inst1 ; KPTastature:inst11|KeyFetch:inst|Debouncer:inst39|inst1 ; 1.000        ; -0.035     ; 0.475      ;
; 0.492 ; KPTastature:inst11|KeyFetch:inst|inst16 ; KPTastature:inst11|KeyFetch:inst|inst17 ; KPTastature:inst11|KeyFetch:inst|Debouncer:inst39|inst1 ; KPTastature:inst11|KeyFetch:inst|Debouncer:inst39|inst1 ; 1.000        ; -0.036     ; 0.459      ;
; 0.493 ; KPTastature:inst11|KeyFetch:inst|inst1  ; KPTastature:inst11|KeyFetch:inst|inst2  ; KPTastature:inst11|KeyFetch:inst|Debouncer:inst39|inst1 ; KPTastature:inst11|KeyFetch:inst|Debouncer:inst39|inst1 ; 1.000        ; -0.036     ; 0.458      ;
; 0.494 ; KPTastature:inst11|KeyFetch:inst|inst13 ; KPTastature:inst11|KeyFetch:inst|inst14 ; KPTastature:inst11|KeyFetch:inst|Debouncer:inst39|inst1 ; KPTastature:inst11|KeyFetch:inst|Debouncer:inst39|inst1 ; 1.000        ; -0.036     ; 0.457      ;
; 0.495 ; KPTastature:inst11|KeyFetch:inst|inst10 ; KPTastature:inst11|KeyFetch:inst|inst11 ; KPTastature:inst11|KeyFetch:inst|Debouncer:inst39|inst1 ; KPTastature:inst11|KeyFetch:inst|Debouncer:inst39|inst1 ; 1.000        ; -0.036     ; 0.456      ;
; 0.503 ; KPTastature:inst11|KeyFetch:inst|inst4  ; KPTastature:inst11|KeyFetch:inst|inst5  ; KPTastature:inst11|KeyFetch:inst|Debouncer:inst39|inst1 ; KPTastature:inst11|KeyFetch:inst|Debouncer:inst39|inst1 ; 1.000        ; -0.036     ; 0.448      ;
; 0.566 ; KPTastature:inst11|KeyFetch:inst|inst7  ; KPTastature:inst11|KeyFetch:inst|inst8  ; KPTastature:inst11|KeyFetch:inst|Debouncer:inst39|inst1 ; KPTastature:inst11|KeyFetch:inst|Debouncer:inst39|inst1 ; 1.000        ; -0.036     ; 0.385      ;
; 0.567 ; KPTastature:inst11|KeyFetch:inst|inst2  ; KPTastature:inst11|KeyFetch:inst|inst3  ; KPTastature:inst11|KeyFetch:inst|Debouncer:inst39|inst1 ; KPTastature:inst11|KeyFetch:inst|Debouncer:inst39|inst1 ; 1.000        ; -0.036     ; 0.384      ;
; 0.572 ; KPTastature:inst11|KeyFetch:inst|inst12 ; KPTastature:inst11|KeyFetch:inst|inst13 ; KPTastature:inst11|KeyFetch:inst|Debouncer:inst39|inst1 ; KPTastature:inst11|KeyFetch:inst|Debouncer:inst39|inst1 ; 1.000        ; -0.036     ; 0.379      ;
; 0.573 ; KPTastature:inst11|KeyFetch:inst|inst17 ; KPTastature:inst11|KeyFetch:inst|inst18 ; KPTastature:inst11|KeyFetch:inst|Debouncer:inst39|inst1 ; KPTastature:inst11|KeyFetch:inst|Debouncer:inst39|inst1 ; 1.000        ; -0.036     ; 0.378      ;
; 0.574 ; KPTastature:inst11|KeyFetch:inst|inst14 ; KPTastature:inst11|KeyFetch:inst|inst15 ; KPTastature:inst11|KeyFetch:inst|Debouncer:inst39|inst1 ; KPTastature:inst11|KeyFetch:inst|Debouncer:inst39|inst1 ; 1.000        ; -0.036     ; 0.377      ;
+-------+-----------------------------------------+-----------------------------------------+---------------------------------------------------------+---------------------------------------------------------+--------------+------------+------------+


+-----------------------------------------------------------------------------------------------------------------------------------------------------------------------------------------------------------------------------------------------------------------------------------------------------------------------------------------+
; Fast 1200mV 0C Model Hold: 'CLK'                                                                                                                                                                                                                                                                                                        ;
+-------+-----------------------------------------------------------------------+----------------------------------------------------------------------------------------------------------------------------------------+---------------------------------------------------------+-------------+--------------+------------+------------+
; Slack ; From Node                                                             ; To Node                                                                                                                                ; Launch Clock                                            ; Latch Clock ; Relationship ; Clock Skew ; Data Delay ;
+-------+-----------------------------------------------------------------------+----------------------------------------------------------------------------------------------------------------------------------------+---------------------------------------------------------+-------------+--------------+------------+------------+
; 0.132 ; KPVGA:inst15|RegisterX:inst30|data[4]                                 ; KPVGA:inst15|VGAPer:inst|VideoRAM:inst9|altsyncram:altsyncram_component|altsyncram_tat3:auto_generated|ram_block1a0~porta_datain_reg0  ; CLK                                                     ; CLK         ; 0.000        ; 0.222      ; 0.458      ;
; 0.136 ; KPVGA:inst15|RegisterX:inst30|data[6]                                 ; KPVGA:inst15|VGAPer:inst|VideoRAM:inst9|altsyncram:altsyncram_component|altsyncram_tat3:auto_generated|ram_block1a0~porta_datain_reg0  ; CLK                                                     ; CLK         ; 0.000        ; 0.222      ; 0.462      ;
; 0.136 ; KPVGA:inst15|RegisterX:inst30|data[7]                                 ; KPVGA:inst15|VGAPer:inst|VideoRAM:inst9|altsyncram:altsyncram_component|altsyncram_tat3:auto_generated|ram_block1a0~porta_datain_reg0  ; CLK                                                     ; CLK         ; 0.000        ; 0.222      ; 0.462      ;
; 0.140 ; KPVGA:inst15|RegisterX:inst30|data[5]                                 ; KPVGA:inst15|VGAPer:inst|VideoRAM:inst9|altsyncram:altsyncram_component|altsyncram_tat3:auto_generated|ram_block1a0~porta_datain_reg0  ; CLK                                                     ; CLK         ; 0.000        ; 0.222      ; 0.466      ;
; 0.142 ; KPVGA:inst15|RegisterX:inst30|data[3]                                 ; KPVGA:inst15|VGAPer:inst|VideoRAM:inst9|altsyncram:altsyncram_component|altsyncram_tat3:auto_generated|ram_block1a0~porta_datain_reg0  ; CLK                                                     ; CLK         ; 0.000        ; 0.222      ; 0.468      ;
; 0.142 ; KPVGA:inst15|RegisterX:inst30|data[10]                                ; KPVGA:inst15|VGAPer:inst|VideoRAM:inst9|altsyncram:altsyncram_component|altsyncram_tat3:auto_generated|ram_block1a0~porta_datain_reg0  ; CLK                                                     ; CLK         ; 0.000        ; 0.223      ; 0.469      ;
; 0.144 ; KPVGA:inst15|RegisterX:inst30|data[8]                                 ; KPVGA:inst15|VGAPer:inst|VideoRAM:inst9|altsyncram:altsyncram_component|altsyncram_tat3:auto_generated|ram_block1a0~porta_datain_reg0  ; CLK                                                     ; CLK         ; 0.000        ; 0.223      ; 0.471      ;
; 0.147 ; KPVGA:inst15|RegisterX:inst30|data[0]                                 ; KPVGA:inst15|VGAPer:inst|VideoRAM:inst9|altsyncram:altsyncram_component|altsyncram_tat3:auto_generated|ram_block1a0~porta_datain_reg0  ; CLK                                                     ; CLK         ; 0.000        ; 0.222      ; 0.473      ;
; 0.147 ; KPVGA:inst15|RegisterX:inst31|data[2]                                 ; KPVGA:inst15|VGAPer:inst|VideoRAM:inst9|altsyncram:altsyncram_component|altsyncram_tat3:auto_generated|ram_block1a0~porta_address_reg0 ; CLK                                                     ; CLK         ; 0.000        ; 0.220      ; 0.471      ;
; 0.148 ; KPVGA:inst15|RegisterX:inst30|data[1]                                 ; KPVGA:inst15|VGAPer:inst|VideoRAM:inst9|altsyncram:altsyncram_component|altsyncram_tat3:auto_generated|ram_block1a0~porta_datain_reg0  ; CLK                                                     ; CLK         ; 0.000        ; 0.222      ; 0.474      ;
; 0.149 ; KPVGA:inst15|RegisterX:inst31|data[1]                                 ; KPVGA:inst15|VGAPer:inst|VideoRAM:inst9|altsyncram:altsyncram_component|altsyncram_tat3:auto_generated|ram_block1a0~porta_address_reg0 ; CLK                                                     ; CLK         ; 0.000        ; 0.220      ; 0.473      ;
; 0.149 ; KPVGA:inst15|RegisterX:inst31|data[4]                                 ; KPVGA:inst15|VGAPer:inst|VideoRAM:inst9|altsyncram:altsyncram_component|altsyncram_tat3:auto_generated|ram_block1a0~porta_address_reg0 ; CLK                                                     ; CLK         ; 0.000        ; 0.220      ; 0.473      ;
; 0.149 ; KPVGA:inst15|RegisterX:inst31|data[5]                                 ; KPVGA:inst15|VGAPer:inst|VideoRAM:inst9|altsyncram:altsyncram_component|altsyncram_tat3:auto_generated|ram_block1a0~porta_address_reg0 ; CLK                                                     ; CLK         ; 0.000        ; 0.220      ; 0.473      ;
; 0.149 ; KPVGA:inst15|RegisterX:inst31|data[7]                                 ; KPVGA:inst15|VGAPer:inst|VideoRAM:inst9|altsyncram:altsyncram_component|altsyncram_tat3:auto_generated|ram_block1a0~porta_address_reg0 ; CLK                                                     ; CLK         ; 0.000        ; 0.220      ; 0.473      ;
; 0.150 ; KPVGA:inst15|RegisterX:inst30|data[9]                                 ; KPVGA:inst15|VGAPer:inst|VideoRAM:inst9|altsyncram:altsyncram_component|altsyncram_tat3:auto_generated|ram_block1a0~porta_datain_reg0  ; CLK                                                     ; CLK         ; 0.000        ; 0.223      ; 0.477      ;
; 0.150 ; CPU:inst|RegisterX:inst28|data[10]                                    ; memTest:inst9|altsyncram:altsyncram_component|altsyncram_s0t3:auto_generated|ram_block1a19~porta_address_reg0                          ; CLK                                                     ; CLK         ; 0.000        ; 0.222      ; 0.476      ;
; 0.151 ; KPVGA:inst15|RegisterX:inst31|data[6]                                 ; KPVGA:inst15|VGAPer:inst|VideoRAM:inst9|altsyncram:altsyncram_component|altsyncram_tat3:auto_generated|ram_block1a0~porta_address_reg0 ; CLK                                                     ; CLK         ; 0.000        ; 0.220      ; 0.475      ;
; 0.152 ; KPVGA:inst15|RegisterX:inst30|data[2]                                 ; KPVGA:inst15|VGAPer:inst|VideoRAM:inst9|altsyncram:altsyncram_component|altsyncram_tat3:auto_generated|ram_block1a0~porta_datain_reg0  ; CLK                                                     ; CLK         ; 0.000        ; 0.222      ; 0.478      ;
; 0.152 ; CPU:inst|RegisterX:inst28|data[2]                                     ; memTest:inst9|altsyncram:altsyncram_component|altsyncram_s0t3:auto_generated|ram_block1a29~porta_address_reg0                          ; CLK                                                     ; CLK         ; 0.000        ; 0.221      ; 0.477      ;
; 0.158 ; CPU:inst|RegisterX:inst28|data[1]                                     ; memTest:inst9|altsyncram:altsyncram_component|altsyncram_s0t3:auto_generated|ram_block1a19~porta_address_reg0                          ; CLK                                                     ; CLK         ; 0.000        ; 0.222      ; 0.484      ;
; 0.160 ; KPVGA:inst15|RegisterX:inst30|data[11]                                ; KPVGA:inst15|VGAPer:inst|VideoRAM:inst9|altsyncram:altsyncram_component|altsyncram_tat3:auto_generated|ram_block1a0~porta_datain_reg0  ; CLK                                                     ; CLK         ; 0.000        ; 0.223      ; 0.487      ;
; 0.160 ; CPU:inst|RegisterX:inst28|data[10]                                    ; memTest:inst9|altsyncram:altsyncram_component|altsyncram_s0t3:auto_generated|ram_block1a29~porta_address_reg0                          ; CLK                                                     ; CLK         ; 0.000        ; 0.230      ; 0.494      ;
; 0.163 ; CPU:inst|RegisterX:inst23|data[23]                                    ; memTest:inst9|altsyncram:altsyncram_component|altsyncram_s0t3:auto_generated|ram_block1a23~porta_datain_reg0                           ; CLK                                                     ; CLK         ; 0.000        ; 0.219      ; 0.486      ;
; 0.179 ; CPU:inst|RegisterX:inst28|data[7]                                     ; memTest:inst9|altsyncram:altsyncram_component|altsyncram_s0t3:auto_generated|ram_block1a19~porta_address_reg0                          ; CLK                                                     ; CLK         ; 0.000        ; 0.220      ; 0.503      ;
; 0.180 ; CPU:inst|CSRegFile:inst31|RegisterX:inst74|data[0]                    ; CPU:inst|CSRegFile:inst31|RegisterX:inst74|data[0]                                                                                     ; CLK                                                     ; CLK         ; 0.000        ; 0.043      ; 0.307      ;
; 0.180 ; CPU:inst|InterruptFaza:inst12|inst39                                  ; CPU:inst|InterruptFaza:inst12|inst39                                                                                                   ; CLK                                                     ; CLK         ; 0.000        ; 0.043      ; 0.307      ;
; 0.180 ; CPU:inst|InterruptFaza:inst12|inst24                                  ; CPU:inst|InterruptFaza:inst12|inst24                                                                                                   ; CLK                                                     ; CLK         ; 0.000        ; 0.043      ; 0.307      ;
; 0.180 ; CPU:inst|inst6                                                        ; CPU:inst|inst6                                                                                                                         ; CLK                                                     ; CLK         ; 0.000        ; 0.043      ; 0.307      ;
; 0.180 ; KPTastature:inst11|KeyFetch:inst|Debouncer:inst39|Register:inst4|inst ; KPTastature:inst11|KeyFetch:inst|Debouncer:inst39|Register:inst4|inst                                                                  ; CLK                                                     ; CLK         ; 0.000        ; 0.043      ; 0.307      ;
; 0.180 ; KPTastature:inst11|KeyFetch:inst|Debouncer:inst39|Register:inst3|inst ; KPTastature:inst11|KeyFetch:inst|Debouncer:inst39|Register:inst3|inst                                                                  ; CLK                                                     ; CLK         ; 0.000        ; 0.043      ; 0.307      ;
; 0.182 ; CPU:inst|RegisterX:inst28|data[0]                                     ; memTest:inst9|altsyncram:altsyncram_component|altsyncram_s0t3:auto_generated|ram_block1a29~porta_address_reg0                          ; CLK                                                     ; CLK         ; 0.000        ; 0.221      ; 0.507      ;
; 0.187 ; KPVGA:inst15|VGAPer:inst|RegisterX:inst60|data[1]                     ; KPVGA:inst15|VGAPer:inst|RegisterX:inst60|data[1]                                                                                      ; CLK                                                     ; CLK         ; 0.000        ; 0.036      ; 0.307      ;
; 0.187 ; KPVGA:inst15|VGAPer:inst|RegisterX:inst61|data[0]                     ; KPVGA:inst15|VGAPer:inst|RegisterX:inst61|data[0]                                                                                      ; CLK                                                     ; CLK         ; 0.000        ; 0.036      ; 0.307      ;
; 0.187 ; KPVGA:inst15|VGAPer:inst|RegisterX:inst61|data[4]                     ; KPVGA:inst15|VGAPer:inst|RegisterX:inst61|data[4]                                                                                      ; CLK                                                     ; CLK         ; 0.000        ; 0.036      ; 0.307      ;
; 0.187 ; KPVGA:inst15|VGAPer:inst|RegisterX:inst61|data[1]                     ; KPVGA:inst15|VGAPer:inst|RegisterX:inst61|data[1]                                                                                      ; CLK                                                     ; CLK         ; 0.000        ; 0.036      ; 0.307      ;
; 0.187 ; KPVGA:inst15|VGAPer:inst|RegisterX:inst61|data[2]                     ; KPVGA:inst15|VGAPer:inst|RegisterX:inst61|data[2]                                                                                      ; CLK                                                     ; CLK         ; 0.000        ; 0.036      ; 0.307      ;
; 0.187 ; KPVGA:inst15|VGAPer:inst|RegisterX:inst61|data[3]                     ; KPVGA:inst15|VGAPer:inst|RegisterX:inst61|data[3]                                                                                      ; CLK                                                     ; CLK         ; 0.000        ; 0.036      ; 0.307      ;
; 0.187 ; KPTastature:inst11|inst9                                              ; KPTastature:inst11|inst9                                                                                                               ; CLK                                                     ; CLK         ; 0.000        ; 0.036      ; 0.307      ;
; 0.187 ; KPTastature:inst11|inst8                                              ; KPTastature:inst11|inst8                                                                                                               ; CLK                                                     ; CLK         ; 0.000        ; 0.036      ; 0.307      ;
; 0.187 ; KPTastature:inst11|KeyFetch:inst|inst28                               ; KPTastature:inst11|KeyFetch:inst|inst28                                                                                                ; CLK                                                     ; CLK         ; 0.000        ; 0.036      ; 0.307      ;
; 0.187 ; KPVGA:inst15|VGAPer:inst|Controller:inst4|RegisterX:inst3|data[2]     ; KPVGA:inst15|VGAPer:inst|Controller:inst4|RegisterX:inst3|data[2]                                                                      ; CLK                                                     ; CLK         ; 0.000        ; 0.036      ; 0.307      ;
; 0.187 ; KPVGA:inst15|VGAPer:inst|Controller:inst4|RegisterX:inst3|data[5]     ; KPVGA:inst15|VGAPer:inst|Controller:inst4|RegisterX:inst3|data[5]                                                                      ; CLK                                                     ; CLK         ; 0.000        ; 0.036      ; 0.307      ;
; 0.187 ; KPVGA:inst15|VGAPer:inst|Controller:inst4|RegisterX:inst3|data[7]     ; KPVGA:inst15|VGAPer:inst|Controller:inst4|RegisterX:inst3|data[7]                                                                      ; CLK                                                     ; CLK         ; 0.000        ; 0.036      ; 0.307      ;
; 0.187 ; KPVGA:inst15|VGAPer:inst|Controller:inst4|RegisterX:inst3|data[8]     ; KPVGA:inst15|VGAPer:inst|Controller:inst4|RegisterX:inst3|data[8]                                                                      ; CLK                                                     ; CLK         ; 0.000        ; 0.036      ; 0.307      ;
; 0.187 ; KPVGA:inst15|VGAPer:inst|Controller:inst4|RegisterX:inst3|data[9]     ; KPVGA:inst15|VGAPer:inst|Controller:inst4|RegisterX:inst3|data[9]                                                                      ; CLK                                                     ; CLK         ; 0.000        ; 0.036      ; 0.307      ;
; 0.187 ; KPVGA:inst15|VGAPer:inst|Controller:inst4|RegisterX:inst|data[0]      ; KPVGA:inst15|VGAPer:inst|Controller:inst4|RegisterX:inst|data[0]                                                                       ; CLK                                                     ; CLK         ; 0.000        ; 0.036      ; 0.307      ;
; 0.187 ; KPVGA:inst15|VGAPer:inst|Controller:inst4|RegisterX:inst|data[1]      ; KPVGA:inst15|VGAPer:inst|Controller:inst4|RegisterX:inst|data[1]                                                                       ; CLK                                                     ; CLK         ; 0.000        ; 0.036      ; 0.307      ;
; 0.187 ; KPVGA:inst15|VGAPer:inst|Controller:inst4|RegisterX:inst|data[2]      ; KPVGA:inst15|VGAPer:inst|Controller:inst4|RegisterX:inst|data[2]                                                                       ; CLK                                                     ; CLK         ; 0.000        ; 0.036      ; 0.307      ;
; 0.187 ; KPVGA:inst15|VGAPer:inst|Controller:inst4|RegisterX:inst|data[3]      ; KPVGA:inst15|VGAPer:inst|Controller:inst4|RegisterX:inst|data[3]                                                                       ; CLK                                                     ; CLK         ; 0.000        ; 0.036      ; 0.307      ;
; 0.187 ; KPVGA:inst15|VGAPer:inst|Controller:inst4|RegisterX:inst|data[6]      ; KPVGA:inst15|VGAPer:inst|Controller:inst4|RegisterX:inst|data[6]                                                                       ; CLK                                                     ; CLK         ; 0.000        ; 0.036      ; 0.307      ;
; 0.187 ; KPVGA:inst15|VGAPer:inst|Controller:inst4|RegisterX:inst|data[5]      ; KPVGA:inst15|VGAPer:inst|Controller:inst4|RegisterX:inst|data[5]                                                                       ; CLK                                                     ; CLK         ; 0.000        ; 0.036      ; 0.307      ;
; 0.187 ; CPU:inst|inst9                                                        ; CPU:inst|inst9                                                                                                                         ; CLK                                                     ; CLK         ; 0.000        ; 0.036      ; 0.307      ;
; 0.187 ; KPTastature:inst11|KeyFetch:inst|Debouncer:inst39|Register:inst2|inst ; KPTastature:inst11|KeyFetch:inst|Debouncer:inst39|Register:inst2|inst                                                                  ; CLK                                                     ; CLK         ; 0.000        ; 0.043      ; 0.314      ;
; 0.187 ; CPU:inst|inst13                                                       ; CPU:inst|inst13                                                                                                                        ; CLK                                                     ; CLK         ; 0.000        ; 0.036      ; 0.307      ;
; 0.188 ; KPVGA:inst15|VGAPer:inst|RegisterX:inst62|data[0]                     ; KPVGA:inst15|VGAPer:inst|RegisterX:inst62|data[0]                                                                                      ; CLK                                                     ; CLK         ; 0.000        ; 0.035      ; 0.307      ;
; 0.188 ; KPVGA:inst15|VGAPer:inst|RegisterX:inst62|data[1]                     ; KPVGA:inst15|VGAPer:inst|RegisterX:inst62|data[1]                                                                                      ; CLK                                                     ; CLK         ; 0.000        ; 0.035      ; 0.307      ;
; 0.188 ; KPVGA:inst15|VGAPer:inst|RegisterX:inst62|data[2]                     ; KPVGA:inst15|VGAPer:inst|RegisterX:inst62|data[2]                                                                                      ; CLK                                                     ; CLK         ; 0.000        ; 0.035      ; 0.307      ;
; 0.188 ; KPVGA:inst15|VGAPer:inst|RegisterX:inst62|data[3]                     ; KPVGA:inst15|VGAPer:inst|RegisterX:inst62|data[3]                                                                                      ; CLK                                                     ; CLK         ; 0.000        ; 0.035      ; 0.307      ;
; 0.188 ; KPVGA:inst15|VGAPer:inst|RegisterX:inst62|data[4]                     ; KPVGA:inst15|VGAPer:inst|RegisterX:inst62|data[4]                                                                                      ; CLK                                                     ; CLK         ; 0.000        ; 0.035      ; 0.307      ;
; 0.188 ; KPVGA:inst15|inst12                                                   ; KPVGA:inst15|inst12                                                                                                                    ; CLK                                                     ; CLK         ; 0.000        ; 0.035      ; 0.307      ;
; 0.188 ; KPVGA:inst15|VGAPer:inst|RegisterX:inst12|data[4]                     ; KPVGA:inst15|VGAPer:inst|RegisterX:inst12|data[4]                                                                                      ; CLK                                                     ; CLK         ; 0.000        ; 0.035      ; 0.307      ;
; 0.188 ; KPVGA:inst15|VGAPer:inst|RegisterX:inst12|data[0]                     ; KPVGA:inst15|VGAPer:inst|RegisterX:inst12|data[0]                                                                                      ; CLK                                                     ; CLK         ; 0.000        ; 0.035      ; 0.307      ;
; 0.188 ; KPVGA:inst15|VGAPer:inst|RegisterX:inst12|data[1]                     ; KPVGA:inst15|VGAPer:inst|RegisterX:inst12|data[1]                                                                                      ; CLK                                                     ; CLK         ; 0.000        ; 0.035      ; 0.307      ;
; 0.188 ; KPVGA:inst15|VGAPer:inst|RegisterX:inst12|data[2]                     ; KPVGA:inst15|VGAPer:inst|RegisterX:inst12|data[2]                                                                                      ; CLK                                                     ; CLK         ; 0.000        ; 0.035      ; 0.307      ;
; 0.188 ; KPVGA:inst15|VGAPer:inst|RegisterX:inst12|data[3]                     ; KPVGA:inst15|VGAPer:inst|RegisterX:inst12|data[3]                                                                                      ; CLK                                                     ; CLK         ; 0.000        ; 0.035      ; 0.307      ;
; 0.188 ; KPVGA:inst15|VGAPer:inst|RegisterX:inst13|data[4]                     ; KPVGA:inst15|VGAPer:inst|RegisterX:inst13|data[4]                                                                                      ; CLK                                                     ; CLK         ; 0.000        ; 0.035      ; 0.307      ;
; 0.188 ; KPVGA:inst15|VGAPer:inst|RegisterX:inst13|data[0]                     ; KPVGA:inst15|VGAPer:inst|RegisterX:inst13|data[0]                                                                                      ; CLK                                                     ; CLK         ; 0.000        ; 0.035      ; 0.307      ;
; 0.188 ; KPVGA:inst15|VGAPer:inst|RegisterX:inst13|data[1]                     ; KPVGA:inst15|VGAPer:inst|RegisterX:inst13|data[1]                                                                                      ; CLK                                                     ; CLK         ; 0.000        ; 0.035      ; 0.307      ;
; 0.188 ; KPVGA:inst15|VGAPer:inst|RegisterX:inst13|data[2]                     ; KPVGA:inst15|VGAPer:inst|RegisterX:inst13|data[2]                                                                                      ; CLK                                                     ; CLK         ; 0.000        ; 0.035      ; 0.307      ;
; 0.188 ; KPVGA:inst15|VGAPer:inst|RegisterX:inst13|data[3]                     ; KPVGA:inst15|VGAPer:inst|RegisterX:inst13|data[3]                                                                                      ; CLK                                                     ; CLK         ; 0.000        ; 0.035      ; 0.307      ;
; 0.188 ; KPVGA:inst15|inst41                                                   ; KPVGA:inst15|inst41                                                                                                                    ; CLK                                                     ; CLK         ; 0.000        ; 0.035      ; 0.307      ;
; 0.188 ; KPVGA:inst15|VGAPer:inst|Controller:inst4|RegisterX:inst3|data[0]     ; KPVGA:inst15|VGAPer:inst|Controller:inst4|RegisterX:inst3|data[0]                                                                      ; CLK                                                     ; CLK         ; 0.000        ; 0.035      ; 0.307      ;
; 0.188 ; KPVGA:inst15|VGAPer:inst|Controller:inst4|RegisterX:inst3|data[1]     ; KPVGA:inst15|VGAPer:inst|Controller:inst4|RegisterX:inst3|data[1]                                                                      ; CLK                                                     ; CLK         ; 0.000        ; 0.035      ; 0.307      ;
; 0.188 ; KPVGA:inst15|VGAPer:inst|Controller:inst4|RegisterX:inst3|data[3]     ; KPVGA:inst15|VGAPer:inst|Controller:inst4|RegisterX:inst3|data[3]                                                                      ; CLK                                                     ; CLK         ; 0.000        ; 0.035      ; 0.307      ;
; 0.188 ; KPVGA:inst15|VGAPer:inst|Controller:inst4|RegisterX:inst3|data[4]     ; KPVGA:inst15|VGAPer:inst|Controller:inst4|RegisterX:inst3|data[4]                                                                      ; CLK                                                     ; CLK         ; 0.000        ; 0.035      ; 0.307      ;
; 0.188 ; KPVGA:inst15|VGAPer:inst|Controller:inst4|RegisterX:inst3|data[6]     ; KPVGA:inst15|VGAPer:inst|Controller:inst4|RegisterX:inst3|data[6]                                                                      ; CLK                                                     ; CLK         ; 0.000        ; 0.035      ; 0.307      ;
; 0.188 ; KPVGA:inst15|VGAPer:inst|Controller:inst4|RegisterX:inst|data[4]      ; KPVGA:inst15|VGAPer:inst|Controller:inst4|RegisterX:inst|data[4]                                                                       ; CLK                                                     ; CLK         ; 0.000        ; 0.035      ; 0.307      ;
; 0.188 ; KPVGA:inst15|VGAPer:inst|Controller:inst4|RegisterX:inst|data[7]      ; KPVGA:inst15|VGAPer:inst|Controller:inst4|RegisterX:inst|data[7]                                                                       ; CLK                                                     ; CLK         ; 0.000        ; 0.035      ; 0.307      ;
; 0.188 ; KPVGA:inst15|VGAPer:inst|Controller:inst4|RegisterX:inst|data[8]      ; KPVGA:inst15|VGAPer:inst|Controller:inst4|RegisterX:inst|data[8]                                                                       ; CLK                                                     ; CLK         ; 0.000        ; 0.035      ; 0.307      ;
; 0.188 ; KPVGA:inst15|VGAPer:inst|Controller:inst4|RegisterX:inst|data[9]      ; KPVGA:inst15|VGAPer:inst|Controller:inst4|RegisterX:inst|data[9]                                                                       ; CLK                                                     ; CLK         ; 0.000        ; 0.035      ; 0.307      ;
; 0.191 ; CPU:inst|RegisterX:inst28|data[6]                                     ; memTest:inst9|altsyncram:altsyncram_component|altsyncram_s0t3:auto_generated|ram_block1a19~porta_address_reg0                          ; CLK                                                     ; CLK         ; 0.000        ; 0.220      ; 0.515      ;
; 0.194 ; KPVGA:inst15|VGAPer:inst|RegisterX:inst60|data[0]                     ; KPVGA:inst15|VGAPer:inst|RegisterX:inst60|data[0]                                                                                      ; CLK                                                     ; CLK         ; 0.000        ; 0.036      ; 0.314      ;
; 0.194 ; KPTastature:inst11|inst41                                             ; KPTastature:inst11|inst41                                                                                                              ; CLK                                                     ; CLK         ; 0.000        ; 0.036      ; 0.314      ;
; 0.196 ; KPVGA:inst15|inst41                                                   ; KPVGA:inst15|RisingEdgeDetector:inst48|inst                                                                                            ; CLK                                                     ; CLK         ; 0.000        ; 0.035      ; 0.315      ;
; 0.200 ; CPU:inst|FetchFaza:inst24|inst9                                       ; CPU:inst|FetchFaza:inst24|inst10                                                                                                       ; CLK                                                     ; CLK         ; 0.000        ; 0.035      ; 0.319      ;
; 0.201 ; KPTastature:inst11|KeyFetch:inst|RisingEdgeDetector:inst38|inst       ; KPTastature:inst11|KeyFetch:inst|RisingEdgeDetector:inst38|inst1                                                                       ; CLK                                                     ; CLK         ; 0.000        ; 0.036      ; 0.321      ;
; 0.204 ; KPTastature:inst11|KeyFetch:inst|RisingEdgeDetector:inst38|inst       ; KPTastature:inst11|KeyFetch:inst|inst28                                                                                                ; CLK                                                     ; CLK         ; 0.000        ; 0.036      ; 0.324      ;
; 0.205 ; KPTastature:inst11|KeyFetch:inst|inst4                                ; KPTastature:inst11|KeyFetch:inst|inst33                                                                                                ; KPTastature:inst11|KeyFetch:inst|Debouncer:inst39|inst1 ; CLK         ; 0.000        ; 0.267      ; 0.586      ;
; 0.205 ; KPTastature:inst11|KeyFetch:inst|inst2                                ; KPTastature:inst11|KeyFetch:inst|inst31                                                                                                ; KPTastature:inst11|KeyFetch:inst|Debouncer:inst39|inst1 ; CLK         ; 0.000        ; 0.267      ; 0.586      ;
; 0.206 ; KPVGA:inst15|VGAPer:inst|RegisterX:inst11|data[4]                     ; KPVGA:inst15|VGAPer:inst|RegisterX:inst11|data[4]                                                                                      ; CLK                                                     ; CLK         ; 0.000        ; 0.035      ; 0.325      ;
; 0.206 ; KPTastature:inst11|inst41                                             ; KPTastature:inst11|RisingEdgeDetector:inst48|inst                                                                                      ; CLK                                                     ; CLK         ; 0.000        ; 0.036      ; 0.326      ;
; 0.206 ; KPTastature:inst11|KeyFetch:inst|Debouncer:inst39|inst                ; KPTastature:inst11|KeyFetch:inst|Debouncer:inst39|Register:inst2|inst                                                                  ; CLK                                                     ; CLK         ; 0.000        ; 0.043      ; 0.333      ;
; 0.207 ; CPU:inst|RegisterX:inst28|data[12]                                    ; memTest:inst9|altsyncram:altsyncram_component|altsyncram_s0t3:auto_generated|ram_block1a12~porta_address_reg0                          ; CLK                                                     ; CLK         ; 0.000        ; 0.217      ; 0.528      ;
; 0.210 ; KPVGA:inst15|VGAPer:inst|RegisterX:inst10|data[4]                     ; KPVGA:inst15|VGAPer:inst|RegisterX:inst10|data[4]                                                                                      ; CLK                                                     ; CLK         ; 0.000        ; 0.035      ; 0.329      ;
; 0.210 ; KPTastature:inst11|KeyFetch:inst|inst8                                ; KPTastature:inst11|KeyFetch:inst|inst37                                                                                                ; KPTastature:inst11|KeyFetch:inst|Debouncer:inst39|inst1 ; CLK         ; 0.000        ; 0.267      ; 0.591      ;
; 0.211 ; KPTastature:inst11|KeyFetch:inst|inst1                                ; KPTastature:inst11|KeyFetch:inst|inst30                                                                                                ; KPTastature:inst11|KeyFetch:inst|Debouncer:inst39|inst1 ; CLK         ; 0.000        ; 0.267      ; 0.592      ;
; 0.217 ; KPHex:inst12|RegisterX:inst30|data[6]                                 ; seven_segment_display:inst19|seg_reg[6]                                                                                                ; CLK                                                     ; CLK         ; 0.000        ; 0.035      ; 0.336      ;
; 0.217 ; KPHex:inst12|RegisterX:inst30|data[6]                                 ; seven_segment_display:inst19|seg_reg[4]                                                                                                ; CLK                                                     ; CLK         ; 0.000        ; 0.035      ; 0.336      ;
; 0.217 ; KPHex:inst12|RegisterX:inst30|data[3]                                 ; seven_segment_display:inst18|seg_reg[3]                                                                                                ; CLK                                                     ; CLK         ; 0.000        ; 0.035      ; 0.336      ;
; 0.218 ; KPHex:inst12|RegisterX:inst30|data[6]                                 ; seven_segment_display:inst19|seg_reg[3]                                                                                                ; CLK                                                     ; CLK         ; 0.000        ; 0.035      ; 0.337      ;
+-------+-----------------------------------------------------------------------+----------------------------------------------------------------------------------------------------------------------------------------+---------------------------------------------------------+-------------+--------------+------------+------------+


+--------------------------------------------------------------------------------------------------------------------------------------------------------------------------------------------------------------------------------------------------------+
; Fast 1200mV 0C Model Hold: 'KPTastature:inst11|KeyFetch:inst|Debouncer:inst39|inst1'                                                                                                                                                                   ;
+-------+-----------------------------------------+-----------------------------------------+---------------------------------------------------------+---------------------------------------------------------+--------------+------------+------------+
; Slack ; From Node                               ; To Node                                 ; Launch Clock                                            ; Latch Clock                                             ; Relationship ; Clock Skew ; Data Delay ;
+-------+-----------------------------------------+-----------------------------------------+---------------------------------------------------------+---------------------------------------------------------+--------------+------------+------------+
; 0.197 ; KPTastature:inst11|KeyFetch:inst|inst17 ; KPTastature:inst11|KeyFetch:inst|inst18 ; KPTastature:inst11|KeyFetch:inst|Debouncer:inst39|inst1 ; KPTastature:inst11|KeyFetch:inst|Debouncer:inst39|inst1 ; 0.000        ; 0.036      ; 0.317      ;
; 0.197 ; KPTastature:inst11|KeyFetch:inst|inst14 ; KPTastature:inst11|KeyFetch:inst|inst15 ; KPTastature:inst11|KeyFetch:inst|Debouncer:inst39|inst1 ; KPTastature:inst11|KeyFetch:inst|Debouncer:inst39|inst1 ; 0.000        ; 0.036      ; 0.317      ;
; 0.198 ; KPTastature:inst11|KeyFetch:inst|inst12 ; KPTastature:inst11|KeyFetch:inst|inst13 ; KPTastature:inst11|KeyFetch:inst|Debouncer:inst39|inst1 ; KPTastature:inst11|KeyFetch:inst|Debouncer:inst39|inst1 ; 0.000        ; 0.036      ; 0.318      ;
; 0.205 ; KPTastature:inst11|KeyFetch:inst|inst7  ; KPTastature:inst11|KeyFetch:inst|inst8  ; KPTastature:inst11|KeyFetch:inst|Debouncer:inst39|inst1 ; KPTastature:inst11|KeyFetch:inst|Debouncer:inst39|inst1 ; 0.000        ; 0.036      ; 0.325      ;
; 0.205 ; KPTastature:inst11|KeyFetch:inst|inst2  ; KPTastature:inst11|KeyFetch:inst|inst3  ; KPTastature:inst11|KeyFetch:inst|Debouncer:inst39|inst1 ; KPTastature:inst11|KeyFetch:inst|Debouncer:inst39|inst1 ; 0.000        ; 0.036      ; 0.325      ;
; 0.259 ; KPTastature:inst11|KeyFetch:inst|inst10 ; KPTastature:inst11|KeyFetch:inst|inst11 ; KPTastature:inst11|KeyFetch:inst|Debouncer:inst39|inst1 ; KPTastature:inst11|KeyFetch:inst|Debouncer:inst39|inst1 ; 0.000        ; 0.036      ; 0.379      ;
; 0.264 ; KPTastature:inst11|KeyFetch:inst|inst1  ; KPTastature:inst11|KeyFetch:inst|inst2  ; KPTastature:inst11|KeyFetch:inst|Debouncer:inst39|inst1 ; KPTastature:inst11|KeyFetch:inst|Debouncer:inst39|inst1 ; 0.000        ; 0.036      ; 0.384      ;
; 0.264 ; KPTastature:inst11|KeyFetch:inst|inst13 ; KPTastature:inst11|KeyFetch:inst|inst14 ; KPTastature:inst11|KeyFetch:inst|Debouncer:inst39|inst1 ; KPTastature:inst11|KeyFetch:inst|Debouncer:inst39|inst1 ; 0.000        ; 0.036      ; 0.384      ;
; 0.271 ; KPTastature:inst11|KeyFetch:inst|inst16 ; KPTastature:inst11|KeyFetch:inst|inst17 ; KPTastature:inst11|KeyFetch:inst|Debouncer:inst39|inst1 ; KPTastature:inst11|KeyFetch:inst|Debouncer:inst39|inst1 ; 0.000        ; 0.036      ; 0.391      ;
; 0.278 ; KPTastature:inst11|KeyFetch:inst|inst4  ; KPTastature:inst11|KeyFetch:inst|inst5  ; KPTastature:inst11|KeyFetch:inst|Debouncer:inst39|inst1 ; KPTastature:inst11|KeyFetch:inst|Debouncer:inst39|inst1 ; 0.000        ; 0.036      ; 0.398      ;
; 0.282 ; KPTastature:inst11|KeyFetch:inst|inst18 ; KPTastature:inst11|KeyFetch:inst|inst19 ; KPTastature:inst11|KeyFetch:inst|Debouncer:inst39|inst1 ; KPTastature:inst11|KeyFetch:inst|Debouncer:inst39|inst1 ; 0.000        ; 0.036      ; 0.402      ;
; 0.333 ; KPTastature:inst11|KeyFetch:inst|inst11 ; KPTastature:inst11|KeyFetch:inst|inst12 ; KPTastature:inst11|KeyFetch:inst|Debouncer:inst39|inst1 ; KPTastature:inst11|KeyFetch:inst|Debouncer:inst39|inst1 ; 0.000        ; 0.036      ; 0.453      ;
; 0.346 ; KPTastature:inst11|KeyFetch:inst|inst15 ; KPTastature:inst11|KeyFetch:inst|inst16 ; KPTastature:inst11|KeyFetch:inst|Debouncer:inst39|inst1 ; KPTastature:inst11|KeyFetch:inst|Debouncer:inst39|inst1 ; 0.000        ; 0.036      ; 0.466      ;
; 0.378 ; KPTastature:inst11|KeyFetch:inst|inst3  ; KPTastature:inst11|KeyFetch:inst|inst4  ; KPTastature:inst11|KeyFetch:inst|Debouncer:inst39|inst1 ; KPTastature:inst11|KeyFetch:inst|Debouncer:inst39|inst1 ; 0.000        ; 0.036      ; 0.498      ;
; 0.421 ; KPTastature:inst11|KeyFetch:inst|inst   ; KPTastature:inst11|KeyFetch:inst|inst1  ; KPTastature:inst11|KeyFetch:inst|Debouncer:inst39|inst1 ; KPTastature:inst11|KeyFetch:inst|Debouncer:inst39|inst1 ; 0.000        ; 0.039      ; 0.544      ;
; 0.422 ; KPTastature:inst11|KeyFetch:inst|inst6  ; KPTastature:inst11|KeyFetch:inst|inst7  ; KPTastature:inst11|KeyFetch:inst|Debouncer:inst39|inst1 ; KPTastature:inst11|KeyFetch:inst|Debouncer:inst39|inst1 ; 0.000        ; 0.039      ; 0.545      ;
; 0.422 ; KPTastature:inst11|KeyFetch:inst|inst5  ; KPTastature:inst11|KeyFetch:inst|inst6  ; KPTastature:inst11|KeyFetch:inst|Debouncer:inst39|inst1 ; KPTastature:inst11|KeyFetch:inst|Debouncer:inst39|inst1 ; 0.000        ; 0.033      ; 0.539      ;
; 0.428 ; KPTastature:inst11|KeyFetch:inst|inst18 ; KPTastature:inst11|KeyFetch:inst|inst10 ; KPTastature:inst11|KeyFetch:inst|Debouncer:inst39|inst1 ; KPTastature:inst11|KeyFetch:inst|Debouncer:inst39|inst1 ; 0.000        ; 0.036      ; 0.548      ;
; 0.441 ; KPTastature:inst11|KeyFetch:inst|inst19 ; KPTastature:inst11|KeyFetch:inst|inst10 ; KPTastature:inst11|KeyFetch:inst|Debouncer:inst39|inst1 ; KPTastature:inst11|KeyFetch:inst|Debouncer:inst39|inst1 ; 0.000        ; 0.035      ; 0.560      ;
; 0.447 ; KPTastature:inst11|KeyFetch:inst|inst15 ; KPTastature:inst11|KeyFetch:inst|inst10 ; KPTastature:inst11|KeyFetch:inst|Debouncer:inst39|inst1 ; KPTastature:inst11|KeyFetch:inst|Debouncer:inst39|inst1 ; 0.000        ; 0.036      ; 0.567      ;
; 0.484 ; KPTastature:inst11|KeyFetch:inst|inst12 ; KPTastature:inst11|KeyFetch:inst|inst10 ; KPTastature:inst11|KeyFetch:inst|Debouncer:inst39|inst1 ; KPTastature:inst11|KeyFetch:inst|Debouncer:inst39|inst1 ; 0.000        ; 0.036      ; 0.604      ;
; 0.501 ; KPTastature:inst11|KeyFetch:inst|inst16 ; KPTastature:inst11|KeyFetch:inst|inst10 ; KPTastature:inst11|KeyFetch:inst|Debouncer:inst39|inst1 ; KPTastature:inst11|KeyFetch:inst|Debouncer:inst39|inst1 ; 0.000        ; 0.036      ; 0.621      ;
; 0.504 ; KPTastature:inst11|KeyFetch:inst|inst17 ; KPTastature:inst11|KeyFetch:inst|inst10 ; KPTastature:inst11|KeyFetch:inst|Debouncer:inst39|inst1 ; KPTastature:inst11|KeyFetch:inst|Debouncer:inst39|inst1 ; 0.000        ; 0.036      ; 0.624      ;
; 0.541 ; KPTastature:inst11|KeyFetch:inst|inst10 ; KPTastature:inst11|KeyFetch:inst|inst10 ; KPTastature:inst11|KeyFetch:inst|Debouncer:inst39|inst1 ; KPTastature:inst11|KeyFetch:inst|Debouncer:inst39|inst1 ; 0.000        ; 0.036      ; 0.661      ;
; 0.578 ; KPTastature:inst11|KeyFetch:inst|inst14 ; KPTastature:inst11|KeyFetch:inst|inst10 ; KPTastature:inst11|KeyFetch:inst|Debouncer:inst39|inst1 ; KPTastature:inst11|KeyFetch:inst|Debouncer:inst39|inst1 ; 0.000        ; 0.036      ; 0.698      ;
; 0.601 ; KPTastature:inst11|KeyFetch:inst|inst   ; KPTastature:inst11|KeyFetch:inst|inst10 ; KPTastature:inst11|KeyFetch:inst|Debouncer:inst39|inst1 ; KPTastature:inst11|KeyFetch:inst|Debouncer:inst39|inst1 ; 0.000        ; 0.036      ; 0.721      ;
; 0.637 ; KPTastature:inst11|KeyFetch:inst|inst11 ; KPTastature:inst11|KeyFetch:inst|inst10 ; KPTastature:inst11|KeyFetch:inst|Debouncer:inst39|inst1 ; KPTastature:inst11|KeyFetch:inst|Debouncer:inst39|inst1 ; 0.000        ; 0.036      ; 0.757      ;
; 0.650 ; KPTastature:inst11|KeyFetch:inst|inst13 ; KPTastature:inst11|KeyFetch:inst|inst10 ; KPTastature:inst11|KeyFetch:inst|Debouncer:inst39|inst1 ; KPTastature:inst11|KeyFetch:inst|Debouncer:inst39|inst1 ; 0.000        ; 0.036      ; 0.770      ;
+-------+-----------------------------------------+-----------------------------------------+---------------------------------------------------------+---------------------------------------------------------+--------------+------------+------------+


+--------------------------------------------------------------------------------------------------------------------------------+
; Fast 1200mV 0C Model Recovery: 'CLK'                                                                                           ;
+-------+---------------------------------+----------------+--------------+-------------+--------------+------------+------------+
; Slack ; From Node                       ; To Node        ; Launch Clock ; Latch Clock ; Relationship ; Clock Skew ; Data Delay ;
+-------+---------------------------------+----------------+--------------+-------------+--------------+------------+------------+
; 0.260 ; CPU:inst|pulse_gen:inst64|pulse ; CPU:inst|inst6 ; CLK          ; CLK         ; 1.000        ; -0.043     ; 0.684      ;
+-------+---------------------------------+----------------+--------------+-------------+--------------+------------+------------+


+--------------------------------------------------------------------------------------------------------------------------------+
; Fast 1200mV 0C Model Removal: 'CLK'                                                                                            ;
+-------+---------------------------------+----------------+--------------+-------------+--------------+------------+------------+
; Slack ; From Node                       ; To Node        ; Launch Clock ; Latch Clock ; Relationship ; Clock Skew ; Data Delay ;
+-------+---------------------------------+----------------+--------------+-------------+--------------+------------+------------+
; 0.479 ; CPU:inst|pulse_gen:inst64|pulse ; CPU:inst|inst6 ; CLK          ; CLK         ; 0.000        ; 0.043      ; 0.606      ;
+-------+---------------------------------+----------------+--------------+-------------+--------------+------------+------------+


+--------------------------------------------------------------------------------------------------------------------------------+
; Fast 1200mV 0C Model Minimum Pulse Width: 'CLK'                                                                                ;
+--------+--------------+----------------+------------+-------+------------+-----------------------------------------------------+
; Slack  ; Actual Width ; Required Width ; Type       ; Clock ; Clock Edge ; Target                                              ;
+--------+--------------+----------------+------------+-------+------------+-----------------------------------------------------+
; -3.000 ; 1.000        ; 4.000          ; Port Rate  ; CLK   ; Rise       ; CLK                                                 ;
; -1.000 ; 1.000        ; 2.000          ; Min Period ; CLK   ; Rise       ; CPU:inst|CSRegFile:inst31|RegisterX:inst1|data[0]   ;
; -1.000 ; 1.000        ; 2.000          ; Min Period ; CLK   ; Rise       ; CPU:inst|CSRegFile:inst31|RegisterX:inst1|data[10]  ;
; -1.000 ; 1.000        ; 2.000          ; Min Period ; CLK   ; Rise       ; CPU:inst|CSRegFile:inst31|RegisterX:inst1|data[11]  ;
; -1.000 ; 1.000        ; 2.000          ; Min Period ; CLK   ; Rise       ; CPU:inst|CSRegFile:inst31|RegisterX:inst1|data[12]  ;
; -1.000 ; 1.000        ; 2.000          ; Min Period ; CLK   ; Rise       ; CPU:inst|CSRegFile:inst31|RegisterX:inst1|data[13]  ;
; -1.000 ; 1.000        ; 2.000          ; Min Period ; CLK   ; Rise       ; CPU:inst|CSRegFile:inst31|RegisterX:inst1|data[14]  ;
; -1.000 ; 1.000        ; 2.000          ; Min Period ; CLK   ; Rise       ; CPU:inst|CSRegFile:inst31|RegisterX:inst1|data[15]  ;
; -1.000 ; 1.000        ; 2.000          ; Min Period ; CLK   ; Rise       ; CPU:inst|CSRegFile:inst31|RegisterX:inst1|data[16]  ;
; -1.000 ; 1.000        ; 2.000          ; Min Period ; CLK   ; Rise       ; CPU:inst|CSRegFile:inst31|RegisterX:inst1|data[17]  ;
; -1.000 ; 1.000        ; 2.000          ; Min Period ; CLK   ; Rise       ; CPU:inst|CSRegFile:inst31|RegisterX:inst1|data[18]  ;
; -1.000 ; 1.000        ; 2.000          ; Min Period ; CLK   ; Rise       ; CPU:inst|CSRegFile:inst31|RegisterX:inst1|data[19]  ;
; -1.000 ; 1.000        ; 2.000          ; Min Period ; CLK   ; Rise       ; CPU:inst|CSRegFile:inst31|RegisterX:inst1|data[1]   ;
; -1.000 ; 1.000        ; 2.000          ; Min Period ; CLK   ; Rise       ; CPU:inst|CSRegFile:inst31|RegisterX:inst1|data[20]  ;
; -1.000 ; 1.000        ; 2.000          ; Min Period ; CLK   ; Rise       ; CPU:inst|CSRegFile:inst31|RegisterX:inst1|data[21]  ;
; -1.000 ; 1.000        ; 2.000          ; Min Period ; CLK   ; Rise       ; CPU:inst|CSRegFile:inst31|RegisterX:inst1|data[22]  ;
; -1.000 ; 1.000        ; 2.000          ; Min Period ; CLK   ; Rise       ; CPU:inst|CSRegFile:inst31|RegisterX:inst1|data[23]  ;
; -1.000 ; 1.000        ; 2.000          ; Min Period ; CLK   ; Rise       ; CPU:inst|CSRegFile:inst31|RegisterX:inst1|data[24]  ;
; -1.000 ; 1.000        ; 2.000          ; Min Period ; CLK   ; Rise       ; CPU:inst|CSRegFile:inst31|RegisterX:inst1|data[25]  ;
; -1.000 ; 1.000        ; 2.000          ; Min Period ; CLK   ; Rise       ; CPU:inst|CSRegFile:inst31|RegisterX:inst1|data[26]  ;
; -1.000 ; 1.000        ; 2.000          ; Min Period ; CLK   ; Rise       ; CPU:inst|CSRegFile:inst31|RegisterX:inst1|data[27]  ;
; -1.000 ; 1.000        ; 2.000          ; Min Period ; CLK   ; Rise       ; CPU:inst|CSRegFile:inst31|RegisterX:inst1|data[28]  ;
; -1.000 ; 1.000        ; 2.000          ; Min Period ; CLK   ; Rise       ; CPU:inst|CSRegFile:inst31|RegisterX:inst1|data[29]  ;
; -1.000 ; 1.000        ; 2.000          ; Min Period ; CLK   ; Rise       ; CPU:inst|CSRegFile:inst31|RegisterX:inst1|data[2]   ;
; -1.000 ; 1.000        ; 2.000          ; Min Period ; CLK   ; Rise       ; CPU:inst|CSRegFile:inst31|RegisterX:inst1|data[30]  ;
; -1.000 ; 1.000        ; 2.000          ; Min Period ; CLK   ; Rise       ; CPU:inst|CSRegFile:inst31|RegisterX:inst1|data[31]  ;
; -1.000 ; 1.000        ; 2.000          ; Min Period ; CLK   ; Rise       ; CPU:inst|CSRegFile:inst31|RegisterX:inst1|data[3]   ;
; -1.000 ; 1.000        ; 2.000          ; Min Period ; CLK   ; Rise       ; CPU:inst|CSRegFile:inst31|RegisterX:inst1|data[4]   ;
; -1.000 ; 1.000        ; 2.000          ; Min Period ; CLK   ; Rise       ; CPU:inst|CSRegFile:inst31|RegisterX:inst1|data[5]   ;
; -1.000 ; 1.000        ; 2.000          ; Min Period ; CLK   ; Rise       ; CPU:inst|CSRegFile:inst31|RegisterX:inst1|data[6]   ;
; -1.000 ; 1.000        ; 2.000          ; Min Period ; CLK   ; Rise       ; CPU:inst|CSRegFile:inst31|RegisterX:inst1|data[7]   ;
; -1.000 ; 1.000        ; 2.000          ; Min Period ; CLK   ; Rise       ; CPU:inst|CSRegFile:inst31|RegisterX:inst1|data[8]   ;
; -1.000 ; 1.000        ; 2.000          ; Min Period ; CLK   ; Rise       ; CPU:inst|CSRegFile:inst31|RegisterX:inst1|data[9]   ;
; -1.000 ; 1.000        ; 2.000          ; Min Period ; CLK   ; Rise       ; CPU:inst|CSRegFile:inst31|RegisterX:inst2|data[0]   ;
; -1.000 ; 1.000        ; 2.000          ; Min Period ; CLK   ; Rise       ; CPU:inst|CSRegFile:inst31|RegisterX:inst2|data[10]  ;
; -1.000 ; 1.000        ; 2.000          ; Min Period ; CLK   ; Rise       ; CPU:inst|CSRegFile:inst31|RegisterX:inst2|data[11]  ;
; -1.000 ; 1.000        ; 2.000          ; Min Period ; CLK   ; Rise       ; CPU:inst|CSRegFile:inst31|RegisterX:inst2|data[12]  ;
; -1.000 ; 1.000        ; 2.000          ; Min Period ; CLK   ; Rise       ; CPU:inst|CSRegFile:inst31|RegisterX:inst2|data[13]  ;
; -1.000 ; 1.000        ; 2.000          ; Min Period ; CLK   ; Rise       ; CPU:inst|CSRegFile:inst31|RegisterX:inst2|data[14]  ;
; -1.000 ; 1.000        ; 2.000          ; Min Period ; CLK   ; Rise       ; CPU:inst|CSRegFile:inst31|RegisterX:inst2|data[15]  ;
; -1.000 ; 1.000        ; 2.000          ; Min Period ; CLK   ; Rise       ; CPU:inst|CSRegFile:inst31|RegisterX:inst2|data[16]  ;
; -1.000 ; 1.000        ; 2.000          ; Min Period ; CLK   ; Rise       ; CPU:inst|CSRegFile:inst31|RegisterX:inst2|data[17]  ;
; -1.000 ; 1.000        ; 2.000          ; Min Period ; CLK   ; Rise       ; CPU:inst|CSRegFile:inst31|RegisterX:inst2|data[18]  ;
; -1.000 ; 1.000        ; 2.000          ; Min Period ; CLK   ; Rise       ; CPU:inst|CSRegFile:inst31|RegisterX:inst2|data[19]  ;
; -1.000 ; 1.000        ; 2.000          ; Min Period ; CLK   ; Rise       ; CPU:inst|CSRegFile:inst31|RegisterX:inst2|data[1]   ;
; -1.000 ; 1.000        ; 2.000          ; Min Period ; CLK   ; Rise       ; CPU:inst|CSRegFile:inst31|RegisterX:inst2|data[20]  ;
; -1.000 ; 1.000        ; 2.000          ; Min Period ; CLK   ; Rise       ; CPU:inst|CSRegFile:inst31|RegisterX:inst2|data[21]  ;
; -1.000 ; 1.000        ; 2.000          ; Min Period ; CLK   ; Rise       ; CPU:inst|CSRegFile:inst31|RegisterX:inst2|data[22]  ;
; -1.000 ; 1.000        ; 2.000          ; Min Period ; CLK   ; Rise       ; CPU:inst|CSRegFile:inst31|RegisterX:inst2|data[23]  ;
; -1.000 ; 1.000        ; 2.000          ; Min Period ; CLK   ; Rise       ; CPU:inst|CSRegFile:inst31|RegisterX:inst2|data[24]  ;
; -1.000 ; 1.000        ; 2.000          ; Min Period ; CLK   ; Rise       ; CPU:inst|CSRegFile:inst31|RegisterX:inst2|data[25]  ;
; -1.000 ; 1.000        ; 2.000          ; Min Period ; CLK   ; Rise       ; CPU:inst|CSRegFile:inst31|RegisterX:inst2|data[26]  ;
; -1.000 ; 1.000        ; 2.000          ; Min Period ; CLK   ; Rise       ; CPU:inst|CSRegFile:inst31|RegisterX:inst2|data[27]  ;
; -1.000 ; 1.000        ; 2.000          ; Min Period ; CLK   ; Rise       ; CPU:inst|CSRegFile:inst31|RegisterX:inst2|data[28]  ;
; -1.000 ; 1.000        ; 2.000          ; Min Period ; CLK   ; Rise       ; CPU:inst|CSRegFile:inst31|RegisterX:inst2|data[29]  ;
; -1.000 ; 1.000        ; 2.000          ; Min Period ; CLK   ; Rise       ; CPU:inst|CSRegFile:inst31|RegisterX:inst2|data[2]   ;
; -1.000 ; 1.000        ; 2.000          ; Min Period ; CLK   ; Rise       ; CPU:inst|CSRegFile:inst31|RegisterX:inst2|data[30]  ;
; -1.000 ; 1.000        ; 2.000          ; Min Period ; CLK   ; Rise       ; CPU:inst|CSRegFile:inst31|RegisterX:inst2|data[31]  ;
; -1.000 ; 1.000        ; 2.000          ; Min Period ; CLK   ; Rise       ; CPU:inst|CSRegFile:inst31|RegisterX:inst2|data[3]   ;
; -1.000 ; 1.000        ; 2.000          ; Min Period ; CLK   ; Rise       ; CPU:inst|CSRegFile:inst31|RegisterX:inst2|data[4]   ;
; -1.000 ; 1.000        ; 2.000          ; Min Period ; CLK   ; Rise       ; CPU:inst|CSRegFile:inst31|RegisterX:inst2|data[5]   ;
; -1.000 ; 1.000        ; 2.000          ; Min Period ; CLK   ; Rise       ; CPU:inst|CSRegFile:inst31|RegisterX:inst2|data[6]   ;
; -1.000 ; 1.000        ; 2.000          ; Min Period ; CLK   ; Rise       ; CPU:inst|CSRegFile:inst31|RegisterX:inst2|data[7]   ;
; -1.000 ; 1.000        ; 2.000          ; Min Period ; CLK   ; Rise       ; CPU:inst|CSRegFile:inst31|RegisterX:inst2|data[8]   ;
; -1.000 ; 1.000        ; 2.000          ; Min Period ; CLK   ; Rise       ; CPU:inst|CSRegFile:inst31|RegisterX:inst2|data[9]   ;
; -1.000 ; 1.000        ; 2.000          ; Min Period ; CLK   ; Rise       ; CPU:inst|CSRegFile:inst31|RegisterX:inst39|data[0]  ;
; -1.000 ; 1.000        ; 2.000          ; Min Period ; CLK   ; Rise       ; CPU:inst|CSRegFile:inst31|RegisterX:inst39|data[10] ;
; -1.000 ; 1.000        ; 2.000          ; Min Period ; CLK   ; Rise       ; CPU:inst|CSRegFile:inst31|RegisterX:inst39|data[11] ;
; -1.000 ; 1.000        ; 2.000          ; Min Period ; CLK   ; Rise       ; CPU:inst|CSRegFile:inst31|RegisterX:inst39|data[12] ;
; -1.000 ; 1.000        ; 2.000          ; Min Period ; CLK   ; Rise       ; CPU:inst|CSRegFile:inst31|RegisterX:inst39|data[13] ;
; -1.000 ; 1.000        ; 2.000          ; Min Period ; CLK   ; Rise       ; CPU:inst|CSRegFile:inst31|RegisterX:inst39|data[14] ;
; -1.000 ; 1.000        ; 2.000          ; Min Period ; CLK   ; Rise       ; CPU:inst|CSRegFile:inst31|RegisterX:inst39|data[15] ;
; -1.000 ; 1.000        ; 2.000          ; Min Period ; CLK   ; Rise       ; CPU:inst|CSRegFile:inst31|RegisterX:inst39|data[16] ;
; -1.000 ; 1.000        ; 2.000          ; Min Period ; CLK   ; Rise       ; CPU:inst|CSRegFile:inst31|RegisterX:inst39|data[17] ;
; -1.000 ; 1.000        ; 2.000          ; Min Period ; CLK   ; Rise       ; CPU:inst|CSRegFile:inst31|RegisterX:inst39|data[18] ;
; -1.000 ; 1.000        ; 2.000          ; Min Period ; CLK   ; Rise       ; CPU:inst|CSRegFile:inst31|RegisterX:inst39|data[19] ;
; -1.000 ; 1.000        ; 2.000          ; Min Period ; CLK   ; Rise       ; CPU:inst|CSRegFile:inst31|RegisterX:inst39|data[1]  ;
; -1.000 ; 1.000        ; 2.000          ; Min Period ; CLK   ; Rise       ; CPU:inst|CSRegFile:inst31|RegisterX:inst39|data[20] ;
; -1.000 ; 1.000        ; 2.000          ; Min Period ; CLK   ; Rise       ; CPU:inst|CSRegFile:inst31|RegisterX:inst39|data[21] ;
; -1.000 ; 1.000        ; 2.000          ; Min Period ; CLK   ; Rise       ; CPU:inst|CSRegFile:inst31|RegisterX:inst39|data[22] ;
; -1.000 ; 1.000        ; 2.000          ; Min Period ; CLK   ; Rise       ; CPU:inst|CSRegFile:inst31|RegisterX:inst39|data[23] ;
; -1.000 ; 1.000        ; 2.000          ; Min Period ; CLK   ; Rise       ; CPU:inst|CSRegFile:inst31|RegisterX:inst39|data[24] ;
; -1.000 ; 1.000        ; 2.000          ; Min Period ; CLK   ; Rise       ; CPU:inst|CSRegFile:inst31|RegisterX:inst39|data[25] ;
; -1.000 ; 1.000        ; 2.000          ; Min Period ; CLK   ; Rise       ; CPU:inst|CSRegFile:inst31|RegisterX:inst39|data[26] ;
; -1.000 ; 1.000        ; 2.000          ; Min Period ; CLK   ; Rise       ; CPU:inst|CSRegFile:inst31|RegisterX:inst39|data[27] ;
; -1.000 ; 1.000        ; 2.000          ; Min Period ; CLK   ; Rise       ; CPU:inst|CSRegFile:inst31|RegisterX:inst39|data[28] ;
; -1.000 ; 1.000        ; 2.000          ; Min Period ; CLK   ; Rise       ; CPU:inst|CSRegFile:inst31|RegisterX:inst39|data[29] ;
; -1.000 ; 1.000        ; 2.000          ; Min Period ; CLK   ; Rise       ; CPU:inst|CSRegFile:inst31|RegisterX:inst39|data[2]  ;
; -1.000 ; 1.000        ; 2.000          ; Min Period ; CLK   ; Rise       ; CPU:inst|CSRegFile:inst31|RegisterX:inst39|data[30] ;
; -1.000 ; 1.000        ; 2.000          ; Min Period ; CLK   ; Rise       ; CPU:inst|CSRegFile:inst31|RegisterX:inst39|data[31] ;
; -1.000 ; 1.000        ; 2.000          ; Min Period ; CLK   ; Rise       ; CPU:inst|CSRegFile:inst31|RegisterX:inst39|data[3]  ;
; -1.000 ; 1.000        ; 2.000          ; Min Period ; CLK   ; Rise       ; CPU:inst|CSRegFile:inst31|RegisterX:inst39|data[4]  ;
; -1.000 ; 1.000        ; 2.000          ; Min Period ; CLK   ; Rise       ; CPU:inst|CSRegFile:inst31|RegisterX:inst39|data[5]  ;
; -1.000 ; 1.000        ; 2.000          ; Min Period ; CLK   ; Rise       ; CPU:inst|CSRegFile:inst31|RegisterX:inst39|data[6]  ;
; -1.000 ; 1.000        ; 2.000          ; Min Period ; CLK   ; Rise       ; CPU:inst|CSRegFile:inst31|RegisterX:inst39|data[7]  ;
; -1.000 ; 1.000        ; 2.000          ; Min Period ; CLK   ; Rise       ; CPU:inst|CSRegFile:inst31|RegisterX:inst39|data[8]  ;
; -1.000 ; 1.000        ; 2.000          ; Min Period ; CLK   ; Rise       ; CPU:inst|CSRegFile:inst31|RegisterX:inst39|data[9]  ;
; -1.000 ; 1.000        ; 2.000          ; Min Period ; CLK   ; Rise       ; CPU:inst|CSRegFile:inst31|RegisterX:inst3|data[0]   ;
; -1.000 ; 1.000        ; 2.000          ; Min Period ; CLK   ; Rise       ; CPU:inst|CSRegFile:inst31|RegisterX:inst3|data[10]  ;
; -1.000 ; 1.000        ; 2.000          ; Min Period ; CLK   ; Rise       ; CPU:inst|CSRegFile:inst31|RegisterX:inst3|data[11]  ;
+--------+--------------+----------------+------------+-------+------------+-----------------------------------------------------+


+------------------------------------------------------------------------------------------------------------------------------------------------------------------------------+
; Fast 1200mV 0C Model Minimum Pulse Width: 'KPTastature:inst11|KeyFetch:inst|Debouncer:inst39|inst1'                                                                          ;
+--------+--------------+----------------+------------------+---------------------------------------------------------+------------+-------------------------------------------+
; Slack  ; Actual Width ; Required Width ; Type             ; Clock                                                   ; Clock Edge ; Target                                    ;
+--------+--------------+----------------+------------------+---------------------------------------------------------+------------+-------------------------------------------+
; -1.000 ; 1.000        ; 2.000          ; Min Period       ; KPTastature:inst11|KeyFetch:inst|Debouncer:inst39|inst1 ; Rise       ; KPTastature:inst11|KeyFetch:inst|inst     ;
; -1.000 ; 1.000        ; 2.000          ; Min Period       ; KPTastature:inst11|KeyFetch:inst|Debouncer:inst39|inst1 ; Rise       ; KPTastature:inst11|KeyFetch:inst|inst1    ;
; -1.000 ; 1.000        ; 2.000          ; Min Period       ; KPTastature:inst11|KeyFetch:inst|Debouncer:inst39|inst1 ; Rise       ; KPTastature:inst11|KeyFetch:inst|inst10   ;
; -1.000 ; 1.000        ; 2.000          ; Min Period       ; KPTastature:inst11|KeyFetch:inst|Debouncer:inst39|inst1 ; Rise       ; KPTastature:inst11|KeyFetch:inst|inst11   ;
; -1.000 ; 1.000        ; 2.000          ; Min Period       ; KPTastature:inst11|KeyFetch:inst|Debouncer:inst39|inst1 ; Rise       ; KPTastature:inst11|KeyFetch:inst|inst12   ;
; -1.000 ; 1.000        ; 2.000          ; Min Period       ; KPTastature:inst11|KeyFetch:inst|Debouncer:inst39|inst1 ; Rise       ; KPTastature:inst11|KeyFetch:inst|inst13   ;
; -1.000 ; 1.000        ; 2.000          ; Min Period       ; KPTastature:inst11|KeyFetch:inst|Debouncer:inst39|inst1 ; Rise       ; KPTastature:inst11|KeyFetch:inst|inst14   ;
; -1.000 ; 1.000        ; 2.000          ; Min Period       ; KPTastature:inst11|KeyFetch:inst|Debouncer:inst39|inst1 ; Rise       ; KPTastature:inst11|KeyFetch:inst|inst15   ;
; -1.000 ; 1.000        ; 2.000          ; Min Period       ; KPTastature:inst11|KeyFetch:inst|Debouncer:inst39|inst1 ; Rise       ; KPTastature:inst11|KeyFetch:inst|inst16   ;
; -1.000 ; 1.000        ; 2.000          ; Min Period       ; KPTastature:inst11|KeyFetch:inst|Debouncer:inst39|inst1 ; Rise       ; KPTastature:inst11|KeyFetch:inst|inst17   ;
; -1.000 ; 1.000        ; 2.000          ; Min Period       ; KPTastature:inst11|KeyFetch:inst|Debouncer:inst39|inst1 ; Rise       ; KPTastature:inst11|KeyFetch:inst|inst18   ;
; -1.000 ; 1.000        ; 2.000          ; Min Period       ; KPTastature:inst11|KeyFetch:inst|Debouncer:inst39|inst1 ; Rise       ; KPTastature:inst11|KeyFetch:inst|inst19   ;
; -1.000 ; 1.000        ; 2.000          ; Min Period       ; KPTastature:inst11|KeyFetch:inst|Debouncer:inst39|inst1 ; Rise       ; KPTastature:inst11|KeyFetch:inst|inst2    ;
; -1.000 ; 1.000        ; 2.000          ; Min Period       ; KPTastature:inst11|KeyFetch:inst|Debouncer:inst39|inst1 ; Rise       ; KPTastature:inst11|KeyFetch:inst|inst3    ;
; -1.000 ; 1.000        ; 2.000          ; Min Period       ; KPTastature:inst11|KeyFetch:inst|Debouncer:inst39|inst1 ; Rise       ; KPTastature:inst11|KeyFetch:inst|inst4    ;
; -1.000 ; 1.000        ; 2.000          ; Min Period       ; KPTastature:inst11|KeyFetch:inst|Debouncer:inst39|inst1 ; Rise       ; KPTastature:inst11|KeyFetch:inst|inst5    ;
; -1.000 ; 1.000        ; 2.000          ; Min Period       ; KPTastature:inst11|KeyFetch:inst|Debouncer:inst39|inst1 ; Rise       ; KPTastature:inst11|KeyFetch:inst|inst6    ;
; -1.000 ; 1.000        ; 2.000          ; Min Period       ; KPTastature:inst11|KeyFetch:inst|Debouncer:inst39|inst1 ; Rise       ; KPTastature:inst11|KeyFetch:inst|inst7    ;
; -1.000 ; 1.000        ; 2.000          ; Min Period       ; KPTastature:inst11|KeyFetch:inst|Debouncer:inst39|inst1 ; Rise       ; KPTastature:inst11|KeyFetch:inst|inst8    ;
; 0.276  ; 0.460        ; 0.184          ; Low Pulse Width  ; KPTastature:inst11|KeyFetch:inst|Debouncer:inst39|inst1 ; Rise       ; KPTastature:inst11|KeyFetch:inst|inst     ;
; 0.276  ; 0.460        ; 0.184          ; Low Pulse Width  ; KPTastature:inst11|KeyFetch:inst|Debouncer:inst39|inst1 ; Rise       ; KPTastature:inst11|KeyFetch:inst|inst1    ;
; 0.276  ; 0.460        ; 0.184          ; Low Pulse Width  ; KPTastature:inst11|KeyFetch:inst|Debouncer:inst39|inst1 ; Rise       ; KPTastature:inst11|KeyFetch:inst|inst10   ;
; 0.276  ; 0.460        ; 0.184          ; Low Pulse Width  ; KPTastature:inst11|KeyFetch:inst|Debouncer:inst39|inst1 ; Rise       ; KPTastature:inst11|KeyFetch:inst|inst11   ;
; 0.276  ; 0.460        ; 0.184          ; Low Pulse Width  ; KPTastature:inst11|KeyFetch:inst|Debouncer:inst39|inst1 ; Rise       ; KPTastature:inst11|KeyFetch:inst|inst12   ;
; 0.276  ; 0.460        ; 0.184          ; Low Pulse Width  ; KPTastature:inst11|KeyFetch:inst|Debouncer:inst39|inst1 ; Rise       ; KPTastature:inst11|KeyFetch:inst|inst13   ;
; 0.276  ; 0.460        ; 0.184          ; Low Pulse Width  ; KPTastature:inst11|KeyFetch:inst|Debouncer:inst39|inst1 ; Rise       ; KPTastature:inst11|KeyFetch:inst|inst14   ;
; 0.276  ; 0.460        ; 0.184          ; Low Pulse Width  ; KPTastature:inst11|KeyFetch:inst|Debouncer:inst39|inst1 ; Rise       ; KPTastature:inst11|KeyFetch:inst|inst15   ;
; 0.276  ; 0.460        ; 0.184          ; Low Pulse Width  ; KPTastature:inst11|KeyFetch:inst|Debouncer:inst39|inst1 ; Rise       ; KPTastature:inst11|KeyFetch:inst|inst16   ;
; 0.276  ; 0.460        ; 0.184          ; Low Pulse Width  ; KPTastature:inst11|KeyFetch:inst|Debouncer:inst39|inst1 ; Rise       ; KPTastature:inst11|KeyFetch:inst|inst17   ;
; 0.276  ; 0.460        ; 0.184          ; Low Pulse Width  ; KPTastature:inst11|KeyFetch:inst|Debouncer:inst39|inst1 ; Rise       ; KPTastature:inst11|KeyFetch:inst|inst18   ;
; 0.276  ; 0.460        ; 0.184          ; Low Pulse Width  ; KPTastature:inst11|KeyFetch:inst|Debouncer:inst39|inst1 ; Rise       ; KPTastature:inst11|KeyFetch:inst|inst19   ;
; 0.276  ; 0.460        ; 0.184          ; Low Pulse Width  ; KPTastature:inst11|KeyFetch:inst|Debouncer:inst39|inst1 ; Rise       ; KPTastature:inst11|KeyFetch:inst|inst2    ;
; 0.276  ; 0.460        ; 0.184          ; Low Pulse Width  ; KPTastature:inst11|KeyFetch:inst|Debouncer:inst39|inst1 ; Rise       ; KPTastature:inst11|KeyFetch:inst|inst3    ;
; 0.276  ; 0.460        ; 0.184          ; Low Pulse Width  ; KPTastature:inst11|KeyFetch:inst|Debouncer:inst39|inst1 ; Rise       ; KPTastature:inst11|KeyFetch:inst|inst4    ;
; 0.276  ; 0.460        ; 0.184          ; Low Pulse Width  ; KPTastature:inst11|KeyFetch:inst|Debouncer:inst39|inst1 ; Rise       ; KPTastature:inst11|KeyFetch:inst|inst5    ;
; 0.276  ; 0.460        ; 0.184          ; Low Pulse Width  ; KPTastature:inst11|KeyFetch:inst|Debouncer:inst39|inst1 ; Rise       ; KPTastature:inst11|KeyFetch:inst|inst6    ;
; 0.276  ; 0.460        ; 0.184          ; Low Pulse Width  ; KPTastature:inst11|KeyFetch:inst|Debouncer:inst39|inst1 ; Rise       ; KPTastature:inst11|KeyFetch:inst|inst7    ;
; 0.276  ; 0.460        ; 0.184          ; Low Pulse Width  ; KPTastature:inst11|KeyFetch:inst|Debouncer:inst39|inst1 ; Rise       ; KPTastature:inst11|KeyFetch:inst|inst8    ;
; 0.319  ; 0.535        ; 0.216          ; High Pulse Width ; KPTastature:inst11|KeyFetch:inst|Debouncer:inst39|inst1 ; Rise       ; KPTastature:inst11|KeyFetch:inst|inst19   ;
; 0.320  ; 0.536        ; 0.216          ; High Pulse Width ; KPTastature:inst11|KeyFetch:inst|Debouncer:inst39|inst1 ; Rise       ; KPTastature:inst11|KeyFetch:inst|inst     ;
; 0.320  ; 0.536        ; 0.216          ; High Pulse Width ; KPTastature:inst11|KeyFetch:inst|Debouncer:inst39|inst1 ; Rise       ; KPTastature:inst11|KeyFetch:inst|inst1    ;
; 0.320  ; 0.536        ; 0.216          ; High Pulse Width ; KPTastature:inst11|KeyFetch:inst|Debouncer:inst39|inst1 ; Rise       ; KPTastature:inst11|KeyFetch:inst|inst10   ;
; 0.320  ; 0.536        ; 0.216          ; High Pulse Width ; KPTastature:inst11|KeyFetch:inst|Debouncer:inst39|inst1 ; Rise       ; KPTastature:inst11|KeyFetch:inst|inst11   ;
; 0.320  ; 0.536        ; 0.216          ; High Pulse Width ; KPTastature:inst11|KeyFetch:inst|Debouncer:inst39|inst1 ; Rise       ; KPTastature:inst11|KeyFetch:inst|inst12   ;
; 0.320  ; 0.536        ; 0.216          ; High Pulse Width ; KPTastature:inst11|KeyFetch:inst|Debouncer:inst39|inst1 ; Rise       ; KPTastature:inst11|KeyFetch:inst|inst13   ;
; 0.320  ; 0.536        ; 0.216          ; High Pulse Width ; KPTastature:inst11|KeyFetch:inst|Debouncer:inst39|inst1 ; Rise       ; KPTastature:inst11|KeyFetch:inst|inst14   ;
; 0.320  ; 0.536        ; 0.216          ; High Pulse Width ; KPTastature:inst11|KeyFetch:inst|Debouncer:inst39|inst1 ; Rise       ; KPTastature:inst11|KeyFetch:inst|inst15   ;
; 0.320  ; 0.536        ; 0.216          ; High Pulse Width ; KPTastature:inst11|KeyFetch:inst|Debouncer:inst39|inst1 ; Rise       ; KPTastature:inst11|KeyFetch:inst|inst16   ;
; 0.320  ; 0.536        ; 0.216          ; High Pulse Width ; KPTastature:inst11|KeyFetch:inst|Debouncer:inst39|inst1 ; Rise       ; KPTastature:inst11|KeyFetch:inst|inst17   ;
; 0.320  ; 0.536        ; 0.216          ; High Pulse Width ; KPTastature:inst11|KeyFetch:inst|Debouncer:inst39|inst1 ; Rise       ; KPTastature:inst11|KeyFetch:inst|inst18   ;
; 0.320  ; 0.536        ; 0.216          ; High Pulse Width ; KPTastature:inst11|KeyFetch:inst|Debouncer:inst39|inst1 ; Rise       ; KPTastature:inst11|KeyFetch:inst|inst2    ;
; 0.320  ; 0.536        ; 0.216          ; High Pulse Width ; KPTastature:inst11|KeyFetch:inst|Debouncer:inst39|inst1 ; Rise       ; KPTastature:inst11|KeyFetch:inst|inst3    ;
; 0.320  ; 0.536        ; 0.216          ; High Pulse Width ; KPTastature:inst11|KeyFetch:inst|Debouncer:inst39|inst1 ; Rise       ; KPTastature:inst11|KeyFetch:inst|inst4    ;
; 0.320  ; 0.536        ; 0.216          ; High Pulse Width ; KPTastature:inst11|KeyFetch:inst|Debouncer:inst39|inst1 ; Rise       ; KPTastature:inst11|KeyFetch:inst|inst5    ;
; 0.320  ; 0.536        ; 0.216          ; High Pulse Width ; KPTastature:inst11|KeyFetch:inst|Debouncer:inst39|inst1 ; Rise       ; KPTastature:inst11|KeyFetch:inst|inst6    ;
; 0.320  ; 0.536        ; 0.216          ; High Pulse Width ; KPTastature:inst11|KeyFetch:inst|Debouncer:inst39|inst1 ; Rise       ; KPTastature:inst11|KeyFetch:inst|inst7    ;
; 0.320  ; 0.536        ; 0.216          ; High Pulse Width ; KPTastature:inst11|KeyFetch:inst|Debouncer:inst39|inst1 ; Rise       ; KPTastature:inst11|KeyFetch:inst|inst8    ;
; 0.456  ; 0.456        ; 0.000          ; Low Pulse Width  ; KPTastature:inst11|KeyFetch:inst|Debouncer:inst39|inst1 ; Rise       ; inst11|inst|inst10|clk                    ;
; 0.456  ; 0.456        ; 0.000          ; Low Pulse Width  ; KPTastature:inst11|KeyFetch:inst|Debouncer:inst39|inst1 ; Rise       ; inst11|inst|inst11|clk                    ;
; 0.456  ; 0.456        ; 0.000          ; Low Pulse Width  ; KPTastature:inst11|KeyFetch:inst|Debouncer:inst39|inst1 ; Rise       ; inst11|inst|inst12|clk                    ;
; 0.456  ; 0.456        ; 0.000          ; Low Pulse Width  ; KPTastature:inst11|KeyFetch:inst|Debouncer:inst39|inst1 ; Rise       ; inst11|inst|inst13|clk                    ;
; 0.456  ; 0.456        ; 0.000          ; Low Pulse Width  ; KPTastature:inst11|KeyFetch:inst|Debouncer:inst39|inst1 ; Rise       ; inst11|inst|inst14|clk                    ;
; 0.456  ; 0.456        ; 0.000          ; Low Pulse Width  ; KPTastature:inst11|KeyFetch:inst|Debouncer:inst39|inst1 ; Rise       ; inst11|inst|inst15|clk                    ;
; 0.456  ; 0.456        ; 0.000          ; Low Pulse Width  ; KPTastature:inst11|KeyFetch:inst|Debouncer:inst39|inst1 ; Rise       ; inst11|inst|inst16|clk                    ;
; 0.456  ; 0.456        ; 0.000          ; Low Pulse Width  ; KPTastature:inst11|KeyFetch:inst|Debouncer:inst39|inst1 ; Rise       ; inst11|inst|inst17|clk                    ;
; 0.456  ; 0.456        ; 0.000          ; Low Pulse Width  ; KPTastature:inst11|KeyFetch:inst|Debouncer:inst39|inst1 ; Rise       ; inst11|inst|inst18|clk                    ;
; 0.456  ; 0.456        ; 0.000          ; Low Pulse Width  ; KPTastature:inst11|KeyFetch:inst|Debouncer:inst39|inst1 ; Rise       ; inst11|inst|inst19|clk                    ;
; 0.456  ; 0.456        ; 0.000          ; Low Pulse Width  ; KPTastature:inst11|KeyFetch:inst|Debouncer:inst39|inst1 ; Rise       ; inst11|inst|inst1|clk                     ;
; 0.456  ; 0.456        ; 0.000          ; Low Pulse Width  ; KPTastature:inst11|KeyFetch:inst|Debouncer:inst39|inst1 ; Rise       ; inst11|inst|inst2|clk                     ;
; 0.456  ; 0.456        ; 0.000          ; Low Pulse Width  ; KPTastature:inst11|KeyFetch:inst|Debouncer:inst39|inst1 ; Rise       ; inst11|inst|inst3|clk                     ;
; 0.456  ; 0.456        ; 0.000          ; Low Pulse Width  ; KPTastature:inst11|KeyFetch:inst|Debouncer:inst39|inst1 ; Rise       ; inst11|inst|inst4|clk                     ;
; 0.456  ; 0.456        ; 0.000          ; Low Pulse Width  ; KPTastature:inst11|KeyFetch:inst|Debouncer:inst39|inst1 ; Rise       ; inst11|inst|inst5|clk                     ;
; 0.456  ; 0.456        ; 0.000          ; Low Pulse Width  ; KPTastature:inst11|KeyFetch:inst|Debouncer:inst39|inst1 ; Rise       ; inst11|inst|inst6|clk                     ;
; 0.456  ; 0.456        ; 0.000          ; Low Pulse Width  ; KPTastature:inst11|KeyFetch:inst|Debouncer:inst39|inst1 ; Rise       ; inst11|inst|inst7|clk                     ;
; 0.456  ; 0.456        ; 0.000          ; Low Pulse Width  ; KPTastature:inst11|KeyFetch:inst|Debouncer:inst39|inst1 ; Rise       ; inst11|inst|inst8|clk                     ;
; 0.456  ; 0.456        ; 0.000          ; Low Pulse Width  ; KPTastature:inst11|KeyFetch:inst|Debouncer:inst39|inst1 ; Rise       ; inst11|inst|inst|clk                      ;
; 0.467  ; 0.467        ; 0.000          ; Low Pulse Width  ; KPTastature:inst11|KeyFetch:inst|Debouncer:inst39|inst1 ; Rise       ; inst11|inst|inst39|inst1~clkctrl|inclk[0] ;
; 0.467  ; 0.467        ; 0.000          ; Low Pulse Width  ; KPTastature:inst11|KeyFetch:inst|Debouncer:inst39|inst1 ; Rise       ; inst11|inst|inst39|inst1~clkctrl|outclk   ;
; 0.500  ; 0.500        ; 0.000          ; High Pulse Width ; KPTastature:inst11|KeyFetch:inst|Debouncer:inst39|inst1 ; Rise       ; inst11|inst|inst39|inst1|q                ;
; 0.500  ; 0.500        ; 0.000          ; Low Pulse Width  ; KPTastature:inst11|KeyFetch:inst|Debouncer:inst39|inst1 ; Rise       ; inst11|inst|inst39|inst1|q                ;
; 0.531  ; 0.531        ; 0.000          ; High Pulse Width ; KPTastature:inst11|KeyFetch:inst|Debouncer:inst39|inst1 ; Rise       ; inst11|inst|inst39|inst1~clkctrl|inclk[0] ;
; 0.531  ; 0.531        ; 0.000          ; High Pulse Width ; KPTastature:inst11|KeyFetch:inst|Debouncer:inst39|inst1 ; Rise       ; inst11|inst|inst39|inst1~clkctrl|outclk   ;
; 0.541  ; 0.541        ; 0.000          ; High Pulse Width ; KPTastature:inst11|KeyFetch:inst|Debouncer:inst39|inst1 ; Rise       ; inst11|inst|inst19|clk                    ;
; 0.542  ; 0.542        ; 0.000          ; High Pulse Width ; KPTastature:inst11|KeyFetch:inst|Debouncer:inst39|inst1 ; Rise       ; inst11|inst|inst10|clk                    ;
; 0.542  ; 0.542        ; 0.000          ; High Pulse Width ; KPTastature:inst11|KeyFetch:inst|Debouncer:inst39|inst1 ; Rise       ; inst11|inst|inst11|clk                    ;
; 0.542  ; 0.542        ; 0.000          ; High Pulse Width ; KPTastature:inst11|KeyFetch:inst|Debouncer:inst39|inst1 ; Rise       ; inst11|inst|inst12|clk                    ;
; 0.542  ; 0.542        ; 0.000          ; High Pulse Width ; KPTastature:inst11|KeyFetch:inst|Debouncer:inst39|inst1 ; Rise       ; inst11|inst|inst13|clk                    ;
; 0.542  ; 0.542        ; 0.000          ; High Pulse Width ; KPTastature:inst11|KeyFetch:inst|Debouncer:inst39|inst1 ; Rise       ; inst11|inst|inst14|clk                    ;
; 0.542  ; 0.542        ; 0.000          ; High Pulse Width ; KPTastature:inst11|KeyFetch:inst|Debouncer:inst39|inst1 ; Rise       ; inst11|inst|inst15|clk                    ;
; 0.542  ; 0.542        ; 0.000          ; High Pulse Width ; KPTastature:inst11|KeyFetch:inst|Debouncer:inst39|inst1 ; Rise       ; inst11|inst|inst16|clk                    ;
; 0.542  ; 0.542        ; 0.000          ; High Pulse Width ; KPTastature:inst11|KeyFetch:inst|Debouncer:inst39|inst1 ; Rise       ; inst11|inst|inst17|clk                    ;
; 0.542  ; 0.542        ; 0.000          ; High Pulse Width ; KPTastature:inst11|KeyFetch:inst|Debouncer:inst39|inst1 ; Rise       ; inst11|inst|inst18|clk                    ;
; 0.542  ; 0.542        ; 0.000          ; High Pulse Width ; KPTastature:inst11|KeyFetch:inst|Debouncer:inst39|inst1 ; Rise       ; inst11|inst|inst1|clk                     ;
; 0.542  ; 0.542        ; 0.000          ; High Pulse Width ; KPTastature:inst11|KeyFetch:inst|Debouncer:inst39|inst1 ; Rise       ; inst11|inst|inst2|clk                     ;
; 0.542  ; 0.542        ; 0.000          ; High Pulse Width ; KPTastature:inst11|KeyFetch:inst|Debouncer:inst39|inst1 ; Rise       ; inst11|inst|inst3|clk                     ;
; 0.542  ; 0.542        ; 0.000          ; High Pulse Width ; KPTastature:inst11|KeyFetch:inst|Debouncer:inst39|inst1 ; Rise       ; inst11|inst|inst4|clk                     ;
; 0.542  ; 0.542        ; 0.000          ; High Pulse Width ; KPTastature:inst11|KeyFetch:inst|Debouncer:inst39|inst1 ; Rise       ; inst11|inst|inst5|clk                     ;
; 0.542  ; 0.542        ; 0.000          ; High Pulse Width ; KPTastature:inst11|KeyFetch:inst|Debouncer:inst39|inst1 ; Rise       ; inst11|inst|inst6|clk                     ;
; 0.542  ; 0.542        ; 0.000          ; High Pulse Width ; KPTastature:inst11|KeyFetch:inst|Debouncer:inst39|inst1 ; Rise       ; inst11|inst|inst7|clk                     ;
; 0.542  ; 0.542        ; 0.000          ; High Pulse Width ; KPTastature:inst11|KeyFetch:inst|Debouncer:inst39|inst1 ; Rise       ; inst11|inst|inst8|clk                     ;
+--------+--------------+----------------+------------------+---------------------------------------------------------+------------+-------------------------------------------+


+------------------------------------------------------------------------------------------------------------------------------------------------------------+
; Setup Times                                                                                                                                                ;
+-----------+---------------------------------------------------------+-------+-------+------------+---------------------------------------------------------+
; Data Port ; Clock Port                                              ; Rise  ; Fall  ; Clock Edge ; Clock Reference                                         ;
+-----------+---------------------------------------------------------+-------+-------+------------+---------------------------------------------------------+
; PS2_CLK   ; CLK                                                     ; 1.367 ; 2.056 ; Rise       ; CLK                                                     ;
; SW0       ; CLK                                                     ; 5.550 ; 6.469 ; Rise       ; CLK                                                     ;
; SW1       ; CLK                                                     ; 5.713 ; 6.570 ; Rise       ; CLK                                                     ;
; SW2       ; CLK                                                     ; 6.102 ; 6.694 ; Rise       ; CLK                                                     ;
; SW3       ; CLK                                                     ; 6.115 ; 6.965 ; Rise       ; CLK                                                     ;
; SW4       ; CLK                                                     ; 5.891 ; 6.745 ; Rise       ; CLK                                                     ;
; PS2_DATA  ; KPTastature:inst11|KeyFetch:inst|Debouncer:inst39|inst1 ; 1.849 ; 2.490 ; Rise       ; KPTastature:inst11|KeyFetch:inst|Debouncer:inst39|inst1 ;
+-----------+---------------------------------------------------------+-------+-------+------------+---------------------------------------------------------+


+--------------------------------------------------------------------------------------------------------------------------------------------------------------+
; Hold Times                                                                                                                                                   ;
+-----------+---------------------------------------------------------+--------+--------+------------+---------------------------------------------------------+
; Data Port ; Clock Port                                              ; Rise   ; Fall   ; Clock Edge ; Clock Reference                                         ;
+-----------+---------------------------------------------------------+--------+--------+------------+---------------------------------------------------------+
; PS2_CLK   ; CLK                                                     ; -0.825 ; -1.473 ; Rise       ; CLK                                                     ;
; SW0       ; CLK                                                     ; -1.882 ; -2.602 ; Rise       ; CLK                                                     ;
; SW1       ; CLK                                                     ; -1.771 ; -2.455 ; Rise       ; CLK                                                     ;
; SW2       ; CLK                                                     ; -1.801 ; -2.511 ; Rise       ; CLK                                                     ;
; SW3       ; CLK                                                     ; -1.911 ; -2.599 ; Rise       ; CLK                                                     ;
; SW4       ; CLK                                                     ; -1.525 ; -2.210 ; Rise       ; CLK                                                     ;
; PS2_DATA  ; KPTastature:inst11|KeyFetch:inst|Debouncer:inst39|inst1 ; -1.278 ; -1.924 ; Rise       ; KPTastature:inst11|KeyFetch:inst|Debouncer:inst39|inst1 ;
+-----------+---------------------------------------------------------+--------+--------+------------+---------------------------------------------------------+


+-----------------------------------------------------------------------+
; Clock to Output Times                                                 ;
+-----------+------------+-------+-------+------------+-----------------+
; Data Port ; Clock Port ; Rise  ; Fall  ; Clock Edge ; Clock Reference ;
+-----------+------------+-------+-------+------------+-----------------+
; BLUE[*]   ; CLK        ; 7.074 ; 7.125 ; Rise       ; CLK             ;
;  BLUE[0]  ; CLK        ; 7.074 ; 7.125 ; Rise       ; CLK             ;
;  BLUE[1]  ; CLK        ; 6.597 ; 6.519 ; Rise       ; CLK             ;
;  BLUE[2]  ; CLK        ; 6.521 ; 6.597 ; Rise       ; CLK             ;
;  BLUE[3]  ; CLK        ; 6.611 ; 6.550 ; Rise       ; CLK             ;
; GREEN[*]  ; CLK        ; 6.732 ; 6.696 ; Rise       ; CLK             ;
;  GREEN[0] ; CLK        ; 6.732 ; 6.696 ; Rise       ; CLK             ;
;  GREEN[1] ; CLK        ; 6.460 ; 6.536 ; Rise       ; CLK             ;
;  GREEN[2] ; CLK        ; 6.316 ; 6.261 ; Rise       ; CLK             ;
;  GREEN[3] ; CLK        ; 6.381 ; 6.332 ; Rise       ; CLK             ;
; HEX0      ; CLK        ; 3.485 ; 3.559 ; Rise       ; CLK             ;
; HEX1      ; CLK        ; 3.410 ; 3.483 ; Rise       ; CLK             ;
; HEX2      ; CLK        ; 3.248 ; 3.298 ; Rise       ; CLK             ;
; HEX3      ; CLK        ; 3.259 ; 3.308 ; Rise       ; CLK             ;
; HEX4      ; CLK        ; 3.263 ; 3.320 ; Rise       ; CLK             ;
; HEX5      ; CLK        ; 3.243 ; 3.294 ; Rise       ; CLK             ;
; HEX6      ; CLK        ; 3.237 ; 3.287 ; Rise       ; CLK             ;
; HEX7      ; CLK        ; 3.178 ; 3.223 ; Rise       ; CLK             ;
; HEX8      ; CLK        ; 3.184 ; 3.231 ; Rise       ; CLK             ;
; HEX9      ; CLK        ; 3.154 ; 3.206 ; Rise       ; CLK             ;
; HEX10     ; CLK        ; 3.175 ; 3.224 ; Rise       ; CLK             ;
; HEX11     ; CLK        ; 3.165 ; 3.212 ; Rise       ; CLK             ;
; HEX12     ; CLK        ; 3.400 ; 3.475 ; Rise       ; CLK             ;
; HEX13     ; CLK        ; 3.335 ; 3.393 ; Rise       ; CLK             ;
; HEX14     ; CLK        ; 3.268 ; 3.328 ; Rise       ; CLK             ;
; HEX15     ; CLK        ; 3.283 ; 3.344 ; Rise       ; CLK             ;
; HEX16     ; CLK        ; 3.515 ; 3.618 ; Rise       ; CLK             ;
; HEX17     ; CLK        ; 3.278 ; 3.345 ; Rise       ; CLK             ;
; HEX18     ; CLK        ; 3.313 ; 3.380 ; Rise       ; CLK             ;
; HEX19     ; CLK        ; 3.312 ; 3.377 ; Rise       ; CLK             ;
; HEX20     ; CLK        ; 3.497 ; 3.583 ; Rise       ; CLK             ;
; HEX21     ; CLK        ; 3.308 ; 3.371 ; Rise       ; CLK             ;
; HEX22     ; CLK        ; 3.396 ; 3.459 ; Rise       ; CLK             ;
; HEX23     ; CLK        ; 3.325 ; 3.384 ; Rise       ; CLK             ;
; HEX24     ; CLK        ; 3.341 ; 3.405 ; Rise       ; CLK             ;
; HEX25     ; CLK        ; 3.402 ; 3.477 ; Rise       ; CLK             ;
; HEX26     ; CLK        ; 3.436 ; 3.511 ; Rise       ; CLK             ;
; HEX27     ; CLK        ; 3.488 ; 3.569 ; Rise       ; CLK             ;
; HS        ; CLK        ; 4.839 ; 4.723 ; Rise       ; CLK             ;
; RED[*]    ; CLK        ; 6.616 ; 6.678 ; Rise       ; CLK             ;
;  RED[0]   ; CLK        ; 6.321 ; 6.226 ; Rise       ; CLK             ;
;  RED[1]   ; CLK        ; 6.577 ; 6.678 ; Rise       ; CLK             ;
;  RED[2]   ; CLK        ; 6.422 ; 6.347 ; Rise       ; CLK             ;
;  RED[3]   ; CLK        ; 6.616 ; 6.546 ; Rise       ; CLK             ;
; VS        ; CLK        ; 4.757 ; 4.765 ; Rise       ; CLK             ;
+-----------+------------+-------+-------+------------+-----------------+


+-----------------------------------------------------------------------+
; Minimum Clock to Output Times                                         ;
+-----------+------------+-------+-------+------------+-----------------+
; Data Port ; Clock Port ; Rise  ; Fall  ; Clock Edge ; Clock Reference ;
+-----------+------------+-------+-------+------------+-----------------+
; BLUE[*]   ; CLK        ; 3.867 ; 3.930 ; Rise       ; CLK             ;
;  BLUE[0]  ; CLK        ; 4.574 ; 4.751 ; Rise       ; CLK             ;
;  BLUE[1]  ; CLK        ; 3.911 ; 3.966 ; Rise       ; CLK             ;
;  BLUE[2]  ; CLK        ; 3.867 ; 3.930 ; Rise       ; CLK             ;
;  BLUE[3]  ; CLK        ; 3.926 ; 3.996 ; Rise       ; CLK             ;
; GREEN[*]  ; CLK        ; 3.794 ; 3.849 ; Rise       ; CLK             ;
;  GREEN[0] ; CLK        ; 4.057 ; 4.153 ; Rise       ; CLK             ;
;  GREEN[1] ; CLK        ; 3.800 ; 3.860 ; Rise       ; CLK             ;
;  GREEN[2] ; CLK        ; 3.794 ; 3.849 ; Rise       ; CLK             ;
;  GREEN[3] ; CLK        ; 3.822 ; 3.908 ; Rise       ; CLK             ;
; HEX0      ; CLK        ; 3.409 ; 3.480 ; Rise       ; CLK             ;
; HEX1      ; CLK        ; 3.337 ; 3.407 ; Rise       ; CLK             ;
; HEX2      ; CLK        ; 3.182 ; 3.230 ; Rise       ; CLK             ;
; HEX3      ; CLK        ; 3.193 ; 3.239 ; Rise       ; CLK             ;
; HEX4      ; CLK        ; 3.196 ; 3.251 ; Rise       ; CLK             ;
; HEX5      ; CLK        ; 3.177 ; 3.225 ; Rise       ; CLK             ;
; HEX6      ; CLK        ; 3.171 ; 3.218 ; Rise       ; CLK             ;
; HEX7      ; CLK        ; 3.115 ; 3.158 ; Rise       ; CLK             ;
; HEX8      ; CLK        ; 3.121 ; 3.166 ; Rise       ; CLK             ;
; HEX9      ; CLK        ; 3.092 ; 3.141 ; Rise       ; CLK             ;
; HEX10     ; CLK        ; 3.112 ; 3.159 ; Rise       ; CLK             ;
; HEX11     ; CLK        ; 3.103 ; 3.148 ; Rise       ; CLK             ;
; HEX12     ; CLK        ; 3.328 ; 3.400 ; Rise       ; CLK             ;
; HEX13     ; CLK        ; 3.266 ; 3.321 ; Rise       ; CLK             ;
; HEX14     ; CLK        ; 3.201 ; 3.257 ; Rise       ; CLK             ;
; HEX15     ; CLK        ; 3.215 ; 3.274 ; Rise       ; CLK             ;
; HEX16     ; CLK        ; 3.438 ; 3.536 ; Rise       ; CLK             ;
; HEX17     ; CLK        ; 3.210 ; 3.274 ; Rise       ; CLK             ;
; HEX18     ; CLK        ; 3.245 ; 3.309 ; Rise       ; CLK             ;
; HEX19     ; CLK        ; 3.244 ; 3.306 ; Rise       ; CLK             ;
; HEX20     ; CLK        ; 3.421 ; 3.503 ; Rise       ; CLK             ;
; HEX21     ; CLK        ; 3.239 ; 3.300 ; Rise       ; CLK             ;
; HEX22     ; CLK        ; 3.323 ; 3.383 ; Rise       ; CLK             ;
; HEX23     ; CLK        ; 3.256 ; 3.312 ; Rise       ; CLK             ;
; HEX24     ; CLK        ; 3.271 ; 3.332 ; Rise       ; CLK             ;
; HEX25     ; CLK        ; 3.329 ; 3.401 ; Rise       ; CLK             ;
; HEX26     ; CLK        ; 3.362 ; 3.433 ; Rise       ; CLK             ;
; HEX27     ; CLK        ; 3.411 ; 3.488 ; Rise       ; CLK             ;
; HS        ; CLK        ; 3.901 ; 3.926 ; Rise       ; CLK             ;
; RED[*]    ; CLK        ; 3.668 ; 3.707 ; Rise       ; CLK             ;
;  RED[0]   ; CLK        ; 3.668 ; 3.707 ; Rise       ; CLK             ;
;  RED[1]   ; CLK        ; 3.908 ; 3.994 ; Rise       ; CLK             ;
;  RED[2]   ; CLK        ; 3.756 ; 3.817 ; Rise       ; CLK             ;
;  RED[3]   ; CLK        ; 3.990 ; 4.011 ; Rise       ; CLK             ;
; VS        ; CLK        ; 3.566 ; 3.547 ; Rise       ; CLK             ;
+-----------+------------+-------+-------+------------+-----------------+


---------------------------------------------
; Fast 1200mV 0C Model Metastability Report ;
---------------------------------------------
No synchronizer chains to report.


+--------------------------------------------------------------------------------------------------------------------------+
; Multicorner Timing Analysis Summary                                                                                      ;
+----------------------------------------------------------+------------+-------+----------+---------+---------------------+
; Clock                                                    ; Setup      ; Hold  ; Recovery ; Removal ; Minimum Pulse Width ;
+----------------------------------------------------------+------------+-------+----------+---------+---------------------+
; Worst-case Slack                                         ; -17.557    ; 0.132 ; -0.311   ; 0.479   ; -3.000              ;
;  CLK                                                     ; -17.557    ; 0.132 ; -0.311   ; 0.479   ; -3.000              ;
;  KPTastature:inst11|KeyFetch:inst|Debouncer:inst39|inst1 ; -0.600     ; 0.197 ; N/A      ; N/A     ; -1.000              ;
; Design-wide TNS                                          ; -21269.188 ; 0.0   ; -0.311   ; 0.0     ; -2091.968           ;
;  CLK                                                     ; -21267.814 ; 0.000 ; -0.311   ; 0.000   ; -2072.968           ;
;  KPTastature:inst11|KeyFetch:inst|Debouncer:inst39|inst1 ; -1.374     ; 0.000 ; N/A      ; N/A     ; -19.000             ;
+----------------------------------------------------------+------------+-------+----------+---------+---------------------+


+--------------------------------------------------------------------------------------------------------------------------------------------------------------+
; Setup Times                                                                                                                                                  ;
+-----------+---------------------------------------------------------+--------+--------+------------+---------------------------------------------------------+
; Data Port ; Clock Port                                              ; Rise   ; Fall   ; Clock Edge ; Clock Reference                                         ;
+-----------+---------------------------------------------------------+--------+--------+------------+---------------------------------------------------------+
; PS2_CLK   ; CLK                                                     ; 2.391  ; 2.953  ; Rise       ; CLK                                                     ;
; SW0       ; CLK                                                     ; 9.849  ; 10.485 ; Rise       ; CLK                                                     ;
; SW1       ; CLK                                                     ; 9.948  ; 10.604 ; Rise       ; CLK                                                     ;
; SW2       ; CLK                                                     ; 10.484 ; 10.950 ; Rise       ; CLK                                                     ;
; SW3       ; CLK                                                     ; 10.674 ; 11.297 ; Rise       ; CLK                                                     ;
; SW4       ; CLK                                                     ; 10.303 ; 10.942 ; Rise       ; CLK                                                     ;
; PS2_DATA  ; KPTastature:inst11|KeyFetch:inst|Debouncer:inst39|inst1 ; 3.313  ; 3.774  ; Rise       ; KPTastature:inst11|KeyFetch:inst|Debouncer:inst39|inst1 ;
+-----------+---------------------------------------------------------+--------+--------+------------+---------------------------------------------------------+


+--------------------------------------------------------------------------------------------------------------------------------------------------------------+
; Hold Times                                                                                                                                                   ;
+-----------+---------------------------------------------------------+--------+--------+------------+---------------------------------------------------------+
; Data Port ; Clock Port                                              ; Rise   ; Fall   ; Clock Edge ; Clock Reference                                         ;
+-----------+---------------------------------------------------------+--------+--------+------------+---------------------------------------------------------+
; PS2_CLK   ; CLK                                                     ; -0.825 ; -1.473 ; Rise       ; CLK                                                     ;
; SW0       ; CLK                                                     ; -1.882 ; -2.602 ; Rise       ; CLK                                                     ;
; SW1       ; CLK                                                     ; -1.771 ; -2.455 ; Rise       ; CLK                                                     ;
; SW2       ; CLK                                                     ; -1.801 ; -2.511 ; Rise       ; CLK                                                     ;
; SW3       ; CLK                                                     ; -1.911 ; -2.599 ; Rise       ; CLK                                                     ;
; SW4       ; CLK                                                     ; -1.525 ; -2.210 ; Rise       ; CLK                                                     ;
; PS2_DATA  ; KPTastature:inst11|KeyFetch:inst|Debouncer:inst39|inst1 ; -1.278 ; -1.924 ; Rise       ; KPTastature:inst11|KeyFetch:inst|Debouncer:inst39|inst1 ;
+-----------+---------------------------------------------------------+--------+--------+------------+---------------------------------------------------------+


+-------------------------------------------------------------------------+
; Clock to Output Times                                                   ;
+-----------+------------+--------+--------+------------+-----------------+
; Data Port ; Clock Port ; Rise   ; Fall   ; Clock Edge ; Clock Reference ;
+-----------+------------+--------+--------+------------+-----------------+
; BLUE[*]   ; CLK        ; 11.745 ; 11.860 ; Rise       ; CLK             ;
;  BLUE[0]  ; CLK        ; 11.745 ; 11.860 ; Rise       ; CLK             ;
;  BLUE[1]  ; CLK        ; 11.183 ; 11.171 ; Rise       ; CLK             ;
;  BLUE[2]  ; CLK        ; 11.084 ; 11.123 ; Rise       ; CLK             ;
;  BLUE[3]  ; CLK        ; 11.278 ; 11.227 ; Rise       ; CLK             ;
; GREEN[*]  ; CLK        ; 11.455 ; 11.434 ; Rise       ; CLK             ;
;  GREEN[0] ; CLK        ; 11.455 ; 11.434 ; Rise       ; CLK             ;
;  GREEN[1] ; CLK        ; 10.994 ; 11.007 ; Rise       ; CLK             ;
;  GREEN[2] ; CLK        ; 10.750 ; 10.719 ; Rise       ; CLK             ;
;  GREEN[3] ; CLK        ; 10.840 ; 10.870 ; Rise       ; CLK             ;
; HEX0      ; CLK        ; 5.892  ; 5.882  ; Rise       ; CLK             ;
; HEX1      ; CLK        ; 5.782  ; 5.770  ; Rise       ; CLK             ;
; HEX2      ; CLK        ; 5.468  ; 5.463  ; Rise       ; CLK             ;
; HEX3      ; CLK        ; 5.482  ; 5.475  ; Rise       ; CLK             ;
; HEX4      ; CLK        ; 5.498  ; 5.475  ; Rise       ; CLK             ;
; HEX5      ; CLK        ; 5.465  ; 5.461  ; Rise       ; CLK             ;
; HEX6      ; CLK        ; 5.457  ; 5.451  ; Rise       ; CLK             ;
; HEX7      ; CLK        ; 5.311  ; 5.330  ; Rise       ; CLK             ;
; HEX8      ; CLK        ; 5.321  ; 5.341  ; Rise       ; CLK             ;
; HEX9      ; CLK        ; 5.294  ; 5.289  ; Rise       ; CLK             ;
; HEX10     ; CLK        ; 5.320  ; 5.328  ; Rise       ; CLK             ;
; HEX11     ; CLK        ; 5.301  ; 5.311  ; Rise       ; CLK             ;
; HEX12     ; CLK        ; 5.760  ; 5.740  ; Rise       ; CLK             ;
; HEX13     ; CLK        ; 5.594  ; 5.598  ; Rise       ; CLK             ;
; HEX14     ; CLK        ; 5.520  ; 5.511  ; Rise       ; CLK             ;
; HEX15     ; CLK        ; 5.511  ; 5.513  ; Rise       ; CLK             ;
; HEX16     ; CLK        ; 5.834  ; 5.901  ; Rise       ; CLK             ;
; HEX17     ; CLK        ; 5.513  ; 5.516  ; Rise       ; CLK             ;
; HEX18     ; CLK        ; 5.553  ; 5.562  ; Rise       ; CLK             ;
; HEX19     ; CLK        ; 5.543  ; 5.545  ; Rise       ; CLK             ;
; HEX20     ; CLK        ; 5.912  ; 5.894  ; Rise       ; CLK             ;
; HEX21     ; CLK        ; 5.560  ; 5.531  ; Rise       ; CLK             ;
; HEX22     ; CLK        ; 5.719  ; 5.722  ; Rise       ; CLK             ;
; HEX23     ; CLK        ; 5.555  ; 5.563  ; Rise       ; CLK             ;
; HEX24     ; CLK        ; 5.596  ; 5.589  ; Rise       ; CLK             ;
; HEX25     ; CLK        ; 5.718  ; 5.699  ; Rise       ; CLK             ;
; HEX26     ; CLK        ; 5.778  ; 5.764  ; Rise       ; CLK             ;
; HEX27     ; CLK        ; 5.927  ; 5.872  ; Rise       ; CLK             ;
; HS        ; CLK        ; 8.090  ; 8.056  ; Rise       ; CLK             ;
; RED[*]    ; CLK        ; 11.271 ; 11.216 ; Rise       ; CLK             ;
;  RED[0]   ; CLK        ; 10.754 ; 10.710 ; Rise       ; CLK             ;
;  RED[1]   ; CLK        ; 11.194 ; 11.216 ; Rise       ; CLK             ;
;  RED[2]   ; CLK        ; 10.934 ; 10.928 ; Rise       ; CLK             ;
;  RED[3]   ; CLK        ; 11.271 ; 11.209 ; Rise       ; CLK             ;
; VS        ; CLK        ; 8.024  ; 8.021  ; Rise       ; CLK             ;
+-----------+------------+--------+--------+------------+-----------------+


+-----------------------------------------------------------------------+
; Minimum Clock to Output Times                                         ;
+-----------+------------+-------+-------+------------+-----------------+
; Data Port ; Clock Port ; Rise  ; Fall  ; Clock Edge ; Clock Reference ;
+-----------+------------+-------+-------+------------+-----------------+
; BLUE[*]   ; CLK        ; 3.867 ; 3.930 ; Rise       ; CLK             ;
;  BLUE[0]  ; CLK        ; 4.574 ; 4.751 ; Rise       ; CLK             ;
;  BLUE[1]  ; CLK        ; 3.911 ; 3.966 ; Rise       ; CLK             ;
;  BLUE[2]  ; CLK        ; 3.867 ; 3.930 ; Rise       ; CLK             ;
;  BLUE[3]  ; CLK        ; 3.926 ; 3.996 ; Rise       ; CLK             ;
; GREEN[*]  ; CLK        ; 3.794 ; 3.849 ; Rise       ; CLK             ;
;  GREEN[0] ; CLK        ; 4.057 ; 4.153 ; Rise       ; CLK             ;
;  GREEN[1] ; CLK        ; 3.800 ; 3.860 ; Rise       ; CLK             ;
;  GREEN[2] ; CLK        ; 3.794 ; 3.849 ; Rise       ; CLK             ;
;  GREEN[3] ; CLK        ; 3.822 ; 3.908 ; Rise       ; CLK             ;
; HEX0      ; CLK        ; 3.409 ; 3.480 ; Rise       ; CLK             ;
; HEX1      ; CLK        ; 3.337 ; 3.407 ; Rise       ; CLK             ;
; HEX2      ; CLK        ; 3.182 ; 3.230 ; Rise       ; CLK             ;
; HEX3      ; CLK        ; 3.193 ; 3.239 ; Rise       ; CLK             ;
; HEX4      ; CLK        ; 3.196 ; 3.251 ; Rise       ; CLK             ;
; HEX5      ; CLK        ; 3.177 ; 3.225 ; Rise       ; CLK             ;
; HEX6      ; CLK        ; 3.171 ; 3.218 ; Rise       ; CLK             ;
; HEX7      ; CLK        ; 3.115 ; 3.158 ; Rise       ; CLK             ;
; HEX8      ; CLK        ; 3.121 ; 3.166 ; Rise       ; CLK             ;
; HEX9      ; CLK        ; 3.092 ; 3.141 ; Rise       ; CLK             ;
; HEX10     ; CLK        ; 3.112 ; 3.159 ; Rise       ; CLK             ;
; HEX11     ; CLK        ; 3.103 ; 3.148 ; Rise       ; CLK             ;
; HEX12     ; CLK        ; 3.328 ; 3.400 ; Rise       ; CLK             ;
; HEX13     ; CLK        ; 3.266 ; 3.321 ; Rise       ; CLK             ;
; HEX14     ; CLK        ; 3.201 ; 3.257 ; Rise       ; CLK             ;
; HEX15     ; CLK        ; 3.215 ; 3.274 ; Rise       ; CLK             ;
; HEX16     ; CLK        ; 3.438 ; 3.536 ; Rise       ; CLK             ;
; HEX17     ; CLK        ; 3.210 ; 3.274 ; Rise       ; CLK             ;
; HEX18     ; CLK        ; 3.245 ; 3.309 ; Rise       ; CLK             ;
; HEX19     ; CLK        ; 3.244 ; 3.306 ; Rise       ; CLK             ;
; HEX20     ; CLK        ; 3.421 ; 3.503 ; Rise       ; CLK             ;
; HEX21     ; CLK        ; 3.239 ; 3.300 ; Rise       ; CLK             ;
; HEX22     ; CLK        ; 3.323 ; 3.383 ; Rise       ; CLK             ;
; HEX23     ; CLK        ; 3.256 ; 3.312 ; Rise       ; CLK             ;
; HEX24     ; CLK        ; 3.271 ; 3.332 ; Rise       ; CLK             ;
; HEX25     ; CLK        ; 3.329 ; 3.401 ; Rise       ; CLK             ;
; HEX26     ; CLK        ; 3.362 ; 3.433 ; Rise       ; CLK             ;
; HEX27     ; CLK        ; 3.411 ; 3.488 ; Rise       ; CLK             ;
; HS        ; CLK        ; 3.901 ; 3.926 ; Rise       ; CLK             ;
; RED[*]    ; CLK        ; 3.668 ; 3.707 ; Rise       ; CLK             ;
;  RED[0]   ; CLK        ; 3.668 ; 3.707 ; Rise       ; CLK             ;
;  RED[1]   ; CLK        ; 3.908 ; 3.994 ; Rise       ; CLK             ;
;  RED[2]   ; CLK        ; 3.756 ; 3.817 ; Rise       ; CLK             ;
;  RED[3]   ; CLK        ; 3.990 ; 4.011 ; Rise       ; CLK             ;
; VS        ; CLK        ; 3.566 ; 3.547 ; Rise       ; CLK             ;
+-----------+------------+-------+-------+------------+-----------------+


+------------------------------------------------------------------------------------------------------------------------------------------------------------------------------------------------------------------------------------------------------------------------------------------------------------------------------------------------------------------------------------------------------------------+
; Board Trace Model Assignments                                                                                                                                                                                                                                                                                                                                                                                    ;
+---------------+--------------+-------------------+-------------------------+-------------------------+---------------+---------------------+----------------+------------------+--------+------------------+------------------------+------------------------+--------------+---------------+-----------------+-------+---------------------+--------------------+---------------+-----------------+-------------+
; Pin           ; I/O Standard ; Near Tline Length ; Near Tline L per Length ; Near Tline C per Length ; Near Series R ; Near Differential R ; Near Pull-up R ; Near Pull-down R ; Near C ; Far Tline Length ; Far Tline L per Length ; Far Tline C per Length ; Far Series R ; Far Pull-up R ; Far Pull-down R ; Far C ; Termination Voltage ; Far Differential R ; EBD File Name ; EBD Signal Name ; EBD Far-end ;
+---------------+--------------+-------------------+-------------------------+-------------------------+---------------+---------------------+----------------+------------------+--------+------------------+------------------------+------------------------+--------------+---------------+-----------------+-------+---------------------+--------------------+---------------+-----------------+-------------+
; LED0          ; 2.5 V        ; 0 in              ; 0 H/in                  ; 0 F/in                  ; short         ; -                   ; open           ; open             ; open   ; 0 in             ; 0 H/in                 ; 0 F/in                 ; short        ; open          ; open            ; open  ; 0 V                 ; -                  ; n/a           ; n/a             ; n/a         ;
; LED1          ; 2.5 V        ; 0 in              ; 0 H/in                  ; 0 F/in                  ; short         ; -                   ; open           ; open             ; open   ; 0 in             ; 0 H/in                 ; 0 F/in                 ; short        ; open          ; open            ; open  ; 0 V                 ; -                  ; n/a           ; n/a             ; n/a         ;
; LED2          ; 2.5 V        ; 0 in              ; 0 H/in                  ; 0 F/in                  ; short         ; -                   ; open           ; open             ; open   ; 0 in             ; 0 H/in                 ; 0 F/in                 ; short        ; open          ; open            ; open  ; 0 V                 ; -                  ; n/a           ; n/a             ; n/a         ;
; LED3          ; 2.5 V        ; 0 in              ; 0 H/in                  ; 0 F/in                  ; short         ; -                   ; open           ; open             ; open   ; 0 in             ; 0 H/in                 ; 0 F/in                 ; short        ; open          ; open            ; open  ; 0 V                 ; -                  ; n/a           ; n/a             ; n/a         ;
; LED4          ; 2.5 V        ; 0 in              ; 0 H/in                  ; 0 F/in                  ; short         ; -                   ; open           ; open             ; open   ; 0 in             ; 0 H/in                 ; 0 F/in                 ; short        ; open          ; open            ; open  ; 0 V                 ; -                  ; n/a           ; n/a             ; n/a         ;
; LED5          ; 2.5 V        ; 0 in              ; 0 H/in                  ; 0 F/in                  ; short         ; -                   ; open           ; open             ; open   ; 0 in             ; 0 H/in                 ; 0 F/in                 ; short        ; open          ; open            ; open  ; 0 V                 ; -                  ; n/a           ; n/a             ; n/a         ;
; LED6          ; 2.5 V        ; 0 in              ; 0 H/in                  ; 0 F/in                  ; short         ; -                   ; open           ; open             ; open   ; 0 in             ; 0 H/in                 ; 0 F/in                 ; short        ; open          ; open            ; open  ; 0 V                 ; -                  ; n/a           ; n/a             ; n/a         ;
; LED7          ; 2.5 V        ; 0 in              ; 0 H/in                  ; 0 F/in                  ; short         ; -                   ; open           ; open             ; open   ; 0 in             ; 0 H/in                 ; 0 F/in                 ; short        ; open          ; open            ; open  ; 0 V                 ; -                  ; n/a           ; n/a             ; n/a         ;
; LED8          ; 2.5 V        ; 0 in              ; 0 H/in                  ; 0 F/in                  ; short         ; -                   ; open           ; open             ; open   ; 0 in             ; 0 H/in                 ; 0 F/in                 ; short        ; open          ; open            ; open  ; 0 V                 ; -                  ; n/a           ; n/a             ; n/a         ;
; LED9          ; 2.5 V        ; 0 in              ; 0 H/in                  ; 0 F/in                  ; short         ; -                   ; open           ; open             ; open   ; 0 in             ; 0 H/in                 ; 0 F/in                 ; short        ; open          ; open            ; open  ; 0 V                 ; -                  ; n/a           ; n/a             ; n/a         ;
; HEX0          ; 2.5 V        ; 0 in              ; 0 H/in                  ; 0 F/in                  ; short         ; -                   ; open           ; open             ; open   ; 0 in             ; 0 H/in                 ; 0 F/in                 ; short        ; open          ; open            ; open  ; 0 V                 ; -                  ; n/a           ; n/a             ; n/a         ;
; HEX1          ; 2.5 V        ; 0 in              ; 0 H/in                  ; 0 F/in                  ; short         ; -                   ; open           ; open             ; open   ; 0 in             ; 0 H/in                 ; 0 F/in                 ; short        ; open          ; open            ; open  ; 0 V                 ; -                  ; n/a           ; n/a             ; n/a         ;
; HEX2          ; 2.5 V        ; 0 in              ; 0 H/in                  ; 0 F/in                  ; short         ; -                   ; open           ; open             ; open   ; 0 in             ; 0 H/in                 ; 0 F/in                 ; short        ; open          ; open            ; open  ; 0 V                 ; -                  ; n/a           ; n/a             ; n/a         ;
; HEX3          ; 2.5 V        ; 0 in              ; 0 H/in                  ; 0 F/in                  ; short         ; -                   ; open           ; open             ; open   ; 0 in             ; 0 H/in                 ; 0 F/in                 ; short        ; open          ; open            ; open  ; 0 V                 ; -                  ; n/a           ; n/a             ; n/a         ;
; HEX4          ; 2.5 V        ; 0 in              ; 0 H/in                  ; 0 F/in                  ; short         ; -                   ; open           ; open             ; open   ; 0 in             ; 0 H/in                 ; 0 F/in                 ; short        ; open          ; open            ; open  ; 0 V                 ; -                  ; n/a           ; n/a             ; n/a         ;
; HEX5          ; 2.5 V        ; 0 in              ; 0 H/in                  ; 0 F/in                  ; short         ; -                   ; open           ; open             ; open   ; 0 in             ; 0 H/in                 ; 0 F/in                 ; short        ; open          ; open            ; open  ; 0 V                 ; -                  ; n/a           ; n/a             ; n/a         ;
; HEX6          ; 2.5 V        ; 0 in              ; 0 H/in                  ; 0 F/in                  ; short         ; -                   ; open           ; open             ; open   ; 0 in             ; 0 H/in                 ; 0 F/in                 ; short        ; open          ; open            ; open  ; 0 V                 ; -                  ; n/a           ; n/a             ; n/a         ;
; HEX7          ; 2.5 V        ; 0 in              ; 0 H/in                  ; 0 F/in                  ; short         ; -                   ; open           ; open             ; open   ; 0 in             ; 0 H/in                 ; 0 F/in                 ; short        ; open          ; open            ; open  ; 0 V                 ; -                  ; n/a           ; n/a             ; n/a         ;
; HEX8          ; 2.5 V        ; 0 in              ; 0 H/in                  ; 0 F/in                  ; short         ; -                   ; open           ; open             ; open   ; 0 in             ; 0 H/in                 ; 0 F/in                 ; short        ; open          ; open            ; open  ; 0 V                 ; -                  ; n/a           ; n/a             ; n/a         ;
; HEX9          ; 2.5 V        ; 0 in              ; 0 H/in                  ; 0 F/in                  ; short         ; -                   ; open           ; open             ; open   ; 0 in             ; 0 H/in                 ; 0 F/in                 ; short        ; open          ; open            ; open  ; 0 V                 ; -                  ; n/a           ; n/a             ; n/a         ;
; HEX10         ; 2.5 V        ; 0 in              ; 0 H/in                  ; 0 F/in                  ; short         ; -                   ; open           ; open             ; open   ; 0 in             ; 0 H/in                 ; 0 F/in                 ; short        ; open          ; open            ; open  ; 0 V                 ; -                  ; n/a           ; n/a             ; n/a         ;
; HEX11         ; 2.5 V        ; 0 in              ; 0 H/in                  ; 0 F/in                  ; short         ; -                   ; open           ; open             ; open   ; 0 in             ; 0 H/in                 ; 0 F/in                 ; short        ; open          ; open            ; open  ; 0 V                 ; -                  ; n/a           ; n/a             ; n/a         ;
; HEX12         ; 2.5 V        ; 0 in              ; 0 H/in                  ; 0 F/in                  ; short         ; -                   ; open           ; open             ; open   ; 0 in             ; 0 H/in                 ; 0 F/in                 ; short        ; open          ; open            ; open  ; 0 V                 ; -                  ; n/a           ; n/a             ; n/a         ;
; HEX13         ; 2.5 V        ; 0 in              ; 0 H/in                  ; 0 F/in                  ; short         ; -                   ; open           ; open             ; open   ; 0 in             ; 0 H/in                 ; 0 F/in                 ; short        ; open          ; open            ; open  ; 0 V                 ; -                  ; n/a           ; n/a             ; n/a         ;
; HEX14         ; 2.5 V        ; 0 in              ; 0 H/in                  ; 0 F/in                  ; short         ; -                   ; open           ; open             ; open   ; 0 in             ; 0 H/in                 ; 0 F/in                 ; short        ; open          ; open            ; open  ; 0 V                 ; -                  ; n/a           ; n/a             ; n/a         ;
; HEX15         ; 2.5 V        ; 0 in              ; 0 H/in                  ; 0 F/in                  ; short         ; -                   ; open           ; open             ; open   ; 0 in             ; 0 H/in                 ; 0 F/in                 ; short        ; open          ; open            ; open  ; 0 V                 ; -                  ; n/a           ; n/a             ; n/a         ;
; HEX16         ; 2.5 V        ; 0 in              ; 0 H/in                  ; 0 F/in                  ; short         ; -                   ; open           ; open             ; open   ; 0 in             ; 0 H/in                 ; 0 F/in                 ; short        ; open          ; open            ; open  ; 0 V                 ; -                  ; n/a           ; n/a             ; n/a         ;
; HEX17         ; 2.5 V        ; 0 in              ; 0 H/in                  ; 0 F/in                  ; short         ; -                   ; open           ; open             ; open   ; 0 in             ; 0 H/in                 ; 0 F/in                 ; short        ; open          ; open            ; open  ; 0 V                 ; -                  ; n/a           ; n/a             ; n/a         ;
; HEX18         ; 2.5 V        ; 0 in              ; 0 H/in                  ; 0 F/in                  ; short         ; -                   ; open           ; open             ; open   ; 0 in             ; 0 H/in                 ; 0 F/in                 ; short        ; open          ; open            ; open  ; 0 V                 ; -                  ; n/a           ; n/a             ; n/a         ;
; HEX19         ; 2.5 V        ; 0 in              ; 0 H/in                  ; 0 F/in                  ; short         ; -                   ; open           ; open             ; open   ; 0 in             ; 0 H/in                 ; 0 F/in                 ; short        ; open          ; open            ; open  ; 0 V                 ; -                  ; n/a           ; n/a             ; n/a         ;
; HEX20         ; 2.5 V        ; 0 in              ; 0 H/in                  ; 0 F/in                  ; short         ; -                   ; open           ; open             ; open   ; 0 in             ; 0 H/in                 ; 0 F/in                 ; short        ; open          ; open            ; open  ; 0 V                 ; -                  ; n/a           ; n/a             ; n/a         ;
; HEX21         ; 2.5 V        ; 0 in              ; 0 H/in                  ; 0 F/in                  ; short         ; -                   ; open           ; open             ; open   ; 0 in             ; 0 H/in                 ; 0 F/in                 ; short        ; open          ; open            ; open  ; 0 V                 ; -                  ; n/a           ; n/a             ; n/a         ;
; HEX22         ; 2.5 V        ; 0 in              ; 0 H/in                  ; 0 F/in                  ; short         ; -                   ; open           ; open             ; open   ; 0 in             ; 0 H/in                 ; 0 F/in                 ; short        ; open          ; open            ; open  ; 0 V                 ; -                  ; n/a           ; n/a             ; n/a         ;
; HEX23         ; 2.5 V        ; 0 in              ; 0 H/in                  ; 0 F/in                  ; short         ; -                   ; open           ; open             ; open   ; 0 in             ; 0 H/in                 ; 0 F/in                 ; short        ; open          ; open            ; open  ; 0 V                 ; -                  ; n/a           ; n/a             ; n/a         ;
; HEX24         ; 2.5 V        ; 0 in              ; 0 H/in                  ; 0 F/in                  ; short         ; -                   ; open           ; open             ; open   ; 0 in             ; 0 H/in                 ; 0 F/in                 ; short        ; open          ; open            ; open  ; 0 V                 ; -                  ; n/a           ; n/a             ; n/a         ;
; HEX25         ; 2.5 V        ; 0 in              ; 0 H/in                  ; 0 F/in                  ; short         ; -                   ; open           ; open             ; open   ; 0 in             ; 0 H/in                 ; 0 F/in                 ; short        ; open          ; open            ; open  ; 0 V                 ; -                  ; n/a           ; n/a             ; n/a         ;
; HEX26         ; 2.5 V        ; 0 in              ; 0 H/in                  ; 0 F/in                  ; short         ; -                   ; open           ; open             ; open   ; 0 in             ; 0 H/in                 ; 0 F/in                 ; short        ; open          ; open            ; open  ; 0 V                 ; -                  ; n/a           ; n/a             ; n/a         ;
; HEX27         ; 2.5 V        ; 0 in              ; 0 H/in                  ; 0 F/in                  ; short         ; -                   ; open           ; open             ; open   ; 0 in             ; 0 H/in                 ; 0 F/in                 ; short        ; open          ; open            ; open  ; 0 V                 ; -                  ; n/a           ; n/a             ; n/a         ;
; HS            ; 2.5 V        ; 0 in              ; 0 H/in                  ; 0 F/in                  ; short         ; -                   ; open           ; open             ; open   ; 0 in             ; 0 H/in                 ; 0 F/in                 ; short        ; open          ; open            ; open  ; 0 V                 ; -                  ; n/a           ; n/a             ; n/a         ;
; VS            ; 2.5 V        ; 0 in              ; 0 H/in                  ; 0 F/in                  ; short         ; -                   ; open           ; open             ; open   ; 0 in             ; 0 H/in                 ; 0 F/in                 ; short        ; open          ; open            ; open  ; 0 V                 ; -                  ; n/a           ; n/a             ; n/a         ;
; BLUE[3]       ; 2.5 V        ; 0 in              ; 0 H/in                  ; 0 F/in                  ; short         ; -                   ; open           ; open             ; open   ; 0 in             ; 0 H/in                 ; 0 F/in                 ; short        ; open          ; open            ; open  ; 0 V                 ; -                  ; n/a           ; n/a             ; n/a         ;
; BLUE[2]       ; 2.5 V        ; 0 in              ; 0 H/in                  ; 0 F/in                  ; short         ; -                   ; open           ; open             ; open   ; 0 in             ; 0 H/in                 ; 0 F/in                 ; short        ; open          ; open            ; open  ; 0 V                 ; -                  ; n/a           ; n/a             ; n/a         ;
; BLUE[1]       ; 2.5 V        ; 0 in              ; 0 H/in                  ; 0 F/in                  ; short         ; -                   ; open           ; open             ; open   ; 0 in             ; 0 H/in                 ; 0 F/in                 ; short        ; open          ; open            ; open  ; 0 V                 ; -                  ; n/a           ; n/a             ; n/a         ;
; BLUE[0]       ; 2.5 V        ; 0 in              ; 0 H/in                  ; 0 F/in                  ; short         ; -                   ; open           ; open             ; open   ; 0 in             ; 0 H/in                 ; 0 F/in                 ; short        ; open          ; open            ; open  ; 0 V                 ; -                  ; n/a           ; n/a             ; n/a         ;
; GREEN[3]      ; 2.5 V        ; 0 in              ; 0 H/in                  ; 0 F/in                  ; short         ; -                   ; open           ; open             ; open   ; 0 in             ; 0 H/in                 ; 0 F/in                 ; short        ; open          ; open            ; open  ; 0 V                 ; -                  ; n/a           ; n/a             ; n/a         ;
; GREEN[2]      ; 2.5 V        ; 0 in              ; 0 H/in                  ; 0 F/in                  ; short         ; -                   ; open           ; open             ; open   ; 0 in             ; 0 H/in                 ; 0 F/in                 ; short        ; open          ; open            ; open  ; 0 V                 ; -                  ; n/a           ; n/a             ; n/a         ;
; GREEN[1]      ; 2.5 V        ; 0 in              ; 0 H/in                  ; 0 F/in                  ; short         ; -                   ; open           ; open             ; open   ; 0 in             ; 0 H/in                 ; 0 F/in                 ; short        ; open          ; open            ; open  ; 0 V                 ; -                  ; n/a           ; n/a             ; n/a         ;
; GREEN[0]      ; 2.5 V        ; 0 in              ; 0 H/in                  ; 0 F/in                  ; short         ; -                   ; open           ; open             ; open   ; 0 in             ; 0 H/in                 ; 0 F/in                 ; short        ; open          ; open            ; open  ; 0 V                 ; -                  ; n/a           ; n/a             ; n/a         ;
; RED[3]        ; 2.5 V        ; 0 in              ; 0 H/in                  ; 0 F/in                  ; short         ; -                   ; open           ; open             ; open   ; 0 in             ; 0 H/in                 ; 0 F/in                 ; short        ; open          ; open            ; open  ; 0 V                 ; -                  ; n/a           ; n/a             ; n/a         ;
; RED[2]        ; 2.5 V        ; 0 in              ; 0 H/in                  ; 0 F/in                  ; short         ; -                   ; open           ; open             ; open   ; 0 in             ; 0 H/in                 ; 0 F/in                 ; short        ; open          ; open            ; open  ; 0 V                 ; -                  ; n/a           ; n/a             ; n/a         ;
; RED[1]        ; 2.5 V        ; 0 in              ; 0 H/in                  ; 0 F/in                  ; short         ; -                   ; open           ; open             ; open   ; 0 in             ; 0 H/in                 ; 0 F/in                 ; short        ; open          ; open            ; open  ; 0 V                 ; -                  ; n/a           ; n/a             ; n/a         ;
; RED[0]        ; 2.5 V        ; 0 in              ; 0 H/in                  ; 0 F/in                  ; short         ; -                   ; open           ; open             ; open   ; 0 in             ; 0 H/in                 ; 0 F/in                 ; short        ; open          ; open            ; open  ; 0 V                 ; -                  ; n/a           ; n/a             ; n/a         ;
; ~ALTERA_DCLK~ ; 2.5 V        ; 0 in              ; 0 H/in                  ; 0 F/in                  ; short         ; -                   ; open           ; open             ; open   ; 0 in             ; 0 H/in                 ; 0 F/in                 ; short        ; open          ; open            ; open  ; 0 V                 ; -                  ; n/a           ; n/a             ; n/a         ;
; ~ALTERA_nCEO~ ; 2.5 V        ; 0 in              ; 0 H/in                  ; 0 F/in                  ; short         ; -                   ; open           ; open             ; open   ; 0 in             ; 0 H/in                 ; 0 F/in                 ; short        ; open          ; open            ; open  ; 0 V                 ; -                  ; n/a           ; n/a             ; n/a         ;
+---------------+--------------+-------------------+-------------------------+-------------------------+---------------+---------------------+----------------+------------------+--------+------------------+------------------------+------------------------+--------------+---------------+-----------------+-------+---------------------+--------------------+---------------+-----------------+-------------+


+----------------------------------------------------------------------------+
; Input Transition Times                                                     ;
+-------------------------+--------------+-----------------+-----------------+
; Pin                     ; I/O Standard ; 10-90 Rise Time ; 90-10 Fall Time ;
+-------------------------+--------------+-----------------+-----------------+
; BTN2                    ; 2.5 V        ; 2000 ps         ; 2000 ps         ;
; BTN1                    ; 2.5 V        ; 2000 ps         ; 2000 ps         ;
; SW5                     ; 2.5 V        ; 2000 ps         ; 2000 ps         ;
; SW6                     ; 2.5 V        ; 2000 ps         ; 2000 ps         ;
; SW7                     ; 2.5 V        ; 2000 ps         ; 2000 ps         ;
; SW8                     ; 2.5 V        ; 2000 ps         ; 2000 ps         ;
; SW9                     ; 2.5 V        ; 2000 ps         ; 2000 ps         ;
; CLK                     ; 2.5 V        ; 2000 ps         ; 2000 ps         ;
; SW0                     ; 2.5 V        ; 2000 ps         ; 2000 ps         ;
; SW3                     ; 2.5 V        ; 2000 ps         ; 2000 ps         ;
; SW1                     ; 2.5 V        ; 2000 ps         ; 2000 ps         ;
; SW2                     ; 2.5 V        ; 2000 ps         ; 2000 ps         ;
; SW4                     ; 2.5 V        ; 2000 ps         ; 2000 ps         ;
; PS2_DATA                ; 2.5 V        ; 2000 ps         ; 2000 ps         ;
; PS2_CLK                 ; 2.5 V        ; 2000 ps         ; 2000 ps         ;
; ~ALTERA_ASDO_DATA1~     ; 2.5 V        ; 2000 ps         ; 2000 ps         ;
; ~ALTERA_FLASH_nCE_nCSO~ ; 2.5 V        ; 2000 ps         ; 2000 ps         ;
; ~ALTERA_DATA0~          ; 2.5 V        ; 2000 ps         ; 2000 ps         ;
+-------------------------+--------------+-----------------+-----------------+


+--------------------------------------------------------------------------------------------------------------------------------------------------------------------------------------------------------------------------------------------------------------------------------------------------------------------------------------------------------------------------------------------------------------------------------------------------------------------------------------------------------------------------------------------------------------------------------------------------------------------------------------------------------------------------------------------+
; Slow Corner Signal Integrity Metrics                                                                                                                                                                                                                                                                                                                                                                                                                                                                                                                                                                                                                                                       ;
+---------------+--------------+---------------------+---------------------+------------------------------+------------------------------+---------------------+---------------------+--------------------------------------+--------------------------------------+-----------------------------+-----------------------------+----------------------------+----------------------------+-----------------------------+-----------------------------+--------------------+--------------------+-------------------------------------+-------------------------------------+----------------------------+----------------------------+---------------------------+---------------------------+
; Pin           ; I/O Standard ; Board Delay on Rise ; Board Delay on Fall ; Steady State Voh at FPGA Pin ; Steady State Vol at FPGA Pin ; Voh Max at FPGA Pin ; Vol Min at FPGA Pin ; Ringback Voltage on Rise at FPGA Pin ; Ringback Voltage on Fall at FPGA Pin ; 10-90 Rise Time at FPGA Pin ; 90-10 Fall Time at FPGA Pin ; Monotonic Rise at FPGA Pin ; Monotonic Fall at FPGA Pin ; Steady State Voh at Far-end ; Steady State Vol at Far-end ; Voh Max at Far-end ; Vol Min at Far-end ; Ringback Voltage on Rise at Far-end ; Ringback Voltage on Fall at Far-end ; 10-90 Rise Time at Far-end ; 90-10 Fall Time at Far-end ; Monotonic Rise at Far-end ; Monotonic Fall at Far-end ;
+---------------+--------------+---------------------+---------------------+------------------------------+------------------------------+---------------------+---------------------+--------------------------------------+--------------------------------------+-----------------------------+-----------------------------+----------------------------+----------------------------+-----------------------------+-----------------------------+--------------------+--------------------+-------------------------------------+-------------------------------------+----------------------------+----------------------------+---------------------------+---------------------------+
; LED0          ; 2.5 V        ; 0 s                 ; 0 s                 ; 2.32 V                       ; 7.25e-07 V                   ; 2.35 V              ; -0.0111 V           ; 0.113 V                              ; 0.035 V                              ; 7.76e-10 s                  ; 8.04e-10 s                  ; Yes                        ; Yes                        ; 2.32 V                      ; 7.25e-07 V                  ; 2.35 V             ; -0.0111 V          ; 0.113 V                             ; 0.035 V                             ; 7.76e-10 s                 ; 8.04e-10 s                 ; Yes                       ; Yes                       ;
; LED1          ; 2.5 V        ; 0 s                 ; 0 s                 ; 2.32 V                       ; 7.25e-07 V                   ; 2.35 V              ; -0.0111 V           ; 0.113 V                              ; 0.035 V                              ; 7.76e-10 s                  ; 8.04e-10 s                  ; Yes                        ; Yes                        ; 2.32 V                      ; 7.25e-07 V                  ; 2.35 V             ; -0.0111 V          ; 0.113 V                             ; 0.035 V                             ; 7.76e-10 s                 ; 8.04e-10 s                 ; Yes                       ; Yes                       ;
; LED2          ; 2.5 V        ; 0 s                 ; 0 s                 ; 2.32 V                       ; 7.25e-07 V                   ; 2.33 V              ; -0.00317 V          ; 0.162 V                              ; 0.063 V                              ; 3.54e-09 s                  ; 3.41e-09 s                  ; Yes                        ; Yes                        ; 2.32 V                      ; 7.25e-07 V                  ; 2.33 V             ; -0.00317 V         ; 0.162 V                             ; 0.063 V                             ; 3.54e-09 s                 ; 3.41e-09 s                 ; Yes                       ; Yes                       ;
; LED3          ; 2.5 V        ; 0 s                 ; 0 s                 ; 2.32 V                       ; 7.25e-07 V                   ; 2.35 V              ; -0.0111 V           ; 0.113 V                              ; 0.035 V                              ; 7.76e-10 s                  ; 8.04e-10 s                  ; Yes                        ; Yes                        ; 2.32 V                      ; 7.25e-07 V                  ; 2.35 V             ; -0.0111 V          ; 0.113 V                             ; 0.035 V                             ; 7.76e-10 s                 ; 8.04e-10 s                 ; Yes                       ; Yes                       ;
; LED4          ; 2.5 V        ; 0 s                 ; 0 s                 ; 2.32 V                       ; 7.25e-07 V                   ; 2.35 V              ; -0.0111 V           ; 0.113 V                              ; 0.035 V                              ; 7.76e-10 s                  ; 8.04e-10 s                  ; Yes                        ; Yes                        ; 2.32 V                      ; 7.25e-07 V                  ; 2.35 V             ; -0.0111 V          ; 0.113 V                             ; 0.035 V                             ; 7.76e-10 s                 ; 8.04e-10 s                 ; Yes                       ; Yes                       ;
; LED5          ; 2.5 V        ; 0 s                 ; 0 s                 ; 2.32 V                       ; 7.25e-07 V                   ; 2.35 V              ; -0.0111 V           ; 0.113 V                              ; 0.035 V                              ; 7.76e-10 s                  ; 8.04e-10 s                  ; Yes                        ; Yes                        ; 2.32 V                      ; 7.25e-07 V                  ; 2.35 V             ; -0.0111 V          ; 0.113 V                             ; 0.035 V                             ; 7.76e-10 s                 ; 8.04e-10 s                 ; Yes                       ; Yes                       ;
; LED6          ; 2.5 V        ; 0 s                 ; 0 s                 ; 2.32 V                       ; 7.25e-07 V                   ; 2.35 V              ; -0.0111 V           ; 0.113 V                              ; 0.035 V                              ; 7.76e-10 s                  ; 8.04e-10 s                  ; Yes                        ; Yes                        ; 2.32 V                      ; 7.25e-07 V                  ; 2.35 V             ; -0.0111 V          ; 0.113 V                             ; 0.035 V                             ; 7.76e-10 s                 ; 8.04e-10 s                 ; Yes                       ; Yes                       ;
; LED7          ; 2.5 V        ; 0 s                 ; 0 s                 ; 2.32 V                       ; 7.25e-07 V                   ; 2.35 V              ; -0.0111 V           ; 0.113 V                              ; 0.035 V                              ; 7.76e-10 s                  ; 8.04e-10 s                  ; Yes                        ; Yes                        ; 2.32 V                      ; 7.25e-07 V                  ; 2.35 V             ; -0.0111 V          ; 0.113 V                             ; 0.035 V                             ; 7.76e-10 s                 ; 8.04e-10 s                 ; Yes                       ; Yes                       ;
; LED8          ; 2.5 V        ; 0 s                 ; 0 s                 ; 2.32 V                       ; 7.25e-07 V                   ; 2.35 V              ; -0.0111 V           ; 0.113 V                              ; 0.035 V                              ; 7.76e-10 s                  ; 8.04e-10 s                  ; Yes                        ; Yes                        ; 2.32 V                      ; 7.25e-07 V                  ; 2.35 V             ; -0.0111 V          ; 0.113 V                             ; 0.035 V                             ; 7.76e-10 s                 ; 8.04e-10 s                 ; Yes                       ; Yes                       ;
; LED9          ; 2.5 V        ; 0 s                 ; 0 s                 ; 2.32 V                       ; 7.25e-07 V                   ; 2.35 V              ; -0.0111 V           ; 0.113 V                              ; 0.035 V                              ; 7.76e-10 s                  ; 8.04e-10 s                  ; Yes                        ; Yes                        ; 2.32 V                      ; 7.25e-07 V                  ; 2.35 V             ; -0.0111 V          ; 0.113 V                             ; 0.035 V                             ; 7.76e-10 s                 ; 8.04e-10 s                 ; Yes                       ; Yes                       ;
; HEX0          ; 2.5 V        ; 0 s                 ; 0 s                 ; 2.32 V                       ; 1.08e-06 V                   ; 2.36 V              ; -0.0113 V           ; 0.122 V                              ; 0.022 V                              ; 4.5e-10 s                   ; 4.45e-10 s                  ; Yes                        ; Yes                        ; 2.32 V                      ; 1.08e-06 V                  ; 2.36 V             ; -0.0113 V          ; 0.122 V                             ; 0.022 V                             ; 4.5e-10 s                  ; 4.45e-10 s                 ; Yes                       ; Yes                       ;
; HEX1          ; 2.5 V        ; 0 s                 ; 0 s                 ; 2.32 V                       ; 1.08e-06 V                   ; 2.36 V              ; -0.0113 V           ; 0.122 V                              ; 0.022 V                              ; 4.5e-10 s                   ; 4.45e-10 s                  ; Yes                        ; Yes                        ; 2.32 V                      ; 1.08e-06 V                  ; 2.36 V             ; -0.0113 V          ; 0.122 V                             ; 0.022 V                             ; 4.5e-10 s                  ; 4.45e-10 s                 ; Yes                       ; Yes                       ;
; HEX2          ; 2.5 V        ; 0 s                 ; 0 s                 ; 2.32 V                       ; 1.08e-06 V                   ; 2.36 V              ; -0.0113 V           ; 0.122 V                              ; 0.022 V                              ; 4.5e-10 s                   ; 4.45e-10 s                  ; Yes                        ; Yes                        ; 2.32 V                      ; 1.08e-06 V                  ; 2.36 V             ; -0.0113 V          ; 0.122 V                             ; 0.022 V                             ; 4.5e-10 s                  ; 4.45e-10 s                 ; Yes                       ; Yes                       ;
; HEX3          ; 2.5 V        ; 0 s                 ; 0 s                 ; 2.32 V                       ; 1.08e-06 V                   ; 2.36 V              ; -0.0113 V           ; 0.122 V                              ; 0.022 V                              ; 4.5e-10 s                   ; 4.45e-10 s                  ; Yes                        ; Yes                        ; 2.32 V                      ; 1.08e-06 V                  ; 2.36 V             ; -0.0113 V          ; 0.122 V                             ; 0.022 V                             ; 4.5e-10 s                  ; 4.45e-10 s                 ; Yes                       ; Yes                       ;
; HEX4          ; 2.5 V        ; 0 s                 ; 0 s                 ; 2.32 V                       ; 1.08e-06 V                   ; 2.36 V              ; -0.0113 V           ; 0.122 V                              ; 0.022 V                              ; 4.5e-10 s                   ; 4.45e-10 s                  ; Yes                        ; Yes                        ; 2.32 V                      ; 1.08e-06 V                  ; 2.36 V             ; -0.0113 V          ; 0.122 V                             ; 0.022 V                             ; 4.5e-10 s                  ; 4.45e-10 s                 ; Yes                       ; Yes                       ;
; HEX5          ; 2.5 V        ; 0 s                 ; 0 s                 ; 2.32 V                       ; 1.08e-06 V                   ; 2.36 V              ; -0.0113 V           ; 0.122 V                              ; 0.022 V                              ; 4.5e-10 s                   ; 4.45e-10 s                  ; Yes                        ; Yes                        ; 2.32 V                      ; 1.08e-06 V                  ; 2.36 V             ; -0.0113 V          ; 0.122 V                             ; 0.022 V                             ; 4.5e-10 s                  ; 4.45e-10 s                 ; Yes                       ; Yes                       ;
; HEX6          ; 2.5 V        ; 0 s                 ; 0 s                 ; 2.32 V                       ; 1.08e-06 V                   ; 2.36 V              ; -0.0113 V           ; 0.122 V                              ; 0.022 V                              ; 4.5e-10 s                   ; 4.45e-10 s                  ; Yes                        ; Yes                        ; 2.32 V                      ; 1.08e-06 V                  ; 2.36 V             ; -0.0113 V          ; 0.122 V                             ; 0.022 V                             ; 4.5e-10 s                  ; 4.45e-10 s                 ; Yes                       ; Yes                       ;
; HEX7          ; 2.5 V        ; 0 s                 ; 0 s                 ; 2.32 V                       ; 1.08e-06 V                   ; 2.36 V              ; -0.0113 V           ; 0.122 V                              ; 0.022 V                              ; 4.5e-10 s                   ; 4.45e-10 s                  ; Yes                        ; Yes                        ; 2.32 V                      ; 1.08e-06 V                  ; 2.36 V             ; -0.0113 V          ; 0.122 V                             ; 0.022 V                             ; 4.5e-10 s                  ; 4.45e-10 s                 ; Yes                       ; Yes                       ;
; HEX8          ; 2.5 V        ; 0 s                 ; 0 s                 ; 2.32 V                       ; 1.08e-06 V                   ; 2.36 V              ; -0.0113 V           ; 0.122 V                              ; 0.022 V                              ; 4.5e-10 s                   ; 4.45e-10 s                  ; Yes                        ; Yes                        ; 2.32 V                      ; 1.08e-06 V                  ; 2.36 V             ; -0.0113 V          ; 0.122 V                             ; 0.022 V                             ; 4.5e-10 s                  ; 4.45e-10 s                 ; Yes                       ; Yes                       ;
; HEX9          ; 2.5 V        ; 0 s                 ; 0 s                 ; 2.32 V                       ; 1.08e-06 V                   ; 2.36 V              ; -0.0113 V           ; 0.122 V                              ; 0.022 V                              ; 4.5e-10 s                   ; 4.45e-10 s                  ; Yes                        ; Yes                        ; 2.32 V                      ; 1.08e-06 V                  ; 2.36 V             ; -0.0113 V          ; 0.122 V                             ; 0.022 V                             ; 4.5e-10 s                  ; 4.45e-10 s                 ; Yes                       ; Yes                       ;
; HEX10         ; 2.5 V        ; 0 s                 ; 0 s                 ; 2.32 V                       ; 1.08e-06 V                   ; 2.36 V              ; -0.0113 V           ; 0.122 V                              ; 0.022 V                              ; 4.5e-10 s                   ; 4.45e-10 s                  ; Yes                        ; Yes                        ; 2.32 V                      ; 1.08e-06 V                  ; 2.36 V             ; -0.0113 V          ; 0.122 V                             ; 0.022 V                             ; 4.5e-10 s                  ; 4.45e-10 s                 ; Yes                       ; Yes                       ;
; HEX11         ; 2.5 V        ; 0 s                 ; 0 s                 ; 2.32 V                       ; 1.08e-06 V                   ; 2.36 V              ; -0.0113 V           ; 0.122 V                              ; 0.022 V                              ; 4.5e-10 s                   ; 4.45e-10 s                  ; Yes                        ; Yes                        ; 2.32 V                      ; 1.08e-06 V                  ; 2.36 V             ; -0.0113 V          ; 0.122 V                             ; 0.022 V                             ; 4.5e-10 s                  ; 4.45e-10 s                 ; Yes                       ; Yes                       ;
; HEX12         ; 2.5 V        ; 0 s                 ; 0 s                 ; 2.32 V                       ; 1.08e-06 V                   ; 2.36 V              ; -0.0113 V           ; 0.122 V                              ; 0.022 V                              ; 4.5e-10 s                   ; 4.45e-10 s                  ; Yes                        ; Yes                        ; 2.32 V                      ; 1.08e-06 V                  ; 2.36 V             ; -0.0113 V          ; 0.122 V                             ; 0.022 V                             ; 4.5e-10 s                  ; 4.45e-10 s                 ; Yes                       ; Yes                       ;
; HEX13         ; 2.5 V        ; 0 s                 ; 0 s                 ; 2.32 V                       ; 1.08e-06 V                   ; 2.36 V              ; -0.0113 V           ; 0.122 V                              ; 0.022 V                              ; 4.5e-10 s                   ; 4.45e-10 s                  ; Yes                        ; Yes                        ; 2.32 V                      ; 1.08e-06 V                  ; 2.36 V             ; -0.0113 V          ; 0.122 V                             ; 0.022 V                             ; 4.5e-10 s                  ; 4.45e-10 s                 ; Yes                       ; Yes                       ;
; HEX14         ; 2.5 V        ; 0 s                 ; 0 s                 ; 2.32 V                       ; 1.08e-06 V                   ; 2.36 V              ; -0.0113 V           ; 0.122 V                              ; 0.022 V                              ; 4.5e-10 s                   ; 4.45e-10 s                  ; Yes                        ; Yes                        ; 2.32 V                      ; 1.08e-06 V                  ; 2.36 V             ; -0.0113 V          ; 0.122 V                             ; 0.022 V                             ; 4.5e-10 s                  ; 4.45e-10 s                 ; Yes                       ; Yes                       ;
; HEX15         ; 2.5 V        ; 0 s                 ; 0 s                 ; 2.32 V                       ; 1.08e-06 V                   ; 2.36 V              ; -0.0113 V           ; 0.122 V                              ; 0.022 V                              ; 4.5e-10 s                   ; 4.45e-10 s                  ; Yes                        ; Yes                        ; 2.32 V                      ; 1.08e-06 V                  ; 2.36 V             ; -0.0113 V          ; 0.122 V                             ; 0.022 V                             ; 4.5e-10 s                  ; 4.45e-10 s                 ; Yes                       ; Yes                       ;
; HEX16         ; 2.5 V        ; 0 s                 ; 0 s                 ; 2.32 V                       ; 1.08e-06 V                   ; 2.36 V              ; -0.0113 V           ; 0.122 V                              ; 0.022 V                              ; 4.5e-10 s                   ; 4.45e-10 s                  ; Yes                        ; Yes                        ; 2.32 V                      ; 1.08e-06 V                  ; 2.36 V             ; -0.0113 V          ; 0.122 V                             ; 0.022 V                             ; 4.5e-10 s                  ; 4.45e-10 s                 ; Yes                       ; Yes                       ;
; HEX17         ; 2.5 V        ; 0 s                 ; 0 s                 ; 2.32 V                       ; 1.08e-06 V                   ; 2.36 V              ; -0.0113 V           ; 0.122 V                              ; 0.022 V                              ; 4.5e-10 s                   ; 4.45e-10 s                  ; Yes                        ; Yes                        ; 2.32 V                      ; 1.08e-06 V                  ; 2.36 V             ; -0.0113 V          ; 0.122 V                             ; 0.022 V                             ; 4.5e-10 s                  ; 4.45e-10 s                 ; Yes                       ; Yes                       ;
; HEX18         ; 2.5 V        ; 0 s                 ; 0 s                 ; 2.32 V                       ; 1.08e-06 V                   ; 2.36 V              ; -0.0113 V           ; 0.122 V                              ; 0.022 V                              ; 4.5e-10 s                   ; 4.45e-10 s                  ; Yes                        ; Yes                        ; 2.32 V                      ; 1.08e-06 V                  ; 2.36 V             ; -0.0113 V          ; 0.122 V                             ; 0.022 V                             ; 4.5e-10 s                  ; 4.45e-10 s                 ; Yes                       ; Yes                       ;
; HEX19         ; 2.5 V        ; 0 s                 ; 0 s                 ; 2.32 V                       ; 1.08e-06 V                   ; 2.36 V              ; -0.0113 V           ; 0.122 V                              ; 0.022 V                              ; 4.5e-10 s                   ; 4.45e-10 s                  ; Yes                        ; Yes                        ; 2.32 V                      ; 1.08e-06 V                  ; 2.36 V             ; -0.0113 V          ; 0.122 V                             ; 0.022 V                             ; 4.5e-10 s                  ; 4.45e-10 s                 ; Yes                       ; Yes                       ;
; HEX20         ; 2.5 V        ; 0 s                 ; 0 s                 ; 2.32 V                       ; 1.08e-06 V                   ; 2.36 V              ; -0.0113 V           ; 0.122 V                              ; 0.022 V                              ; 4.5e-10 s                   ; 4.45e-10 s                  ; Yes                        ; Yes                        ; 2.32 V                      ; 1.08e-06 V                  ; 2.36 V             ; -0.0113 V          ; 0.122 V                             ; 0.022 V                             ; 4.5e-10 s                  ; 4.45e-10 s                 ; Yes                       ; Yes                       ;
; HEX21         ; 2.5 V        ; 0 s                 ; 0 s                 ; 2.32 V                       ; 1.08e-06 V                   ; 2.36 V              ; -0.0113 V           ; 0.122 V                              ; 0.022 V                              ; 4.5e-10 s                   ; 4.45e-10 s                  ; Yes                        ; Yes                        ; 2.32 V                      ; 1.08e-06 V                  ; 2.36 V             ; -0.0113 V          ; 0.122 V                             ; 0.022 V                             ; 4.5e-10 s                  ; 4.45e-10 s                 ; Yes                       ; Yes                       ;
; HEX22         ; 2.5 V        ; 0 s                 ; 0 s                 ; 2.32 V                       ; 1.08e-06 V                   ; 2.36 V              ; -0.0113 V           ; 0.122 V                              ; 0.022 V                              ; 4.5e-10 s                   ; 4.45e-10 s                  ; Yes                        ; Yes                        ; 2.32 V                      ; 1.08e-06 V                  ; 2.36 V             ; -0.0113 V          ; 0.122 V                             ; 0.022 V                             ; 4.5e-10 s                  ; 4.45e-10 s                 ; Yes                       ; Yes                       ;
; HEX23         ; 2.5 V        ; 0 s                 ; 0 s                 ; 2.32 V                       ; 1.08e-06 V                   ; 2.36 V              ; -0.0113 V           ; 0.122 V                              ; 0.022 V                              ; 4.5e-10 s                   ; 4.45e-10 s                  ; Yes                        ; Yes                        ; 2.32 V                      ; 1.08e-06 V                  ; 2.36 V             ; -0.0113 V          ; 0.122 V                             ; 0.022 V                             ; 4.5e-10 s                  ; 4.45e-10 s                 ; Yes                       ; Yes                       ;
; HEX24         ; 2.5 V        ; 0 s                 ; 0 s                 ; 2.32 V                       ; 1.08e-06 V                   ; 2.36 V              ; -0.0113 V           ; 0.122 V                              ; 0.022 V                              ; 4.5e-10 s                   ; 4.45e-10 s                  ; Yes                        ; Yes                        ; 2.32 V                      ; 1.08e-06 V                  ; 2.36 V             ; -0.0113 V          ; 0.122 V                             ; 0.022 V                             ; 4.5e-10 s                  ; 4.45e-10 s                 ; Yes                       ; Yes                       ;
; HEX25         ; 2.5 V        ; 0 s                 ; 0 s                 ; 2.32 V                       ; 1.08e-06 V                   ; 2.36 V              ; -0.0113 V           ; 0.122 V                              ; 0.022 V                              ; 4.5e-10 s                   ; 4.45e-10 s                  ; Yes                        ; Yes                        ; 2.32 V                      ; 1.08e-06 V                  ; 2.36 V             ; -0.0113 V          ; 0.122 V                             ; 0.022 V                             ; 4.5e-10 s                  ; 4.45e-10 s                 ; Yes                       ; Yes                       ;
; HEX26         ; 2.5 V        ; 0 s                 ; 0 s                 ; 2.32 V                       ; 1.08e-06 V                   ; 2.36 V              ; -0.0113 V           ; 0.122 V                              ; 0.022 V                              ; 4.5e-10 s                   ; 4.45e-10 s                  ; Yes                        ; Yes                        ; 2.32 V                      ; 1.08e-06 V                  ; 2.36 V             ; -0.0113 V          ; 0.122 V                             ; 0.022 V                             ; 4.5e-10 s                  ; 4.45e-10 s                 ; Yes                       ; Yes                       ;
; HEX27         ; 2.5 V        ; 0 s                 ; 0 s                 ; 2.32 V                       ; 1.08e-06 V                   ; 2.36 V              ; -0.0113 V           ; 0.122 V                              ; 0.022 V                              ; 4.5e-10 s                   ; 4.45e-10 s                  ; Yes                        ; Yes                        ; 2.32 V                      ; 1.08e-06 V                  ; 2.36 V             ; -0.0113 V          ; 0.122 V                             ; 0.022 V                             ; 4.5e-10 s                  ; 4.45e-10 s                 ; Yes                       ; Yes                       ;
; HS            ; 2.5 V        ; 0 s                 ; 0 s                 ; 2.32 V                       ; 7.25e-07 V                   ; 2.35 V              ; -0.0111 V           ; 0.113 V                              ; 0.035 V                              ; 7.76e-10 s                  ; 8.04e-10 s                  ; Yes                        ; Yes                        ; 2.32 V                      ; 7.25e-07 V                  ; 2.35 V             ; -0.0111 V          ; 0.113 V                             ; 0.035 V                             ; 7.76e-10 s                 ; 8.04e-10 s                 ; Yes                       ; Yes                       ;
; VS            ; 2.5 V        ; 0 s                 ; 0 s                 ; 2.32 V                       ; 7.25e-07 V                   ; 2.35 V              ; -0.0111 V           ; 0.113 V                              ; 0.035 V                              ; 7.76e-10 s                  ; 8.04e-10 s                  ; Yes                        ; Yes                        ; 2.32 V                      ; 7.25e-07 V                  ; 2.35 V             ; -0.0111 V          ; 0.113 V                             ; 0.035 V                             ; 7.76e-10 s                 ; 8.04e-10 s                 ; Yes                       ; Yes                       ;
; BLUE[3]       ; 2.5 V        ; 0 s                 ; 0 s                 ; 2.32 V                       ; 7.25e-07 V                   ; 2.35 V              ; -0.0111 V           ; 0.113 V                              ; 0.035 V                              ; 7.76e-10 s                  ; 8.04e-10 s                  ; Yes                        ; Yes                        ; 2.32 V                      ; 7.25e-07 V                  ; 2.35 V             ; -0.0111 V          ; 0.113 V                             ; 0.035 V                             ; 7.76e-10 s                 ; 8.04e-10 s                 ; Yes                       ; Yes                       ;
; BLUE[2]       ; 2.5 V        ; 0 s                 ; 0 s                 ; 2.32 V                       ; 7.25e-07 V                   ; 2.35 V              ; -0.0111 V           ; 0.113 V                              ; 0.035 V                              ; 7.76e-10 s                  ; 8.04e-10 s                  ; Yes                        ; Yes                        ; 2.32 V                      ; 7.25e-07 V                  ; 2.35 V             ; -0.0111 V          ; 0.113 V                             ; 0.035 V                             ; 7.76e-10 s                 ; 8.04e-10 s                 ; Yes                       ; Yes                       ;
; BLUE[1]       ; 2.5 V        ; 0 s                 ; 0 s                 ; 2.32 V                       ; 7.25e-07 V                   ; 2.35 V              ; -0.0111 V           ; 0.113 V                              ; 0.035 V                              ; 7.76e-10 s                  ; 8.04e-10 s                  ; Yes                        ; Yes                        ; 2.32 V                      ; 7.25e-07 V                  ; 2.35 V             ; -0.0111 V          ; 0.113 V                             ; 0.035 V                             ; 7.76e-10 s                 ; 8.04e-10 s                 ; Yes                       ; Yes                       ;
; BLUE[0]       ; 2.5 V        ; 0 s                 ; 0 s                 ; 2.32 V                       ; 1.08e-06 V                   ; 2.33 V              ; -0.00341 V          ; 0.17 V                               ; 0.084 V                              ; 3.33e-09 s                  ; 3.24e-09 s                  ; Yes                        ; Yes                        ; 2.32 V                      ; 1.08e-06 V                  ; 2.33 V             ; -0.00341 V         ; 0.17 V                              ; 0.084 V                             ; 3.33e-09 s                 ; 3.24e-09 s                 ; Yes                       ; Yes                       ;
; GREEN[3]      ; 2.5 V        ; 0 s                 ; 0 s                 ; 2.32 V                       ; 7.25e-07 V                   ; 2.35 V              ; -0.0111 V           ; 0.113 V                              ; 0.035 V                              ; 7.76e-10 s                  ; 8.04e-10 s                  ; Yes                        ; Yes                        ; 2.32 V                      ; 7.25e-07 V                  ; 2.35 V             ; -0.0111 V          ; 0.113 V                             ; 0.035 V                             ; 7.76e-10 s                 ; 8.04e-10 s                 ; Yes                       ; Yes                       ;
; GREEN[2]      ; 2.5 V        ; 0 s                 ; 0 s                 ; 2.32 V                       ; 7.25e-07 V                   ; 2.35 V              ; -0.0111 V           ; 0.113 V                              ; 0.035 V                              ; 7.76e-10 s                  ; 8.04e-10 s                  ; Yes                        ; Yes                        ; 2.32 V                      ; 7.25e-07 V                  ; 2.35 V             ; -0.0111 V          ; 0.113 V                             ; 0.035 V                             ; 7.76e-10 s                 ; 8.04e-10 s                 ; Yes                       ; Yes                       ;
; GREEN[1]      ; 2.5 V        ; 0 s                 ; 0 s                 ; 2.32 V                       ; 7.25e-07 V                   ; 2.35 V              ; -0.0111 V           ; 0.113 V                              ; 0.035 V                              ; 7.76e-10 s                  ; 8.04e-10 s                  ; Yes                        ; Yes                        ; 2.32 V                      ; 7.25e-07 V                  ; 2.35 V             ; -0.0111 V          ; 0.113 V                             ; 0.035 V                             ; 7.76e-10 s                 ; 8.04e-10 s                 ; Yes                       ; Yes                       ;
; GREEN[0]      ; 2.5 V        ; 0 s                 ; 0 s                 ; 2.32 V                       ; 7.25e-07 V                   ; 2.35 V              ; -0.0111 V           ; 0.113 V                              ; 0.035 V                              ; 7.76e-10 s                  ; 8.04e-10 s                  ; Yes                        ; Yes                        ; 2.32 V                      ; 7.25e-07 V                  ; 2.35 V             ; -0.0111 V          ; 0.113 V                             ; 0.035 V                             ; 7.76e-10 s                 ; 8.04e-10 s                 ; Yes                       ; Yes                       ;
; RED[3]        ; 2.5 V        ; 0 s                 ; 0 s                 ; 2.32 V                       ; 7.25e-07 V                   ; 2.35 V              ; -0.0111 V           ; 0.113 V                              ; 0.035 V                              ; 7.76e-10 s                  ; 8.04e-10 s                  ; Yes                        ; Yes                        ; 2.32 V                      ; 7.25e-07 V                  ; 2.35 V             ; -0.0111 V          ; 0.113 V                             ; 0.035 V                             ; 7.76e-10 s                 ; 8.04e-10 s                 ; Yes                       ; Yes                       ;
; RED[2]        ; 2.5 V        ; 0 s                 ; 0 s                 ; 2.32 V                       ; 7.25e-07 V                   ; 2.35 V              ; -0.0111 V           ; 0.113 V                              ; 0.035 V                              ; 7.76e-10 s                  ; 8.04e-10 s                  ; Yes                        ; Yes                        ; 2.32 V                      ; 7.25e-07 V                  ; 2.35 V             ; -0.0111 V          ; 0.113 V                             ; 0.035 V                             ; 7.76e-10 s                 ; 8.04e-10 s                 ; Yes                       ; Yes                       ;
; RED[1]        ; 2.5 V        ; 0 s                 ; 0 s                 ; 2.32 V                       ; 7.25e-07 V                   ; 2.35 V              ; -0.0111 V           ; 0.113 V                              ; 0.035 V                              ; 7.76e-10 s                  ; 8.04e-10 s                  ; Yes                        ; Yes                        ; 2.32 V                      ; 7.25e-07 V                  ; 2.35 V             ; -0.0111 V          ; 0.113 V                             ; 0.035 V                             ; 7.76e-10 s                 ; 8.04e-10 s                 ; Yes                       ; Yes                       ;
; RED[0]        ; 2.5 V        ; 0 s                 ; 0 s                 ; 2.32 V                       ; 7.25e-07 V                   ; 2.35 V              ; -0.0111 V           ; 0.113 V                              ; 0.035 V                              ; 7.76e-10 s                  ; 8.04e-10 s                  ; Yes                        ; Yes                        ; 2.32 V                      ; 7.25e-07 V                  ; 2.35 V             ; -0.0111 V          ; 0.113 V                             ; 0.035 V                             ; 7.76e-10 s                 ; 8.04e-10 s                 ; Yes                       ; Yes                       ;
; ~ALTERA_DCLK~ ; 2.5 V        ; 0 s                 ; 0 s                 ; 2.32 V                       ; 5.68e-07 V                   ; 2.35 V              ; -0.0132 V           ; 0.2 V                                ; 0.027 V                              ; 5.26e-10 s                  ; 4.81e-10 s                  ; Yes                        ; Yes                        ; 2.32 V                      ; 5.68e-07 V                  ; 2.35 V             ; -0.0132 V          ; 0.2 V                               ; 0.027 V                             ; 5.26e-10 s                 ; 4.81e-10 s                 ; Yes                       ; Yes                       ;
; ~ALTERA_nCEO~ ; 2.5 V        ; 0 s                 ; 0 s                 ; 2.32 V                       ; 9.36e-07 V                   ; 2.35 V              ; -0.00444 V          ; 0.18 V                               ; 0.019 V                              ; 7.23e-10 s                  ; 9.82e-10 s                  ; Yes                        ; Yes                        ; 2.32 V                      ; 9.36e-07 V                  ; 2.35 V             ; -0.00444 V         ; 0.18 V                              ; 0.019 V                             ; 7.23e-10 s                 ; 9.82e-10 s                 ; Yes                       ; Yes                       ;
+---------------+--------------+---------------------+---------------------+------------------------------+------------------------------+---------------------+---------------------+--------------------------------------+--------------------------------------+-----------------------------+-----------------------------+----------------------------+----------------------------+-----------------------------+-----------------------------+--------------------+--------------------+-------------------------------------+-------------------------------------+----------------------------+----------------------------+---------------------------+---------------------------+


+--------------------------------------------------------------------------------------------------------------------------------------------------------------------------------------------------------------------------------------------------------------------------------------------------------------------------------------------------------------------------------------------------------------------------------------------------------------------------------------------------------------------------------------------------------------------------------------------------------------------------------------------------------------------------------------------+
; Fast Corner Signal Integrity Metrics                                                                                                                                                                                                                                                                                                                                                                                                                                                                                                                                                                                                                                                       ;
+---------------+--------------+---------------------+---------------------+------------------------------+------------------------------+---------------------+---------------------+--------------------------------------+--------------------------------------+-----------------------------+-----------------------------+----------------------------+----------------------------+-----------------------------+-----------------------------+--------------------+--------------------+-------------------------------------+-------------------------------------+----------------------------+----------------------------+---------------------------+---------------------------+
; Pin           ; I/O Standard ; Board Delay on Rise ; Board Delay on Fall ; Steady State Voh at FPGA Pin ; Steady State Vol at FPGA Pin ; Voh Max at FPGA Pin ; Vol Min at FPGA Pin ; Ringback Voltage on Rise at FPGA Pin ; Ringback Voltage on Fall at FPGA Pin ; 10-90 Rise Time at FPGA Pin ; 90-10 Fall Time at FPGA Pin ; Monotonic Rise at FPGA Pin ; Monotonic Fall at FPGA Pin ; Steady State Voh at Far-end ; Steady State Vol at Far-end ; Voh Max at Far-end ; Vol Min at Far-end ; Ringback Voltage on Rise at Far-end ; Ringback Voltage on Fall at Far-end ; 10-90 Rise Time at Far-end ; 90-10 Fall Time at Far-end ; Monotonic Rise at Far-end ; Monotonic Fall at Far-end ;
+---------------+--------------+---------------------+---------------------+------------------------------+------------------------------+---------------------+---------------------+--------------------------------------+--------------------------------------+-----------------------------+-----------------------------+----------------------------+----------------------------+-----------------------------+-----------------------------+--------------------+--------------------+-------------------------------------+-------------------------------------+----------------------------+----------------------------+---------------------------+---------------------------+
; LED0          ; 2.5 V        ; 0 s                 ; 0 s                 ; 2.62 V                       ; 2.78e-08 V                   ; 2.71 V              ; -0.0349 V           ; 0.253 V                              ; 0.069 V                              ; 4.96e-10 s                  ; 5.19e-10 s                  ; No                         ; Yes                        ; 2.62 V                      ; 2.78e-08 V                  ; 2.71 V             ; -0.0349 V          ; 0.253 V                             ; 0.069 V                             ; 4.96e-10 s                 ; 5.19e-10 s                 ; No                        ; Yes                       ;
; LED1          ; 2.5 V        ; 0 s                 ; 0 s                 ; 2.62 V                       ; 2.78e-08 V                   ; 2.71 V              ; -0.0349 V           ; 0.253 V                              ; 0.069 V                              ; 4.96e-10 s                  ; 5.19e-10 s                  ; No                         ; Yes                        ; 2.62 V                      ; 2.78e-08 V                  ; 2.71 V             ; -0.0349 V          ; 0.253 V                             ; 0.069 V                             ; 4.96e-10 s                 ; 5.19e-10 s                 ; No                        ; Yes                       ;
; LED2          ; 2.5 V        ; 0 s                 ; 0 s                 ; 2.62 V                       ; 2.78e-08 V                   ; 2.64 V              ; -0.0109 V           ; 0.244 V                              ; 0.16 V                               ; 2.42e-09 s                  ; 2.37e-09 s                  ; No                         ; Yes                        ; 2.62 V                      ; 2.78e-08 V                  ; 2.64 V             ; -0.0109 V          ; 0.244 V                             ; 0.16 V                              ; 2.42e-09 s                 ; 2.37e-09 s                 ; No                        ; Yes                       ;
; LED3          ; 2.5 V        ; 0 s                 ; 0 s                 ; 2.62 V                       ; 2.78e-08 V                   ; 2.71 V              ; -0.0349 V           ; 0.253 V                              ; 0.069 V                              ; 4.96e-10 s                  ; 5.19e-10 s                  ; No                         ; Yes                        ; 2.62 V                      ; 2.78e-08 V                  ; 2.71 V             ; -0.0349 V          ; 0.253 V                             ; 0.069 V                             ; 4.96e-10 s                 ; 5.19e-10 s                 ; No                        ; Yes                       ;
; LED4          ; 2.5 V        ; 0 s                 ; 0 s                 ; 2.62 V                       ; 2.78e-08 V                   ; 2.71 V              ; -0.0349 V           ; 0.253 V                              ; 0.069 V                              ; 4.96e-10 s                  ; 5.19e-10 s                  ; No                         ; Yes                        ; 2.62 V                      ; 2.78e-08 V                  ; 2.71 V             ; -0.0349 V          ; 0.253 V                             ; 0.069 V                             ; 4.96e-10 s                 ; 5.19e-10 s                 ; No                        ; Yes                       ;
; LED5          ; 2.5 V        ; 0 s                 ; 0 s                 ; 2.62 V                       ; 2.78e-08 V                   ; 2.71 V              ; -0.0349 V           ; 0.253 V                              ; 0.069 V                              ; 4.96e-10 s                  ; 5.19e-10 s                  ; No                         ; Yes                        ; 2.62 V                      ; 2.78e-08 V                  ; 2.71 V             ; -0.0349 V          ; 0.253 V                             ; 0.069 V                             ; 4.96e-10 s                 ; 5.19e-10 s                 ; No                        ; Yes                       ;
; LED6          ; 2.5 V        ; 0 s                 ; 0 s                 ; 2.62 V                       ; 2.78e-08 V                   ; 2.71 V              ; -0.0349 V           ; 0.253 V                              ; 0.069 V                              ; 4.96e-10 s                  ; 5.19e-10 s                  ; No                         ; Yes                        ; 2.62 V                      ; 2.78e-08 V                  ; 2.71 V             ; -0.0349 V          ; 0.253 V                             ; 0.069 V                             ; 4.96e-10 s                 ; 5.19e-10 s                 ; No                        ; Yes                       ;
; LED7          ; 2.5 V        ; 0 s                 ; 0 s                 ; 2.62 V                       ; 2.78e-08 V                   ; 2.71 V              ; -0.0349 V           ; 0.253 V                              ; 0.069 V                              ; 4.96e-10 s                  ; 5.19e-10 s                  ; No                         ; Yes                        ; 2.62 V                      ; 2.78e-08 V                  ; 2.71 V             ; -0.0349 V          ; 0.253 V                             ; 0.069 V                             ; 4.96e-10 s                 ; 5.19e-10 s                 ; No                        ; Yes                       ;
; LED8          ; 2.5 V        ; 0 s                 ; 0 s                 ; 2.62 V                       ; 2.78e-08 V                   ; 2.71 V              ; -0.0349 V           ; 0.253 V                              ; 0.069 V                              ; 4.96e-10 s                  ; 5.19e-10 s                  ; No                         ; Yes                        ; 2.62 V                      ; 2.78e-08 V                  ; 2.71 V             ; -0.0349 V          ; 0.253 V                             ; 0.069 V                             ; 4.96e-10 s                 ; 5.19e-10 s                 ; No                        ; Yes                       ;
; LED9          ; 2.5 V        ; 0 s                 ; 0 s                 ; 2.62 V                       ; 2.78e-08 V                   ; 2.71 V              ; -0.0349 V           ; 0.253 V                              ; 0.069 V                              ; 4.96e-10 s                  ; 5.19e-10 s                  ; No                         ; Yes                        ; 2.62 V                      ; 2.78e-08 V                  ; 2.71 V             ; -0.0349 V          ; 0.253 V                             ; 0.069 V                             ; 4.96e-10 s                 ; 5.19e-10 s                 ; No                        ; Yes                       ;
; HEX0          ; 2.5 V        ; 0 s                 ; 0 s                 ; 2.62 V                       ; 4.11e-08 V                   ; 2.73 V              ; -0.0566 V           ; 0.191 V                              ; 0.12 V                               ; 2.69e-10 s                  ; 2.76e-10 s                  ; Yes                        ; Yes                        ; 2.62 V                      ; 4.11e-08 V                  ; 2.73 V             ; -0.0566 V          ; 0.191 V                             ; 0.12 V                              ; 2.69e-10 s                 ; 2.76e-10 s                 ; Yes                       ; Yes                       ;
; HEX1          ; 2.5 V        ; 0 s                 ; 0 s                 ; 2.62 V                       ; 4.11e-08 V                   ; 2.73 V              ; -0.0566 V           ; 0.191 V                              ; 0.12 V                               ; 2.69e-10 s                  ; 2.76e-10 s                  ; Yes                        ; Yes                        ; 2.62 V                      ; 4.11e-08 V                  ; 2.73 V             ; -0.0566 V          ; 0.191 V                             ; 0.12 V                              ; 2.69e-10 s                 ; 2.76e-10 s                 ; Yes                       ; Yes                       ;
; HEX2          ; 2.5 V        ; 0 s                 ; 0 s                 ; 2.62 V                       ; 4.11e-08 V                   ; 2.73 V              ; -0.0566 V           ; 0.191 V                              ; 0.12 V                               ; 2.69e-10 s                  ; 2.76e-10 s                  ; Yes                        ; Yes                        ; 2.62 V                      ; 4.11e-08 V                  ; 2.73 V             ; -0.0566 V          ; 0.191 V                             ; 0.12 V                              ; 2.69e-10 s                 ; 2.76e-10 s                 ; Yes                       ; Yes                       ;
; HEX3          ; 2.5 V        ; 0 s                 ; 0 s                 ; 2.62 V                       ; 4.11e-08 V                   ; 2.73 V              ; -0.0566 V           ; 0.191 V                              ; 0.12 V                               ; 2.69e-10 s                  ; 2.76e-10 s                  ; Yes                        ; Yes                        ; 2.62 V                      ; 4.11e-08 V                  ; 2.73 V             ; -0.0566 V          ; 0.191 V                             ; 0.12 V                              ; 2.69e-10 s                 ; 2.76e-10 s                 ; Yes                       ; Yes                       ;
; HEX4          ; 2.5 V        ; 0 s                 ; 0 s                 ; 2.62 V                       ; 4.11e-08 V                   ; 2.73 V              ; -0.0566 V           ; 0.191 V                              ; 0.12 V                               ; 2.69e-10 s                  ; 2.76e-10 s                  ; Yes                        ; Yes                        ; 2.62 V                      ; 4.11e-08 V                  ; 2.73 V             ; -0.0566 V          ; 0.191 V                             ; 0.12 V                              ; 2.69e-10 s                 ; 2.76e-10 s                 ; Yes                       ; Yes                       ;
; HEX5          ; 2.5 V        ; 0 s                 ; 0 s                 ; 2.62 V                       ; 4.11e-08 V                   ; 2.73 V              ; -0.0566 V           ; 0.191 V                              ; 0.12 V                               ; 2.69e-10 s                  ; 2.76e-10 s                  ; Yes                        ; Yes                        ; 2.62 V                      ; 4.11e-08 V                  ; 2.73 V             ; -0.0566 V          ; 0.191 V                             ; 0.12 V                              ; 2.69e-10 s                 ; 2.76e-10 s                 ; Yes                       ; Yes                       ;
; HEX6          ; 2.5 V        ; 0 s                 ; 0 s                 ; 2.62 V                       ; 4.11e-08 V                   ; 2.73 V              ; -0.0566 V           ; 0.191 V                              ; 0.12 V                               ; 2.69e-10 s                  ; 2.76e-10 s                  ; Yes                        ; Yes                        ; 2.62 V                      ; 4.11e-08 V                  ; 2.73 V             ; -0.0566 V          ; 0.191 V                             ; 0.12 V                              ; 2.69e-10 s                 ; 2.76e-10 s                 ; Yes                       ; Yes                       ;
; HEX7          ; 2.5 V        ; 0 s                 ; 0 s                 ; 2.62 V                       ; 4.11e-08 V                   ; 2.73 V              ; -0.0566 V           ; 0.191 V                              ; 0.12 V                               ; 2.69e-10 s                  ; 2.76e-10 s                  ; Yes                        ; Yes                        ; 2.62 V                      ; 4.11e-08 V                  ; 2.73 V             ; -0.0566 V          ; 0.191 V                             ; 0.12 V                              ; 2.69e-10 s                 ; 2.76e-10 s                 ; Yes                       ; Yes                       ;
; HEX8          ; 2.5 V        ; 0 s                 ; 0 s                 ; 2.62 V                       ; 4.11e-08 V                   ; 2.73 V              ; -0.0566 V           ; 0.191 V                              ; 0.12 V                               ; 2.69e-10 s                  ; 2.76e-10 s                  ; Yes                        ; Yes                        ; 2.62 V                      ; 4.11e-08 V                  ; 2.73 V             ; -0.0566 V          ; 0.191 V                             ; 0.12 V                              ; 2.69e-10 s                 ; 2.76e-10 s                 ; Yes                       ; Yes                       ;
; HEX9          ; 2.5 V        ; 0 s                 ; 0 s                 ; 2.62 V                       ; 4.11e-08 V                   ; 2.73 V              ; -0.0566 V           ; 0.191 V                              ; 0.12 V                               ; 2.69e-10 s                  ; 2.76e-10 s                  ; Yes                        ; Yes                        ; 2.62 V                      ; 4.11e-08 V                  ; 2.73 V             ; -0.0566 V          ; 0.191 V                             ; 0.12 V                              ; 2.69e-10 s                 ; 2.76e-10 s                 ; Yes                       ; Yes                       ;
; HEX10         ; 2.5 V        ; 0 s                 ; 0 s                 ; 2.62 V                       ; 4.11e-08 V                   ; 2.73 V              ; -0.0566 V           ; 0.191 V                              ; 0.12 V                               ; 2.69e-10 s                  ; 2.76e-10 s                  ; Yes                        ; Yes                        ; 2.62 V                      ; 4.11e-08 V                  ; 2.73 V             ; -0.0566 V          ; 0.191 V                             ; 0.12 V                              ; 2.69e-10 s                 ; 2.76e-10 s                 ; Yes                       ; Yes                       ;
; HEX11         ; 2.5 V        ; 0 s                 ; 0 s                 ; 2.62 V                       ; 4.11e-08 V                   ; 2.73 V              ; -0.0566 V           ; 0.191 V                              ; 0.12 V                               ; 2.69e-10 s                  ; 2.76e-10 s                  ; Yes                        ; Yes                        ; 2.62 V                      ; 4.11e-08 V                  ; 2.73 V             ; -0.0566 V          ; 0.191 V                             ; 0.12 V                              ; 2.69e-10 s                 ; 2.76e-10 s                 ; Yes                       ; Yes                       ;
; HEX12         ; 2.5 V        ; 0 s                 ; 0 s                 ; 2.62 V                       ; 4.11e-08 V                   ; 2.73 V              ; -0.0566 V           ; 0.191 V                              ; 0.12 V                               ; 2.69e-10 s                  ; 2.76e-10 s                  ; Yes                        ; Yes                        ; 2.62 V                      ; 4.11e-08 V                  ; 2.73 V             ; -0.0566 V          ; 0.191 V                             ; 0.12 V                              ; 2.69e-10 s                 ; 2.76e-10 s                 ; Yes                       ; Yes                       ;
; HEX13         ; 2.5 V        ; 0 s                 ; 0 s                 ; 2.62 V                       ; 4.11e-08 V                   ; 2.73 V              ; -0.0566 V           ; 0.191 V                              ; 0.12 V                               ; 2.69e-10 s                  ; 2.76e-10 s                  ; Yes                        ; Yes                        ; 2.62 V                      ; 4.11e-08 V                  ; 2.73 V             ; -0.0566 V          ; 0.191 V                             ; 0.12 V                              ; 2.69e-10 s                 ; 2.76e-10 s                 ; Yes                       ; Yes                       ;
; HEX14         ; 2.5 V        ; 0 s                 ; 0 s                 ; 2.62 V                       ; 4.11e-08 V                   ; 2.73 V              ; -0.0566 V           ; 0.191 V                              ; 0.12 V                               ; 2.69e-10 s                  ; 2.76e-10 s                  ; Yes                        ; Yes                        ; 2.62 V                      ; 4.11e-08 V                  ; 2.73 V             ; -0.0566 V          ; 0.191 V                             ; 0.12 V                              ; 2.69e-10 s                 ; 2.76e-10 s                 ; Yes                       ; Yes                       ;
; HEX15         ; 2.5 V        ; 0 s                 ; 0 s                 ; 2.62 V                       ; 4.11e-08 V                   ; 2.73 V              ; -0.0566 V           ; 0.191 V                              ; 0.12 V                               ; 2.69e-10 s                  ; 2.76e-10 s                  ; Yes                        ; Yes                        ; 2.62 V                      ; 4.11e-08 V                  ; 2.73 V             ; -0.0566 V          ; 0.191 V                             ; 0.12 V                              ; 2.69e-10 s                 ; 2.76e-10 s                 ; Yes                       ; Yes                       ;
; HEX16         ; 2.5 V        ; 0 s                 ; 0 s                 ; 2.62 V                       ; 4.11e-08 V                   ; 2.73 V              ; -0.0566 V           ; 0.191 V                              ; 0.12 V                               ; 2.69e-10 s                  ; 2.76e-10 s                  ; Yes                        ; Yes                        ; 2.62 V                      ; 4.11e-08 V                  ; 2.73 V             ; -0.0566 V          ; 0.191 V                             ; 0.12 V                              ; 2.69e-10 s                 ; 2.76e-10 s                 ; Yes                       ; Yes                       ;
; HEX17         ; 2.5 V        ; 0 s                 ; 0 s                 ; 2.62 V                       ; 4.11e-08 V                   ; 2.73 V              ; -0.0566 V           ; 0.191 V                              ; 0.12 V                               ; 2.69e-10 s                  ; 2.76e-10 s                  ; Yes                        ; Yes                        ; 2.62 V                      ; 4.11e-08 V                  ; 2.73 V             ; -0.0566 V          ; 0.191 V                             ; 0.12 V                              ; 2.69e-10 s                 ; 2.76e-10 s                 ; Yes                       ; Yes                       ;
; HEX18         ; 2.5 V        ; 0 s                 ; 0 s                 ; 2.62 V                       ; 4.11e-08 V                   ; 2.73 V              ; -0.0566 V           ; 0.191 V                              ; 0.12 V                               ; 2.69e-10 s                  ; 2.76e-10 s                  ; Yes                        ; Yes                        ; 2.62 V                      ; 4.11e-08 V                  ; 2.73 V             ; -0.0566 V          ; 0.191 V                             ; 0.12 V                              ; 2.69e-10 s                 ; 2.76e-10 s                 ; Yes                       ; Yes                       ;
; HEX19         ; 2.5 V        ; 0 s                 ; 0 s                 ; 2.62 V                       ; 4.11e-08 V                   ; 2.73 V              ; -0.0566 V           ; 0.191 V                              ; 0.12 V                               ; 2.69e-10 s                  ; 2.76e-10 s                  ; Yes                        ; Yes                        ; 2.62 V                      ; 4.11e-08 V                  ; 2.73 V             ; -0.0566 V          ; 0.191 V                             ; 0.12 V                              ; 2.69e-10 s                 ; 2.76e-10 s                 ; Yes                       ; Yes                       ;
; HEX20         ; 2.5 V        ; 0 s                 ; 0 s                 ; 2.62 V                       ; 4.11e-08 V                   ; 2.73 V              ; -0.0566 V           ; 0.191 V                              ; 0.12 V                               ; 2.69e-10 s                  ; 2.76e-10 s                  ; Yes                        ; Yes                        ; 2.62 V                      ; 4.11e-08 V                  ; 2.73 V             ; -0.0566 V          ; 0.191 V                             ; 0.12 V                              ; 2.69e-10 s                 ; 2.76e-10 s                 ; Yes                       ; Yes                       ;
; HEX21         ; 2.5 V        ; 0 s                 ; 0 s                 ; 2.62 V                       ; 4.11e-08 V                   ; 2.73 V              ; -0.0566 V           ; 0.191 V                              ; 0.12 V                               ; 2.69e-10 s                  ; 2.76e-10 s                  ; Yes                        ; Yes                        ; 2.62 V                      ; 4.11e-08 V                  ; 2.73 V             ; -0.0566 V          ; 0.191 V                             ; 0.12 V                              ; 2.69e-10 s                 ; 2.76e-10 s                 ; Yes                       ; Yes                       ;
; HEX22         ; 2.5 V        ; 0 s                 ; 0 s                 ; 2.62 V                       ; 4.11e-08 V                   ; 2.73 V              ; -0.0566 V           ; 0.191 V                              ; 0.12 V                               ; 2.69e-10 s                  ; 2.76e-10 s                  ; Yes                        ; Yes                        ; 2.62 V                      ; 4.11e-08 V                  ; 2.73 V             ; -0.0566 V          ; 0.191 V                             ; 0.12 V                              ; 2.69e-10 s                 ; 2.76e-10 s                 ; Yes                       ; Yes                       ;
; HEX23         ; 2.5 V        ; 0 s                 ; 0 s                 ; 2.62 V                       ; 4.11e-08 V                   ; 2.73 V              ; -0.0566 V           ; 0.191 V                              ; 0.12 V                               ; 2.69e-10 s                  ; 2.76e-10 s                  ; Yes                        ; Yes                        ; 2.62 V                      ; 4.11e-08 V                  ; 2.73 V             ; -0.0566 V          ; 0.191 V                             ; 0.12 V                              ; 2.69e-10 s                 ; 2.76e-10 s                 ; Yes                       ; Yes                       ;
; HEX24         ; 2.5 V        ; 0 s                 ; 0 s                 ; 2.62 V                       ; 4.11e-08 V                   ; 2.73 V              ; -0.0566 V           ; 0.191 V                              ; 0.12 V                               ; 2.69e-10 s                  ; 2.76e-10 s                  ; Yes                        ; Yes                        ; 2.62 V                      ; 4.11e-08 V                  ; 2.73 V             ; -0.0566 V          ; 0.191 V                             ; 0.12 V                              ; 2.69e-10 s                 ; 2.76e-10 s                 ; Yes                       ; Yes                       ;
; HEX25         ; 2.5 V        ; 0 s                 ; 0 s                 ; 2.62 V                       ; 4.11e-08 V                   ; 2.73 V              ; -0.0566 V           ; 0.191 V                              ; 0.12 V                               ; 2.69e-10 s                  ; 2.76e-10 s                  ; Yes                        ; Yes                        ; 2.62 V                      ; 4.11e-08 V                  ; 2.73 V             ; -0.0566 V          ; 0.191 V                             ; 0.12 V                              ; 2.69e-10 s                 ; 2.76e-10 s                 ; Yes                       ; Yes                       ;
; HEX26         ; 2.5 V        ; 0 s                 ; 0 s                 ; 2.62 V                       ; 4.11e-08 V                   ; 2.73 V              ; -0.0566 V           ; 0.191 V                              ; 0.12 V                               ; 2.69e-10 s                  ; 2.76e-10 s                  ; Yes                        ; Yes                        ; 2.62 V                      ; 4.11e-08 V                  ; 2.73 V             ; -0.0566 V          ; 0.191 V                             ; 0.12 V                              ; 2.69e-10 s                 ; 2.76e-10 s                 ; Yes                       ; Yes                       ;
; HEX27         ; 2.5 V        ; 0 s                 ; 0 s                 ; 2.62 V                       ; 4.11e-08 V                   ; 2.73 V              ; -0.0566 V           ; 0.191 V                              ; 0.12 V                               ; 2.69e-10 s                  ; 2.76e-10 s                  ; Yes                        ; Yes                        ; 2.62 V                      ; 4.11e-08 V                  ; 2.73 V             ; -0.0566 V          ; 0.191 V                             ; 0.12 V                              ; 2.69e-10 s                 ; 2.76e-10 s                 ; Yes                       ; Yes                       ;
; HS            ; 2.5 V        ; 0 s                 ; 0 s                 ; 2.62 V                       ; 2.78e-08 V                   ; 2.71 V              ; -0.0349 V           ; 0.253 V                              ; 0.069 V                              ; 4.96e-10 s                  ; 5.19e-10 s                  ; No                         ; Yes                        ; 2.62 V                      ; 2.78e-08 V                  ; 2.71 V             ; -0.0349 V          ; 0.253 V                             ; 0.069 V                             ; 4.96e-10 s                 ; 5.19e-10 s                 ; No                        ; Yes                       ;
; VS            ; 2.5 V        ; 0 s                 ; 0 s                 ; 2.62 V                       ; 2.78e-08 V                   ; 2.71 V              ; -0.0349 V           ; 0.253 V                              ; 0.069 V                              ; 4.96e-10 s                  ; 5.19e-10 s                  ; No                         ; Yes                        ; 2.62 V                      ; 2.78e-08 V                  ; 2.71 V             ; -0.0349 V          ; 0.253 V                             ; 0.069 V                             ; 4.96e-10 s                 ; 5.19e-10 s                 ; No                        ; Yes                       ;
; BLUE[3]       ; 2.5 V        ; 0 s                 ; 0 s                 ; 2.62 V                       ; 2.78e-08 V                   ; 2.71 V              ; -0.0349 V           ; 0.253 V                              ; 0.069 V                              ; 4.96e-10 s                  ; 5.19e-10 s                  ; No                         ; Yes                        ; 2.62 V                      ; 2.78e-08 V                  ; 2.71 V             ; -0.0349 V          ; 0.253 V                             ; 0.069 V                             ; 4.96e-10 s                 ; 5.19e-10 s                 ; No                        ; Yes                       ;
; BLUE[2]       ; 2.5 V        ; 0 s                 ; 0 s                 ; 2.62 V                       ; 2.78e-08 V                   ; 2.71 V              ; -0.0349 V           ; 0.253 V                              ; 0.069 V                              ; 4.96e-10 s                  ; 5.19e-10 s                  ; No                         ; Yes                        ; 2.62 V                      ; 2.78e-08 V                  ; 2.71 V             ; -0.0349 V          ; 0.253 V                             ; 0.069 V                             ; 4.96e-10 s                 ; 5.19e-10 s                 ; No                        ; Yes                       ;
; BLUE[1]       ; 2.5 V        ; 0 s                 ; 0 s                 ; 2.62 V                       ; 2.78e-08 V                   ; 2.71 V              ; -0.0349 V           ; 0.253 V                              ; 0.069 V                              ; 4.96e-10 s                  ; 5.19e-10 s                  ; No                         ; Yes                        ; 2.62 V                      ; 2.78e-08 V                  ; 2.71 V             ; -0.0349 V          ; 0.253 V                             ; 0.069 V                             ; 4.96e-10 s                 ; 5.19e-10 s                 ; No                        ; Yes                       ;
; BLUE[0]       ; 2.5 V        ; 0 s                 ; 0 s                 ; 2.62 V                       ; 4.11e-08 V                   ; 2.64 V              ; -0.011 V            ; 0.212 V                              ; 0.198 V                              ; 2.38e-09 s                  ; 2.29e-09 s                  ; No                         ; Yes                        ; 2.62 V                      ; 4.11e-08 V                  ; 2.64 V             ; -0.011 V           ; 0.212 V                             ; 0.198 V                             ; 2.38e-09 s                 ; 2.29e-09 s                 ; No                        ; Yes                       ;
; GREEN[3]      ; 2.5 V        ; 0 s                 ; 0 s                 ; 2.62 V                       ; 2.78e-08 V                   ; 2.71 V              ; -0.0349 V           ; 0.253 V                              ; 0.069 V                              ; 4.96e-10 s                  ; 5.19e-10 s                  ; No                         ; Yes                        ; 2.62 V                      ; 2.78e-08 V                  ; 2.71 V             ; -0.0349 V          ; 0.253 V                             ; 0.069 V                             ; 4.96e-10 s                 ; 5.19e-10 s                 ; No                        ; Yes                       ;
; GREEN[2]      ; 2.5 V        ; 0 s                 ; 0 s                 ; 2.62 V                       ; 2.78e-08 V                   ; 2.71 V              ; -0.0349 V           ; 0.253 V                              ; 0.069 V                              ; 4.96e-10 s                  ; 5.19e-10 s                  ; No                         ; Yes                        ; 2.62 V                      ; 2.78e-08 V                  ; 2.71 V             ; -0.0349 V          ; 0.253 V                             ; 0.069 V                             ; 4.96e-10 s                 ; 5.19e-10 s                 ; No                        ; Yes                       ;
; GREEN[1]      ; 2.5 V        ; 0 s                 ; 0 s                 ; 2.62 V                       ; 2.78e-08 V                   ; 2.71 V              ; -0.0349 V           ; 0.253 V                              ; 0.069 V                              ; 4.96e-10 s                  ; 5.19e-10 s                  ; No                         ; Yes                        ; 2.62 V                      ; 2.78e-08 V                  ; 2.71 V             ; -0.0349 V          ; 0.253 V                             ; 0.069 V                             ; 4.96e-10 s                 ; 5.19e-10 s                 ; No                        ; Yes                       ;
; GREEN[0]      ; 2.5 V        ; 0 s                 ; 0 s                 ; 2.62 V                       ; 2.78e-08 V                   ; 2.71 V              ; -0.0349 V           ; 0.253 V                              ; 0.069 V                              ; 4.96e-10 s                  ; 5.19e-10 s                  ; No                         ; Yes                        ; 2.62 V                      ; 2.78e-08 V                  ; 2.71 V             ; -0.0349 V          ; 0.253 V                             ; 0.069 V                             ; 4.96e-10 s                 ; 5.19e-10 s                 ; No                        ; Yes                       ;
; RED[3]        ; 2.5 V        ; 0 s                 ; 0 s                 ; 2.62 V                       ; 2.78e-08 V                   ; 2.71 V              ; -0.0349 V           ; 0.253 V                              ; 0.069 V                              ; 4.96e-10 s                  ; 5.19e-10 s                  ; No                         ; Yes                        ; 2.62 V                      ; 2.78e-08 V                  ; 2.71 V             ; -0.0349 V          ; 0.253 V                             ; 0.069 V                             ; 4.96e-10 s                 ; 5.19e-10 s                 ; No                        ; Yes                       ;
; RED[2]        ; 2.5 V        ; 0 s                 ; 0 s                 ; 2.62 V                       ; 2.78e-08 V                   ; 2.71 V              ; -0.0349 V           ; 0.253 V                              ; 0.069 V                              ; 4.96e-10 s                  ; 5.19e-10 s                  ; No                         ; Yes                        ; 2.62 V                      ; 2.78e-08 V                  ; 2.71 V             ; -0.0349 V          ; 0.253 V                             ; 0.069 V                             ; 4.96e-10 s                 ; 5.19e-10 s                 ; No                        ; Yes                       ;
; RED[1]        ; 2.5 V        ; 0 s                 ; 0 s                 ; 2.62 V                       ; 2.78e-08 V                   ; 2.71 V              ; -0.0349 V           ; 0.253 V                              ; 0.069 V                              ; 4.96e-10 s                  ; 5.19e-10 s                  ; No                         ; Yes                        ; 2.62 V                      ; 2.78e-08 V                  ; 2.71 V             ; -0.0349 V          ; 0.253 V                             ; 0.069 V                             ; 4.96e-10 s                 ; 5.19e-10 s                 ; No                        ; Yes                       ;
; RED[0]        ; 2.5 V        ; 0 s                 ; 0 s                 ; 2.62 V                       ; 2.78e-08 V                   ; 2.71 V              ; -0.0349 V           ; 0.253 V                              ; 0.069 V                              ; 4.96e-10 s                  ; 5.19e-10 s                  ; No                         ; Yes                        ; 2.62 V                      ; 2.78e-08 V                  ; 2.71 V             ; -0.0349 V          ; 0.253 V                             ; 0.069 V                             ; 4.96e-10 s                 ; 5.19e-10 s                 ; No                        ; Yes                       ;
; ~ALTERA_DCLK~ ; 2.5 V        ; 0 s                 ; 0 s                 ; 2.62 V                       ; 2.22e-08 V                   ; 2.72 V              ; -0.0747 V           ; 0.28 V                               ; 0.169 V                              ; 3.1e-10 s                   ; 3.01e-10 s                  ; No                         ; Yes                        ; 2.62 V                      ; 2.22e-08 V                  ; 2.72 V             ; -0.0747 V          ; 0.28 V                              ; 0.169 V                             ; 3.1e-10 s                  ; 3.01e-10 s                 ; No                        ; Yes                       ;
; ~ALTERA_nCEO~ ; 2.5 V        ; 0 s                 ; 0 s                 ; 2.62 V                       ; 3.53e-08 V                   ; 2.7 V               ; -0.0212 V           ; 0.204 V                              ; 0.049 V                              ; 4.85e-10 s                  ; 6.73e-10 s                  ; No                         ; Yes                        ; 2.62 V                      ; 3.53e-08 V                  ; 2.7 V              ; -0.0212 V          ; 0.204 V                             ; 0.049 V                             ; 4.85e-10 s                 ; 6.73e-10 s                 ; No                        ; Yes                       ;
+---------------+--------------+---------------------+---------------------+------------------------------+------------------------------+---------------------+---------------------+--------------------------------------+--------------------------------------+-----------------------------+-----------------------------+----------------------------+----------------------------+-----------------------------+-----------------------------+--------------------+--------------------+-------------------------------------+-------------------------------------+----------------------------+----------------------------+---------------------------+---------------------------+


+----------------------------------------------------------------------------------------------------------------------------------------------------------------+
; Setup Transfers                                                                                                                                                ;
+---------------------------------------------------------+---------------------------------------------------------+-----------+----------+----------+----------+
; From Clock                                              ; To Clock                                                ; RR Paths  ; FR Paths ; RF Paths ; FF Paths ;
+---------------------------------------------------------+---------------------------------------------------------+-----------+----------+----------+----------+
; CLK                                                     ; CLK                                                     ; 527665157 ; 0        ; 0        ; 0        ;
; KPTastature:inst11|KeyFetch:inst|Debouncer:inst39|inst1 ; CLK                                                     ; 9         ; 0        ; 0        ; 0        ;
; KPTastature:inst11|KeyFetch:inst|Debouncer:inst39|inst1 ; KPTastature:inst11|KeyFetch:inst|Debouncer:inst39|inst1 ; 28        ; 0        ; 0        ; 0        ;
+---------------------------------------------------------+---------------------------------------------------------+-----------+----------+----------+----------+
Entries labeled "false path" only account for clock-to-clock false paths and not path-based false paths. As a result, actual path counts may be lower than reported.


+----------------------------------------------------------------------------------------------------------------------------------------------------------------+
; Hold Transfers                                                                                                                                                 ;
+---------------------------------------------------------+---------------------------------------------------------+-----------+----------+----------+----------+
; From Clock                                              ; To Clock                                                ; RR Paths  ; FR Paths ; RF Paths ; FF Paths ;
+---------------------------------------------------------+---------------------------------------------------------+-----------+----------+----------+----------+
; CLK                                                     ; CLK                                                     ; 527665157 ; 0        ; 0        ; 0        ;
; KPTastature:inst11|KeyFetch:inst|Debouncer:inst39|inst1 ; CLK                                                     ; 9         ; 0        ; 0        ; 0        ;
; KPTastature:inst11|KeyFetch:inst|Debouncer:inst39|inst1 ; KPTastature:inst11|KeyFetch:inst|Debouncer:inst39|inst1 ; 28        ; 0        ; 0        ; 0        ;
+---------------------------------------------------------+---------------------------------------------------------+-----------+----------+----------+----------+
Entries labeled "false path" only account for clock-to-clock false paths and not path-based false paths. As a result, actual path counts may be lower than reported.


+-------------------------------------------------------------------+
; Recovery Transfers                                                ;
+------------+----------+----------+----------+----------+----------+
; From Clock ; To Clock ; RR Paths ; FR Paths ; RF Paths ; FF Paths ;
+------------+----------+----------+----------+----------+----------+
; CLK        ; CLK      ; 1        ; 0        ; 0        ; 0        ;
+------------+----------+----------+----------+----------+----------+
Entries labeled "false path" only account for clock-to-clock false paths and not path-based false paths. As a result, actual path counts may be lower than reported.


+-------------------------------------------------------------------+
; Removal Transfers                                                 ;
+------------+----------+----------+----------+----------+----------+
; From Clock ; To Clock ; RR Paths ; FR Paths ; RF Paths ; FF Paths ;
+------------+----------+----------+----------+----------+----------+
; CLK        ; CLK      ; 1        ; 0        ; 0        ; 0        ;
+------------+----------+----------+----------+----------+----------+
Entries labeled "false path" only account for clock-to-clock false paths and not path-based false paths. As a result, actual path counts may be lower than reported.


---------------
; Report TCCS ;
---------------
No dedicated SERDES Transmitter circuitry present in device or used in design


---------------
; Report RSKM ;
---------------
No non-DPA dedicated SERDES Receiver circuitry present in device or used in design


+------------------------------------------------+
; Unconstrained Paths                            ;
+---------------------------------+-------+------+
; Property                        ; Setup ; Hold ;
+---------------------------------+-------+------+
; Illegal Clocks                  ; 0     ; 0    ;
; Unconstrained Clocks            ; 0     ; 0    ;
; Unconstrained Input Ports       ; 7     ; 7    ;
; Unconstrained Input Port Paths  ; 5286  ; 5286 ;
; Unconstrained Output Ports      ; 42    ; 42   ;
; Unconstrained Output Port Paths ; 325   ; 325  ;
+---------------------------------+-------+------+


+------------------------------------+
; TimeQuest Timing Analyzer Messages ;
+------------------------------------+
Info: *******************************************************************
Info: Running Quartus II 64-Bit TimeQuest Timing Analyzer
    Info: Version 13.1.0 Build 162 10/23/2013 SJ Web Edition
    Info: Processing started: Tue Sep 22 14:43:31 2026
Info: Command: quartus_sta Main -c Main
Info: qsta_default_script.tcl version: #1
Warning (20028): Parallel compilation is not licensed and has been disabled
Info (21077): Core supply voltage is 1.2V
Info (21077): Low junction temperature is 0 degrees C
Info (21077): High junction temperature is 85 degrees C
Critical Warning (332012): Synopsys Design Constraints File file not found: 'Main.sdc'. A Synopsys Design Constraints File is required by the TimeQuest Timing Analyzer to get proper timing constraints. Without it, the Compiler will not properly optimize the design.
Info (332142): No user constrained base clocks found in the design. Calling "derive_clocks -period 1.0"
Info (332105): Deriving Clocks
    Info (332105): create_clock -period 1.000 -name CLK CLK
    Info (332105): create_clock -period 1.000 -name KPTastature:inst11|KeyFetch:inst|Debouncer:inst39|inst1 KPTastature:inst11|KeyFetch:inst|Debouncer:inst39|inst1
Warning (332125): Found combinational loop of 12 nodes
    Warning (332126): Node "inst|inst55~0|combout"
    Warning (332126): Node "inst|inst24|inst76~0|datab"
    Warning (332126): Node "inst|inst24|inst76~0|combout"
    Warning (332126): Node "inst|inst12|inst~1|datac"
    Warning (332126): Node "inst|inst12|inst~1|combout"
    Warning (332126): Node "inst|inst12|inst|dataa"
    Warning (332126): Node "inst|inst12|inst|combout"
    Warning (332126): Node "inst|inst12|inst61|datab"
    Warning (332126): Node "inst|inst12|inst61|combout"
    Warning (332126): Node "inst|inst43|datad"
    Warning (332126): Node "inst|inst43|combout"
    Warning (332126): Node "inst|inst55~0|dataa"
Info (332143): No user constrained clock uncertainty found in the design. Calling "derive_clock_uncertainty"
Info (332123): Deriving Clock Uncertainty. Please refer to report_sdc in TimeQuest to see clock uncertainties.
Info: Found TIMEQUEST_REPORT_SCRIPT_INCLUDE_DEFAULT_ANALYSIS = ON
Info: Analyzing Slow 1200mV 85C Model
Critical Warning (332148): Timing requirements not met
    Info (11105): For recommendations on closing timing, run Report Timing Closure Recommendations in the TimeQuest Timing Analyzer.
Info (332146): Worst-case setup slack is -17.557
    Info (332119):     Slack       End Point TNS Clock 
    Info (332119): ========= =================== =====================
    Info (332119):   -17.557          -21267.814 CLK 
    Info (332119):    -0.600              -1.374 KPTastature:inst11|KeyFetch:inst|Debouncer:inst39|inst1 
Info (332146): Worst-case hold slack is 0.293
    Info (332119):     Slack       End Point TNS Clock 
    Info (332119): ========= =================== =====================
    Info (332119):     0.293               0.000 CLK 
    Info (332119):     0.382               0.000 KPTastature:inst11|KeyFetch:inst|Debouncer:inst39|inst1 
Info (332146): Worst-case recovery slack is -0.311
    Info (332119):     Slack       End Point TNS Clock 
    Info (332119): ========= =================== =====================
    Info (332119):    -0.311              -0.311 CLK 
Info (332146): Worst-case removal slack is 0.858
    Info (332119):     Slack       End Point TNS Clock 
    Info (332119): ========= =================== =====================
    Info (332119):     0.858               0.000 CLK 
Info (332146): Worst-case minimum pulse width slack is -3.000
    Info (332119):     Slack       End Point TNS Clock 
    Info (332119): ========= =================== =====================
    Info (332119):    -3.000           -2072.968 CLK 
    Info (332119):    -1.000             -19.000 KPTastature:inst11|KeyFetch:inst|Debouncer:inst39|inst1 
Info: Analyzing Slow 1200mV 0C Model
Info (334003): Started post-fitting delay annotation
Info (334004): Delay annotation completed successfully
Info (332123): Deriving Clock Uncertainty. Please refer to report_sdc in TimeQuest to see clock uncertainties.
Critical Warning (332148): Timing requirements not met
    Info (11105): For recommendations on closing timing, run Report Timing Closure Recommendations in the TimeQuest Timing Analyzer.
Info (332146): Worst-case setup slack is -15.790
    Info (332119):     Slack       End Point TNS Clock 
    Info (332119): ========= =================== =====================
    Info (332119):   -15.790          -18942.393 CLK 
    Info (332119):    -0.429              -0.576 KPTastature:inst11|KeyFetch:inst|Debouncer:inst39|inst1 
Info (332146): Worst-case hold slack is 0.289
    Info (332119):     Slack       End Point TNS Clock 
    Info (332119): ========= =================== =====================
    Info (332119):     0.289               0.000 CLK 
    Info (332119):     0.343               0.000 KPTastature:inst11|KeyFetch:inst|Debouncer:inst39|inst1 
Info (332146): Worst-case recovery slack is -0.175
    Info (332119):     Slack       End Point TNS Clock 
    Info (332119): ========= =================== =====================
    Info (332119):    -0.175              -0.175 CLK 
Info (332146): Worst-case removal slack is 0.768
    Info (332119):     Slack       End Point TNS Clock 
    Info (332119): ========= =================== =====================
    Info (332119):     0.768               0.000 CLK 
Info (332146): Worst-case minimum pulse width slack is -3.000
    Info (332119):     Slack       End Point TNS Clock 
    Info (332119): ========= =================== =====================
    Info (332119):    -3.000           -2072.968 CLK 
    Info (332119):    -1.000             -19.000 KPTastature:inst11|KeyFetch:inst|Debouncer:inst39|inst1 
Info: Analyzing Fast 1200mV 0C Model
Info (332123): Deriving Clock Uncertainty. Please refer to report_sdc in TimeQuest to see clock uncertainties.
Critical Warning (332148): Timing requirements not met
    Info (11105): For recommendations on closing timing, run Report Timing Closure Recommendations in the TimeQuest Timing Analyzer.
Info (332146): Worst-case setup slack is -9.497
    Info (332119):     Slack       End Point TNS Clock 
    Info (332119): ========= =================== =====================
    Info (332119):    -9.497          -11553.043 CLK 
    Info (332119):     0.102               0.000 KPTastature:inst11|KeyFetch:inst|Debouncer:inst39|inst1 
Info (332146): Worst-case hold slack is 0.132
    Info (332119):     Slack       End Point TNS Clock 
    Info (332119): ========= =================== =====================
    Info (332119):     0.132               0.000 CLK 
    Info (332119):     0.197               0.000 KPTastature:inst11|KeyFetch:inst|Debouncer:inst39|inst1 
Info (332146): Worst-case recovery slack is 0.260
    Info (332119):     Slack       End Point TNS Clock 
    Info (332119): ========= =================== =====================
    Info (332119):     0.260               0.000 CLK 
Info (332146): Worst-case removal slack is 0.479
    Info (332119):     Slack       End Point TNS Clock 
    Info (332119): ========= =================== =====================
    Info (332119):     0.479               0.000 CLK 
Info (332146): Worst-case minimum pulse width slack is -3.000
    Info (332119):     Slack       End Point TNS Clock 
    Info (332119): ========= =================== =====================
    Info (332119):    -3.000           -2045.443 CLK 
    Info (332119):    -1.000             -19.000 KPTastature:inst11|KeyFetch:inst|Debouncer:inst39|inst1 
Info (332102): Design is not fully constrained for setup requirements
Info (332102): Design is not fully constrained for hold requirements
Info: Quartus II 64-Bit TimeQuest Timing Analyzer was successful. 0 errors, 18 warnings
    Info: Peak virtual memory: 4660 megabytes
    Info: Processing ended: Tue Sep 22 14:43:37 2026
    Info: Elapsed time: 00:00:06
    Info: Total CPU time (on all processors): 00:00:06


