Analysis & Synthesis report for Main
Fri Sep 18 17:25:02 2026
Quartus II 64-Bit Version 13.1.0 Build 162 10/23/2013 SJ Web Edition


---------------------
; Table of Contents ;
---------------------
  1. Legal Notice
  2. Analysis & Synthesis Summary
  3. Analysis & Synthesis Settings
  4. Parallel Compilation
  5. Analysis & Synthesis Source Files Read
  6. Analysis & Synthesis Resource Usage Summary
  7. Analysis & Synthesis Resource Utilization by Entity
  8. Analysis & Synthesis RAM Summary
  9. Analysis & Synthesis IP Cores Summary
 10. Logic Cells Representing Combinational Loops
 11. Registers Removed During Synthesis
 12. General Register Statistics
 13. Inverted Register Statistics
 14. Multiplexer Restructuring Statistics (Restructuring Performed)
 15. Source assignments for KPVGA:inst15|VGAPer:inst|VideoRAM:inst9|altsyncram:altsyncram_component|altsyncram_tat3:auto_generated
 16. Source assignments for memTest:inst9|altsyncram:altsyncram_component|altsyncram_dos3:auto_generated
 17. Parameter Settings for User Entity Instance: CPU:inst|DecodeFaza:inst|RegisterX:inst62
 18. Parameter Settings for User Entity Instance: CPU:inst|DecodeFaza:inst|RegisterX:inst63
 19. Parameter Settings for User Entity Instance: CPU:inst|DecodeFaza:inst|RegisterX:inst77
 20. Parameter Settings for User Entity Instance: CPU:inst|FetchFaza:inst24|RegisterX:inst2
 21. Parameter Settings for User Entity Instance: CPU:inst|ExecuteFaza:inst46|ComparatorX:inst66
 22. Parameter Settings for User Entity Instance: CPU:inst|ExecuteFaza:inst46|MultiplexerX:inst75
 23. Parameter Settings for User Entity Instance: CPU:inst|ExecuteFaza:inst46|MultiplexerX:inst77
 24. Parameter Settings for User Entity Instance: CPU:inst|ExecuteFaza:inst46|ALUX:inst
 25. Parameter Settings for User Entity Instance: CPU:inst|ExecuteFaza:inst46|MultiplexerX:inst27
 26. Parameter Settings for User Entity Instance: CPU:inst|ExecuteFaza:inst46|MultiplexerX:inst65
 27. Parameter Settings for User Entity Instance: CPU:inst|ExecuteFaza:inst46|MultiplexerX:inst11
 28. Parameter Settings for User Entity Instance: CPU:inst|ExecuteFaza:inst46|MultiplexerX:inst10
 29. Parameter Settings for User Entity Instance: CPU:inst|ExecuteFaza:inst46|MultiplexerX:inst12
 30. Parameter Settings for User Entity Instance: CPU:inst|ExecuteFaza:inst46|ConstantX:inst49
 31. Parameter Settings for User Entity Instance: CPU:inst|ExecuteFaza:inst46|MX8:inst26|MultiplexerX:inst
 32. Parameter Settings for User Entity Instance: CPU:inst|ExecuteFaza:inst46|MX8:inst26|MX4:inst2|MultiplexerX:inst2
 33. Parameter Settings for User Entity Instance: CPU:inst|ExecuteFaza:inst46|MX8:inst26|MX4:inst2|MultiplexerX:inst
 34. Parameter Settings for User Entity Instance: CPU:inst|ExecuteFaza:inst46|MX8:inst26|MX4:inst2|MultiplexerX:inst1
 35. Parameter Settings for User Entity Instance: CPU:inst|ExecuteFaza:inst46|MX8:inst26|MX4:inst3|MultiplexerX:inst2
 36. Parameter Settings for User Entity Instance: CPU:inst|ExecuteFaza:inst46|MX8:inst26|MX4:inst3|MultiplexerX:inst
 37. Parameter Settings for User Entity Instance: CPU:inst|ExecuteFaza:inst46|MX8:inst26|MX4:inst3|MultiplexerX:inst1
 38. Parameter Settings for User Entity Instance: CPU:inst|ExecuteFaza:inst46|ConstantX:inst50
 39. Parameter Settings for User Entity Instance: CPU:inst|ExecuteFaza:inst46|MultiplexerX:inst109
 40. Parameter Settings for User Entity Instance: CPU:inst|ExecuteFaza:inst46|MultiplexerX:inst60
 41. Parameter Settings for User Entity Instance: CPU:inst|ExecuteFaza:inst46|MultiplexerX:inst52
 42. Parameter Settings for User Entity Instance: CPU:inst|ExecuteFaza:inst46|MultiplexerX:inst61
 43. Parameter Settings for User Entity Instance: CPU:inst|ExecuteFaza:inst46|MultiplexerX:inst108
 44. Parameter Settings for User Entity Instance: CPU:inst|ExecuteFaza:inst46|MultiplexerX:inst100
 45. Parameter Settings for User Entity Instance: CPU:inst|ExecuteFaza:inst46|ConstantX:inst59
 46. Parameter Settings for User Entity Instance: CPU:inst|ExecuteFaza:inst46|MultiplexerX:inst53
 47. Parameter Settings for User Entity Instance: CPU:inst|ExecuteFaza:inst46|lpm_add_sub0:inst28|lpm_add_sub:LPM_ADD_SUB_component
 48. Parameter Settings for User Entity Instance: CPU:inst|ExecuteFaza:inst46|ConstantX:inst44
 49. Parameter Settings for User Entity Instance: CPU:inst|ExecuteFaza:inst46|MultiplexerX:inst64
 50. Parameter Settings for User Entity Instance: CPU:inst|RegisterX:inst23
 51. Parameter Settings for User Entity Instance: CPU:inst|MultiplexerX:inst5
 52. Parameter Settings for User Entity Instance: CPU:inst|PC:inst8
 53. Parameter Settings for User Entity Instance: CPU:inst|CSRegFile:inst31|ConstantX:inst45
 54. Parameter Settings for User Entity Instance: CPU:inst|CSRegFile:inst31|ConstantX:inst7
 55. Parameter Settings for User Entity Instance: CPU:inst|CSRegFile:inst31|ConstantX:inst6
 56. Parameter Settings for User Entity Instance: CPU:inst|CSRegFile:inst31|ConstantX:inst52
 57. Parameter Settings for User Entity Instance: CPU:inst|CSRegFile:inst31|ConstantX:inst10
 58. Parameter Settings for User Entity Instance: CPU:inst|CSRegFile:inst31|ConstantX:inst9
 59. Parameter Settings for User Entity Instance: CPU:inst|CSRegFile:inst31|ConstantX:inst59
 60. Parameter Settings for User Entity Instance: CPU:inst|CSRegFile:inst31|ConstantX:inst69
 61. Parameter Settings for User Entity Instance: CPU:inst|CSRegFile:inst31|ConstantX:inst11
 62. Parameter Settings for User Entity Instance: CPU:inst|CSRegFile:inst31|RegisterX:inst68
 63. Parameter Settings for User Entity Instance: CPU:inst|CSRegFile:inst31|RegisterX:inst61
 64. Parameter Settings for User Entity Instance: CPU:inst|CSRegFile:inst31|RegisterX:inst76
 65. Parameter Settings for User Entity Instance: CPU:inst|CSRegFile:inst31|RegisterX:inst65
 66. Parameter Settings for User Entity Instance: CPU:inst|CSRegFile:inst31|RegisterX:inst39
 67. Parameter Settings for User Entity Instance: CPU:inst|CSRegFile:inst31|RegisterX:inst53
 68. Parameter Settings for User Entity Instance: CPU:inst|CSRegFile:inst31|RegisterX:inst74
 69. Parameter Settings for User Entity Instance: CPU:inst|CSRegFile:inst31|RegisterX:inst3
 70. Parameter Settings for User Entity Instance: CPU:inst|CSRegFile:inst31|RegisterX:inst2
 71. Parameter Settings for User Entity Instance: CPU:inst|CSRegFile:inst31|RegisterX:inst4
 72. Parameter Settings for User Entity Instance: CPU:inst|CSRegFile:inst31|RegisterX:inst46
 73. Parameter Settings for User Entity Instance: CPU:inst|CSRegFile:inst31|RegisterX:inst8
 74. Parameter Settings for User Entity Instance: CPU:inst|CSRegFile:inst31|RegisterX:inst
 75. Parameter Settings for User Entity Instance: CPU:inst|CSRegFile:inst31|RegisterX:inst1
 76. Parameter Settings for User Entity Instance: CPU:inst|InterruptFaza:inst12|ConstantX:inst6
 77. Parameter Settings for User Entity Instance: CPU:inst|InterruptFaza:inst12|ConstantX:inst1
 78. Parameter Settings for User Entity Instance: CPU:inst|InterruptFaza:inst12|ConstantX:inst14
 79. Parameter Settings for User Entity Instance: CPU:inst|InterruptFaza:inst12|ConstantX:inst9
 80. Parameter Settings for User Entity Instance: CPU:inst|InterruptFaza:inst12|ConstantX:inst26
 81. Parameter Settings for User Entity Instance: CPU:inst|InterruptFaza:inst12|ConstantX:inst42
 82. Parameter Settings for User Entity Instance: CPU:inst|MultiplexerX:inst30
 83. Parameter Settings for User Entity Instance: CPU:inst|MultiplexerX:inst33
 84. Parameter Settings for User Entity Instance: CPU:inst|MultiplexerX:inst25
 85. Parameter Settings for User Entity Instance: CPU:inst|RegFile32:inst4|MultiplexerX:inst12
 86. Parameter Settings for User Entity Instance: CPU:inst|RegFile32:inst4|RegisterX:inst501
 87. Parameter Settings for User Entity Instance: CPU:inst|RegFile32:inst4|MX8:inst11|MultiplexerX:inst
 88. Parameter Settings for User Entity Instance: CPU:inst|RegFile32:inst4|MX8:inst11|MX4:inst2|MultiplexerX:inst2
 89. Parameter Settings for User Entity Instance: CPU:inst|RegFile32:inst4|MX8:inst11|MX4:inst2|MultiplexerX:inst
 90. Parameter Settings for User Entity Instance: CPU:inst|RegFile32:inst4|MX8:inst11|MX4:inst2|MultiplexerX:inst1
 91. Parameter Settings for User Entity Instance: CPU:inst|RegFile32:inst4|MX8:inst11|MX4:inst3|MultiplexerX:inst2
 92. Parameter Settings for User Entity Instance: CPU:inst|RegFile32:inst4|MX8:inst11|MX4:inst3|MultiplexerX:inst
 93. Parameter Settings for User Entity Instance: CPU:inst|RegFile32:inst4|MX8:inst11|MX4:inst3|MultiplexerX:inst1
 94. Parameter Settings for User Entity Instance: CPU:inst|RegFile32:inst4|RegFile4:inst|MX4:inst2|MultiplexerX:inst2
 95. Parameter Settings for User Entity Instance: CPU:inst|RegFile32:inst4|RegFile4:inst|MX4:inst2|MultiplexerX:inst
 96. Parameter Settings for User Entity Instance: CPU:inst|RegFile32:inst4|RegFile4:inst|MX4:inst2|MultiplexerX:inst1
 97. Parameter Settings for User Entity Instance: CPU:inst|RegFile32:inst4|RegFile4:inst|RegisterX:inst501
 98. Parameter Settings for User Entity Instance: CPU:inst|RegFile32:inst4|RegFile4:inst|RegisterX:inst
 99. Parameter Settings for User Entity Instance: CPU:inst|RegFile32:inst4|RegFile4:inst|RegisterX:inst15
100. Parameter Settings for User Entity Instance: CPU:inst|RegFile32:inst4|RegFile4:inst|RegisterX:inst16
101. Parameter Settings for User Entity Instance: CPU:inst|RegFile32:inst4|RegFile4:inst4|MX4:inst2|MultiplexerX:inst2
102. Parameter Settings for User Entity Instance: CPU:inst|RegFile32:inst4|RegFile4:inst4|MX4:inst2|MultiplexerX:inst
103. Parameter Settings for User Entity Instance: CPU:inst|RegFile32:inst4|RegFile4:inst4|MX4:inst2|MultiplexerX:inst1
104. Parameter Settings for User Entity Instance: CPU:inst|RegFile32:inst4|RegFile4:inst4|RegisterX:inst501
105. Parameter Settings for User Entity Instance: CPU:inst|RegFile32:inst4|RegFile4:inst4|RegisterX:inst
106. Parameter Settings for User Entity Instance: CPU:inst|RegFile32:inst4|RegFile4:inst4|RegisterX:inst15
107. Parameter Settings for User Entity Instance: CPU:inst|RegFile32:inst4|RegFile4:inst4|RegisterX:inst16
108. Parameter Settings for User Entity Instance: CPU:inst|RegFile32:inst4|RegFile4:inst5|MX4:inst2|MultiplexerX:inst2
109. Parameter Settings for User Entity Instance: CPU:inst|RegFile32:inst4|RegFile4:inst5|MX4:inst2|MultiplexerX:inst
110. Parameter Settings for User Entity Instance: CPU:inst|RegFile32:inst4|RegFile4:inst5|MX4:inst2|MultiplexerX:inst1
111. Parameter Settings for User Entity Instance: CPU:inst|RegFile32:inst4|RegFile4:inst5|RegisterX:inst501
112. Parameter Settings for User Entity Instance: CPU:inst|RegFile32:inst4|RegFile4:inst5|RegisterX:inst
113. Parameter Settings for User Entity Instance: CPU:inst|RegFile32:inst4|RegFile4:inst5|RegisterX:inst15
114. Parameter Settings for User Entity Instance: CPU:inst|RegFile32:inst4|RegFile4:inst5|RegisterX:inst16
115. Parameter Settings for User Entity Instance: CPU:inst|RegFile32:inst4|RegFile4:inst6|MX4:inst2|MultiplexerX:inst2
116. Parameter Settings for User Entity Instance: CPU:inst|RegFile32:inst4|RegFile4:inst6|MX4:inst2|MultiplexerX:inst
117. Parameter Settings for User Entity Instance: CPU:inst|RegFile32:inst4|RegFile4:inst6|MX4:inst2|MultiplexerX:inst1
118. Parameter Settings for User Entity Instance: CPU:inst|RegFile32:inst4|RegFile4:inst6|RegisterX:inst501
119. Parameter Settings for User Entity Instance: CPU:inst|RegFile32:inst4|RegFile4:inst6|RegisterX:inst
120. Parameter Settings for User Entity Instance: CPU:inst|RegFile32:inst4|RegFile4:inst6|RegisterX:inst15
121. Parameter Settings for User Entity Instance: CPU:inst|RegFile32:inst4|RegFile4:inst6|RegisterX:inst16
122. Parameter Settings for User Entity Instance: CPU:inst|RegFile32:inst4|RegFile4:inst7|MX4:inst2|MultiplexerX:inst2
123. Parameter Settings for User Entity Instance: CPU:inst|RegFile32:inst4|RegFile4:inst7|MX4:inst2|MultiplexerX:inst
124. Parameter Settings for User Entity Instance: CPU:inst|RegFile32:inst4|RegFile4:inst7|MX4:inst2|MultiplexerX:inst1
125. Parameter Settings for User Entity Instance: CPU:inst|RegFile32:inst4|RegFile4:inst7|RegisterX:inst501
126. Parameter Settings for User Entity Instance: CPU:inst|RegFile32:inst4|RegFile4:inst7|RegisterX:inst
127. Parameter Settings for User Entity Instance: CPU:inst|RegFile32:inst4|RegFile4:inst7|RegisterX:inst15
128. Parameter Settings for User Entity Instance: CPU:inst|RegFile32:inst4|RegFile4:inst7|RegisterX:inst16
129. Parameter Settings for User Entity Instance: CPU:inst|RegFile32:inst4|RegFile4:inst8|MX4:inst2|MultiplexerX:inst2
130. Parameter Settings for User Entity Instance: CPU:inst|RegFile32:inst4|RegFile4:inst8|MX4:inst2|MultiplexerX:inst
131. Parameter Settings for User Entity Instance: CPU:inst|RegFile32:inst4|RegFile4:inst8|MX4:inst2|MultiplexerX:inst1
132. Parameter Settings for User Entity Instance: CPU:inst|RegFile32:inst4|RegFile4:inst8|RegisterX:inst501
133. Parameter Settings for User Entity Instance: CPU:inst|RegFile32:inst4|RegFile4:inst8|RegisterX:inst
134. Parameter Settings for User Entity Instance: CPU:inst|RegFile32:inst4|RegFile4:inst8|RegisterX:inst15
135. Parameter Settings for User Entity Instance: CPU:inst|RegFile32:inst4|RegFile4:inst8|RegisterX:inst16
136. Parameter Settings for User Entity Instance: CPU:inst|RegFile32:inst4|RegFile4:inst9|MX4:inst2|MultiplexerX:inst2
137. Parameter Settings for User Entity Instance: CPU:inst|RegFile32:inst4|RegFile4:inst9|MX4:inst2|MultiplexerX:inst
138. Parameter Settings for User Entity Instance: CPU:inst|RegFile32:inst4|RegFile4:inst9|MX4:inst2|MultiplexerX:inst1
139. Parameter Settings for User Entity Instance: CPU:inst|RegFile32:inst4|RegFile4:inst9|RegisterX:inst501
140. Parameter Settings for User Entity Instance: CPU:inst|RegFile32:inst4|RegFile4:inst9|RegisterX:inst
141. Parameter Settings for User Entity Instance: CPU:inst|RegFile32:inst4|RegFile4:inst9|RegisterX:inst15
142. Parameter Settings for User Entity Instance: CPU:inst|RegFile32:inst4|RegFile4:inst9|RegisterX:inst16
143. Parameter Settings for User Entity Instance: CPU:inst|RegFile32:inst4|RegFile4:inst10|MX4:inst2|MultiplexerX:inst2
144. Parameter Settings for User Entity Instance: CPU:inst|RegFile32:inst4|RegFile4:inst10|MX4:inst2|MultiplexerX:inst
145. Parameter Settings for User Entity Instance: CPU:inst|RegFile32:inst4|RegFile4:inst10|MX4:inst2|MultiplexerX:inst1
146. Parameter Settings for User Entity Instance: CPU:inst|RegFile32:inst4|RegFile4:inst10|RegisterX:inst501
147. Parameter Settings for User Entity Instance: CPU:inst|RegFile32:inst4|RegFile4:inst10|RegisterX:inst
148. Parameter Settings for User Entity Instance: CPU:inst|RegFile32:inst4|RegFile4:inst10|RegisterX:inst15
149. Parameter Settings for User Entity Instance: CPU:inst|RegFile32:inst4|RegFile4:inst10|RegisterX:inst16
150. Parameter Settings for User Entity Instance: CPU:inst|MultiplexerX:inst14
151. Parameter Settings for User Entity Instance: CPU:inst|MultiplexerX:inst11
152. Parameter Settings for User Entity Instance: CPU:inst|RegisterX:inst28
153. Parameter Settings for User Entity Instance: CPU:inst|RegisterX:inst18
154. Parameter Settings for User Entity Instance: KPTastature:inst11|RegisterX:inst29
155. Parameter Settings for User Entity Instance: KPTastature:inst11|ConstantX:inst5
156. Parameter Settings for User Entity Instance: KPTastature:inst11|ConstantX:inst6
157. Parameter Settings for User Entity Instance: KPTastature:inst11|RegisterX:inst3
158. Parameter Settings for User Entity Instance: KPVGA:inst15|VGAPer:inst|Controller:inst4|ComparatorX:inst10
159. Parameter Settings for User Entity Instance: KPVGA:inst15|VGAPer:inst|Controller:inst4|RegisterX:inst
160. Parameter Settings for User Entity Instance: KPVGA:inst15|VGAPer:inst|Controller:inst4|ComparatorX:inst2
161. Parameter Settings for User Entity Instance: KPVGA:inst15|VGAPer:inst|Controller:inst4|ConstantX:inst1
162. Parameter Settings for User Entity Instance: KPVGA:inst15|VGAPer:inst|Controller:inst4|ConstantX:inst9
163. Parameter Settings for User Entity Instance: KPVGA:inst15|VGAPer:inst|Controller:inst4|ComparatorX:inst8
164. Parameter Settings for User Entity Instance: KPVGA:inst15|VGAPer:inst|Controller:inst4|ConstantX:inst7
165. Parameter Settings for User Entity Instance: KPVGA:inst15|VGAPer:inst|Controller:inst4|ComparatorX:inst15
166. Parameter Settings for User Entity Instance: KPVGA:inst15|VGAPer:inst|Controller:inst4|RegisterX:inst3
167. Parameter Settings for User Entity Instance: KPVGA:inst15|VGAPer:inst|Controller:inst4|ComparatorX:inst5
168. Parameter Settings for User Entity Instance: KPVGA:inst15|VGAPer:inst|Controller:inst4|ConstantX:inst4
169. Parameter Settings for User Entity Instance: KPVGA:inst15|VGAPer:inst|Controller:inst4|ConstantX:inst14
170. Parameter Settings for User Entity Instance: KPVGA:inst15|VGAPer:inst|Controller:inst4|ComparatorX:inst13
171. Parameter Settings for User Entity Instance: KPVGA:inst15|VGAPer:inst|Controller:inst4|ConstantX:inst12
172. Parameter Settings for User Entity Instance: KPVGA:inst15|VGAPer:inst|Controller:inst4|ComparatorX:inst20
173. Parameter Settings for User Entity Instance: KPVGA:inst15|VGAPer:inst|Controller:inst4|ConstantX:inst19
174. Parameter Settings for User Entity Instance: KPVGA:inst15|VGAPer:inst|Controller:inst4|ComparatorX:inst18
175. Parameter Settings for User Entity Instance: KPVGA:inst15|VGAPer:inst|Controller:inst4|ConstantX:inst17
176. Parameter Settings for User Entity Instance: KPVGA:inst15|VGAPer:inst|ComparatorX:inst17
177. Parameter Settings for User Entity Instance: KPVGA:inst15|VGAPer:inst|ConstantX:inst40
178. Parameter Settings for User Entity Instance: KPVGA:inst15|VGAPer:inst|ComparatorX:inst30
179. Parameter Settings for User Entity Instance: KPVGA:inst15|VGAPer:inst|ConstantX:inst41
180. Parameter Settings for User Entity Instance: KPVGA:inst15|VGAPer:inst|Layer1:inst5|ComparatorX:inst9
181. Parameter Settings for User Entity Instance: KPVGA:inst15|VGAPer:inst|Layer1:inst5|ConstantX:inst4
182. Parameter Settings for User Entity Instance: KPVGA:inst15|VGAPer:inst|Layer1:inst5|ComparatorX:inst7
183. Parameter Settings for User Entity Instance: KPVGA:inst15|VGAPer:inst|Layer1:inst5|ConstantX:inst1
184. Parameter Settings for User Entity Instance: KPVGA:inst15|VGAPer:inst|Layer1:inst5|ComparatorX:inst12
185. Parameter Settings for User Entity Instance: KPVGA:inst15|VGAPer:inst|Layer1:inst5|ConstantX:inst5
186. Parameter Settings for User Entity Instance: KPVGA:inst15|VGAPer:inst|Layer1:inst5|ComparatorX:inst11
187. Parameter Settings for User Entity Instance: KPVGA:inst15|VGAPer:inst|Layer1:inst5|ConstantX:inst6
188. Parameter Settings for User Entity Instance: KPVGA:inst15|VGAPer:inst|Layer1:inst5|RegisterX:inst8
189. Parameter Settings for User Entity Instance: KPVGA:inst15|VGAPer:inst|ComparatorX:inst32
190. Parameter Settings for User Entity Instance: KPVGA:inst15|VGAPer:inst|ConstantX:inst34
191. Parameter Settings for User Entity Instance: KPVGA:inst15|VGAPer:inst|ComparatorX:inst14
192. Parameter Settings for User Entity Instance: KPVGA:inst15|VGAPer:inst|RegisterX:inst12
193. Parameter Settings for User Entity Instance: KPVGA:inst15|VGAPer:inst|ConstantX:inst15
194. Parameter Settings for User Entity Instance: KPVGA:inst15|VGAPer:inst|VideoRAM:inst9|altsyncram:altsyncram_component
195. Parameter Settings for User Entity Instance: KPVGA:inst15|VGAPer:inst|ALUX:inst26
196. Parameter Settings for User Entity Instance: KPVGA:inst15|VGAPer:inst|ALUX:inst25
197. Parameter Settings for User Entity Instance: KPVGA:inst15|VGAPer:inst|RegisterX:inst10
198. Parameter Settings for User Entity Instance: KPVGA:inst15|VGAPer:inst|ComparatorX:inst37
199. Parameter Settings for User Entity Instance: KPVGA:inst15|VGAPer:inst|ConstantX:inst38
200. Parameter Settings for User Entity Instance: KPVGA:inst15|VGAPer:inst|ComparatorX:inst16
201. Parameter Settings for User Entity Instance: KPVGA:inst15|VGAPer:inst|ConstantX:inst19
202. Parameter Settings for User Entity Instance: KPVGA:inst15|VGAPer:inst|RegisterX:inst13
203. Parameter Settings for User Entity Instance: KPVGA:inst15|VGAPer:inst|ComparatorX:inst35
204. Parameter Settings for User Entity Instance: KPVGA:inst15|VGAPer:inst|ConstantX:inst36
205. Parameter Settings for User Entity Instance: KPVGA:inst15|VGAPer:inst|RegisterX:inst11
206. Parameter Settings for User Entity Instance: KPVGA:inst15|VGAPer:inst|Layer2:inst18|ComparatorX:inst9
207. Parameter Settings for User Entity Instance: KPVGA:inst15|VGAPer:inst|Layer2:inst18|ConstantX:inst4
208. Parameter Settings for User Entity Instance: KPVGA:inst15|VGAPer:inst|Layer2:inst18|ComparatorX:inst7
209. Parameter Settings for User Entity Instance: KPVGA:inst15|VGAPer:inst|Layer2:inst18|ConstantX:inst1
210. Parameter Settings for User Entity Instance: KPVGA:inst15|VGAPer:inst|Layer2:inst18|ComparatorX:inst12
211. Parameter Settings for User Entity Instance: KPVGA:inst15|VGAPer:inst|Layer2:inst18|ConstantX:inst5
212. Parameter Settings for User Entity Instance: KPVGA:inst15|VGAPer:inst|Layer2:inst18|ComparatorX:inst11
213. Parameter Settings for User Entity Instance: KPVGA:inst15|VGAPer:inst|Layer2:inst18|ConstantX:inst6
214. Parameter Settings for User Entity Instance: KPVGA:inst15|VGAPer:inst|Layer2:inst18|RegisterX:inst8
215. Parameter Settings for User Entity Instance: KPVGA:inst15|VGAPer:inst|ComparatorX:inst71
216. Parameter Settings for User Entity Instance: KPVGA:inst15|VGAPer:inst|ConstantX:inst76
217. Parameter Settings for User Entity Instance: KPVGA:inst15|VGAPer:inst|ComparatorX:inst63
218. Parameter Settings for User Entity Instance: KPVGA:inst15|VGAPer:inst|RegisterX:inst61
219. Parameter Settings for User Entity Instance: KPVGA:inst15|VGAPer:inst|ConstantX:inst78
220. Parameter Settings for User Entity Instance: KPVGA:inst15|VGAPer:inst|MultiplexerX:inst85
221. Parameter Settings for User Entity Instance: KPVGA:inst15|VGAPer:inst|MX8:inst82|MultiplexerX:inst
222. Parameter Settings for User Entity Instance: KPVGA:inst15|VGAPer:inst|MX8:inst82|MX4:inst2|MultiplexerX:inst2
223. Parameter Settings for User Entity Instance: KPVGA:inst15|VGAPer:inst|MX8:inst82|MX4:inst2|MultiplexerX:inst
224. Parameter Settings for User Entity Instance: KPVGA:inst15|VGAPer:inst|MX8:inst82|MX4:inst2|MultiplexerX:inst1
225. Parameter Settings for User Entity Instance: KPVGA:inst15|VGAPer:inst|MX8:inst82|MX4:inst3|MultiplexerX:inst2
226. Parameter Settings for User Entity Instance: KPVGA:inst15|VGAPer:inst|MX8:inst82|MX4:inst3|MultiplexerX:inst
227. Parameter Settings for User Entity Instance: KPVGA:inst15|VGAPer:inst|MX8:inst82|MX4:inst3|MultiplexerX:inst1
228. Parameter Settings for User Entity Instance: KPVGA:inst15|VGAPer:inst|RegisterX:inst59
229. Parameter Settings for User Entity Instance: KPVGA:inst15|VGAPer:inst|ComparatorX:inst73
230. Parameter Settings for User Entity Instance: KPVGA:inst15|VGAPer:inst|ConstantX:inst80
231. Parameter Settings for User Entity Instance: KPVGA:inst15|VGAPer:inst|ComparatorX:inst64
232. Parameter Settings for User Entity Instance: KPVGA:inst15|VGAPer:inst|ConstantX:inst68
233. Parameter Settings for User Entity Instance: KPVGA:inst15|VGAPer:inst|RegisterX:inst62
234. Parameter Settings for User Entity Instance: KPVGA:inst15|VGAPer:inst|ComparatorX:inst72
235. Parameter Settings for User Entity Instance: KPVGA:inst15|VGAPer:inst|ConstantX:inst67
236. Parameter Settings for User Entity Instance: KPVGA:inst15|VGAPer:inst|RegisterX:inst60
237. Parameter Settings for User Entity Instance: KPVGA:inst15|VGAPer:inst|ConstantX:inst6
238. Parameter Settings for User Entity Instance: KPVGA:inst15|VGAPer:inst|ConstantX:inst86
239. Parameter Settings for User Entity Instance: KPVGA:inst15|VGAPer:inst|Layer0:inst3|ConstantX:inst6
240. Parameter Settings for User Entity Instance: KPVGA:inst15|VGAPer:inst|Layer0:inst3|ConstantX:inst2
241. Parameter Settings for User Entity Instance: KPVGA:inst15|VGAPer:inst|Layer0:inst3|ConstantX:inst8
242. Parameter Settings for User Entity Instance: KPVGA:inst15|RegisterX:inst31
243. Parameter Settings for User Entity Instance: KPVGA:inst15|RegisterX:inst29
244. Parameter Settings for User Entity Instance: KPVGA:inst15|RegisterX:inst30
245. Parameter Settings for User Entity Instance: KPVGA:inst15|RegisterX:inst32
246. Parameter Settings for User Entity Instance: KPVGA:inst15|RegisterX:inst33
247. Parameter Settings for User Entity Instance: KPVGA:inst15|ConstantX:inst4
248. Parameter Settings for User Entity Instance: memTest:inst9|altsyncram:altsyncram_component
249. Parameter Settings for User Entity Instance: KPHex:inst12|RegisterX:inst30
250. Parameter Settings for User Entity Instance: ComparatorX:inst34
251. Parameter Settings for User Entity Instance: ConstantX:inst36
252. Parameter Settings for User Entity Instance: ConstantX:inst59
253. Parameter Settings for User Entity Instance: MultiplexerX:inst7
254. Parameter Settings for User Entity Instance: cpu_debug_fifo:inst8
255. altsyncram Parameter Settings by Entity Instance
256. Elapsed Time Per Partition
257. Analysis & Synthesis Messages



----------------
; Legal Notice ;
----------------
Copyright (C) 1991-2013 Altera Corporation
Your use of Altera Corporation's design tools, logic functions 
and other software and tools, and its AMPP partner logic 
functions, and any output files from any of the foregoing 
(including device programming or simulation files), and any 
associated documentation or information are expressly subject 
to the terms and conditions of the Altera Program License 
Subscription Agreement, Altera MegaCore Function License 
Agreement, or other applicable license agreement, including, 
without limitation, that your use is for the sole purpose of 
programming logic devices manufactured by Altera and sold by 
Altera or its authorized distributors.  Please refer to the 
applicable agreement for further details.



+---------------------------------------------------------------------------------+
; Analysis & Synthesis Summary                                                    ;
+------------------------------------+--------------------------------------------+
; Analysis & Synthesis Status        ; Successful - Fri Sep 18 17:25:01 2026      ;
; Quartus II 64-Bit Version          ; 13.1.0 Build 162 10/23/2013 SJ Web Edition ;
; Revision Name                      ; Main                                       ;
; Top-level Entity Name              ; Testiranje                                 ;
; Family                             ; Cyclone III                                ;
; Total logic elements               ; 4,290                                      ;
;     Total combinational functions  ; 2,920                                      ;
;     Dedicated logic registers      ; 1,802                                      ;
; Total registers                    ; 1802                                       ;
; Total pins                         ; 67                                         ;
; Total virtual pins                 ; 0                                          ;
; Total memory bits                  ; 265,216                                    ;
; Embedded Multiplier 9-bit elements ; 0                                          ;
; Total PLLs                         ; 0                                          ;
+------------------------------------+--------------------------------------------+


+----------------------------------------------------------------------------------------------------------------------+
; Analysis & Synthesis Settings                                                                                        ;
+----------------------------------------------------------------------------+--------------------+--------------------+
; Option                                                                     ; Setting            ; Default Value      ;
+----------------------------------------------------------------------------+--------------------+--------------------+
; Device                                                                     ; EP3C16F484C6       ;                    ;
; Top-level entity name                                                      ; Testiranje         ; Main               ;
; Family name                                                                ; Cyclone III        ; Cyclone IV GX      ;
; Use smart compilation                                                      ; Off                ; Off                ;
; Enable parallel Assembler and TimeQuest Timing Analyzer during compilation ; On                 ; On                 ;
; Enable compact report table                                                ; Off                ; Off                ;
; Restructure Multiplexers                                                   ; Auto               ; Auto               ;
; Create Debugging Nodes for IP Cores                                        ; Off                ; Off                ;
; Preserve fewer node names                                                  ; On                 ; On                 ;
; Disable OpenCore Plus hardware evaluation                                  ; Off                ; Off                ;
; Verilog Version                                                            ; Verilog_2001       ; Verilog_2001       ;
; VHDL Version                                                               ; VHDL_1993          ; VHDL_1993          ;
; State Machine Processing                                                   ; Auto               ; Auto               ;
; Safe State Machine                                                         ; Off                ; Off                ;
; Extract Verilog State Machines                                             ; On                 ; On                 ;
; Extract VHDL State Machines                                                ; On                 ; On                 ;
; Ignore Verilog initial constructs                                          ; Off                ; Off                ;
; Iteration limit for constant Verilog loops                                 ; 5000               ; 5000               ;
; Iteration limit for non-constant Verilog loops                             ; 250                ; 250                ;
; Add Pass-Through Logic to Inferred RAMs                                    ; On                 ; On                 ;
; Infer RAMs from Raw Logic                                                  ; On                 ; On                 ;
; Parallel Synthesis                                                         ; On                 ; On                 ;
; DSP Block Balancing                                                        ; Auto               ; Auto               ;
; NOT Gate Push-Back                                                         ; On                 ; On                 ;
; Power-Up Don't Care                                                        ; On                 ; On                 ;
; Remove Redundant Logic Cells                                               ; Off                ; Off                ;
; Remove Duplicate Registers                                                 ; On                 ; On                 ;
; Ignore CARRY Buffers                                                       ; Off                ; Off                ;
; Ignore CASCADE Buffers                                                     ; Off                ; Off                ;
; Ignore GLOBAL Buffers                                                      ; Off                ; Off                ;
; Ignore ROW GLOBAL Buffers                                                  ; Off                ; Off                ;
; Ignore LCELL Buffers                                                       ; Off                ; Off                ;
; Ignore SOFT Buffers                                                        ; On                 ; On                 ;
; Limit AHDL Integers to 32 Bits                                             ; Off                ; Off                ;
; Optimization Technique                                                     ; Balanced           ; Balanced           ;
; Carry Chain Length                                                         ; 70                 ; 70                 ;
; Auto Carry Chains                                                          ; On                 ; On                 ;
; Auto Open-Drain Pins                                                       ; On                 ; On                 ;
; Perform WYSIWYG Primitive Resynthesis                                      ; Off                ; Off                ;
; Auto ROM Replacement                                                       ; On                 ; On                 ;
; Auto RAM Replacement                                                       ; On                 ; On                 ;
; Auto DSP Block Replacement                                                 ; On                 ; On                 ;
; Auto Shift Register Replacement                                            ; Auto               ; Auto               ;
; Allow Shift Register Merging across Hierarchies                            ; Auto               ; Auto               ;
; Auto Clock Enable Replacement                                              ; On                 ; On                 ;
; Strict RAM Replacement                                                     ; Off                ; Off                ;
; Allow Synchronous Control Signals                                          ; On                 ; On                 ;
; Force Use of Synchronous Clear Signals                                     ; Off                ; Off                ;
; Auto RAM Block Balancing                                                   ; On                 ; On                 ;
; Auto RAM to Logic Cell Conversion                                          ; Off                ; Off                ;
; Auto Resource Sharing                                                      ; Off                ; Off                ;
; Allow Any RAM Size For Recognition                                         ; Off                ; Off                ;
; Allow Any ROM Size For Recognition                                         ; Off                ; Off                ;
; Allow Any Shift Register Size For Recognition                              ; Off                ; Off                ;
; Use LogicLock Constraints during Resource Balancing                        ; On                 ; On                 ;
; Ignore translate_off and synthesis_off directives                          ; Off                ; Off                ;
; Timing-Driven Synthesis                                                    ; On                 ; On                 ;
; Report Parameter Settings                                                  ; On                 ; On                 ;
; Report Source Assignments                                                  ; On                 ; On                 ;
; Report Connectivity Checks                                                 ; On                 ; On                 ;
; Ignore Maximum Fan-Out Assignments                                         ; Off                ; Off                ;
; Synchronization Register Chain Length                                      ; 2                  ; 2                  ;
; PowerPlay Power Optimization                                               ; Normal compilation ; Normal compilation ;
; HDL message level                                                          ; Level2             ; Level2             ;
; Suppress Register Optimization Related Messages                            ; Off                ; Off                ;
; Number of Removed Registers Reported in Synthesis Report                   ; 5000               ; 5000               ;
; Number of Swept Nodes Reported in Synthesis Report                         ; 5000               ; 5000               ;
; Number of Inverted Registers Reported in Synthesis Report                  ; 100                ; 100                ;
; Clock MUX Protection                                                       ; On                 ; On                 ;
; Auto Gated Clock Conversion                                                ; Off                ; Off                ;
; Block Design Naming                                                        ; Auto               ; Auto               ;
; SDC constraint protection                                                  ; Off                ; Off                ;
; Synthesis Effort                                                           ; Auto               ; Auto               ;
; Shift Register Replacement - Allow Asynchronous Clear Signal               ; On                 ; On                 ;
; Pre-Mapping Resynthesis Optimization                                       ; Off                ; Off                ;
; Analysis & Synthesis Message Level                                         ; Medium             ; Medium             ;
; Disable Register Merging Across Hierarchies                                ; Auto               ; Auto               ;
; Resource Aware Inference For Block RAM                                     ; On                 ; On                 ;
; Synthesis Seed                                                             ; 1                  ; 1                  ;
+----------------------------------------------------------------------------+--------------------+--------------------+


Parallel compilation was disabled, but you have multiple processors available. Enable parallel compilation to reduce compilation time.
+-------------------------------------+
; Parallel Compilation                ;
+----------------------------+--------+
; Processors                 ; Number ;
+----------------------------+--------+
; Number detected on machine ; 4      ;
; Maximum allowed            ; 1      ;
+----------------------------+--------+


+--------------------------------------------------------------------------------------------------------------------------------------------------------------------------------------------------+
; Analysis & Synthesis Source Files Read                                                                                                                                                           ;
+----------------------------------+-----------------+------------------------------------------+----------------------------------------------------------------------------------------+---------+
; File Name with User-Entered Path ; Used in Netlist ; File Type                                ; File Name with Absolute Path                                                           ; Library ;
+----------------------------------+-----------------+------------------------------------------+----------------------------------------------------------------------------------------+---------+
; KPVGA.bdf                        ; yes             ; User Block Diagram/Schematic File        ; C:/Users/TEMP/Desktop/AR-project-Tetris/quartus/execute faza/KPVGA.bdf                 ;         ;
; InterruptFaza.bdf                ; yes             ; User Block Diagram/Schematic File        ; C:/Users/TEMP/Desktop/AR-project-Tetris/quartus/execute faza/InterruptFaza.bdf         ;         ;
; CSRegFile.bdf                    ; yes             ; User Block Diagram/Schematic File        ; C:/Users/TEMP/Desktop/AR-project-Tetris/quartus/execute faza/CSRegFile.bdf             ;         ;
; seven_segment_display.vhd        ; yes             ; User VHDL File                           ; C:/Users/TEMP/Desktop/AR-project-Tetris/quartus/execute faza/seven_segment_display.vhd ;         ;
; DecodeFaza.bdf                   ; yes             ; User Block Diagram/Schematic File        ; C:/Users/TEMP/Desktop/AR-project-Tetris/quartus/execute faza/DecodeFaza.bdf            ;         ;
; ExecuteFaza.bdf                  ; yes             ; User Block Diagram/Schematic File        ; C:/Users/TEMP/Desktop/AR-project-Tetris/quartus/execute faza/ExecuteFaza.bdf           ;         ;
; RegFile4.bdf                     ; yes             ; User Block Diagram/Schematic File        ; C:/Users/TEMP/Desktop/AR-project-Tetris/quartus/execute faza/RegFile4.bdf              ;         ;
; dc2.bdf                          ; yes             ; User Block Diagram/Schematic File        ; C:/Users/TEMP/Desktop/AR-project-Tetris/quartus/execute faza/dc2.bdf                   ;         ;
; Testiranje.bdf                   ; yes             ; User Block Diagram/Schematic File        ; C:/Users/TEMP/Desktop/AR-project-Tetris/quartus/execute faza/Testiranje.bdf            ;         ;
; dc4.bdf                          ; yes             ; User Block Diagram/Schematic File        ; C:/Users/TEMP/Desktop/AR-project-Tetris/quartus/execute faza/dc4.bdf                   ;         ;
; dc8.bdf                          ; yes             ; User Block Diagram/Schematic File        ; C:/Users/TEMP/Desktop/AR-project-Tetris/quartus/execute faza/dc8.bdf                   ;         ;
; regFile/RegFile32.bdf            ; yes             ; User Block Diagram/Schematic File        ; C:/Users/TEMP/Desktop/AR-project-Tetris/quartus/execute faza/regFile/RegFile32.bdf     ;         ;
; cd8.bdf                          ; yes             ; User Block Diagram/Schematic File        ; C:/Users/TEMP/Desktop/AR-project-Tetris/quartus/execute faza/cd8.bdf                   ;         ;
; ImpulseGenerator.vhd             ; yes             ; User VHDL File                           ; C:/Users/TEMP/Desktop/AR-project-Tetris/quartus/execute faza/ImpulseGenerator.vhd      ;         ;
; CPU.bdf                          ; yes             ; User Block Diagram/Schematic File        ; C:/Users/TEMP/Desktop/AR-project-Tetris/quartus/execute faza/CPU.bdf                   ;         ;
; cpu_debug_fifo.vhd               ; yes             ; User VHDL File                           ; C:/Users/TEMP/Desktop/AR-project-Tetris/quartus/execute faza/cpu_debug_fifo.vhd        ;         ;
; Layer2.bdf                       ; yes             ; User Block Diagram/Schematic File        ; C:/Users/TEMP/Desktop/AR-project-Tetris/quartus/execute faza/Layer2.bdf                ;         ;
; KPHex.bdf                        ; yes             ; User Block Diagram/Schematic File        ; C:/Users/TEMP/Desktop/AR-project-Tetris/quartus/execute faza/KPHex.bdf                 ;         ;
; registerx.vhd                    ; yes             ; Auto-Found VHDL File                     ; C:/Users/TEMP/Desktop/AR-project-Tetris/quartus/execute faza/registerx.vhd             ;         ;
; fetchfaza.bdf                    ; yes             ; Auto-Found Block Diagram/Schematic File  ; C:/Users/TEMP/Desktop/AR-project-Tetris/quartus/execute faza/fetchfaza.bdf             ;         ;
; comparatorx.vhd                  ; yes             ; Auto-Found VHDL File                     ; C:/Users/TEMP/Desktop/AR-project-Tetris/quartus/execute faza/comparatorx.vhd           ;         ;
; multiplexerx.vhd                 ; yes             ; Auto-Found VHDL File                     ; C:/Users/TEMP/Desktop/AR-project-Tetris/quartus/execute faza/multiplexerx.vhd          ;         ;
; alux.vhd                         ; yes             ; Auto-Found VHDL File                     ; C:/Users/TEMP/Desktop/AR-project-Tetris/quartus/execute faza/alux.vhd                  ;         ;
; constantx.vhd                    ; yes             ; Auto-Found VHDL File                     ; C:/Users/TEMP/Desktop/AR-project-Tetris/quartus/execute faza/constantx.vhd             ;         ;
; mx8.bdf                          ; yes             ; Auto-Found Block Diagram/Schematic File  ; C:/Users/TEMP/Desktop/AR-project-Tetris/quartus/execute faza/mx8.bdf                   ;         ;
; mx4.bdf                          ; yes             ; Auto-Found Block Diagram/Schematic File  ; C:/Users/TEMP/Desktop/AR-project-Tetris/quartus/execute faza/mx4.bdf                   ;         ;
; lpm_add_sub0.vhd                 ; yes             ; Auto-Found Wizard-Generated File         ; C:/Users/TEMP/Desktop/AR-project-Tetris/quartus/execute faza/lpm_add_sub0.vhd          ;         ;
; lpm_add_sub.tdf                  ; yes             ; Megafunction                             ; c:/altera/13.1/quartus/libraries/megafunctions/lpm_add_sub.tdf                         ;         ;
; addcore.inc                      ; yes             ; Megafunction                             ; c:/altera/13.1/quartus/libraries/megafunctions/addcore.inc                             ;         ;
; look_add.inc                     ; yes             ; Megafunction                             ; c:/altera/13.1/quartus/libraries/megafunctions/look_add.inc                            ;         ;
; bypassff.inc                     ; yes             ; Megafunction                             ; c:/altera/13.1/quartus/libraries/megafunctions/bypassff.inc                            ;         ;
; altshift.inc                     ; yes             ; Megafunction                             ; c:/altera/13.1/quartus/libraries/megafunctions/altshift.inc                            ;         ;
; alt_stratix_add_sub.inc          ; yes             ; Megafunction                             ; c:/altera/13.1/quartus/libraries/megafunctions/alt_stratix_add_sub.inc                 ;         ;
; aglobal131.inc                   ; yes             ; Megafunction                             ; c:/altera/13.1/quartus/libraries/megafunctions/aglobal131.inc                          ;         ;
; db/add_sub_2ph.tdf               ; yes             ; Auto-Generated Megafunction              ; C:/Users/TEMP/Desktop/AR-project-Tetris/quartus/execute faza/db/add_sub_2ph.tdf        ;         ;
; pc.vhd                           ; yes             ; Auto-Found VHDL File                     ; C:/Users/TEMP/Desktop/AR-project-Tetris/quartus/execute faza/pc.vhd                    ;         ;
; cd4.bdf                          ; yes             ; Auto-Found Block Diagram/Schematic File  ; C:/Users/TEMP/Desktop/AR-project-Tetris/quartus/execute faza/cd4.bdf                   ;         ;
; kptastature.bdf                  ; yes             ; Auto-Found Block Diagram/Schematic File  ; C:/Users/TEMP/Desktop/AR-project-Tetris/quartus/execute faza/kptastature.bdf           ;         ;
; keyfetch.bdf                     ; yes             ; Auto-Found Block Diagram/Schematic File  ; C:/Users/TEMP/Desktop/AR-project-Tetris/quartus/execute faza/keyfetch.bdf              ;         ;
; risingedgedetector.bdf           ; yes             ; Auto-Found Block Diagram/Schematic File  ; C:/Users/TEMP/Desktop/AR-project-Tetris/quartus/execute faza/risingedgedetector.bdf    ;         ;
; debouncer.bdf                    ; yes             ; Auto-Found Block Diagram/Schematic File  ; C:/Users/TEMP/Desktop/AR-project-Tetris/quartus/execute faza/debouncer.bdf             ;         ;
; register.bdf                     ; yes             ; Auto-Found Block Diagram/Schematic File  ; C:/Users/TEMP/Desktop/AR-project-Tetris/quartus/execute faza/register.bdf              ;         ;
; vgaper.bdf                       ; yes             ; Auto-Found Block Diagram/Schematic File  ; C:/Users/TEMP/Desktop/AR-project-Tetris/quartus/execute faza/vgaper.bdf                ;         ;
; controller.bdf                   ; yes             ; Auto-Found Block Diagram/Schematic File  ; C:/Users/TEMP/Desktop/AR-project-Tetris/quartus/execute faza/controller.bdf            ;         ;
; layer1.bdf                       ; yes             ; Auto-Found Block Diagram/Schematic File  ; C:/Users/TEMP/Desktop/AR-project-Tetris/quartus/execute faza/layer1.bdf                ;         ;
; videoram.vhd                     ; yes             ; Auto-Found Wizard-Generated File         ; C:/Users/TEMP/Desktop/AR-project-Tetris/quartus/execute faza/videoram.vhd              ;         ;
; altsyncram.tdf                   ; yes             ; Megafunction                             ; c:/altera/13.1/quartus/libraries/megafunctions/altsyncram.tdf                          ;         ;
; stratix_ram_block.inc            ; yes             ; Megafunction                             ; c:/altera/13.1/quartus/libraries/megafunctions/stratix_ram_block.inc                   ;         ;
; lpm_mux.inc                      ; yes             ; Megafunction                             ; c:/altera/13.1/quartus/libraries/megafunctions/lpm_mux.inc                             ;         ;
; lpm_decode.inc                   ; yes             ; Megafunction                             ; c:/altera/13.1/quartus/libraries/megafunctions/lpm_decode.inc                          ;         ;
; a_rdenreg.inc                    ; yes             ; Megafunction                             ; c:/altera/13.1/quartus/libraries/megafunctions/a_rdenreg.inc                           ;         ;
; altrom.inc                       ; yes             ; Megafunction                             ; c:/altera/13.1/quartus/libraries/megafunctions/altrom.inc                              ;         ;
; altram.inc                       ; yes             ; Megafunction                             ; c:/altera/13.1/quartus/libraries/megafunctions/altram.inc                              ;         ;
; altdpram.inc                     ; yes             ; Megafunction                             ; c:/altera/13.1/quartus/libraries/megafunctions/altdpram.inc                            ;         ;
; db/altsyncram_tat3.tdf           ; yes             ; Auto-Generated Megafunction              ; C:/Users/TEMP/Desktop/AR-project-Tetris/quartus/execute faza/db/altsyncram_tat3.tdf    ;         ;
; tetrisscene.mif                  ; yes             ; Auto-Found Memory Initialization File    ; C:/Users/TEMP/Desktop/AR-project-Tetris/quartus/execute faza/tetrisscene.mif           ;         ;
; layer0.bdf                       ; yes             ; Auto-Found Block Diagram/Schematic File  ; C:/Users/TEMP/Desktop/AR-project-Tetris/quartus/execute faza/layer0.bdf                ;         ;
; memtest.vhd                      ; yes             ; Auto-Found Wizard-Generated File         ; C:/Users/TEMP/Desktop/AR-project-Tetris/quartus/execute faza/memtest.vhd               ;         ;
; db/altsyncram_dos3.tdf           ; yes             ; Auto-Generated Megafunction              ; C:/Users/TEMP/Desktop/AR-project-Tetris/quartus/execute faza/db/altsyncram_dos3.tdf    ;         ;
; ../tetris.mif                    ; yes             ; Auto-Found Memory Initialization File    ; C:/Users/TEMP/Desktop/AR-project-Tetris/quartus/execute faza/tetris.mif                ;         ;
+----------------------------------+-----------------+------------------------------------------+----------------------------------------------------------------------------------------+---------+


+---------------------------------------------------------+
; Analysis & Synthesis Resource Usage Summary             ;
+---------------------------------------------+-----------+
; Resource                                    ; Usage     ;
+---------------------------------------------+-----------+
; Estimated Total logic elements              ; 4,290     ;
;                                             ;           ;
; Total combinational functions               ; 2920      ;
; Logic element usage by number of LUT inputs ;           ;
;     -- 4 input functions                    ; 2015      ;
;     -- 3 input functions                    ; 600       ;
;     -- <=2 input functions                  ; 305       ;
;                                             ;           ;
; Logic elements by mode                      ;           ;
;     -- normal mode                          ; 2623      ;
;     -- arithmetic mode                      ; 297       ;
;                                             ;           ;
; Total registers                             ; 1802      ;
;     -- Dedicated logic registers            ; 1802      ;
;     -- I/O registers                        ; 0         ;
;                                             ;           ;
; I/O pins                                    ; 67        ;
; Total memory bits                           ; 265216    ;
; Embedded Multiplier 9-bit elements          ; 0         ;
; Maximum fan-out node                        ; CLK~input ;
; Maximum fan-out                             ; 1827      ;
; Total fan-out                               ; 16803     ;
; Average fan-out                             ; 3.43      ;
+---------------------------------------------+-----------+


+-------------------------------------------------------------------------------------------------------------------------------------------------------------------------------------------------------------------------------------------------------------------------------------------------------+
; Analysis & Synthesis Resource Utilization by Entity                                                                                                                                                                                                                                                   ;
+-------------------------------------------------+-------------------+--------------+-------------+--------------+---------+-----------+------+--------------+--------------------------------------------------------------------------------------------------------------------------+--------------+
; Compilation Hierarchy Node                      ; LC Combinationals ; LC Registers ; Memory Bits ; DSP Elements ; DSP 9x9 ; DSP 18x18 ; Pins ; Virtual Pins ; Full Hierarchy Name                                                                                                      ; Library Name ;
+-------------------------------------------------+-------------------+--------------+-------------+--------------+---------+-----------+------+--------------+--------------------------------------------------------------------------------------------------------------------------+--------------+
; |Testiranje                                     ; 2920 (62)         ; 1802 (0)     ; 265216      ; 0            ; 0       ; 0         ; 67   ; 0            ; |Testiranje                                                                                                              ; work         ;
;    |CPU:inst|                                   ; 2538 (35)         ; 1548 (4)     ; 0           ; 0            ; 0       ; 0         ; 0    ; 0            ; |Testiranje|CPU:inst                                                                                                     ; work         ;
;       |CSRegFile:inst31|                        ; 373 (299)         ; 320 (0)      ; 0           ; 0            ; 0       ; 0         ; 0    ; 0            ; |Testiranje|CPU:inst|CSRegFile:inst31                                                                                    ; work         ;
;          |RegisterX:inst1|                      ; 0 (0)             ; 32 (32)      ; 0           ; 0            ; 0       ; 0         ; 0    ; 0            ; |Testiranje|CPU:inst|CSRegFile:inst31|RegisterX:inst1                                                                    ; work         ;
;          |RegisterX:inst2|                      ; 0 (0)             ; 32 (32)      ; 0           ; 0            ; 0       ; 0         ; 0    ; 0            ; |Testiranje|CPU:inst|CSRegFile:inst31|RegisterX:inst2                                                                    ; work         ;
;          |RegisterX:inst39|                     ; 32 (32)           ; 32 (32)      ; 0           ; 0            ; 0       ; 0         ; 0    ; 0            ; |Testiranje|CPU:inst|CSRegFile:inst31|RegisterX:inst39                                                                   ; work         ;
;          |RegisterX:inst3|                      ; 3 (3)             ; 32 (32)      ; 0           ; 0            ; 0       ; 0         ; 0    ; 0            ; |Testiranje|CPU:inst|CSRegFile:inst31|RegisterX:inst3                                                                    ; work         ;
;          |RegisterX:inst46|                     ; 0 (0)             ; 32 (32)      ; 0           ; 0            ; 0       ; 0         ; 0    ; 0            ; |Testiranje|CPU:inst|CSRegFile:inst31|RegisterX:inst46                                                                   ; work         ;
;          |RegisterX:inst4|                      ; 0 (0)             ; 32 (32)      ; 0           ; 0            ; 0       ; 0         ; 0    ; 0            ; |Testiranje|CPU:inst|CSRegFile:inst31|RegisterX:inst4                                                                    ; work         ;
;          |RegisterX:inst53|                     ; 0 (0)             ; 31 (31)      ; 0           ; 0            ; 0       ; 0         ; 0    ; 0            ; |Testiranje|CPU:inst|CSRegFile:inst31|RegisterX:inst53                                                                   ; work         ;
;          |RegisterX:inst61|                     ; 2 (2)             ; 1 (1)        ; 0           ; 0            ; 0       ; 0         ; 0    ; 0            ; |Testiranje|CPU:inst|CSRegFile:inst31|RegisterX:inst61                                                                   ; work         ;
;          |RegisterX:inst65|                     ; 33 (33)           ; 32 (32)      ; 0           ; 0            ; 0       ; 0         ; 0    ; 0            ; |Testiranje|CPU:inst|CSRegFile:inst31|RegisterX:inst65                                                                   ; work         ;
;          |RegisterX:inst68|                     ; 0 (0)             ; 1 (1)        ; 0           ; 0            ; 0       ; 0         ; 0    ; 0            ; |Testiranje|CPU:inst|CSRegFile:inst31|RegisterX:inst68                                                                   ; work         ;
;          |RegisterX:inst74|                     ; 2 (2)             ; 1 (1)        ; 0           ; 0            ; 0       ; 0         ; 0    ; 0            ; |Testiranje|CPU:inst|CSRegFile:inst31|RegisterX:inst74                                                                   ; work         ;
;          |RegisterX:inst76|                     ; 2 (2)             ; 1 (1)        ; 0           ; 0            ; 0       ; 0         ; 0    ; 0            ; |Testiranje|CPU:inst|CSRegFile:inst31|RegisterX:inst76                                                                   ; work         ;
;          |RegisterX:inst8|                      ; 0 (0)             ; 30 (30)      ; 0           ; 0            ; 0       ; 0         ; 0    ; 0            ; |Testiranje|CPU:inst|CSRegFile:inst31|RegisterX:inst8                                                                    ; work         ;
;          |RegisterX:inst|                       ; 0 (0)             ; 31 (31)      ; 0           ; 0            ; 0       ; 0         ; 0    ; 0            ; |Testiranje|CPU:inst|CSRegFile:inst31|RegisterX:inst                                                                     ; work         ;
;       |DecodeFaza:inst|                         ; 187 (162)         ; 101 (5)      ; 0           ; 0            ; 0       ; 0         ; 0    ; 0            ; |Testiranje|CPU:inst|DecodeFaza:inst                                                                                     ; work         ;
;          |RegisterX:inst62|                     ; 0 (0)             ; 32 (32)      ; 0           ; 0            ; 0       ; 0         ; 0    ; 0            ; |Testiranje|CPU:inst|DecodeFaza:inst|RegisterX:inst62                                                                    ; work         ;
;          |RegisterX:inst63|                     ; 0 (0)             ; 32 (32)      ; 0           ; 0            ; 0       ; 0         ; 0    ; 0            ; |Testiranje|CPU:inst|DecodeFaza:inst|RegisterX:inst63                                                                    ; work         ;
;          |RegisterX:inst77|                     ; 0 (0)             ; 32 (32)      ; 0           ; 0            ; 0       ; 0         ; 0    ; 0            ; |Testiranje|CPU:inst|DecodeFaza:inst|RegisterX:inst77                                                                    ; work         ;
;          |dc4:inst19|                           ; 3 (0)             ; 0 (0)        ; 0           ; 0            ; 0       ; 0         ; 0    ; 0            ; |Testiranje|CPU:inst|DecodeFaza:inst|dc4:inst19                                                                          ; work         ;
;             |dc2:inst1|                         ; 1 (1)             ; 0 (0)        ; 0           ; 0            ; 0       ; 0         ; 0    ; 0            ; |Testiranje|CPU:inst|DecodeFaza:inst|dc4:inst19|dc2:inst1                                                                ; work         ;
;             |dc2:inst2|                         ; 2 (2)             ; 0 (0)        ; 0           ; 0            ; 0       ; 0         ; 0    ; 0            ; |Testiranje|CPU:inst|DecodeFaza:inst|dc4:inst19|dc2:inst2                                                                ; work         ;
;          |dc4:inst20|                           ; 6 (0)             ; 0 (0)        ; 0           ; 0            ; 0       ; 0         ; 0    ; 0            ; |Testiranje|CPU:inst|DecodeFaza:inst|dc4:inst20                                                                          ; work         ;
;             |dc2:inst2|                         ; 2 (2)             ; 0 (0)        ; 0           ; 0            ; 0       ; 0         ; 0    ; 0            ; |Testiranje|CPU:inst|DecodeFaza:inst|dc4:inst20|dc2:inst2                                                                ; work         ;
;             |dc2:inst|                          ; 4 (4)             ; 0 (0)        ; 0           ; 0            ; 0       ; 0         ; 0    ; 0            ; |Testiranje|CPU:inst|DecodeFaza:inst|dc4:inst20|dc2:inst                                                                 ; work         ;
;          |dc4:inst25|                           ; 1 (0)             ; 0 (0)        ; 0           ; 0            ; 0       ; 0         ; 0    ; 0            ; |Testiranje|CPU:inst|DecodeFaza:inst|dc4:inst25                                                                          ; work         ;
;             |dc2:inst1|                         ; 1 (1)             ; 0 (0)        ; 0           ; 0            ; 0       ; 0         ; 0    ; 0            ; |Testiranje|CPU:inst|DecodeFaza:inst|dc4:inst25|dc2:inst1                                                                ; work         ;
;          |dc4:inst5|                            ; 4 (0)             ; 0 (0)        ; 0           ; 0            ; 0       ; 0         ; 0    ; 0            ; |Testiranje|CPU:inst|DecodeFaza:inst|dc4:inst5                                                                           ; work         ;
;             |dc2:inst1|                         ; 1 (1)             ; 0 (0)        ; 0           ; 0            ; 0       ; 0         ; 0    ; 0            ; |Testiranje|CPU:inst|DecodeFaza:inst|dc4:inst5|dc2:inst1                                                                 ; work         ;
;             |dc2:inst2|                         ; 2 (2)             ; 0 (0)        ; 0           ; 0            ; 0       ; 0         ; 0    ; 0            ; |Testiranje|CPU:inst|DecodeFaza:inst|dc4:inst5|dc2:inst2                                                                 ; work         ;
;             |dc2:inst|                          ; 1 (1)             ; 0 (0)        ; 0           ; 0            ; 0       ; 0         ; 0    ; 0            ; |Testiranje|CPU:inst|DecodeFaza:inst|dc4:inst5|dc2:inst                                                                  ; work         ;
;          |dc8:inst24|                           ; 4 (0)             ; 0 (0)        ; 0           ; 0            ; 0       ; 0         ; 0    ; 0            ; |Testiranje|CPU:inst|DecodeFaza:inst|dc8:inst24                                                                          ; work         ;
;             |dc4:inst4|                         ; 3 (0)             ; 0 (0)        ; 0           ; 0            ; 0       ; 0         ; 0    ; 0            ; |Testiranje|CPU:inst|DecodeFaza:inst|dc8:inst24|dc4:inst4                                                                ; work         ;
;                |dc2:inst2|                      ; 3 (3)             ; 0 (0)        ; 0           ; 0            ; 0       ; 0         ; 0    ; 0            ; |Testiranje|CPU:inst|DecodeFaza:inst|dc8:inst24|dc4:inst4|dc2:inst2                                                      ; work         ;
;             |dc4:inst|                          ; 1 (0)             ; 0 (0)        ; 0           ; 0            ; 0       ; 0         ; 0    ; 0            ; |Testiranje|CPU:inst|DecodeFaza:inst|dc8:inst24|dc4:inst                                                                 ; work         ;
;                |dc2:inst1|                      ; 1 (1)             ; 0 (0)        ; 0           ; 0            ; 0       ; 0         ; 0    ; 0            ; |Testiranje|CPU:inst|DecodeFaza:inst|dc8:inst24|dc4:inst|dc2:inst1                                                       ; work         ;
;          |dc8:inst35|                           ; 1 (0)             ; 0 (0)        ; 0           ; 0            ; 0       ; 0         ; 0    ; 0            ; |Testiranje|CPU:inst|DecodeFaza:inst|dc8:inst35                                                                          ; work         ;
;             |dc4:inst|                          ; 1 (0)             ; 0 (0)        ; 0           ; 0            ; 0       ; 0         ; 0    ; 0            ; |Testiranje|CPU:inst|DecodeFaza:inst|dc8:inst35|dc4:inst                                                                 ; work         ;
;                |dc2:inst2|                      ; 1 (1)             ; 0 (0)        ; 0           ; 0            ; 0       ; 0         ; 0    ; 0            ; |Testiranje|CPU:inst|DecodeFaza:inst|dc8:inst35|dc4:inst|dc2:inst2                                                       ; work         ;
;          |dc8:inst40|                           ; 2 (0)             ; 0 (0)        ; 0           ; 0            ; 0       ; 0         ; 0    ; 0            ; |Testiranje|CPU:inst|DecodeFaza:inst|dc8:inst40                                                                          ; work         ;
;             |dc4:inst4|                         ; 1 (0)             ; 0 (0)        ; 0           ; 0            ; 0       ; 0         ; 0    ; 0            ; |Testiranje|CPU:inst|DecodeFaza:inst|dc8:inst40|dc4:inst4                                                                ; work         ;
;                |dc2:inst1|                      ; 1 (1)             ; 0 (0)        ; 0           ; 0            ; 0       ; 0         ; 0    ; 0            ; |Testiranje|CPU:inst|DecodeFaza:inst|dc8:inst40|dc4:inst4|dc2:inst1                                                      ; work         ;
;             |dc4:inst|                          ; 1 (0)             ; 0 (0)        ; 0           ; 0            ; 0       ; 0         ; 0    ; 0            ; |Testiranje|CPU:inst|DecodeFaza:inst|dc8:inst40|dc4:inst                                                                 ; work         ;
;                |dc2:inst|                       ; 1 (1)             ; 0 (0)        ; 0           ; 0            ; 0       ; 0         ; 0    ; 0            ; |Testiranje|CPU:inst|DecodeFaza:inst|dc8:inst40|dc4:inst|dc2:inst                                                        ; work         ;
;          |dc8:inst6|                            ; 4 (0)             ; 0 (0)        ; 0           ; 0            ; 0       ; 0         ; 0    ; 0            ; |Testiranje|CPU:inst|DecodeFaza:inst|dc8:inst6                                                                           ; work         ;
;             |dc4:inst|                          ; 4 (0)             ; 0 (0)        ; 0           ; 0            ; 0       ; 0         ; 0    ; 0            ; |Testiranje|CPU:inst|DecodeFaza:inst|dc8:inst6|dc4:inst                                                                  ; work         ;
;                |dc2:inst1|                      ; 3 (3)             ; 0 (0)        ; 0           ; 0            ; 0       ; 0         ; 0    ; 0            ; |Testiranje|CPU:inst|DecodeFaza:inst|dc8:inst6|dc4:inst|dc2:inst1                                                        ; work         ;
;                |dc2:inst|                       ; 1 (1)             ; 0 (0)        ; 0           ; 0            ; 0       ; 0         ; 0    ; 0            ; |Testiranje|CPU:inst|DecodeFaza:inst|dc8:inst6|dc4:inst|dc2:inst                                                         ; work         ;
;       |ExecuteFaza:inst46|                      ; 1003 (53)         ; 6 (6)        ; 0           ; 0            ; 0       ; 0         ; 0    ; 0            ; |Testiranje|CPU:inst|ExecuteFaza:inst46                                                                                  ; work         ;
;          |ALUX:inst|                            ; 605 (605)         ; 0 (0)        ; 0           ; 0            ; 0       ; 0         ; 0    ; 0            ; |Testiranje|CPU:inst|ExecuteFaza:inst46|ALUX:inst                                                                        ; work         ;
;          |ComparatorX:inst66|                   ; 84 (84)           ; 0 (0)        ; 0           ; 0            ; 0       ; 0         ; 0    ; 0            ; |Testiranje|CPU:inst|ExecuteFaza:inst46|ComparatorX:inst66                                                               ; work         ;
;          |MultiplexerX:inst11|                  ; 80 (80)           ; 0 (0)        ; 0           ; 0            ; 0       ; 0         ; 0    ; 0            ; |Testiranje|CPU:inst|ExecuteFaza:inst46|MultiplexerX:inst11                                                              ; work         ;
;          |MultiplexerX:inst27|                  ; 32 (32)           ; 0 (0)        ; 0           ; 0            ; 0       ; 0         ; 0    ; 0            ; |Testiranje|CPU:inst|ExecuteFaza:inst46|MultiplexerX:inst27                                                              ; work         ;
;          |MultiplexerX:inst52|                  ; 6 (6)             ; 0 (0)        ; 0           ; 0            ; 0       ; 0         ; 0    ; 0            ; |Testiranje|CPU:inst|ExecuteFaza:inst46|MultiplexerX:inst52                                                              ; work         ;
;          |MultiplexerX:inst60|                  ; 99 (99)           ; 0 (0)        ; 0           ; 0            ; 0       ; 0         ; 0    ; 0            ; |Testiranje|CPU:inst|ExecuteFaza:inst46|MultiplexerX:inst60                                                              ; work         ;
;          |MultiplexerX:inst75|                  ; 1 (1)             ; 0 (0)        ; 0           ; 0            ; 0       ; 0         ; 0    ; 0            ; |Testiranje|CPU:inst|ExecuteFaza:inst46|MultiplexerX:inst75                                                              ; work         ;
;          |MultiplexerX:inst77|                  ; 1 (1)             ; 0 (0)        ; 0           ; 0            ; 0       ; 0         ; 0    ; 0            ; |Testiranje|CPU:inst|ExecuteFaza:inst46|MultiplexerX:inst77                                                              ; work         ;
;          |cd8:inst36|                           ; 12 (12)           ; 0 (0)        ; 0           ; 0            ; 0       ; 0         ; 0    ; 0            ; |Testiranje|CPU:inst|ExecuteFaza:inst46|cd8:inst36                                                                       ; work         ;
;          |lpm_add_sub0:inst28|                  ; 30 (0)            ; 0 (0)        ; 0           ; 0            ; 0       ; 0         ; 0    ; 0            ; |Testiranje|CPU:inst|ExecuteFaza:inst46|lpm_add_sub0:inst28                                                              ; work         ;
;             |lpm_add_sub:LPM_ADD_SUB_component| ; 30 (0)            ; 0 (0)        ; 0           ; 0            ; 0       ; 0         ; 0    ; 0            ; |Testiranje|CPU:inst|ExecuteFaza:inst46|lpm_add_sub0:inst28|lpm_add_sub:LPM_ADD_SUB_component                            ; work         ;
;                |add_sub_2ph:auto_generated|     ; 30 (30)           ; 0 (0)        ; 0           ; 0            ; 0       ; 0         ; 0    ; 0            ; |Testiranje|CPU:inst|ExecuteFaza:inst46|lpm_add_sub0:inst28|lpm_add_sub:LPM_ADD_SUB_component|add_sub_2ph:auto_generated ; work         ;
;       |FetchFaza:inst24|                        ; 5 (2)             ; 36 (4)       ; 0           ; 0            ; 0       ; 0         ; 0    ; 0            ; |Testiranje|CPU:inst|FetchFaza:inst24                                                                                    ; work         ;
;          |RegisterX:inst2|                      ; 3 (3)             ; 32 (32)      ; 0           ; 0            ; 0       ; 0         ; 0    ; 0            ; |Testiranje|CPU:inst|FetchFaza:inst24|RegisterX:inst2                                                                    ; work         ;
;       |InterruptFaza:inst12|                    ; 9 (9)             ; 6 (6)        ; 0           ; 0            ; 0       ; 0         ; 0    ; 0            ; |Testiranje|CPU:inst|InterruptFaza:inst12                                                                                ; work         ;
;       |MultiplexerX:inst14|                     ; 15 (15)           ; 0 (0)        ; 0           ; 0            ; 0       ; 0         ; 0    ; 0            ; |Testiranje|CPU:inst|MultiplexerX:inst14                                                                                 ; work         ;
;       |MultiplexerX:inst25|                     ; 2 (2)             ; 0 (0)        ; 0           ; 0            ; 0       ; 0         ; 0    ; 0            ; |Testiranje|CPU:inst|MultiplexerX:inst25                                                                                 ; work         ;
;       |MultiplexerX:inst33|                     ; 40 (40)           ; 0 (0)        ; 0           ; 0            ; 0       ; 0         ; 0    ; 0            ; |Testiranje|CPU:inst|MultiplexerX:inst33                                                                                 ; work         ;
;       |PC:inst8|                                ; 93 (93)           ; 32 (32)      ; 0           ; 0            ; 0       ; 0         ; 0    ; 0            ; |Testiranje|CPU:inst|PC:inst8                                                                                            ; work         ;
;       |RegFile32:inst4|                         ; 733 (1)           ; 992 (0)      ; 0           ; 0            ; 0       ; 0         ; 0    ; 0            ; |Testiranje|CPU:inst|RegFile32:inst4                                                                                     ; work         ;
;          |MultiplexerX:inst12|                  ; 672 (672)         ; 0 (0)        ; 0           ; 0            ; 0       ; 0         ; 0    ; 0            ; |Testiranje|CPU:inst|RegFile32:inst4|MultiplexerX:inst12                                                                 ; work         ;
;          |RegFile4:inst10|                      ; 7 (4)             ; 128 (0)      ; 0           ; 0            ; 0       ; 0         ; 0    ; 0            ; |Testiranje|CPU:inst|RegFile32:inst4|RegFile4:inst10                                                                     ; work         ;
;             |RegisterX:inst15|                  ; 0 (0)             ; 32 (32)      ; 0           ; 0            ; 0       ; 0         ; 0    ; 0            ; |Testiranje|CPU:inst|RegFile32:inst4|RegFile4:inst10|RegisterX:inst15                                                    ; work         ;
;             |RegisterX:inst16|                  ; 0 (0)             ; 32 (32)      ; 0           ; 0            ; 0       ; 0         ; 0    ; 0            ; |Testiranje|CPU:inst|RegFile32:inst4|RegFile4:inst10|RegisterX:inst16                                                    ; work         ;
;             |RegisterX:inst501|                 ; 0 (0)             ; 32 (32)      ; 0           ; 0            ; 0       ; 0         ; 0    ; 0            ; |Testiranje|CPU:inst|RegFile32:inst4|RegFile4:inst10|RegisterX:inst501                                                   ; work         ;
;             |RegisterX:inst|                    ; 0 (0)             ; 32 (32)      ; 0           ; 0            ; 0       ; 0         ; 0    ; 0            ; |Testiranje|CPU:inst|RegFile32:inst4|RegFile4:inst10|RegisterX:inst                                                      ; work         ;
;             |cd4:inst4|                         ; 3 (3)             ; 0 (0)        ; 0           ; 0            ; 0       ; 0         ; 0    ; 0            ; |Testiranje|CPU:inst|RegFile32:inst4|RegFile4:inst10|cd4:inst4                                                           ; work         ;
;          |RegFile4:inst4|                       ; 9 (6)             ; 128 (0)      ; 0           ; 0            ; 0       ; 0         ; 0    ; 0            ; |Testiranje|CPU:inst|RegFile32:inst4|RegFile4:inst4                                                                      ; work         ;
;             |RegisterX:inst15|                  ; 0 (0)             ; 32 (32)      ; 0           ; 0            ; 0       ; 0         ; 0    ; 0            ; |Testiranje|CPU:inst|RegFile32:inst4|RegFile4:inst4|RegisterX:inst15                                                     ; work         ;
;             |RegisterX:inst16|                  ; 0 (0)             ; 32 (32)      ; 0           ; 0            ; 0       ; 0         ; 0    ; 0            ; |Testiranje|CPU:inst|RegFile32:inst4|RegFile4:inst4|RegisterX:inst16                                                     ; work         ;
;             |RegisterX:inst501|                 ; 0 (0)             ; 32 (32)      ; 0           ; 0            ; 0       ; 0         ; 0    ; 0            ; |Testiranje|CPU:inst|RegFile32:inst4|RegFile4:inst4|RegisterX:inst501                                                    ; work         ;
;             |RegisterX:inst|                    ; 0 (0)             ; 32 (32)      ; 0           ; 0            ; 0       ; 0         ; 0    ; 0            ; |Testiranje|CPU:inst|RegFile32:inst4|RegFile4:inst4|RegisterX:inst                                                       ; work         ;
;             |cd4:inst4|                         ; 2 (2)             ; 0 (0)        ; 0           ; 0            ; 0       ; 0         ; 0    ; 0            ; |Testiranje|CPU:inst|RegFile32:inst4|RegFile4:inst4|cd4:inst4                                                            ; work         ;
;             |dc4:inst3|                         ; 1 (0)             ; 0 (0)        ; 0           ; 0            ; 0       ; 0         ; 0    ; 0            ; |Testiranje|CPU:inst|RegFile32:inst4|RegFile4:inst4|dc4:inst3                                                            ; work         ;
;                |dc2:inst2|                      ; 1 (1)             ; 0 (0)        ; 0           ; 0            ; 0       ; 0         ; 0    ; 0            ; |Testiranje|CPU:inst|RegFile32:inst4|RegFile4:inst4|dc4:inst3|dc2:inst2                                                  ; work         ;
;          |RegFile4:inst5|                       ; 9 (5)             ; 128 (0)      ; 0           ; 0            ; 0       ; 0         ; 0    ; 0            ; |Testiranje|CPU:inst|RegFile32:inst4|RegFile4:inst5                                                                      ; work         ;
;             |RegisterX:inst15|                  ; 0 (0)             ; 32 (32)      ; 0           ; 0            ; 0       ; 0         ; 0    ; 0            ; |Testiranje|CPU:inst|RegFile32:inst4|RegFile4:inst5|RegisterX:inst15                                                     ; work         ;
;             |RegisterX:inst16|                  ; 0 (0)             ; 32 (32)      ; 0           ; 0            ; 0       ; 0         ; 0    ; 0            ; |Testiranje|CPU:inst|RegFile32:inst4|RegFile4:inst5|RegisterX:inst16                                                     ; work         ;
;             |RegisterX:inst501|                 ; 0 (0)             ; 32 (32)      ; 0           ; 0            ; 0       ; 0         ; 0    ; 0            ; |Testiranje|CPU:inst|RegFile32:inst4|RegFile4:inst5|RegisterX:inst501                                                    ; work         ;
;             |RegisterX:inst|                    ; 0 (0)             ; 32 (32)      ; 0           ; 0            ; 0       ; 0         ; 0    ; 0            ; |Testiranje|CPU:inst|RegFile32:inst4|RegFile4:inst5|RegisterX:inst                                                       ; work         ;
;             |cd4:inst4|                         ; 3 (3)             ; 0 (0)        ; 0           ; 0            ; 0       ; 0         ; 0    ; 0            ; |Testiranje|CPU:inst|RegFile32:inst4|RegFile4:inst5|cd4:inst4                                                            ; work         ;
;             |dc4:inst3|                         ; 1 (0)             ; 0 (0)        ; 0           ; 0            ; 0       ; 0         ; 0    ; 0            ; |Testiranje|CPU:inst|RegFile32:inst4|RegFile4:inst5|dc4:inst3                                                            ; work         ;
;                |dc2:inst2|                      ; 1 (1)             ; 0 (0)        ; 0           ; 0            ; 0       ; 0         ; 0    ; 0            ; |Testiranje|CPU:inst|RegFile32:inst4|RegFile4:inst5|dc4:inst3|dc2:inst2                                                  ; work         ;
;          |RegFile4:inst6|                       ; 7 (4)             ; 128 (0)      ; 0           ; 0            ; 0       ; 0         ; 0    ; 0            ; |Testiranje|CPU:inst|RegFile32:inst4|RegFile4:inst6                                                                      ; work         ;
;             |RegisterX:inst15|                  ; 0 (0)             ; 32 (32)      ; 0           ; 0            ; 0       ; 0         ; 0    ; 0            ; |Testiranje|CPU:inst|RegFile32:inst4|RegFile4:inst6|RegisterX:inst15                                                     ; work         ;
;             |RegisterX:inst16|                  ; 0 (0)             ; 32 (32)      ; 0           ; 0            ; 0       ; 0         ; 0    ; 0            ; |Testiranje|CPU:inst|RegFile32:inst4|RegFile4:inst6|RegisterX:inst16                                                     ; work         ;
;             |RegisterX:inst501|                 ; 0 (0)             ; 32 (32)      ; 0           ; 0            ; 0       ; 0         ; 0    ; 0            ; |Testiranje|CPU:inst|RegFile32:inst4|RegFile4:inst6|RegisterX:inst501                                                    ; work         ;
;             |RegisterX:inst|                    ; 0 (0)             ; 32 (32)      ; 0           ; 0            ; 0       ; 0         ; 0    ; 0            ; |Testiranje|CPU:inst|RegFile32:inst4|RegFile4:inst6|RegisterX:inst                                                       ; work         ;
;             |cd4:inst4|                         ; 2 (2)             ; 0 (0)        ; 0           ; 0            ; 0       ; 0         ; 0    ; 0            ; |Testiranje|CPU:inst|RegFile32:inst4|RegFile4:inst6|cd4:inst4                                                            ; work         ;
;             |dc4:inst3|                         ; 1 (0)             ; 0 (0)        ; 0           ; 0            ; 0       ; 0         ; 0    ; 0            ; |Testiranje|CPU:inst|RegFile32:inst4|RegFile4:inst6|dc4:inst3                                                            ; work         ;
;                |dc2:inst2|                      ; 1 (1)             ; 0 (0)        ; 0           ; 0            ; 0       ; 0         ; 0    ; 0            ; |Testiranje|CPU:inst|RegFile32:inst4|RegFile4:inst6|dc4:inst3|dc2:inst2                                                  ; work         ;
;          |RegFile4:inst7|                       ; 7 (4)             ; 128 (0)      ; 0           ; 0            ; 0       ; 0         ; 0    ; 0            ; |Testiranje|CPU:inst|RegFile32:inst4|RegFile4:inst7                                                                      ; work         ;
;             |RegisterX:inst15|                  ; 0 (0)             ; 32 (32)      ; 0           ; 0            ; 0       ; 0         ; 0    ; 0            ; |Testiranje|CPU:inst|RegFile32:inst4|RegFile4:inst7|RegisterX:inst15                                                     ; work         ;
;             |RegisterX:inst16|                  ; 0 (0)             ; 32 (32)      ; 0           ; 0            ; 0       ; 0         ; 0    ; 0            ; |Testiranje|CPU:inst|RegFile32:inst4|RegFile4:inst7|RegisterX:inst16                                                     ; work         ;
;             |RegisterX:inst501|                 ; 0 (0)             ; 32 (32)      ; 0           ; 0            ; 0       ; 0         ; 0    ; 0            ; |Testiranje|CPU:inst|RegFile32:inst4|RegFile4:inst7|RegisterX:inst501                                                    ; work         ;
;             |RegisterX:inst|                    ; 0 (0)             ; 32 (32)      ; 0           ; 0            ; 0       ; 0         ; 0    ; 0            ; |Testiranje|CPU:inst|RegFile32:inst4|RegFile4:inst7|RegisterX:inst                                                       ; work         ;
;             |cd4:inst4|                         ; 3 (3)             ; 0 (0)        ; 0           ; 0            ; 0       ; 0         ; 0    ; 0            ; |Testiranje|CPU:inst|RegFile32:inst4|RegFile4:inst7|cd4:inst4                                                            ; work         ;
;          |RegFile4:inst8|                       ; 7 (4)             ; 128 (0)      ; 0           ; 0            ; 0       ; 0         ; 0    ; 0            ; |Testiranje|CPU:inst|RegFile32:inst4|RegFile4:inst8                                                                      ; work         ;
;             |RegisterX:inst15|                  ; 0 (0)             ; 32 (32)      ; 0           ; 0            ; 0       ; 0         ; 0    ; 0            ; |Testiranje|CPU:inst|RegFile32:inst4|RegFile4:inst8|RegisterX:inst15                                                     ; work         ;
;             |RegisterX:inst16|                  ; 0 (0)             ; 32 (32)      ; 0           ; 0            ; 0       ; 0         ; 0    ; 0            ; |Testiranje|CPU:inst|RegFile32:inst4|RegFile4:inst8|RegisterX:inst16                                                     ; work         ;
;             |RegisterX:inst501|                 ; 0 (0)             ; 32 (32)      ; 0           ; 0            ; 0       ; 0         ; 0    ; 0            ; |Testiranje|CPU:inst|RegFile32:inst4|RegFile4:inst8|RegisterX:inst501                                                    ; work         ;
;             |RegisterX:inst|                    ; 0 (0)             ; 32 (32)      ; 0           ; 0            ; 0       ; 0         ; 0    ; 0            ; |Testiranje|CPU:inst|RegFile32:inst4|RegFile4:inst8|RegisterX:inst                                                       ; work         ;
;             |cd4:inst4|                         ; 3 (3)             ; 0 (0)        ; 0           ; 0            ; 0       ; 0         ; 0    ; 0            ; |Testiranje|CPU:inst|RegFile32:inst4|RegFile4:inst8|cd4:inst4                                                            ; work         ;
;          |RegFile4:inst9|                       ; 7 (4)             ; 128 (0)      ; 0           ; 0            ; 0       ; 0         ; 0    ; 0            ; |Testiranje|CPU:inst|RegFile32:inst4|RegFile4:inst9                                                                      ; work         ;
;             |RegisterX:inst15|                  ; 0 (0)             ; 32 (32)      ; 0           ; 0            ; 0       ; 0         ; 0    ; 0            ; |Testiranje|CPU:inst|RegFile32:inst4|RegFile4:inst9|RegisterX:inst15                                                     ; work         ;
;             |RegisterX:inst16|                  ; 0 (0)             ; 32 (32)      ; 0           ; 0            ; 0       ; 0         ; 0    ; 0            ; |Testiranje|CPU:inst|RegFile32:inst4|RegFile4:inst9|RegisterX:inst16                                                     ; work         ;
;             |RegisterX:inst501|                 ; 0 (0)             ; 32 (32)      ; 0           ; 0            ; 0       ; 0         ; 0    ; 0            ; |Testiranje|CPU:inst|RegFile32:inst4|RegFile4:inst9|RegisterX:inst501                                                    ; work         ;
;             |RegisterX:inst|                    ; 0 (0)             ; 32 (32)      ; 0           ; 0            ; 0       ; 0         ; 0    ; 0            ; |Testiranje|CPU:inst|RegFile32:inst4|RegFile4:inst9|RegisterX:inst                                                       ; work         ;
;             |cd4:inst4|                         ; 3 (3)             ; 0 (0)        ; 0           ; 0            ; 0       ; 0         ; 0    ; 0            ; |Testiranje|CPU:inst|RegFile32:inst4|RegFile4:inst9|cd4:inst4                                                            ; work         ;
;          |RegFile4:inst|                        ; 7 (4)             ; 96 (0)       ; 0           ; 0            ; 0       ; 0         ; 0    ; 0            ; |Testiranje|CPU:inst|RegFile32:inst4|RegFile4:inst                                                                       ; work         ;
;             |RegisterX:inst15|                  ; 0 (0)             ; 32 (32)      ; 0           ; 0            ; 0       ; 0         ; 0    ; 0            ; |Testiranje|CPU:inst|RegFile32:inst4|RegFile4:inst|RegisterX:inst15                                                      ; work         ;
;             |RegisterX:inst16|                  ; 0 (0)             ; 32 (32)      ; 0           ; 0            ; 0       ; 0         ; 0    ; 0            ; |Testiranje|CPU:inst|RegFile32:inst4|RegFile4:inst|RegisterX:inst16                                                      ; work         ;
;             |RegisterX:inst|                    ; 0 (0)             ; 32 (32)      ; 0           ; 0            ; 0       ; 0         ; 0    ; 0            ; |Testiranje|CPU:inst|RegFile32:inst4|RegFile4:inst|RegisterX:inst                                                        ; work         ;
;             |cd4:inst4|                         ; 2 (2)             ; 0 (0)        ; 0           ; 0            ; 0       ; 0         ; 0    ; 0            ; |Testiranje|CPU:inst|RegFile32:inst4|RegFile4:inst|cd4:inst4                                                             ; work         ;
;             |dc4:inst3|                         ; 1 (0)             ; 0 (0)        ; 0           ; 0            ; 0       ; 0         ; 0    ; 0            ; |Testiranje|CPU:inst|RegFile32:inst4|RegFile4:inst|dc4:inst3                                                             ; work         ;
;                |dc2:inst2|                      ; 1 (1)             ; 0 (0)        ; 0           ; 0            ; 0       ; 0         ; 0    ; 0            ; |Testiranje|CPU:inst|RegFile32:inst4|RegFile4:inst|dc4:inst3|dc2:inst2                                                   ; work         ;
;       |RegisterX:inst23|                        ; 42 (42)           ; 32 (32)      ; 0           ; 0            ; 0       ; 0         ; 0    ; 0            ; |Testiranje|CPU:inst|RegisterX:inst23                                                                                    ; work         ;
;       |RegisterX:inst28|                        ; 0 (0)             ; 17 (17)      ; 0           ; 0            ; 0       ; 0         ; 0    ; 0            ; |Testiranje|CPU:inst|RegisterX:inst28                                                                                    ; work         ;
;       |pulse_gen:inst64|                        ; 1 (1)             ; 2 (2)        ; 0           ; 0            ; 0       ; 0         ; 0    ; 0            ; |Testiranje|CPU:inst|pulse_gen:inst64                                                                                    ; work         ;
;    |KPHex:inst12|                               ; 2 (2)             ; 16 (0)       ; 0           ; 0            ; 0       ; 0         ; 0    ; 0            ; |Testiranje|KPHex:inst12                                                                                                 ; work         ;
;       |RegisterX:inst30|                        ; 0 (0)             ; 16 (16)      ; 0           ; 0            ; 0       ; 0         ; 0    ; 0            ; |Testiranje|KPHex:inst12|RegisterX:inst30                                                                                ; work         ;
;    |KPTastature:inst11|                         ; 34 (12)           ; 82 (3)       ; 0           ; 0            ; 0       ; 0         ; 0    ; 0            ; |Testiranje|KPTastature:inst11                                                                                           ; work         ;
;       |KeyFetch:inst|                           ; 11 (5)            ; 35 (28)      ; 0           ; 0            ; 0       ; 0         ; 0    ; 0            ; |Testiranje|KPTastature:inst11|KeyFetch:inst                                                                             ; work         ;
;          |Debouncer:inst39|                     ; 5 (2)             ; 5 (2)        ; 0           ; 0            ; 0       ; 0         ; 0    ; 0            ; |Testiranje|KPTastature:inst11|KeyFetch:inst|Debouncer:inst39                                                            ; work         ;
;             |Register:inst2|                    ; 1 (1)             ; 1 (1)        ; 0           ; 0            ; 0       ; 0         ; 0    ; 0            ; |Testiranje|KPTastature:inst11|KeyFetch:inst|Debouncer:inst39|Register:inst2                                             ; work         ;
;             |Register:inst3|                    ; 1 (1)             ; 1 (1)        ; 0           ; 0            ; 0       ; 0         ; 0    ; 0            ; |Testiranje|KPTastature:inst11|KeyFetch:inst|Debouncer:inst39|Register:inst3                                             ; work         ;
;             |Register:inst4|                    ; 1 (1)             ; 1 (1)        ; 0           ; 0            ; 0       ; 0         ; 0    ; 0            ; |Testiranje|KPTastature:inst11|KeyFetch:inst|Debouncer:inst39|Register:inst4                                             ; work         ;
;          |RisingEdgeDetector:inst38|            ; 1 (1)             ; 2 (2)        ; 0           ; 0            ; 0       ; 0         ; 0    ; 0            ; |Testiranje|KPTastature:inst11|KeyFetch:inst|RisingEdgeDetector:inst38                                                   ; work         ;
;       |RegisterX:inst29|                        ; 0 (0)             ; 32 (32)      ; 0           ; 0            ; 0       ; 0         ; 0    ; 0            ; |Testiranje|KPTastature:inst11|RegisterX:inst29                                                                          ; work         ;
;       |RegisterX:inst3|                         ; 11 (11)           ; 10 (10)      ; 0           ; 0            ; 0       ; 0         ; 0    ; 0            ; |Testiranje|KPTastature:inst11|RegisterX:inst3                                                                           ; work         ;
;       |RisingEdgeDetector:inst48|               ; 0 (0)             ; 2 (2)        ; 0           ; 0            ; 0       ; 0         ; 0    ; 0            ; |Testiranje|KPTastature:inst11|RisingEdgeDetector:inst48                                                                 ; work         ;
;    |KPVGA:inst15|                               ; 256 (11)          ; 128 (2)      ; 3072        ; 0            ; 0       ; 0         ; 0    ; 0            ; |Testiranje|KPVGA:inst15                                                                                                 ; work         ;
;       |RegisterX:inst29|                        ; 0 (0)             ; 2 (2)        ; 0           ; 0            ; 0       ; 0         ; 0    ; 0            ; |Testiranje|KPVGA:inst15|RegisterX:inst29                                                                                ; work         ;
;       |RegisterX:inst30|                        ; 6 (6)             ; 12 (12)      ; 0           ; 0            ; 0       ; 0         ; 0    ; 0            ; |Testiranje|KPVGA:inst15|RegisterX:inst30                                                                                ; work         ;
;       |RegisterX:inst31|                        ; 8 (8)             ; 8 (8)        ; 0           ; 0            ; 0       ; 0         ; 0    ; 0            ; |Testiranje|KPVGA:inst15|RegisterX:inst31                                                                                ; work         ;
;       |RegisterX:inst32|                        ; 0 (0)             ; 12 (12)      ; 0           ; 0            ; 0       ; 0         ; 0    ; 0            ; |Testiranje|KPVGA:inst15|RegisterX:inst32                                                                                ; work         ;
;       |RegisterX:inst33|                        ; 0 (0)             ; 8 (8)        ; 0           ; 0            ; 0       ; 0         ; 0    ; 0            ; |Testiranje|KPVGA:inst15|RegisterX:inst33                                                                                ; work         ;
;       |RisingEdgeDetector:inst48|               ; 0 (0)             ; 2 (2)        ; 0           ; 0            ; 0       ; 0         ; 0    ; 0            ; |Testiranje|KPVGA:inst15|RisingEdgeDetector:inst48                                                                       ; work         ;
;       |VGAPer:inst|                             ; 231 (33)          ; 82 (4)       ; 3072        ; 0            ; 0       ; 0         ; 0    ; 0            ; |Testiranje|KPVGA:inst15|VGAPer:inst                                                                                     ; work         ;
;          |ALUX:inst25|                          ; 5 (5)             ; 0 (0)        ; 0           ; 0            ; 0       ; 0         ; 0    ; 0            ; |Testiranje|KPVGA:inst15|VGAPer:inst|ALUX:inst25                                                                         ; work         ;
;          |ALUX:inst26|                          ; 14 (14)           ; 0 (0)        ; 0           ; 0            ; 0       ; 0         ; 0    ; 0            ; |Testiranje|KPVGA:inst15|VGAPer:inst|ALUX:inst26                                                                         ; work         ;
;          |ComparatorX:inst14|                   ; 1 (1)             ; 0 (0)        ; 0           ; 0            ; 0       ; 0         ; 0    ; 0            ; |Testiranje|KPVGA:inst15|VGAPer:inst|ComparatorX:inst14                                                                  ; work         ;
;          |ComparatorX:inst17|                   ; 1 (1)             ; 0 (0)        ; 0           ; 0            ; 0       ; 0         ; 0    ; 0            ; |Testiranje|KPVGA:inst15|VGAPer:inst|ComparatorX:inst17                                                                  ; work         ;
;          |ComparatorX:inst32|                   ; 3 (3)             ; 0 (0)        ; 0           ; 0            ; 0       ; 0         ; 0    ; 0            ; |Testiranje|KPVGA:inst15|VGAPer:inst|ComparatorX:inst32                                                                  ; work         ;
;          |ComparatorX:inst35|                   ; 2 (2)             ; 0 (0)        ; 0           ; 0            ; 0       ; 0         ; 0    ; 0            ; |Testiranje|KPVGA:inst15|VGAPer:inst|ComparatorX:inst35                                                                  ; work         ;
;          |ComparatorX:inst37|                   ; 2 (2)             ; 0 (0)        ; 0           ; 0            ; 0       ; 0         ; 0    ; 0            ; |Testiranje|KPVGA:inst15|VGAPer:inst|ComparatorX:inst37                                                                  ; work         ;
;          |ComparatorX:inst71|                   ; 3 (3)             ; 0 (0)        ; 0           ; 0            ; 0       ; 0         ; 0    ; 0            ; |Testiranje|KPVGA:inst15|VGAPer:inst|ComparatorX:inst71                                                                  ; work         ;
;          |ComparatorX:inst72|                   ; 1 (1)             ; 0 (0)        ; 0           ; 0            ; 0       ; 0         ; 0    ; 0            ; |Testiranje|KPVGA:inst15|VGAPer:inst|ComparatorX:inst72                                                                  ; work         ;
;          |ComparatorX:inst73|                   ; 3 (3)             ; 0 (0)        ; 0           ; 0            ; 0       ; 0         ; 0    ; 0            ; |Testiranje|KPVGA:inst15|VGAPer:inst|ComparatorX:inst73                                                                  ; work         ;
;          |Controller:inst4|                     ; 66 (14)           ; 21 (0)       ; 0           ; 0            ; 0       ; 0         ; 0    ; 0            ; |Testiranje|KPVGA:inst15|VGAPer:inst|Controller:inst4                                                                    ; work         ;
;             |ComparatorX:inst13|                ; 1 (1)             ; 0 (0)        ; 0           ; 0            ; 0       ; 0         ; 0    ; 0            ; |Testiranje|KPVGA:inst15|VGAPer:inst|Controller:inst4|ComparatorX:inst13                                                 ; work         ;
;             |ComparatorX:inst18|                ; 2 (2)             ; 0 (0)        ; 0           ; 0            ; 0       ; 0         ; 0    ; 0            ; |Testiranje|KPVGA:inst15|VGAPer:inst|Controller:inst4|ComparatorX:inst18                                                 ; work         ;
;             |ComparatorX:inst2|                 ; 4 (4)             ; 0 (0)        ; 0           ; 0            ; 0       ; 0         ; 0    ; 0            ; |Testiranje|KPVGA:inst15|VGAPer:inst|Controller:inst4|ComparatorX:inst2                                                  ; work         ;
;             |RegisterX:inst3|                   ; 21 (21)           ; 10 (10)      ; 0           ; 0            ; 0       ; 0         ; 0    ; 0            ; |Testiranje|KPVGA:inst15|VGAPer:inst|Controller:inst4|RegisterX:inst3                                                    ; work         ;
;             |RegisterX:inst|                    ; 24 (24)           ; 11 (11)      ; 0           ; 0            ; 0       ; 0         ; 0    ; 0            ; |Testiranje|KPVGA:inst15|VGAPer:inst|Controller:inst4|RegisterX:inst                                                     ; work         ;
;          |Layer1:inst5|                         ; 13 (4)            ; 12 (0)       ; 0           ; 0            ; 0       ; 0         ; 0    ; 0            ; |Testiranje|KPVGA:inst15|VGAPer:inst|Layer1:inst5                                                                        ; work         ;
;             |ComparatorX:inst11|                ; 2 (2)             ; 0 (0)        ; 0           ; 0            ; 0       ; 0         ; 0    ; 0            ; |Testiranje|KPVGA:inst15|VGAPer:inst|Layer1:inst5|ComparatorX:inst11                                                     ; work         ;
;             |ComparatorX:inst12|                ; 3 (3)             ; 0 (0)        ; 0           ; 0            ; 0       ; 0         ; 0    ; 0            ; |Testiranje|KPVGA:inst15|VGAPer:inst|Layer1:inst5|ComparatorX:inst12                                                     ; work         ;
;             |ComparatorX:inst7|                 ; 3 (3)             ; 0 (0)        ; 0           ; 0            ; 0       ; 0         ; 0    ; 0            ; |Testiranje|KPVGA:inst15|VGAPer:inst|Layer1:inst5|ComparatorX:inst7                                                      ; work         ;
;             |RegisterX:inst8|                   ; 1 (1)             ; 12 (12)      ; 0           ; 0            ; 0       ; 0         ; 0    ; 0            ; |Testiranje|KPVGA:inst15|VGAPer:inst|Layer1:inst5|RegisterX:inst8                                                        ; work         ;
;          |Layer2:inst18|                        ; 9 (5)             ; 12 (0)       ; 0           ; 0            ; 0       ; 0         ; 0    ; 0            ; |Testiranje|KPVGA:inst15|VGAPer:inst|Layer2:inst18                                                                       ; work         ;
;             |ComparatorX:inst11|                ; 2 (2)             ; 0 (0)        ; 0           ; 0            ; 0       ; 0         ; 0    ; 0            ; |Testiranje|KPVGA:inst15|VGAPer:inst|Layer2:inst18|ComparatorX:inst11                                                    ; work         ;
;             |ComparatorX:inst7|                 ; 1 (1)             ; 0 (0)        ; 0           ; 0            ; 0       ; 0         ; 0    ; 0            ; |Testiranje|KPVGA:inst15|VGAPer:inst|Layer2:inst18|ComparatorX:inst7                                                     ; work         ;
;             |ComparatorX:inst9|                 ; 1 (1)             ; 0 (0)        ; 0           ; 0            ; 0       ; 0         ; 0    ; 0            ; |Testiranje|KPVGA:inst15|VGAPer:inst|Layer2:inst18|ComparatorX:inst9                                                     ; work         ;
;             |RegisterX:inst8|                   ; 0 (0)             ; 12 (12)      ; 0           ; 0            ; 0       ; 0         ; 0    ; 0            ; |Testiranje|KPVGA:inst15|VGAPer:inst|Layer2:inst18|RegisterX:inst8                                                       ; work         ;
;          |MX8:inst82|                           ; 4 (0)             ; 0 (0)        ; 0           ; 0            ; 0       ; 0         ; 0    ; 0            ; |Testiranje|KPVGA:inst15|VGAPer:inst|MX8:inst82                                                                          ; work         ;
;             |MX4:inst2|                         ; 4 (0)             ; 0 (0)        ; 0           ; 0            ; 0       ; 0         ; 0    ; 0            ; |Testiranje|KPVGA:inst15|VGAPer:inst|MX8:inst82|MX4:inst2                                                                ; work         ;
;                |MultiplexerX:inst2|             ; 4 (4)             ; 0 (0)        ; 0           ; 0            ; 0       ; 0         ; 0    ; 0            ; |Testiranje|KPVGA:inst15|VGAPer:inst|MX8:inst82|MX4:inst2|MultiplexerX:inst2                                             ; work         ;
;          |MultiplexerX:inst85|                  ; 12 (12)           ; 0 (0)        ; 0           ; 0            ; 0       ; 0         ; 0    ; 0            ; |Testiranje|KPVGA:inst15|VGAPer:inst|MultiplexerX:inst85                                                                 ; work         ;
;          |RegisterX:inst10|                     ; 7 (7)             ; 5 (5)        ; 0           ; 0            ; 0       ; 0         ; 0    ; 0            ; |Testiranje|KPVGA:inst15|VGAPer:inst|RegisterX:inst10                                                                    ; work         ;
;          |RegisterX:inst11|                     ; 5 (5)             ; 5 (5)        ; 0           ; 0            ; 0       ; 0         ; 0    ; 0            ; |Testiranje|KPVGA:inst15|VGAPer:inst|RegisterX:inst11                                                                    ; work         ;
;          |RegisterX:inst12|                     ; 10 (10)           ; 5 (5)        ; 0           ; 0            ; 0       ; 0         ; 0    ; 0            ; |Testiranje|KPVGA:inst15|VGAPer:inst|RegisterX:inst12                                                                    ; work         ;
;          |RegisterX:inst13|                     ; 10 (10)           ; 5 (5)        ; 0           ; 0            ; 0       ; 0         ; 0    ; 0            ; |Testiranje|KPVGA:inst15|VGAPer:inst|RegisterX:inst13                                                                    ; work         ;
;          |RegisterX:inst59|                     ; 1 (1)             ; 1 (1)        ; 0           ; 0            ; 0       ; 0         ; 0    ; 0            ; |Testiranje|KPVGA:inst15|VGAPer:inst|RegisterX:inst59                                                                    ; work         ;
;          |RegisterX:inst60|                     ; 4 (4)             ; 2 (2)        ; 0           ; 0            ; 0       ; 0         ; 0    ; 0            ; |Testiranje|KPVGA:inst15|VGAPer:inst|RegisterX:inst60                                                                    ; work         ;
;          |RegisterX:inst61|                     ; 10 (10)           ; 5 (5)        ; 0           ; 0            ; 0       ; 0         ; 0    ; 0            ; |Testiranje|KPVGA:inst15|VGAPer:inst|RegisterX:inst61                                                                    ; work         ;
;          |RegisterX:inst62|                     ; 12 (12)           ; 5 (5)        ; 0           ; 0            ; 0       ; 0         ; 0    ; 0            ; |Testiranje|KPVGA:inst15|VGAPer:inst|RegisterX:inst62                                                                    ; work         ;
;          |VideoRAM:inst9|                       ; 0 (0)             ; 0 (0)        ; 3072        ; 0            ; 0       ; 0         ; 0    ; 0            ; |Testiranje|KPVGA:inst15|VGAPer:inst|VideoRAM:inst9                                                                      ; work         ;
;             |altsyncram:altsyncram_component|   ; 0 (0)             ; 0 (0)        ; 3072        ; 0            ; 0       ; 0         ; 0    ; 0            ; |Testiranje|KPVGA:inst15|VGAPer:inst|VideoRAM:inst9|altsyncram:altsyncram_component                                      ; work         ;
;                |altsyncram_tat3:auto_generated| ; 0 (0)             ; 0 (0)        ; 3072        ; 0            ; 0       ; 0         ; 0    ; 0            ; |Testiranje|KPVGA:inst15|VGAPer:inst|VideoRAM:inst9|altsyncram:altsyncram_component|altsyncram_tat3:auto_generated       ; work         ;
;    |memTest:inst9|                              ; 0 (0)             ; 0 (0)        ; 262144      ; 0            ; 0       ; 0         ; 0    ; 0            ; |Testiranje|memTest:inst9                                                                                                ; work         ;
;       |altsyncram:altsyncram_component|         ; 0 (0)             ; 0 (0)        ; 262144      ; 0            ; 0       ; 0         ; 0    ; 0            ; |Testiranje|memTest:inst9|altsyncram:altsyncram_component                                                                ; work         ;
;          |altsyncram_dos3:auto_generated|       ; 0 (0)             ; 0 (0)        ; 262144      ; 0            ; 0       ; 0         ; 0    ; 0            ; |Testiranje|memTest:inst9|altsyncram:altsyncram_component|altsyncram_dos3:auto_generated                                 ; work         ;
;    |seven_segment_display:inst18|               ; 7 (7)             ; 7 (7)        ; 0           ; 0            ; 0       ; 0         ; 0    ; 0            ; |Testiranje|seven_segment_display:inst18                                                                                 ; work         ;
;    |seven_segment_display:inst19|               ; 7 (7)             ; 7 (7)        ; 0           ; 0            ; 0       ; 0         ; 0    ; 0            ; |Testiranje|seven_segment_display:inst19                                                                                 ; work         ;
;    |seven_segment_display:inst20|               ; 7 (7)             ; 7 (7)        ; 0           ; 0            ; 0       ; 0         ; 0    ; 0            ; |Testiranje|seven_segment_display:inst20                                                                                 ; work         ;
;    |seven_segment_display:inst21|               ; 7 (7)             ; 7 (7)        ; 0           ; 0            ; 0       ; 0         ; 0    ; 0            ; |Testiranje|seven_segment_display:inst21                                                                                 ; work         ;
+-------------------------------------------------+-------------------+--------------+-------------+--------------+---------+-----------+------+--------------+--------------------------------------------------------------------------------------------------------------------------+--------------+
Note: For table entries with two numbers listed, the numbers in parentheses indicate the number of resources of the given type used by the specific entity alone. The numbers listed outside of parentheses indicate the total resources of the given type used by the specific entity and all of its sub-entities in the hierarchy.


+----------------------------------------------------------------------------------------------------------------------------------------------------------------------------------------------------------------------------------+
; Analysis & Synthesis RAM Summary                                                                                                                                                                                                 ;
+-------------------------------------------------------------------------------------------------------------------+------+-------------+--------------+--------------+--------------+--------------+--------+--------------------+
; Name                                                                                                              ; Type ; Mode        ; Port A Depth ; Port A Width ; Port B Depth ; Port B Width ; Size   ; MIF                ;
+-------------------------------------------------------------------------------------------------------------------+------+-------------+--------------+--------------+--------------+--------------+--------+--------------------+
; KPVGA:inst15|VGAPer:inst|VideoRAM:inst9|altsyncram:altsyncram_component|altsyncram_tat3:auto_generated|ALTSYNCRAM ; AUTO ; Single Port ; 256          ; 12           ; --           ; --           ; 3072   ; ../tetrisScene.mif ;
; memTest:inst9|altsyncram:altsyncram_component|altsyncram_dos3:auto_generated|ALTSYNCRAM                           ; M9K  ; Single Port ; 8192         ; 32           ; --           ; --           ; 262144 ; ../tetris.mif      ;
+-------------------------------------------------------------------------------------------------------------------+------+-------------+--------------+--------------+--------------+--------------+--------+--------------------+


+-------------------------------------------------------------------------------------------------------------------------------------------------------------------------------------------------------------+
; Analysis & Synthesis IP Cores Summary                                                                                                                                                                       ;
+--------+--------------+---------+--------------+--------------+-------------------------------------------------------------+-------------------------------------------------------------------------------+
; Vendor ; IP Core Name ; Version ; Release Date ; License Type ; Entity Instance                                             ; IP Include File                                                               ;
+--------+--------------+---------+--------------+--------------+-------------------------------------------------------------+-------------------------------------------------------------------------------+
; Altera ; LPM_ADD_SUB  ; N/A     ; N/A          ; N/A          ; |Testiranje|CPU:inst|ExecuteFaza:inst46|lpm_add_sub0:inst28 ; C:/Users/TEMP/Desktop/AR-project-Tetris/quartus/execute faza/lpm_add_sub0.vhd ;
; Altera ; RAM: 1-PORT  ; N/A     ; N/A          ; N/A          ; |Testiranje|memTest:inst9                                   ; C:/Users/TEMP/Desktop/AR-project-Tetris/quartus/execute faza/memtest.vhd      ;
; Altera ; RAM: 1-PORT  ; N/A     ; N/A          ; N/A          ; |Testiranje|KPVGA:inst15|VGAPer:inst|VideoRAM:inst9         ; C:/Users/TEMP/Desktop/AR-project-Tetris/quartus/execute faza/videoram.vhd     ;
+--------+--------------+---------+--------------+--------------+-------------------------------------------------------------+-------------------------------------------------------------------------------+


+------------------------------------------------------------+
; Logic Cells Representing Combinational Loops               ;
+--------------------------------------------------------+---+
; Logic Cell Name                                        ;   ;
+--------------------------------------------------------+---+
; CPU:inst|InterruptFaza:inst12|inst~0                   ;   ;
; Number of logic cells representing combinational loops ; 1 ;
+--------------------------------------------------------+---+
Note: All cells listed above may not be present at the end of synthesis due to various synthesis optimizations.


+--------------------------------------------------------------------------------------------------------------------------+
; Registers Removed During Synthesis                                                                                       ;
+----------------------------------------------------------------------+---------------------------------------------------+
; Register name                                                        ; Reason for Removal                                ;
+----------------------------------------------------------------------+---------------------------------------------------+
; CPU:inst|RegFile32:inst4|RegisterX:inst501|data[0..31]               ; Stuck at GND due to stuck port clock              ;
; CPU:inst|ExecuteFaza:inst46|inst1                                    ; Stuck at VCC due to stuck port preset             ;
; CPU:inst|ExecuteFaza:inst46|inst51                                   ; Stuck at VCC due to stuck port preset             ;
; CPU:inst|FetchFaza:inst24|inst12                                     ; Stuck at VCC due to stuck port preset             ;
; KPHex:inst12|RegisterX:inst30|data[16..31]                           ; Lost fanout                                       ;
; KPVGA:inst15|RegisterX:inst33|data[8..31]                            ; Lost fanout                                       ;
; KPVGA:inst15|RegisterX:inst32|data[12..31]                           ; Lost fanout                                       ;
; KPVGA:inst15|RegisterX:inst30|data[12..31]                           ; Lost fanout                                       ;
; KPVGA:inst15|RegisterX:inst29|data[2..31]                            ; Lost fanout                                       ;
; KPVGA:inst15|RegisterX:inst31|data[8..31]                            ; Lost fanout                                       ;
; CPU:inst|RegisterX:inst28|data[13..25,30,31]                         ; Lost fanout                                       ;
; CPU:inst|CSRegFile:inst31|RegisterX:inst|data[11]                    ; Lost fanout                                       ;
; CPU:inst|CSRegFile:inst31|RegisterX:inst8|data[3,7]                  ; Lost fanout                                       ;
; CPU:inst|CSRegFile:inst31|RegisterX:inst53|data[11]                  ; Lost fanout                                       ;
; CPU:inst|CSRegFile:inst31|inst97                                     ; Stuck at VCC due to stuck port data_in            ;
; KPTastature:inst11|KeyFetch:inst|inst23                              ; Merged with KPTastature:inst11|KeyFetch:inst|inst ;
; CPU:inst|InterruptFaza:inst12|inst40                                 ; Stuck at GND due to stuck port data_in            ;
; CPU:inst|InterruptFaza:inst12|inst41                                 ; Stuck at GND due to stuck port data_in            ;
; CPU:inst|RegFile32:inst4|RegFile4:inst|RegisterX:inst501|data[0..31] ; Stuck at GND due to stuck port clock_enable       ;
; Total Number of Removed Registers = 224                              ;                                                   ;
+----------------------------------------------------------------------+---------------------------------------------------+


+------------------------------------------------------+
; General Register Statistics                          ;
+----------------------------------------------+-------+
; Statistic                                    ; Value ;
+----------------------------------------------+-------+
; Total registers                              ; 1802  ;
; Number of registers using Synchronous Clear  ; 11    ;
; Number of registers using Synchronous Load   ; 153   ;
; Number of registers using Asynchronous Clear ; 1     ;
; Number of registers using Asynchronous Load  ; 0     ;
; Number of registers using Clock Enable       ; 1631  ;
; Number of registers using Preset             ; 0     ;
+----------------------------------------------+-------+


+--------------------------------------------------------------------------+
; Inverted Register Statistics                                             ;
+----------------------------------------------------------------+---------+
; Inverted Register                                              ; Fan out ;
+----------------------------------------------------------------+---------+
; CPU:inst|FetchFaza:inst24|RegisterX:inst2|data[4]              ; 26      ;
; CPU:inst|FetchFaza:inst24|RegisterX:inst2|data[1]              ; 5       ;
; CPU:inst|FetchFaza:inst24|RegisterX:inst2|data[0]              ; 5       ;
; KPVGA:inst15|VGAPer:inst|Layer1:inst5|RegisterX:inst8|data[11] ; 1       ;
; KPTastature:inst11|RegisterX:inst3|data[3]                     ; 1       ;
; KPTastature:inst11|RegisterX:inst3|data[0]                     ; 1       ;
; KPTastature:inst11|RegisterX:inst3|data[5]                     ; 1       ;
; CPU:inst|inst6                                                 ; 2       ;
; Total number of inverted registers = 8                         ;         ;
+----------------------------------------------------------------+---------+


+---------------------------------------------------------------------------------------------------------------------------------------------------------------------------------------------+
; Multiplexer Restructuring Statistics (Restructuring Performed)                                                                                                                              ;
+--------------------+-----------+---------------+----------------------+------------------------+------------+-------------------------------------------------------------------------------+
; Multiplexer Inputs ; Bus Width ; Baseline Area ; Area if Restructured ; Saving if Restructured ; Registered ; Example Multiplexer Output                                                    ;
+--------------------+-----------+---------------+----------------------+------------------------+------------+-------------------------------------------------------------------------------+
; 3:1                ; 5 bits    ; 10 LEs        ; 5 LEs                ; 5 LEs                  ; Yes        ; |Testiranje|KPVGA:inst15|VGAPer:inst|RegisterX:inst12|data[0]                 ;
; 3:1                ; 5 bits    ; 10 LEs        ; 5 LEs                ; 5 LEs                  ; Yes        ; |Testiranje|KPVGA:inst15|VGAPer:inst|RegisterX:inst61|data[3]                 ;
; 3:1                ; 10 bits   ; 20 LEs        ; 10 LEs               ; 10 LEs                 ; Yes        ; |Testiranje|KPVGA:inst15|VGAPer:inst|Controller:inst4|RegisterX:inst3|data[1] ;
; 3:1                ; 2 bits    ; 4 LEs         ; 2 LEs                ; 2 LEs                  ; Yes        ; |Testiranje|KPVGA:inst15|VGAPer:inst|RegisterX:inst60|data[1]                 ;
; 3:1                ; 5 bits    ; 10 LEs        ; 5 LEs                ; 5 LEs                  ; Yes        ; |Testiranje|KPVGA:inst15|VGAPer:inst|RegisterX:inst62|data[1]                 ;
; 3:1                ; 7 bits    ; 14 LEs        ; 7 LEs                ; 7 LEs                  ; Yes        ; |Testiranje|KPTastature:inst11|RegisterX:inst3|data[6]                        ;
; 3:1                ; 8 bits    ; 16 LEs        ; 8 LEs                ; 8 LEs                  ; Yes        ; |Testiranje|KPVGA:inst15|RegisterX:inst31|data[4]                             ;
; 3:1                ; 5 bits    ; 10 LEs        ; 5 LEs                ; 5 LEs                  ; Yes        ; |Testiranje|KPVGA:inst15|VGAPer:inst|RegisterX:inst11|data[2]                 ;
; 3:1                ; 12 bits   ; 24 LEs        ; 12 LEs               ; 12 LEs                 ; Yes        ; |Testiranje|KPVGA:inst15|RegisterX:inst30|data[10]                            ;
; 3:1                ; 5 bits    ; 10 LEs        ; 5 LEs                ; 5 LEs                  ; Yes        ; |Testiranje|KPVGA:inst15|VGAPer:inst|RegisterX:inst13|data[1]                 ;
; 3:1                ; 5 bits    ; 10 LEs        ; 5 LEs                ; 5 LEs                  ; Yes        ; |Testiranje|KPVGA:inst15|VGAPer:inst|RegisterX:inst10|data[4]                 ;
; 3:1                ; 11 bits   ; 22 LEs        ; 11 LEs               ; 11 LEs                 ; Yes        ; |Testiranje|KPVGA:inst15|VGAPer:inst|Controller:inst4|RegisterX:inst|data[9]  ;
; 3:1                ; 32 bits   ; 64 LEs        ; 32 LEs               ; 32 LEs                 ; Yes        ; |Testiranje|CPU:inst|CSRegFile:inst31|RegisterX:inst65|data[30]               ;
; 4:1                ; 30 bits   ; 60 LEs        ; 60 LEs               ; 0 LEs                  ; Yes        ; |Testiranje|CPU:inst|PC:inst8|data[19]                                        ;
; 3:1                ; 3 bits    ; 6 LEs         ; 3 LEs                ; 3 LEs                  ; Yes        ; |Testiranje|KPTastature:inst11|RegisterX:inst3|data[5]                        ;
; 3:1                ; 5 bits    ; 10 LEs        ; 10 LEs               ; 0 LEs                  ; No         ; |Testiranje|CPU:inst|MultiplexerX:inst14|Y[1]                                 ;
; 3:1                ; 32 bits   ; 64 LEs        ; 64 LEs               ; 0 LEs                  ; No         ; |Testiranje|CPU:inst|ExecuteFaza:inst46|MultiplexerX:inst27|Y[28]             ;
; 3:1                ; 12 bits   ; 24 LEs        ; 24 LEs               ; 0 LEs                  ; No         ; |Testiranje|CPU:inst|ExecuteFaza:inst46|MultiplexerX:inst11|Y[30]             ;
; 3:1                ; 26 bits   ; 52 LEs        ; 52 LEs               ; 0 LEs                  ; No         ; |Testiranje|CPU:inst|MultiplexerX:inst33|Y[21]                                ;
; 3:1                ; 6 bits    ; 12 LEs        ; 12 LEs               ; 0 LEs                  ; No         ; |Testiranje|CPU:inst|MultiplexerX:inst33|Y[0]                                 ;
; 4:1                ; 20 bits   ; 40 LEs        ; 40 LEs               ; 0 LEs                  ; No         ; |Testiranje|CPU:inst|ExecuteFaza:inst46|MultiplexerX:inst11|Y[2]              ;
; 6:1                ; 31 bits   ; 124 LEs       ; 124 LEs              ; 0 LEs                  ; No         ; |Testiranje|CPU:inst|ExecuteFaza:inst46|MultiplexerX:inst60|Y[26]             ;
; 14:1               ; 7 bits    ; 63 LEs        ; 49 LEs               ; 14 LEs                 ; No         ; |Testiranje|CPU:inst|ExecuteFaza:inst46|ALUX:inst|Mux20                       ;
; 15:1               ; 7 bits    ; 70 LEs        ; 49 LEs               ; 21 LEs                 ; No         ; |Testiranje|CPU:inst|ExecuteFaza:inst46|ALUX:inst|Mux8                        ;
; 15:1               ; 4 bits    ; 40 LEs        ; 32 LEs               ; 8 LEs                  ; No         ; |Testiranje|CPU:inst|ExecuteFaza:inst46|ALUX:inst|Mux25                       ;
; 16:1               ; 4 bits    ; 40 LEs        ; 32 LEs               ; 8 LEs                  ; No         ; |Testiranje|CPU:inst|ExecuteFaza:inst46|ALUX:inst|Mux6                        ;
; 17:1               ; 2 bits    ; 22 LEs        ; 18 LEs               ; 4 LEs                  ; No         ; |Testiranje|CPU:inst|ExecuteFaza:inst46|ALUX:inst|Mux3                        ;
; 16:1               ; 2 bits    ; 20 LEs        ; 16 LEs               ; 4 LEs                  ; No         ; |Testiranje|CPU:inst|ExecuteFaza:inst46|ALUX:inst|Mux28                       ;
; 33:1               ; 32 bits   ; 704 LEs       ; 704 LEs              ; 0 LEs                  ; No         ; |Testiranje|CPU:inst|RegFile32:inst4|MultiplexerX:inst12|Y[9]                 ;
+--------------------+-----------+---------------+----------------------+------------------------+------------+-------------------------------------------------------------------------------+


+-------------------------------------------------------------------------------------------------------------------------------+
; Source assignments for KPVGA:inst15|VGAPer:inst|VideoRAM:inst9|altsyncram:altsyncram_component|altsyncram_tat3:auto_generated ;
+---------------------------------+--------------------+------+-----------------------------------------------------------------+
; Assignment                      ; Value              ; From ; To                                                              ;
+---------------------------------+--------------------+------+-----------------------------------------------------------------+
; OPTIMIZE_POWER_DURING_SYNTHESIS ; NORMAL_COMPILATION ; -    ; -                                                               ;
+---------------------------------+--------------------+------+-----------------------------------------------------------------+


+-----------------------------------------------------------------------------------------------------+
; Source assignments for memTest:inst9|altsyncram:altsyncram_component|altsyncram_dos3:auto_generated ;
+---------------------------------+--------------------+------+---------------------------------------+
; Assignment                      ; Value              ; From ; To                                    ;
+---------------------------------+--------------------+------+---------------------------------------+
; OPTIMIZE_POWER_DURING_SYNTHESIS ; NORMAL_COMPILATION ; -    ; -                                     ;
+---------------------------------+--------------------+------+---------------------------------------+


+----------------------------------------------------------------------------------------+
; Parameter Settings for User Entity Instance: CPU:inst|DecodeFaza:inst|RegisterX:inst62 ;
+----------------+-------+---------------------------------------------------------------+
; Parameter Name ; Value ; Type                                                          ;
+----------------+-------+---------------------------------------------------------------+
; size           ; 32    ; Signed Integer                                                ;
; default_value  ; 0     ; Signed Integer                                                ;
+----------------+-------+---------------------------------------------------------------+
Note: In order to hide this table in the UI and the text report file, please set the "Show Parameter Settings in Synthesis Report" option in "Analysis and Synthesis Settings -> More Settings" to "Off".


+----------------------------------------------------------------------------------------+
; Parameter Settings for User Entity Instance: CPU:inst|DecodeFaza:inst|RegisterX:inst63 ;
+----------------+-------+---------------------------------------------------------------+
; Parameter Name ; Value ; Type                                                          ;
+----------------+-------+---------------------------------------------------------------+
; size           ; 32    ; Signed Integer                                                ;
; default_value  ; 0     ; Signed Integer                                                ;
+----------------+-------+---------------------------------------------------------------+
Note: In order to hide this table in the UI and the text report file, please set the "Show Parameter Settings in Synthesis Report" option in "Analysis and Synthesis Settings -> More Settings" to "Off".


+----------------------------------------------------------------------------------------+
; Parameter Settings for User Entity Instance: CPU:inst|DecodeFaza:inst|RegisterX:inst77 ;
+----------------+-------+---------------------------------------------------------------+
; Parameter Name ; Value ; Type                                                          ;
+----------------+-------+---------------------------------------------------------------+
; size           ; 32    ; Signed Integer                                                ;
; default_value  ; 0     ; Signed Integer                                                ;
+----------------+-------+---------------------------------------------------------------+
Note: In order to hide this table in the UI and the text report file, please set the "Show Parameter Settings in Synthesis Report" option in "Analysis and Synthesis Settings -> More Settings" to "Off".


+----------------------------------------------------------------------------------------+
; Parameter Settings for User Entity Instance: CPU:inst|FetchFaza:inst24|RegisterX:inst2 ;
+----------------+-------+---------------------------------------------------------------+
; Parameter Name ; Value ; Type                                                          ;
+----------------+-------+---------------------------------------------------------------+
; size           ; 32    ; Signed Integer                                                ;
; default_value  ; 19    ; Signed Integer                                                ;
+----------------+-------+---------------------------------------------------------------+
Note: In order to hide this table in the UI and the text report file, please set the "Show Parameter Settings in Synthesis Report" option in "Analysis and Synthesis Settings -> More Settings" to "Off".


+---------------------------------------------------------------------------------------------+
; Parameter Settings for User Entity Instance: CPU:inst|ExecuteFaza:inst46|ComparatorX:inst66 ;
+----------------+-------+--------------------------------------------------------------------+
; Parameter Name ; Value ; Type                                                               ;
+----------------+-------+--------------------------------------------------------------------+
; size           ; 32    ; Unsigned Integer                                                   ;
+----------------+-------+--------------------------------------------------------------------+
Note: In order to hide this table in the UI and the text report file, please set the "Show Parameter Settings in Synthesis Report" option in "Analysis and Synthesis Settings -> More Settings" to "Off".


+----------------------------------------------------------------------------------------------+
; Parameter Settings for User Entity Instance: CPU:inst|ExecuteFaza:inst46|MultiplexerX:inst75 ;
+----------------+-------+---------------------------------------------------------------------+
; Parameter Name ; Value ; Type                                                                ;
+----------------+-------+---------------------------------------------------------------------+
; size           ; 32    ; Signed Integer                                                      ;
+----------------+-------+---------------------------------------------------------------------+
Note: In order to hide this table in the UI and the text report file, please set the "Show Parameter Settings in Synthesis Report" option in "Analysis and Synthesis Settings -> More Settings" to "Off".


+----------------------------------------------------------------------------------------------+
; Parameter Settings for User Entity Instance: CPU:inst|ExecuteFaza:inst46|MultiplexerX:inst77 ;
+----------------+-------+---------------------------------------------------------------------+
; Parameter Name ; Value ; Type                                                                ;
+----------------+-------+---------------------------------------------------------------------+
; size           ; 32    ; Signed Integer                                                      ;
+----------------+-------+---------------------------------------------------------------------+
Note: In order to hide this table in the UI and the text report file, please set the "Show Parameter Settings in Synthesis Report" option in "Analysis and Synthesis Settings -> More Settings" to "Off".


+------------------------------------------------------------------------------------+
; Parameter Settings for User Entity Instance: CPU:inst|ExecuteFaza:inst46|ALUX:inst ;
+----------------+-------+-----------------------------------------------------------+
; Parameter Name ; Value ; Type                                                      ;
+----------------+-------+-----------------------------------------------------------+
; size           ; 32    ; Signed Integer                                            ;
+----------------+-------+-----------------------------------------------------------+
Note: In order to hide this table in the UI and the text report file, please set the "Show Parameter Settings in Synthesis Report" option in "Analysis and Synthesis Settings -> More Settings" to "Off".


+----------------------------------------------------------------------------------------------+
; Parameter Settings for User Entity Instance: CPU:inst|ExecuteFaza:inst46|MultiplexerX:inst27 ;
+----------------+-------+---------------------------------------------------------------------+
; Parameter Name ; Value ; Type                                                                ;
+----------------+-------+---------------------------------------------------------------------+
; size           ; 32    ; Signed Integer                                                      ;
+----------------+-------+---------------------------------------------------------------------+
Note: In order to hide this table in the UI and the text report file, please set the "Show Parameter Settings in Synthesis Report" option in "Analysis and Synthesis Settings -> More Settings" to "Off".


+----------------------------------------------------------------------------------------------+
; Parameter Settings for User Entity Instance: CPU:inst|ExecuteFaza:inst46|MultiplexerX:inst65 ;
+----------------+-------+---------------------------------------------------------------------+
; Parameter Name ; Value ; Type                                                                ;
+----------------+-------+---------------------------------------------------------------------+
; size           ; 32    ; Signed Integer                                                      ;
+----------------+-------+---------------------------------------------------------------------+
Note: In order to hide this table in the UI and the text report file, please set the "Show Parameter Settings in Synthesis Report" option in "Analysis and Synthesis Settings -> More Settings" to "Off".


+----------------------------------------------------------------------------------------------+
; Parameter Settings for User Entity Instance: CPU:inst|ExecuteFaza:inst46|MultiplexerX:inst11 ;
+----------------+-------+---------------------------------------------------------------------+
; Parameter Name ; Value ; Type                                                                ;
+----------------+-------+---------------------------------------------------------------------+
; size           ; 32    ; Signed Integer                                                      ;
+----------------+-------+---------------------------------------------------------------------+
Note: In order to hide this table in the UI and the text report file, please set the "Show Parameter Settings in Synthesis Report" option in "Analysis and Synthesis Settings -> More Settings" to "Off".


+----------------------------------------------------------------------------------------------+
; Parameter Settings for User Entity Instance: CPU:inst|ExecuteFaza:inst46|MultiplexerX:inst10 ;
+----------------+-------+---------------------------------------------------------------------+
; Parameter Name ; Value ; Type                                                                ;
+----------------+-------+---------------------------------------------------------------------+
; size           ; 32    ; Signed Integer                                                      ;
+----------------+-------+---------------------------------------------------------------------+
Note: In order to hide this table in the UI and the text report file, please set the "Show Parameter Settings in Synthesis Report" option in "Analysis and Synthesis Settings -> More Settings" to "Off".


+----------------------------------------------------------------------------------------------+
; Parameter Settings for User Entity Instance: CPU:inst|ExecuteFaza:inst46|MultiplexerX:inst12 ;
+----------------+-------+---------------------------------------------------------------------+
; Parameter Name ; Value ; Type                                                                ;
+----------------+-------+---------------------------------------------------------------------+
; size           ; 32    ; Signed Integer                                                      ;
+----------------+-------+---------------------------------------------------------------------+
Note: In order to hide this table in the UI and the text report file, please set the "Show Parameter Settings in Synthesis Report" option in "Analysis and Synthesis Settings -> More Settings" to "Off".


+-------------------------------------------------------------------------------------------+
; Parameter Settings for User Entity Instance: CPU:inst|ExecuteFaza:inst46|ConstantX:inst49 ;
+----------------+-------+------------------------------------------------------------------+
; Parameter Name ; Value ; Type                                                             ;
+----------------+-------+------------------------------------------------------------------+
; size           ; 32    ; Signed Integer                                                   ;
; const          ; 0     ; Signed Integer                                                   ;
+----------------+-------+------------------------------------------------------------------+
Note: In order to hide this table in the UI and the text report file, please set the "Show Parameter Settings in Synthesis Report" option in "Analysis and Synthesis Settings -> More Settings" to "Off".


+-------------------------------------------------------------------------------------------------------+
; Parameter Settings for User Entity Instance: CPU:inst|ExecuteFaza:inst46|MX8:inst26|MultiplexerX:inst ;
+----------------+-------+------------------------------------------------------------------------------+
; Parameter Name ; Value ; Type                                                                         ;
+----------------+-------+------------------------------------------------------------------------------+
; size           ; 32    ; Signed Integer                                                               ;
+----------------+-------+------------------------------------------------------------------------------+
Note: In order to hide this table in the UI and the text report file, please set the "Show Parameter Settings in Synthesis Report" option in "Analysis and Synthesis Settings -> More Settings" to "Off".


+------------------------------------------------------------------------------------------------------------------+
; Parameter Settings for User Entity Instance: CPU:inst|ExecuteFaza:inst46|MX8:inst26|MX4:inst2|MultiplexerX:inst2 ;
+----------------+-------+-----------------------------------------------------------------------------------------+
; Parameter Name ; Value ; Type                                                                                    ;
+----------------+-------+-----------------------------------------------------------------------------------------+
; size           ; 32    ; Signed Integer                                                                          ;
+----------------+-------+-----------------------------------------------------------------------------------------+
Note: In order to hide this table in the UI and the text report file, please set the "Show Parameter Settings in Synthesis Report" option in "Analysis and Synthesis Settings -> More Settings" to "Off".


+-----------------------------------------------------------------------------------------------------------------+
; Parameter Settings for User Entity Instance: CPU:inst|ExecuteFaza:inst46|MX8:inst26|MX4:inst2|MultiplexerX:inst ;
+----------------+-------+----------------------------------------------------------------------------------------+
; Parameter Name ; Value ; Type                                                                                   ;
+----------------+-------+----------------------------------------------------------------------------------------+
; size           ; 32    ; Signed Integer                                                                         ;
+----------------+-------+----------------------------------------------------------------------------------------+
Note: In order to hide this table in the UI and the text report file, please set the "Show Parameter Settings in Synthesis Report" option in "Analysis and Synthesis Settings -> More Settings" to "Off".


+------------------------------------------------------------------------------------------------------------------+
; Parameter Settings for User Entity Instance: CPU:inst|ExecuteFaza:inst46|MX8:inst26|MX4:inst2|MultiplexerX:inst1 ;
+----------------+-------+-----------------------------------------------------------------------------------------+
; Parameter Name ; Value ; Type                                                                                    ;
+----------------+-------+-----------------------------------------------------------------------------------------+
; size           ; 32    ; Signed Integer                                                                          ;
+----------------+-------+-----------------------------------------------------------------------------------------+
Note: In order to hide this table in the UI and the text report file, please set the "Show Parameter Settings in Synthesis Report" option in "Analysis and Synthesis Settings -> More Settings" to "Off".


+------------------------------------------------------------------------------------------------------------------+
; Parameter Settings for User Entity Instance: CPU:inst|ExecuteFaza:inst46|MX8:inst26|MX4:inst3|MultiplexerX:inst2 ;
+----------------+-------+-----------------------------------------------------------------------------------------+
; Parameter Name ; Value ; Type                                                                                    ;
+----------------+-------+-----------------------------------------------------------------------------------------+
; size           ; 32    ; Signed Integer                                                                          ;
+----------------+-------+-----------------------------------------------------------------------------------------+
Note: In order to hide this table in the UI and the text report file, please set the "Show Parameter Settings in Synthesis Report" option in "Analysis and Synthesis Settings -> More Settings" to "Off".


+-----------------------------------------------------------------------------------------------------------------+
; Parameter Settings for User Entity Instance: CPU:inst|ExecuteFaza:inst46|MX8:inst26|MX4:inst3|MultiplexerX:inst ;
+----------------+-------+----------------------------------------------------------------------------------------+
; Parameter Name ; Value ; Type                                                                                   ;
+----------------+-------+----------------------------------------------------------------------------------------+
; size           ; 32    ; Signed Integer                                                                         ;
+----------------+-------+----------------------------------------------------------------------------------------+
Note: In order to hide this table in the UI and the text report file, please set the "Show Parameter Settings in Synthesis Report" option in "Analysis and Synthesis Settings -> More Settings" to "Off".


+------------------------------------------------------------------------------------------------------------------+
; Parameter Settings for User Entity Instance: CPU:inst|ExecuteFaza:inst46|MX8:inst26|MX4:inst3|MultiplexerX:inst1 ;
+----------------+-------+-----------------------------------------------------------------------------------------+
; Parameter Name ; Value ; Type                                                                                    ;
+----------------+-------+-----------------------------------------------------------------------------------------+
; size           ; 32    ; Signed Integer                                                                          ;
+----------------+-------+-----------------------------------------------------------------------------------------+
Note: In order to hide this table in the UI and the text report file, please set the "Show Parameter Settings in Synthesis Report" option in "Analysis and Synthesis Settings -> More Settings" to "Off".


+-------------------------------------------------------------------------------------------+
; Parameter Settings for User Entity Instance: CPU:inst|ExecuteFaza:inst46|ConstantX:inst50 ;
+----------------+-------+------------------------------------------------------------------+
; Parameter Name ; Value ; Type                                                             ;
+----------------+-------+------------------------------------------------------------------+
; size           ; 29    ; Signed Integer                                                   ;
; const          ; 0     ; Signed Integer                                                   ;
+----------------+-------+------------------------------------------------------------------+
Note: In order to hide this table in the UI and the text report file, please set the "Show Parameter Settings in Synthesis Report" option in "Analysis and Synthesis Settings -> More Settings" to "Off".


+-----------------------------------------------------------------------------------------------+
; Parameter Settings for User Entity Instance: CPU:inst|ExecuteFaza:inst46|MultiplexerX:inst109 ;
+----------------+-------+----------------------------------------------------------------------+
; Parameter Name ; Value ; Type                                                                 ;
+----------------+-------+----------------------------------------------------------------------+
; size           ; 32    ; Signed Integer                                                       ;
+----------------+-------+----------------------------------------------------------------------+
Note: In order to hide this table in the UI and the text report file, please set the "Show Parameter Settings in Synthesis Report" option in "Analysis and Synthesis Settings -> More Settings" to "Off".


+----------------------------------------------------------------------------------------------+
; Parameter Settings for User Entity Instance: CPU:inst|ExecuteFaza:inst46|MultiplexerX:inst60 ;
+----------------+-------+---------------------------------------------------------------------+
; Parameter Name ; Value ; Type                                                                ;
+----------------+-------+---------------------------------------------------------------------+
; size           ; 32    ; Signed Integer                                                      ;
+----------------+-------+---------------------------------------------------------------------+
Note: In order to hide this table in the UI and the text report file, please set the "Show Parameter Settings in Synthesis Report" option in "Analysis and Synthesis Settings -> More Settings" to "Off".


+----------------------------------------------------------------------------------------------+
; Parameter Settings for User Entity Instance: CPU:inst|ExecuteFaza:inst46|MultiplexerX:inst52 ;
+----------------+-------+---------------------------------------------------------------------+
; Parameter Name ; Value ; Type                                                                ;
+----------------+-------+---------------------------------------------------------------------+
; size           ; 32    ; Signed Integer                                                      ;
+----------------+-------+---------------------------------------------------------------------+
Note: In order to hide this table in the UI and the text report file, please set the "Show Parameter Settings in Synthesis Report" option in "Analysis and Synthesis Settings -> More Settings" to "Off".


+----------------------------------------------------------------------------------------------+
; Parameter Settings for User Entity Instance: CPU:inst|ExecuteFaza:inst46|MultiplexerX:inst61 ;
+----------------+-------+---------------------------------------------------------------------+
; Parameter Name ; Value ; Type                                                                ;
+----------------+-------+---------------------------------------------------------------------+
; size           ; 32    ; Signed Integer                                                      ;
+----------------+-------+---------------------------------------------------------------------+
Note: In order to hide this table in the UI and the text report file, please set the "Show Parameter Settings in Synthesis Report" option in "Analysis and Synthesis Settings -> More Settings" to "Off".


+-----------------------------------------------------------------------------------------------+
; Parameter Settings for User Entity Instance: CPU:inst|ExecuteFaza:inst46|MultiplexerX:inst108 ;
+----------------+-------+----------------------------------------------------------------------+
; Parameter Name ; Value ; Type                                                                 ;
+----------------+-------+----------------------------------------------------------------------+
; size           ; 32    ; Signed Integer                                                       ;
+----------------+-------+----------------------------------------------------------------------+
Note: In order to hide this table in the UI and the text report file, please set the "Show Parameter Settings in Synthesis Report" option in "Analysis and Synthesis Settings -> More Settings" to "Off".


+-----------------------------------------------------------------------------------------------+
; Parameter Settings for User Entity Instance: CPU:inst|ExecuteFaza:inst46|MultiplexerX:inst100 ;
+----------------+-------+----------------------------------------------------------------------+
; Parameter Name ; Value ; Type                                                                 ;
+----------------+-------+----------------------------------------------------------------------+
; size           ; 32    ; Signed Integer                                                       ;
+----------------+-------+----------------------------------------------------------------------+
Note: In order to hide this table in the UI and the text report file, please set the "Show Parameter Settings in Synthesis Report" option in "Analysis and Synthesis Settings -> More Settings" to "Off".


+-------------------------------------------------------------------------------------------+
; Parameter Settings for User Entity Instance: CPU:inst|ExecuteFaza:inst46|ConstantX:inst59 ;
+----------------+-------+------------------------------------------------------------------+
; Parameter Name ; Value ; Type                                                             ;
+----------------+-------+------------------------------------------------------------------+
; size           ; 31    ; Signed Integer                                                   ;
; const          ; 0     ; Signed Integer                                                   ;
+----------------+-------+------------------------------------------------------------------+
Note: In order to hide this table in the UI and the text report file, please set the "Show Parameter Settings in Synthesis Report" option in "Analysis and Synthesis Settings -> More Settings" to "Off".


+----------------------------------------------------------------------------------------------+
; Parameter Settings for User Entity Instance: CPU:inst|ExecuteFaza:inst46|MultiplexerX:inst53 ;
+----------------+-------+---------------------------------------------------------------------+
; Parameter Name ; Value ; Type                                                                ;
+----------------+-------+---------------------------------------------------------------------+
; size           ; 1     ; Signed Integer                                                      ;
+----------------+-------+---------------------------------------------------------------------+
Note: In order to hide this table in the UI and the text report file, please set the "Show Parameter Settings in Synthesis Report" option in "Analysis and Synthesis Settings -> More Settings" to "Off".


+--------------------------------------------------------------------------------------------------------------------------------+
; Parameter Settings for User Entity Instance: CPU:inst|ExecuteFaza:inst46|lpm_add_sub0:inst28|lpm_add_sub:LPM_ADD_SUB_component ;
+------------------------+-------------+-----------------------------------------------------------------------------------------+
; Parameter Name         ; Value       ; Type                                                                                    ;
+------------------------+-------------+-----------------------------------------------------------------------------------------+
; LPM_WIDTH              ; 32          ; Signed Integer                                                                          ;
; LPM_REPRESENTATION     ; UNSIGNED    ; Untyped                                                                                 ;
; LPM_DIRECTION          ; ADD         ; Untyped                                                                                 ;
; ONE_INPUT_IS_CONSTANT  ; NO          ; Untyped                                                                                 ;
; LPM_PIPELINE           ; 0           ; Untyped                                                                                 ;
; MAXIMIZE_SPEED         ; 5           ; Untyped                                                                                 ;
; REGISTERED_AT_END      ; 0           ; Untyped                                                                                 ;
; OPTIMIZE_FOR_SPEED     ; 5           ; Untyped                                                                                 ;
; USE_CS_BUFFERS         ; 1           ; Untyped                                                                                 ;
; CARRY_CHAIN            ; MANUAL      ; Untyped                                                                                 ;
; CARRY_CHAIN_LENGTH     ; 48          ; CARRY_CHAIN_LENGTH                                                                      ;
; DEVICE_FAMILY          ; Cyclone III ; Untyped                                                                                 ;
; USE_WYS                ; OFF         ; Untyped                                                                                 ;
; STYLE                  ; FAST        ; Untyped                                                                                 ;
; CBXI_PARAMETER         ; add_sub_2ph ; Untyped                                                                                 ;
; AUTO_CARRY_CHAINS      ; ON          ; AUTO_CARRY                                                                              ;
; IGNORE_CARRY_BUFFERS   ; OFF         ; IGNORE_CARRY                                                                            ;
; AUTO_CASCADE_CHAINS    ; ON          ; AUTO_CASCADE                                                                            ;
; IGNORE_CASCADE_BUFFERS ; OFF         ; IGNORE_CASCADE                                                                          ;
+------------------------+-------------+-----------------------------------------------------------------------------------------+
Note: In order to hide this table in the UI and the text report file, please set the "Show Parameter Settings in Synthesis Report" option in "Analysis and Synthesis Settings -> More Settings" to "Off".


+-------------------------------------------------------------------------------------------+
; Parameter Settings for User Entity Instance: CPU:inst|ExecuteFaza:inst46|ConstantX:inst44 ;
+----------------+-------+------------------------------------------------------------------+
; Parameter Name ; Value ; Type                                                             ;
+----------------+-------+------------------------------------------------------------------+
; size           ; 32    ; Signed Integer                                                   ;
; const          ; 4     ; Signed Integer                                                   ;
+----------------+-------+------------------------------------------------------------------+
Note: In order to hide this table in the UI and the text report file, please set the "Show Parameter Settings in Synthesis Report" option in "Analysis and Synthesis Settings -> More Settings" to "Off".


+----------------------------------------------------------------------------------------------+
; Parameter Settings for User Entity Instance: CPU:inst|ExecuteFaza:inst46|MultiplexerX:inst64 ;
+----------------+-------+---------------------------------------------------------------------+
; Parameter Name ; Value ; Type                                                                ;
+----------------+-------+---------------------------------------------------------------------+
; size           ; 32    ; Signed Integer                                                      ;
+----------------+-------+---------------------------------------------------------------------+
Note: In order to hide this table in the UI and the text report file, please set the "Show Parameter Settings in Synthesis Report" option in "Analysis and Synthesis Settings -> More Settings" to "Off".


+------------------------------------------------------------------------+
; Parameter Settings for User Entity Instance: CPU:inst|RegisterX:inst23 ;
+----------------+-------+-----------------------------------------------+
; Parameter Name ; Value ; Type                                          ;
+----------------+-------+-----------------------------------------------+
; size           ; 32    ; Signed Integer                                ;
; default_value  ; 0     ; Signed Integer                                ;
+----------------+-------+-----------------------------------------------+
Note: In order to hide this table in the UI and the text report file, please set the "Show Parameter Settings in Synthesis Report" option in "Analysis and Synthesis Settings -> More Settings" to "Off".


+--------------------------------------------------------------------------+
; Parameter Settings for User Entity Instance: CPU:inst|MultiplexerX:inst5 ;
+----------------+-------+-------------------------------------------------+
; Parameter Name ; Value ; Type                                            ;
+----------------+-------+-------------------------------------------------+
; size           ; 32    ; Signed Integer                                  ;
+----------------+-------+-------------------------------------------------+
Note: In order to hide this table in the UI and the text report file, please set the "Show Parameter Settings in Synthesis Report" option in "Analysis and Synthesis Settings -> More Settings" to "Off".


+----------------------------------------------------------------+
; Parameter Settings for User Entity Instance: CPU:inst|PC:inst8 ;
+----------------+-------+---------------------------------------+
; Parameter Name ; Value ; Type                                  ;
+----------------+-------+---------------------------------------+
; size           ; 32    ; Signed Integer                        ;
; default_value  ; 0     ; Signed Integer                        ;
+----------------+-------+---------------------------------------+
Note: In order to hide this table in the UI and the text report file, please set the "Show Parameter Settings in Synthesis Report" option in "Analysis and Synthesis Settings -> More Settings" to "Off".


+-----------------------------------------------------------------------------------------+
; Parameter Settings for User Entity Instance: CPU:inst|CSRegFile:inst31|ConstantX:inst45 ;
+----------------+-------+----------------------------------------------------------------+
; Parameter Name ; Value ; Type                                                           ;
+----------------+-------+----------------------------------------------------------------+
; size           ; 12    ; Unsigned Integer                                               ;
; const          ; 768   ; Unsigned Integer                                               ;
+----------------+-------+----------------------------------------------------------------+
Note: In order to hide this table in the UI and the text report file, please set the "Show Parameter Settings in Synthesis Report" option in "Analysis and Synthesis Settings -> More Settings" to "Off".


+----------------------------------------------------------------------------------------+
; Parameter Settings for User Entity Instance: CPU:inst|CSRegFile:inst31|ConstantX:inst7 ;
+----------------+-------+---------------------------------------------------------------+
; Parameter Name ; Value ; Type                                                          ;
+----------------+-------+---------------------------------------------------------------+
; size           ; 12    ; Unsigned Integer                                              ;
; const          ; 773   ; Unsigned Integer                                              ;
+----------------+-------+---------------------------------------------------------------+
Note: In order to hide this table in the UI and the text report file, please set the "Show Parameter Settings in Synthesis Report" option in "Analysis and Synthesis Settings -> More Settings" to "Off".


+----------------------------------------------------------------------------------------+
; Parameter Settings for User Entity Instance: CPU:inst|CSRegFile:inst31|ConstantX:inst6 ;
+----------------+-------+---------------------------------------------------------------+
; Parameter Name ; Value ; Type                                                          ;
+----------------+-------+---------------------------------------------------------------+
; size           ; 12    ; Unsigned Integer                                              ;
; const          ; 772   ; Unsigned Integer                                              ;
+----------------+-------+---------------------------------------------------------------+
Note: In order to hide this table in the UI and the text report file, please set the "Show Parameter Settings in Synthesis Report" option in "Analysis and Synthesis Settings -> More Settings" to "Off".


+-----------------------------------------------------------------------------------------+
; Parameter Settings for User Entity Instance: CPU:inst|CSRegFile:inst31|ConstantX:inst52 ;
+----------------+-------+----------------------------------------------------------------+
; Parameter Name ; Value ; Type                                                           ;
+----------------+-------+----------------------------------------------------------------+
; size           ; 12    ; Unsigned Integer                                               ;
; const          ; 832   ; Unsigned Integer                                               ;
+----------------+-------+----------------------------------------------------------------+
Note: In order to hide this table in the UI and the text report file, please set the "Show Parameter Settings in Synthesis Report" option in "Analysis and Synthesis Settings -> More Settings" to "Off".


+-----------------------------------------------------------------------------------------+
; Parameter Settings for User Entity Instance: CPU:inst|CSRegFile:inst31|ConstantX:inst10 ;
+----------------+-------+----------------------------------------------------------------+
; Parameter Name ; Value ; Type                                                           ;
+----------------+-------+----------------------------------------------------------------+
; size           ; 12    ; Unsigned Integer                                               ;
; const          ; 835   ; Unsigned Integer                                               ;
+----------------+-------+----------------------------------------------------------------+
Note: In order to hide this table in the UI and the text report file, please set the "Show Parameter Settings in Synthesis Report" option in "Analysis and Synthesis Settings -> More Settings" to "Off".


+----------------------------------------------------------------------------------------+
; Parameter Settings for User Entity Instance: CPU:inst|CSRegFile:inst31|ConstantX:inst9 ;
+----------------+-------+---------------------------------------------------------------+
; Parameter Name ; Value ; Type                                                          ;
+----------------+-------+---------------------------------------------------------------+
; size           ; 12    ; Unsigned Integer                                              ;
; const          ; 834   ; Unsigned Integer                                              ;
+----------------+-------+---------------------------------------------------------------+
Note: In order to hide this table in the UI and the text report file, please set the "Show Parameter Settings in Synthesis Report" option in "Analysis and Synthesis Settings -> More Settings" to "Off".


+-----------------------------------------------------------------------------------------+
; Parameter Settings for User Entity Instance: CPU:inst|CSRegFile:inst31|ConstantX:inst59 ;
+----------------+-------+----------------------------------------------------------------+
; Parameter Name ; Value ; Type                                                           ;
+----------------+-------+----------------------------------------------------------------+
; size           ; 12    ; Unsigned Integer                                               ;
; const          ; 836   ; Unsigned Integer                                               ;
+----------------+-------+----------------------------------------------------------------+
Note: In order to hide this table in the UI and the text report file, please set the "Show Parameter Settings in Synthesis Report" option in "Analysis and Synthesis Settings -> More Settings" to "Off".


+-----------------------------------------------------------------------------------------+
; Parameter Settings for User Entity Instance: CPU:inst|CSRegFile:inst31|ConstantX:inst69 ;
+----------------+-------+----------------------------------------------------------------+
; Parameter Name ; Value ; Type                                                           ;
+----------------+-------+----------------------------------------------------------------+
; size           ; 11    ; Unsigned Integer                                               ;
; const          ; 1408  ; Unsigned Integer                                               ;
+----------------+-------+----------------------------------------------------------------+
Note: In order to hide this table in the UI and the text report file, please set the "Show Parameter Settings in Synthesis Report" option in "Analysis and Synthesis Settings -> More Settings" to "Off".


+-----------------------------------------------------------------------------------------+
; Parameter Settings for User Entity Instance: CPU:inst|CSRegFile:inst31|ConstantX:inst11 ;
+----------------+-------+----------------------------------------------------------------+
; Parameter Name ; Value ; Type                                                           ;
+----------------+-------+----------------------------------------------------------------+
; size           ; 12    ; Unsigned Integer                                               ;
; const          ; 833   ; Unsigned Integer                                               ;
+----------------+-------+----------------------------------------------------------------+
Note: In order to hide this table in the UI and the text report file, please set the "Show Parameter Settings in Synthesis Report" option in "Analysis and Synthesis Settings -> More Settings" to "Off".


+-----------------------------------------------------------------------------------------+
; Parameter Settings for User Entity Instance: CPU:inst|CSRegFile:inst31|RegisterX:inst68 ;
+----------------+-------+----------------------------------------------------------------+
; Parameter Name ; Value ; Type                                                           ;
+----------------+-------+----------------------------------------------------------------+
; size           ; 1     ; Unsigned Integer                                               ;
; default_value  ; 0     ; Unsigned Integer                                               ;
+----------------+-------+----------------------------------------------------------------+
Note: In order to hide this table in the UI and the text report file, please set the "Show Parameter Settings in Synthesis Report" option in "Analysis and Synthesis Settings -> More Settings" to "Off".


+-----------------------------------------------------------------------------------------+
; Parameter Settings for User Entity Instance: CPU:inst|CSRegFile:inst31|RegisterX:inst61 ;
+----------------+-------+----------------------------------------------------------------+
; Parameter Name ; Value ; Type                                                           ;
+----------------+-------+----------------------------------------------------------------+
; size           ; 1     ; Unsigned Integer                                               ;
; default_value  ; 0     ; Unsigned Integer                                               ;
+----------------+-------+----------------------------------------------------------------+
Note: In order to hide this table in the UI and the text report file, please set the "Show Parameter Settings in Synthesis Report" option in "Analysis and Synthesis Settings -> More Settings" to "Off".


+-----------------------------------------------------------------------------------------+
; Parameter Settings for User Entity Instance: CPU:inst|CSRegFile:inst31|RegisterX:inst76 ;
+----------------+-------+----------------------------------------------------------------+
; Parameter Name ; Value ; Type                                                           ;
+----------------+-------+----------------------------------------------------------------+
; size           ; 1     ; Unsigned Integer                                               ;
; default_value  ; 0     ; Unsigned Integer                                               ;
+----------------+-------+----------------------------------------------------------------+
Note: In order to hide this table in the UI and the text report file, please set the "Show Parameter Settings in Synthesis Report" option in "Analysis and Synthesis Settings -> More Settings" to "Off".


+-----------------------------------------------------------------------------------------+
; Parameter Settings for User Entity Instance: CPU:inst|CSRegFile:inst31|RegisterX:inst65 ;
+----------------+-------+----------------------------------------------------------------+
; Parameter Name ; Value ; Type                                                           ;
+----------------+-------+----------------------------------------------------------------+
; size           ; 32    ; Signed Integer                                                 ;
; default_value  ; 0     ; Signed Integer                                                 ;
+----------------+-------+----------------------------------------------------------------+
Note: In order to hide this table in the UI and the text report file, please set the "Show Parameter Settings in Synthesis Report" option in "Analysis and Synthesis Settings -> More Settings" to "Off".


+-----------------------------------------------------------------------------------------+
; Parameter Settings for User Entity Instance: CPU:inst|CSRegFile:inst31|RegisterX:inst39 ;
+----------------+-------+----------------------------------------------------------------+
; Parameter Name ; Value ; Type                                                           ;
+----------------+-------+----------------------------------------------------------------+
; size           ; 32    ; Signed Integer                                                 ;
; default_value  ; 0     ; Signed Integer                                                 ;
+----------------+-------+----------------------------------------------------------------+
Note: In order to hide this table in the UI and the text report file, please set the "Show Parameter Settings in Synthesis Report" option in "Analysis and Synthesis Settings -> More Settings" to "Off".


+-----------------------------------------------------------------------------------------+
; Parameter Settings for User Entity Instance: CPU:inst|CSRegFile:inst31|RegisterX:inst53 ;
+----------------+-------+----------------------------------------------------------------+
; Parameter Name ; Value ; Type                                                           ;
+----------------+-------+----------------------------------------------------------------+
; size           ; 32    ; Signed Integer                                                 ;
; default_value  ; 0     ; Signed Integer                                                 ;
+----------------+-------+----------------------------------------------------------------+
Note: In order to hide this table in the UI and the text report file, please set the "Show Parameter Settings in Synthesis Report" option in "Analysis and Synthesis Settings -> More Settings" to "Off".


+-----------------------------------------------------------------------------------------+
; Parameter Settings for User Entity Instance: CPU:inst|CSRegFile:inst31|RegisterX:inst74 ;
+----------------+-------+----------------------------------------------------------------+
; Parameter Name ; Value ; Type                                                           ;
+----------------+-------+----------------------------------------------------------------+
; size           ; 1     ; Unsigned Integer                                               ;
; default_value  ; 0     ; Unsigned Integer                                               ;
+----------------+-------+----------------------------------------------------------------+
Note: In order to hide this table in the UI and the text report file, please set the "Show Parameter Settings in Synthesis Report" option in "Analysis and Synthesis Settings -> More Settings" to "Off".


+----------------------------------------------------------------------------------------+
; Parameter Settings for User Entity Instance: CPU:inst|CSRegFile:inst31|RegisterX:inst3 ;
+----------------+-------+---------------------------------------------------------------+
; Parameter Name ; Value ; Type                                                          ;
+----------------+-------+---------------------------------------------------------------+
; size           ; 32    ; Signed Integer                                                ;
; default_value  ; 0     ; Signed Integer                                                ;
+----------------+-------+---------------------------------------------------------------+
Note: In order to hide this table in the UI and the text report file, please set the "Show Parameter Settings in Synthesis Report" option in "Analysis and Synthesis Settings -> More Settings" to "Off".


+----------------------------------------------------------------------------------------+
; Parameter Settings for User Entity Instance: CPU:inst|CSRegFile:inst31|RegisterX:inst2 ;
+----------------+-------+---------------------------------------------------------------+
; Parameter Name ; Value ; Type                                                          ;
+----------------+-------+---------------------------------------------------------------+
; size           ; 32    ; Signed Integer                                                ;
; default_value  ; 0     ; Signed Integer                                                ;
+----------------+-------+---------------------------------------------------------------+
Note: In order to hide this table in the UI and the text report file, please set the "Show Parameter Settings in Synthesis Report" option in "Analysis and Synthesis Settings -> More Settings" to "Off".


+----------------------------------------------------------------------------------------+
; Parameter Settings for User Entity Instance: CPU:inst|CSRegFile:inst31|RegisterX:inst4 ;
+----------------+-------+---------------------------------------------------------------+
; Parameter Name ; Value ; Type                                                          ;
+----------------+-------+---------------------------------------------------------------+
; size           ; 32    ; Signed Integer                                                ;
; default_value  ; 0     ; Signed Integer                                                ;
+----------------+-------+---------------------------------------------------------------+
Note: In order to hide this table in the UI and the text report file, please set the "Show Parameter Settings in Synthesis Report" option in "Analysis and Synthesis Settings -> More Settings" to "Off".


+-----------------------------------------------------------------------------------------+
; Parameter Settings for User Entity Instance: CPU:inst|CSRegFile:inst31|RegisterX:inst46 ;
+----------------+-------+----------------------------------------------------------------+
; Parameter Name ; Value ; Type                                                           ;
+----------------+-------+----------------------------------------------------------------+
; size           ; 32    ; Signed Integer                                                 ;
; default_value  ; 0     ; Signed Integer                                                 ;
+----------------+-------+----------------------------------------------------------------+
Note: In order to hide this table in the UI and the text report file, please set the "Show Parameter Settings in Synthesis Report" option in "Analysis and Synthesis Settings -> More Settings" to "Off".


+----------------------------------------------------------------------------------------+
; Parameter Settings for User Entity Instance: CPU:inst|CSRegFile:inst31|RegisterX:inst8 ;
+----------------+-------+---------------------------------------------------------------+
; Parameter Name ; Value ; Type                                                          ;
+----------------+-------+---------------------------------------------------------------+
; size           ; 32    ; Signed Integer                                                ;
; default_value  ; 0     ; Signed Integer                                                ;
+----------------+-------+---------------------------------------------------------------+
Note: In order to hide this table in the UI and the text report file, please set the "Show Parameter Settings in Synthesis Report" option in "Analysis and Synthesis Settings -> More Settings" to "Off".


+---------------------------------------------------------------------------------------+
; Parameter Settings for User Entity Instance: CPU:inst|CSRegFile:inst31|RegisterX:inst ;
+----------------+-------+--------------------------------------------------------------+
; Parameter Name ; Value ; Type                                                         ;
+----------------+-------+--------------------------------------------------------------+
; size           ; 32    ; Signed Integer                                               ;
; default_value  ; 0     ; Signed Integer                                               ;
+----------------+-------+--------------------------------------------------------------+
Note: In order to hide this table in the UI and the text report file, please set the "Show Parameter Settings in Synthesis Report" option in "Analysis and Synthesis Settings -> More Settings" to "Off".


+----------------------------------------------------------------------------------------+
; Parameter Settings for User Entity Instance: CPU:inst|CSRegFile:inst31|RegisterX:inst1 ;
+----------------+-------+---------------------------------------------------------------+
; Parameter Name ; Value ; Type                                                          ;
+----------------+-------+---------------------------------------------------------------+
; size           ; 32    ; Signed Integer                                                ;
; default_value  ; 0     ; Signed Integer                                                ;
+----------------+-------+---------------------------------------------------------------+
Note: In order to hide this table in the UI and the text report file, please set the "Show Parameter Settings in Synthesis Report" option in "Analysis and Synthesis Settings -> More Settings" to "Off".


+--------------------------------------------------------------------------------------------+
; Parameter Settings for User Entity Instance: CPU:inst|InterruptFaza:inst12|ConstantX:inst6 ;
+----------------+-------+-------------------------------------------------------------------+
; Parameter Name ; Value ; Type                                                              ;
+----------------+-------+-------------------------------------------------------------------+
; size           ; 12    ; Unsigned Integer                                                  ;
; const          ; 834   ; Unsigned Integer                                                  ;
+----------------+-------+-------------------------------------------------------------------+
Note: In order to hide this table in the UI and the text report file, please set the "Show Parameter Settings in Synthesis Report" option in "Analysis and Synthesis Settings -> More Settings" to "Off".


+--------------------------------------------------------------------------------------------+
; Parameter Settings for User Entity Instance: CPU:inst|InterruptFaza:inst12|ConstantX:inst1 ;
+----------------+-------+-------------------------------------------------------------------+
; Parameter Name ; Value ; Type                                                              ;
+----------------+-------+-------------------------------------------------------------------+
; size           ; 32    ; Signed Integer                                                    ;
; const          ; 0     ; Signed Integer                                                    ;
+----------------+-------+-------------------------------------------------------------------+
Note: In order to hide this table in the UI and the text report file, please set the "Show Parameter Settings in Synthesis Report" option in "Analysis and Synthesis Settings -> More Settings" to "Off".


+---------------------------------------------------------------------------------------------+
; Parameter Settings for User Entity Instance: CPU:inst|InterruptFaza:inst12|ConstantX:inst14 ;
+----------------+-------+--------------------------------------------------------------------+
; Parameter Name ; Value ; Type                                                               ;
+----------------+-------+--------------------------------------------------------------------+
; size           ; 32    ; Signed Integer                                                     ;
; const          ; 4     ; Signed Integer                                                     ;
+----------------+-------+--------------------------------------------------------------------+
Note: In order to hide this table in the UI and the text report file, please set the "Show Parameter Settings in Synthesis Report" option in "Analysis and Synthesis Settings -> More Settings" to "Off".


+--------------------------------------------------------------------------------------------+
; Parameter Settings for User Entity Instance: CPU:inst|InterruptFaza:inst12|ConstantX:inst9 ;
+----------------+-------+-------------------------------------------------------------------+
; Parameter Name ; Value ; Type                                                              ;
+----------------+-------+-------------------------------------------------------------------+
; size           ; 32    ; Signed Integer                                                    ;
; const          ; 2     ; Signed Integer                                                    ;
+----------------+-------+-------------------------------------------------------------------+
Note: In order to hide this table in the UI and the text report file, please set the "Show Parameter Settings in Synthesis Report" option in "Analysis and Synthesis Settings -> More Settings" to "Off".


+---------------------------------------------------------------------------------------------+
; Parameter Settings for User Entity Instance: CPU:inst|InterruptFaza:inst12|ConstantX:inst26 ;
+----------------+-------+--------------------------------------------------------------------+
; Parameter Name ; Value ; Type                                                               ;
+----------------+-------+--------------------------------------------------------------------+
; size           ; 32    ; Signed Integer                                                     ;
; const          ; 6     ; Signed Integer                                                     ;
+----------------+-------+--------------------------------------------------------------------+
Note: In order to hide this table in the UI and the text report file, please set the "Show Parameter Settings in Synthesis Report" option in "Analysis and Synthesis Settings -> More Settings" to "Off".


+---------------------------------------------------------------------------------------------+
; Parameter Settings for User Entity Instance: CPU:inst|InterruptFaza:inst12|ConstantX:inst42 ;
+----------------+-------+--------------------------------------------------------------------+
; Parameter Name ; Value ; Type                                                               ;
+----------------+-------+--------------------------------------------------------------------+
; size           ; 32    ; Signed Integer                                                     ;
; const          ; 11    ; Signed Integer                                                     ;
+----------------+-------+--------------------------------------------------------------------+
Note: In order to hide this table in the UI and the text report file, please set the "Show Parameter Settings in Synthesis Report" option in "Analysis and Synthesis Settings -> More Settings" to "Off".


+---------------------------------------------------------------------------+
; Parameter Settings for User Entity Instance: CPU:inst|MultiplexerX:inst30 ;
+----------------+-------+--------------------------------------------------+
; Parameter Name ; Value ; Type                                             ;
+----------------+-------+--------------------------------------------------+
; size           ; 12    ; Signed Integer                                   ;
+----------------+-------+--------------------------------------------------+
Note: In order to hide this table in the UI and the text report file, please set the "Show Parameter Settings in Synthesis Report" option in "Analysis and Synthesis Settings -> More Settings" to "Off".


+---------------------------------------------------------------------------+
; Parameter Settings for User Entity Instance: CPU:inst|MultiplexerX:inst33 ;
+----------------+-------+--------------------------------------------------+
; Parameter Name ; Value ; Type                                             ;
+----------------+-------+--------------------------------------------------+
; size           ; 32    ; Signed Integer                                   ;
+----------------+-------+--------------------------------------------------+
Note: In order to hide this table in the UI and the text report file, please set the "Show Parameter Settings in Synthesis Report" option in "Analysis and Synthesis Settings -> More Settings" to "Off".


+---------------------------------------------------------------------------+
; Parameter Settings for User Entity Instance: CPU:inst|MultiplexerX:inst25 ;
+----------------+-------+--------------------------------------------------+
; Parameter Name ; Value ; Type                                             ;
+----------------+-------+--------------------------------------------------+
; size           ; 32    ; Signed Integer                                   ;
+----------------+-------+--------------------------------------------------+
Note: In order to hide this table in the UI and the text report file, please set the "Show Parameter Settings in Synthesis Report" option in "Analysis and Synthesis Settings -> More Settings" to "Off".


+-------------------------------------------------------------------------------------------+
; Parameter Settings for User Entity Instance: CPU:inst|RegFile32:inst4|MultiplexerX:inst12 ;
+----------------+-------+------------------------------------------------------------------+
; Parameter Name ; Value ; Type                                                             ;
+----------------+-------+------------------------------------------------------------------+
; size           ; 32    ; Signed Integer                                                   ;
+----------------+-------+------------------------------------------------------------------+
Note: In order to hide this table in the UI and the text report file, please set the "Show Parameter Settings in Synthesis Report" option in "Analysis and Synthesis Settings -> More Settings" to "Off".


+-----------------------------------------------------------------------------------------+
; Parameter Settings for User Entity Instance: CPU:inst|RegFile32:inst4|RegisterX:inst501 ;
+----------------+-------+----------------------------------------------------------------+
; Parameter Name ; Value ; Type                                                           ;
+----------------+-------+----------------------------------------------------------------+
; size           ; 32    ; Signed Integer                                                 ;
; default_value  ; 0     ; Signed Integer                                                 ;
+----------------+-------+----------------------------------------------------------------+
Note: In order to hide this table in the UI and the text report file, please set the "Show Parameter Settings in Synthesis Report" option in "Analysis and Synthesis Settings -> More Settings" to "Off".


+----------------------------------------------------------------------------------------------------+
; Parameter Settings for User Entity Instance: CPU:inst|RegFile32:inst4|MX8:inst11|MultiplexerX:inst ;
+----------------+-------+---------------------------------------------------------------------------+
; Parameter Name ; Value ; Type                                                                      ;
+----------------+-------+---------------------------------------------------------------------------+
; size           ; 32    ; Signed Integer                                                            ;
+----------------+-------+---------------------------------------------------------------------------+
Note: In order to hide this table in the UI and the text report file, please set the "Show Parameter Settings in Synthesis Report" option in "Analysis and Synthesis Settings -> More Settings" to "Off".


+---------------------------------------------------------------------------------------------------------------+
; Parameter Settings for User Entity Instance: CPU:inst|RegFile32:inst4|MX8:inst11|MX4:inst2|MultiplexerX:inst2 ;
+----------------+-------+--------------------------------------------------------------------------------------+
; Parameter Name ; Value ; Type                                                                                 ;
+----------------+-------+--------------------------------------------------------------------------------------+
; size           ; 32    ; Signed Integer                                                                       ;
+----------------+-------+--------------------------------------------------------------------------------------+
Note: In order to hide this table in the UI and the text report file, please set the "Show Parameter Settings in Synthesis Report" option in "Analysis and Synthesis Settings -> More Settings" to "Off".


+--------------------------------------------------------------------------------------------------------------+
; Parameter Settings for User Entity Instance: CPU:inst|RegFile32:inst4|MX8:inst11|MX4:inst2|MultiplexerX:inst ;
+----------------+-------+-------------------------------------------------------------------------------------+
; Parameter Name ; Value ; Type                                                                                ;
+----------------+-------+-------------------------------------------------------------------------------------+
; size           ; 32    ; Signed Integer                                                                      ;
+----------------+-------+-------------------------------------------------------------------------------------+
Note: In order to hide this table in the UI and the text report file, please set the "Show Parameter Settings in Synthesis Report" option in "Analysis and Synthesis Settings -> More Settings" to "Off".


+---------------------------------------------------------------------------------------------------------------+
; Parameter Settings for User Entity Instance: CPU:inst|RegFile32:inst4|MX8:inst11|MX4:inst2|MultiplexerX:inst1 ;
+----------------+-------+--------------------------------------------------------------------------------------+
; Parameter Name ; Value ; Type                                                                                 ;
+----------------+-------+--------------------------------------------------------------------------------------+
; size           ; 32    ; Signed Integer                                                                       ;
+----------------+-------+--------------------------------------------------------------------------------------+
Note: In order to hide this table in the UI and the text report file, please set the "Show Parameter Settings in Synthesis Report" option in "Analysis and Synthesis Settings -> More Settings" to "Off".


+---------------------------------------------------------------------------------------------------------------+
; Parameter Settings for User Entity Instance: CPU:inst|RegFile32:inst4|MX8:inst11|MX4:inst3|MultiplexerX:inst2 ;
+----------------+-------+--------------------------------------------------------------------------------------+
; Parameter Name ; Value ; Type                                                                                 ;
+----------------+-------+--------------------------------------------------------------------------------------+
; size           ; 32    ; Signed Integer                                                                       ;
+----------------+-------+--------------------------------------------------------------------------------------+
Note: In order to hide this table in the UI and the text report file, please set the "Show Parameter Settings in Synthesis Report" option in "Analysis and Synthesis Settings -> More Settings" to "Off".


+--------------------------------------------------------------------------------------------------------------+
; Parameter Settings for User Entity Instance: CPU:inst|RegFile32:inst4|MX8:inst11|MX4:inst3|MultiplexerX:inst ;
+----------------+-------+-------------------------------------------------------------------------------------+
; Parameter Name ; Value ; Type                                                                                ;
+----------------+-------+-------------------------------------------------------------------------------------+
; size           ; 32    ; Signed Integer                                                                      ;
+----------------+-------+-------------------------------------------------------------------------------------+
Note: In order to hide this table in the UI and the text report file, please set the "Show Parameter Settings in Synthesis Report" option in "Analysis and Synthesis Settings -> More Settings" to "Off".


+---------------------------------------------------------------------------------------------------------------+
; Parameter Settings for User Entity Instance: CPU:inst|RegFile32:inst4|MX8:inst11|MX4:inst3|MultiplexerX:inst1 ;
+----------------+-------+--------------------------------------------------------------------------------------+
; Parameter Name ; Value ; Type                                                                                 ;
+----------------+-------+--------------------------------------------------------------------------------------+
; size           ; 32    ; Signed Integer                                                                       ;
+----------------+-------+--------------------------------------------------------------------------------------+
Note: In order to hide this table in the UI and the text report file, please set the "Show Parameter Settings in Synthesis Report" option in "Analysis and Synthesis Settings -> More Settings" to "Off".


+------------------------------------------------------------------------------------------------------------------+
; Parameter Settings for User Entity Instance: CPU:inst|RegFile32:inst4|RegFile4:inst|MX4:inst2|MultiplexerX:inst2 ;
+----------------+-------+-----------------------------------------------------------------------------------------+
; Parameter Name ; Value ; Type                                                                                    ;
+----------------+-------+-----------------------------------------------------------------------------------------+
; size           ; 32    ; Signed Integer                                                                          ;
+----------------+-------+-----------------------------------------------------------------------------------------+
Note: In order to hide this table in the UI and the text report file, please set the "Show Parameter Settings in Synthesis Report" option in "Analysis and Synthesis Settings -> More Settings" to "Off".


+-----------------------------------------------------------------------------------------------------------------+
; Parameter Settings for User Entity Instance: CPU:inst|RegFile32:inst4|RegFile4:inst|MX4:inst2|MultiplexerX:inst ;
+----------------+-------+----------------------------------------------------------------------------------------+
; Parameter Name ; Value ; Type                                                                                   ;
+----------------+-------+----------------------------------------------------------------------------------------+
; size           ; 32    ; Signed Integer                                                                         ;
+----------------+-------+----------------------------------------------------------------------------------------+
Note: In order to hide this table in the UI and the text report file, please set the "Show Parameter Settings in Synthesis Report" option in "Analysis and Synthesis Settings -> More Settings" to "Off".


+------------------------------------------------------------------------------------------------------------------+
; Parameter Settings for User Entity Instance: CPU:inst|RegFile32:inst4|RegFile4:inst|MX4:inst2|MultiplexerX:inst1 ;
+----------------+-------+-----------------------------------------------------------------------------------------+
; Parameter Name ; Value ; Type                                                                                    ;
+----------------+-------+-----------------------------------------------------------------------------------------+
; size           ; 32    ; Signed Integer                                                                          ;
+----------------+-------+-----------------------------------------------------------------------------------------+
Note: In order to hide this table in the UI and the text report file, please set the "Show Parameter Settings in Synthesis Report" option in "Analysis and Synthesis Settings -> More Settings" to "Off".


+-------------------------------------------------------------------------------------------------------+
; Parameter Settings for User Entity Instance: CPU:inst|RegFile32:inst4|RegFile4:inst|RegisterX:inst501 ;
+----------------+-------+------------------------------------------------------------------------------+
; Parameter Name ; Value ; Type                                                                         ;
+----------------+-------+------------------------------------------------------------------------------+
; size           ; 32    ; Signed Integer                                                               ;
; default_value  ; 0     ; Signed Integer                                                               ;
+----------------+-------+------------------------------------------------------------------------------+
Note: In order to hide this table in the UI and the text report file, please set the "Show Parameter Settings in Synthesis Report" option in "Analysis and Synthesis Settings -> More Settings" to "Off".


+----------------------------------------------------------------------------------------------------+
; Parameter Settings for User Entity Instance: CPU:inst|RegFile32:inst4|RegFile4:inst|RegisterX:inst ;
+----------------+-------+---------------------------------------------------------------------------+
; Parameter Name ; Value ; Type                                                                      ;
+----------------+-------+---------------------------------------------------------------------------+
; size           ; 32    ; Signed Integer                                                            ;
; default_value  ; 0     ; Signed Integer                                                            ;
+----------------+-------+---------------------------------------------------------------------------+
Note: In order to hide this table in the UI and the text report file, please set the "Show Parameter Settings in Synthesis Report" option in "Analysis and Synthesis Settings -> More Settings" to "Off".


+------------------------------------------------------------------------------------------------------+
; Parameter Settings for User Entity Instance: CPU:inst|RegFile32:inst4|RegFile4:inst|RegisterX:inst15 ;
+----------------+-------+-----------------------------------------------------------------------------+
; Parameter Name ; Value ; Type                                                                        ;
+----------------+-------+-----------------------------------------------------------------------------+
; size           ; 32    ; Signed Integer                                                              ;
; default_value  ; 0     ; Signed Integer                                                              ;
+----------------+-------+-----------------------------------------------------------------------------+
Note: In order to hide this table in the UI and the text report file, please set the "Show Parameter Settings in Synthesis Report" option in "Analysis and Synthesis Settings -> More Settings" to "Off".


+------------------------------------------------------------------------------------------------------+
; Parameter Settings for User Entity Instance: CPU:inst|RegFile32:inst4|RegFile4:inst|RegisterX:inst16 ;
+----------------+-------+-----------------------------------------------------------------------------+
; Parameter Name ; Value ; Type                                                                        ;
+----------------+-------+-----------------------------------------------------------------------------+
; size           ; 32    ; Signed Integer                                                              ;
; default_value  ; 0     ; Signed Integer                                                              ;
+----------------+-------+-----------------------------------------------------------------------------+
Note: In order to hide this table in the UI and the text report file, please set the "Show Parameter Settings in Synthesis Report" option in "Analysis and Synthesis Settings -> More Settings" to "Off".


+-------------------------------------------------------------------------------------------------------------------+
; Parameter Settings for User Entity Instance: CPU:inst|RegFile32:inst4|RegFile4:inst4|MX4:inst2|MultiplexerX:inst2 ;
+----------------+-------+------------------------------------------------------------------------------------------+
; Parameter Name ; Value ; Type                                                                                     ;
+----------------+-------+------------------------------------------------------------------------------------------+
; size           ; 32    ; Signed Integer                                                                           ;
+----------------+-------+------------------------------------------------------------------------------------------+
Note: In order to hide this table in the UI and the text report file, please set the "Show Parameter Settings in Synthesis Report" option in "Analysis and Synthesis Settings -> More Settings" to "Off".


+------------------------------------------------------------------------------------------------------------------+
; Parameter Settings for User Entity Instance: CPU:inst|RegFile32:inst4|RegFile4:inst4|MX4:inst2|MultiplexerX:inst ;
+----------------+-------+-----------------------------------------------------------------------------------------+
; Parameter Name ; Value ; Type                                                                                    ;
+----------------+-------+-----------------------------------------------------------------------------------------+
; size           ; 32    ; Signed Integer                                                                          ;
+----------------+-------+-----------------------------------------------------------------------------------------+
Note: In order to hide this table in the UI and the text report file, please set the "Show Parameter Settings in Synthesis Report" option in "Analysis and Synthesis Settings -> More Settings" to "Off".


+-------------------------------------------------------------------------------------------------------------------+
; Parameter Settings for User Entity Instance: CPU:inst|RegFile32:inst4|RegFile4:inst4|MX4:inst2|MultiplexerX:inst1 ;
+----------------+-------+------------------------------------------------------------------------------------------+
; Parameter Name ; Value ; Type                                                                                     ;
+----------------+-------+------------------------------------------------------------------------------------------+
; size           ; 32    ; Signed Integer                                                                           ;
+----------------+-------+------------------------------------------------------------------------------------------+
Note: In order to hide this table in the UI and the text report file, please set the "Show Parameter Settings in Synthesis Report" option in "Analysis and Synthesis Settings -> More Settings" to "Off".


+--------------------------------------------------------------------------------------------------------+
; Parameter Settings for User Entity Instance: CPU:inst|RegFile32:inst4|RegFile4:inst4|RegisterX:inst501 ;
+----------------+-------+-------------------------------------------------------------------------------+
; Parameter Name ; Value ; Type                                                                          ;
+----------------+-------+-------------------------------------------------------------------------------+
; size           ; 32    ; Signed Integer                                                                ;
; default_value  ; 0     ; Signed Integer                                                                ;
+----------------+-------+-------------------------------------------------------------------------------+
Note: In order to hide this table in the UI and the text report file, please set the "Show Parameter Settings in Synthesis Report" option in "Analysis and Synthesis Settings -> More Settings" to "Off".


+-----------------------------------------------------------------------------------------------------+
; Parameter Settings for User Entity Instance: CPU:inst|RegFile32:inst4|RegFile4:inst4|RegisterX:inst ;
+----------------+-------+----------------------------------------------------------------------------+
; Parameter Name ; Value ; Type                                                                       ;
+----------------+-------+----------------------------------------------------------------------------+
; size           ; 32    ; Signed Integer                                                             ;
; default_value  ; 0     ; Signed Integer                                                             ;
+----------------+-------+----------------------------------------------------------------------------+
Note: In order to hide this table in the UI and the text report file, please set the "Show Parameter Settings in Synthesis Report" option in "Analysis and Synthesis Settings -> More Settings" to "Off".


+-------------------------------------------------------------------------------------------------------+
; Parameter Settings for User Entity Instance: CPU:inst|RegFile32:inst4|RegFile4:inst4|RegisterX:inst15 ;
+----------------+-------+------------------------------------------------------------------------------+
; Parameter Name ; Value ; Type                                                                         ;
+----------------+-------+------------------------------------------------------------------------------+
; size           ; 32    ; Signed Integer                                                               ;
; default_value  ; 0     ; Signed Integer                                                               ;
+----------------+-------+------------------------------------------------------------------------------+
Note: In order to hide this table in the UI and the text report file, please set the "Show Parameter Settings in Synthesis Report" option in "Analysis and Synthesis Settings -> More Settings" to "Off".


+-------------------------------------------------------------------------------------------------------+
; Parameter Settings for User Entity Instance: CPU:inst|RegFile32:inst4|RegFile4:inst4|RegisterX:inst16 ;
+----------------+-------+------------------------------------------------------------------------------+
; Parameter Name ; Value ; Type                                                                         ;
+----------------+-------+------------------------------------------------------------------------------+
; size           ; 32    ; Signed Integer                                                               ;
; default_value  ; 0     ; Signed Integer                                                               ;
+----------------+-------+------------------------------------------------------------------------------+
Note: In order to hide this table in the UI and the text report file, please set the "Show Parameter Settings in Synthesis Report" option in "Analysis and Synthesis Settings -> More Settings" to "Off".


+-------------------------------------------------------------------------------------------------------------------+
; Parameter Settings for User Entity Instance: CPU:inst|RegFile32:inst4|RegFile4:inst5|MX4:inst2|MultiplexerX:inst2 ;
+----------------+-------+------------------------------------------------------------------------------------------+
; Parameter Name ; Value ; Type                                                                                     ;
+----------------+-------+------------------------------------------------------------------------------------------+
; size           ; 32    ; Signed Integer                                                                           ;
+----------------+-------+------------------------------------------------------------------------------------------+
Note: In order to hide this table in the UI and the text report file, please set the "Show Parameter Settings in Synthesis Report" option in "Analysis and Synthesis Settings -> More Settings" to "Off".


+------------------------------------------------------------------------------------------------------------------+
; Parameter Settings for User Entity Instance: CPU:inst|RegFile32:inst4|RegFile4:inst5|MX4:inst2|MultiplexerX:inst ;
+----------------+-------+-----------------------------------------------------------------------------------------+
; Parameter Name ; Value ; Type                                                                                    ;
+----------------+-------+-----------------------------------------------------------------------------------------+
; size           ; 32    ; Signed Integer                                                                          ;
+----------------+-------+-----------------------------------------------------------------------------------------+
Note: In order to hide this table in the UI and the text report file, please set the "Show Parameter Settings in Synthesis Report" option in "Analysis and Synthesis Settings -> More Settings" to "Off".


+-------------------------------------------------------------------------------------------------------------------+
; Parameter Settings for User Entity Instance: CPU:inst|RegFile32:inst4|RegFile4:inst5|MX4:inst2|MultiplexerX:inst1 ;
+----------------+-------+------------------------------------------------------------------------------------------+
; Parameter Name ; Value ; Type                                                                                     ;
+----------------+-------+------------------------------------------------------------------------------------------+
; size           ; 32    ; Signed Integer                                                                           ;
+----------------+-------+------------------------------------------------------------------------------------------+
Note: In order to hide this table in the UI and the text report file, please set the "Show Parameter Settings in Synthesis Report" option in "Analysis and Synthesis Settings -> More Settings" to "Off".


+--------------------------------------------------------------------------------------------------------+
; Parameter Settings for User Entity Instance: CPU:inst|RegFile32:inst4|RegFile4:inst5|RegisterX:inst501 ;
+----------------+-------+-------------------------------------------------------------------------------+
; Parameter Name ; Value ; Type                                                                          ;
+----------------+-------+-------------------------------------------------------------------------------+
; size           ; 32    ; Signed Integer                                                                ;
; default_value  ; 0     ; Signed Integer                                                                ;
+----------------+-------+-------------------------------------------------------------------------------+
Note: In order to hide this table in the UI and the text report file, please set the "Show Parameter Settings in Synthesis Report" option in "Analysis and Synthesis Settings -> More Settings" to "Off".


+-----------------------------------------------------------------------------------------------------+
; Parameter Settings for User Entity Instance: CPU:inst|RegFile32:inst4|RegFile4:inst5|RegisterX:inst ;
+----------------+-------+----------------------------------------------------------------------------+
; Parameter Name ; Value ; Type                                                                       ;
+----------------+-------+----------------------------------------------------------------------------+
; size           ; 32    ; Signed Integer                                                             ;
; default_value  ; 0     ; Signed Integer                                                             ;
+----------------+-------+----------------------------------------------------------------------------+
Note: In order to hide this table in the UI and the text report file, please set the "Show Parameter Settings in Synthesis Report" option in "Analysis and Synthesis Settings -> More Settings" to "Off".


+-------------------------------------------------------------------------------------------------------+
; Parameter Settings for User Entity Instance: CPU:inst|RegFile32:inst4|RegFile4:inst5|RegisterX:inst15 ;
+----------------+-------+------------------------------------------------------------------------------+
; Parameter Name ; Value ; Type                                                                         ;
+----------------+-------+------------------------------------------------------------------------------+
; size           ; 32    ; Signed Integer                                                               ;
; default_value  ; 0     ; Signed Integer                                                               ;
+----------------+-------+------------------------------------------------------------------------------+
Note: In order to hide this table in the UI and the text report file, please set the "Show Parameter Settings in Synthesis Report" option in "Analysis and Synthesis Settings -> More Settings" to "Off".


+-------------------------------------------------------------------------------------------------------+
; Parameter Settings for User Entity Instance: CPU:inst|RegFile32:inst4|RegFile4:inst5|RegisterX:inst16 ;
+----------------+-------+------------------------------------------------------------------------------+
; Parameter Name ; Value ; Type                                                                         ;
+----------------+-------+------------------------------------------------------------------------------+
; size           ; 32    ; Signed Integer                                                               ;
; default_value  ; 0     ; Signed Integer                                                               ;
+----------------+-------+------------------------------------------------------------------------------+
Note: In order to hide this table in the UI and the text report file, please set the "Show Parameter Settings in Synthesis Report" option in "Analysis and Synthesis Settings -> More Settings" to "Off".


+-------------------------------------------------------------------------------------------------------------------+
; Parameter Settings for User Entity Instance: CPU:inst|RegFile32:inst4|RegFile4:inst6|MX4:inst2|MultiplexerX:inst2 ;
+----------------+-------+------------------------------------------------------------------------------------------+
; Parameter Name ; Value ; Type                                                                                     ;
+----------------+-------+------------------------------------------------------------------------------------------+
; size           ; 32    ; Signed Integer                                                                           ;
+----------------+-------+------------------------------------------------------------------------------------------+
Note: In order to hide this table in the UI and the text report file, please set the "Show Parameter Settings in Synthesis Report" option in "Analysis and Synthesis Settings -> More Settings" to "Off".


+------------------------------------------------------------------------------------------------------------------+
; Parameter Settings for User Entity Instance: CPU:inst|RegFile32:inst4|RegFile4:inst6|MX4:inst2|MultiplexerX:inst ;
+----------------+-------+-----------------------------------------------------------------------------------------+
; Parameter Name ; Value ; Type                                                                                    ;
+----------------+-------+-----------------------------------------------------------------------------------------+
; size           ; 32    ; Signed Integer                                                                          ;
+----------------+-------+-----------------------------------------------------------------------------------------+
Note: In order to hide this table in the UI and the text report file, please set the "Show Parameter Settings in Synthesis Report" option in "Analysis and Synthesis Settings -> More Settings" to "Off".


+-------------------------------------------------------------------------------------------------------------------+
; Parameter Settings for User Entity Instance: CPU:inst|RegFile32:inst4|RegFile4:inst6|MX4:inst2|MultiplexerX:inst1 ;
+----------------+-------+------------------------------------------------------------------------------------------+
; Parameter Name ; Value ; Type                                                                                     ;
+----------------+-------+------------------------------------------------------------------------------------------+
; size           ; 32    ; Signed Integer                                                                           ;
+----------------+-------+------------------------------------------------------------------------------------------+
Note: In order to hide this table in the UI and the text report file, please set the "Show Parameter Settings in Synthesis Report" option in "Analysis and Synthesis Settings -> More Settings" to "Off".


+--------------------------------------------------------------------------------------------------------+
; Parameter Settings for User Entity Instance: CPU:inst|RegFile32:inst4|RegFile4:inst6|RegisterX:inst501 ;
+----------------+-------+-------------------------------------------------------------------------------+
; Parameter Name ; Value ; Type                                                                          ;
+----------------+-------+-------------------------------------------------------------------------------+
; size           ; 32    ; Signed Integer                                                                ;
; default_value  ; 0     ; Signed Integer                                                                ;
+----------------+-------+-------------------------------------------------------------------------------+
Note: In order to hide this table in the UI and the text report file, please set the "Show Parameter Settings in Synthesis Report" option in "Analysis and Synthesis Settings -> More Settings" to "Off".


+-----------------------------------------------------------------------------------------------------+
; Parameter Settings for User Entity Instance: CPU:inst|RegFile32:inst4|RegFile4:inst6|RegisterX:inst ;
+----------------+-------+----------------------------------------------------------------------------+
; Parameter Name ; Value ; Type                                                                       ;
+----------------+-------+----------------------------------------------------------------------------+
; size           ; 32    ; Signed Integer                                                             ;
; default_value  ; 0     ; Signed Integer                                                             ;
+----------------+-------+----------------------------------------------------------------------------+
Note: In order to hide this table in the UI and the text report file, please set the "Show Parameter Settings in Synthesis Report" option in "Analysis and Synthesis Settings -> More Settings" to "Off".


+-------------------------------------------------------------------------------------------------------+
; Parameter Settings for User Entity Instance: CPU:inst|RegFile32:inst4|RegFile4:inst6|RegisterX:inst15 ;
+----------------+-------+------------------------------------------------------------------------------+
; Parameter Name ; Value ; Type                                                                         ;
+----------------+-------+------------------------------------------------------------------------------+
; size           ; 32    ; Signed Integer                                                               ;
; default_value  ; 0     ; Signed Integer                                                               ;
+----------------+-------+------------------------------------------------------------------------------+
Note: In order to hide this table in the UI and the text report file, please set the "Show Parameter Settings in Synthesis Report" option in "Analysis and Synthesis Settings -> More Settings" to "Off".


+-------------------------------------------------------------------------------------------------------+
; Parameter Settings for User Entity Instance: CPU:inst|RegFile32:inst4|RegFile4:inst6|RegisterX:inst16 ;
+----------------+-------+------------------------------------------------------------------------------+
; Parameter Name ; Value ; Type                                                                         ;
+----------------+-------+------------------------------------------------------------------------------+
; size           ; 32    ; Signed Integer                                                               ;
; default_value  ; 0     ; Signed Integer                                                               ;
+----------------+-------+------------------------------------------------------------------------------+
Note: In order to hide this table in the UI and the text report file, please set the "Show Parameter Settings in Synthesis Report" option in "Analysis and Synthesis Settings -> More Settings" to "Off".


+-------------------------------------------------------------------------------------------------------------------+
; Parameter Settings for User Entity Instance: CPU:inst|RegFile32:inst4|RegFile4:inst7|MX4:inst2|MultiplexerX:inst2 ;
+----------------+-------+------------------------------------------------------------------------------------------+
; Parameter Name ; Value ; Type                                                                                     ;
+----------------+-------+------------------------------------------------------------------------------------------+
; size           ; 32    ; Signed Integer                                                                           ;
+----------------+-------+------------------------------------------------------------------------------------------+
Note: In order to hide this table in the UI and the text report file, please set the "Show Parameter Settings in Synthesis Report" option in "Analysis and Synthesis Settings -> More Settings" to "Off".


+------------------------------------------------------------------------------------------------------------------+
; Parameter Settings for User Entity Instance: CPU:inst|RegFile32:inst4|RegFile4:inst7|MX4:inst2|MultiplexerX:inst ;
+----------------+-------+-----------------------------------------------------------------------------------------+
; Parameter Name ; Value ; Type                                                                                    ;
+----------------+-------+-----------------------------------------------------------------------------------------+
; size           ; 32    ; Signed Integer                                                                          ;
+----------------+-------+-----------------------------------------------------------------------------------------+
Note: In order to hide this table in the UI and the text report file, please set the "Show Parameter Settings in Synthesis Report" option in "Analysis and Synthesis Settings -> More Settings" to "Off".


+-------------------------------------------------------------------------------------------------------------------+
; Parameter Settings for User Entity Instance: CPU:inst|RegFile32:inst4|RegFile4:inst7|MX4:inst2|MultiplexerX:inst1 ;
+----------------+-------+------------------------------------------------------------------------------------------+
; Parameter Name ; Value ; Type                                                                                     ;
+----------------+-------+------------------------------------------------------------------------------------------+
; size           ; 32    ; Signed Integer                                                                           ;
+----------------+-------+------------------------------------------------------------------------------------------+
Note: In order to hide this table in the UI and the text report file, please set the "Show Parameter Settings in Synthesis Report" option in "Analysis and Synthesis Settings -> More Settings" to "Off".


+--------------------------------------------------------------------------------------------------------+
; Parameter Settings for User Entity Instance: CPU:inst|RegFile32:inst4|RegFile4:inst7|RegisterX:inst501 ;
+----------------+-------+-------------------------------------------------------------------------------+
; Parameter Name ; Value ; Type                                                                          ;
+----------------+-------+-------------------------------------------------------------------------------+
; size           ; 32    ; Signed Integer                                                                ;
; default_value  ; 0     ; Signed Integer                                                                ;
+----------------+-------+-------------------------------------------------------------------------------+
Note: In order to hide this table in the UI and the text report file, please set the "Show Parameter Settings in Synthesis Report" option in "Analysis and Synthesis Settings -> More Settings" to "Off".


+-----------------------------------------------------------------------------------------------------+
; Parameter Settings for User Entity Instance: CPU:inst|RegFile32:inst4|RegFile4:inst7|RegisterX:inst ;
+----------------+-------+----------------------------------------------------------------------------+
; Parameter Name ; Value ; Type                                                                       ;
+----------------+-------+----------------------------------------------------------------------------+
; size           ; 32    ; Signed Integer                                                             ;
; default_value  ; 0     ; Signed Integer                                                             ;
+----------------+-------+----------------------------------------------------------------------------+
Note: In order to hide this table in the UI and the text report file, please set the "Show Parameter Settings in Synthesis Report" option in "Analysis and Synthesis Settings -> More Settings" to "Off".


+-------------------------------------------------------------------------------------------------------+
; Parameter Settings for User Entity Instance: CPU:inst|RegFile32:inst4|RegFile4:inst7|RegisterX:inst15 ;
+----------------+-------+------------------------------------------------------------------------------+
; Parameter Name ; Value ; Type                                                                         ;
+----------------+-------+------------------------------------------------------------------------------+
; size           ; 32    ; Signed Integer                                                               ;
; default_value  ; 0     ; Signed Integer                                                               ;
+----------------+-------+------------------------------------------------------------------------------+
Note: In order to hide this table in the UI and the text report file, please set the "Show Parameter Settings in Synthesis Report" option in "Analysis and Synthesis Settings -> More Settings" to "Off".


+-------------------------------------------------------------------------------------------------------+
; Parameter Settings for User Entity Instance: CPU:inst|RegFile32:inst4|RegFile4:inst7|RegisterX:inst16 ;
+----------------+-------+------------------------------------------------------------------------------+
; Parameter Name ; Value ; Type                                                                         ;
+----------------+-------+------------------------------------------------------------------------------+
; size           ; 32    ; Signed Integer                                                               ;
; default_value  ; 0     ; Signed Integer                                                               ;
+----------------+-------+------------------------------------------------------------------------------+
Note: In order to hide this table in the UI and the text report file, please set the "Show Parameter Settings in Synthesis Report" option in "Analysis and Synthesis Settings -> More Settings" to "Off".


+-------------------------------------------------------------------------------------------------------------------+
; Parameter Settings for User Entity Instance: CPU:inst|RegFile32:inst4|RegFile4:inst8|MX4:inst2|MultiplexerX:inst2 ;
+----------------+-------+------------------------------------------------------------------------------------------+
; Parameter Name ; Value ; Type                                                                                     ;
+----------------+-------+------------------------------------------------------------------------------------------+
; size           ; 32    ; Signed Integer                                                                           ;
+----------------+-------+------------------------------------------------------------------------------------------+
Note: In order to hide this table in the UI and the text report file, please set the "Show Parameter Settings in Synthesis Report" option in "Analysis and Synthesis Settings -> More Settings" to "Off".


+------------------------------------------------------------------------------------------------------------------+
; Parameter Settings for User Entity Instance: CPU:inst|RegFile32:inst4|RegFile4:inst8|MX4:inst2|MultiplexerX:inst ;
+----------------+-------+-----------------------------------------------------------------------------------------+
; Parameter Name ; Value ; Type                                                                                    ;
+----------------+-------+-----------------------------------------------------------------------------------------+
; size           ; 32    ; Signed Integer                                                                          ;
+----------------+-------+-----------------------------------------------------------------------------------------+
Note: In order to hide this table in the UI and the text report file, please set the "Show Parameter Settings in Synthesis Report" option in "Analysis and Synthesis Settings -> More Settings" to "Off".


+-------------------------------------------------------------------------------------------------------------------+
; Parameter Settings for User Entity Instance: CPU:inst|RegFile32:inst4|RegFile4:inst8|MX4:inst2|MultiplexerX:inst1 ;
+----------------+-------+------------------------------------------------------------------------------------------+
; Parameter Name ; Value ; Type                                                                                     ;
+----------------+-------+------------------------------------------------------------------------------------------+
; size           ; 32    ; Signed Integer                                                                           ;
+----------------+-------+------------------------------------------------------------------------------------------+
Note: In order to hide this table in the UI and the text report file, please set the "Show Parameter Settings in Synthesis Report" option in "Analysis and Synthesis Settings -> More Settings" to "Off".


+--------------------------------------------------------------------------------------------------------+
; Parameter Settings for User Entity Instance: CPU:inst|RegFile32:inst4|RegFile4:inst8|RegisterX:inst501 ;
+----------------+-------+-------------------------------------------------------------------------------+
; Parameter Name ; Value ; Type                                                                          ;
+----------------+-------+-------------------------------------------------------------------------------+
; size           ; 32    ; Signed Integer                                                                ;
; default_value  ; 0     ; Signed Integer                                                                ;
+----------------+-------+-------------------------------------------------------------------------------+
Note: In order to hide this table in the UI and the text report file, please set the "Show Parameter Settings in Synthesis Report" option in "Analysis and Synthesis Settings -> More Settings" to "Off".


+-----------------------------------------------------------------------------------------------------+
; Parameter Settings for User Entity Instance: CPU:inst|RegFile32:inst4|RegFile4:inst8|RegisterX:inst ;
+----------------+-------+----------------------------------------------------------------------------+
; Parameter Name ; Value ; Type                                                                       ;
+----------------+-------+----------------------------------------------------------------------------+
; size           ; 32    ; Signed Integer                                                             ;
; default_value  ; 0     ; Signed Integer                                                             ;
+----------------+-------+----------------------------------------------------------------------------+
Note: In order to hide this table in the UI and the text report file, please set the "Show Parameter Settings in Synthesis Report" option in "Analysis and Synthesis Settings -> More Settings" to "Off".


+-------------------------------------------------------------------------------------------------------+
; Parameter Settings for User Entity Instance: CPU:inst|RegFile32:inst4|RegFile4:inst8|RegisterX:inst15 ;
+----------------+-------+------------------------------------------------------------------------------+
; Parameter Name ; Value ; Type                                                                         ;
+----------------+-------+------------------------------------------------------------------------------+
; size           ; 32    ; Signed Integer                                                               ;
; default_value  ; 0     ; Signed Integer                                                               ;
+----------------+-------+------------------------------------------------------------------------------+
Note: In order to hide this table in the UI and the text report file, please set the "Show Parameter Settings in Synthesis Report" option in "Analysis and Synthesis Settings -> More Settings" to "Off".


+-------------------------------------------------------------------------------------------------------+
; Parameter Settings for User Entity Instance: CPU:inst|RegFile32:inst4|RegFile4:inst8|RegisterX:inst16 ;
+----------------+-------+------------------------------------------------------------------------------+
; Parameter Name ; Value ; Type                                                                         ;
+----------------+-------+------------------------------------------------------------------------------+
; size           ; 32    ; Signed Integer                                                               ;
; default_value  ; 0     ; Signed Integer                                                               ;
+----------------+-------+------------------------------------------------------------------------------+
Note: In order to hide this table in the UI and the text report file, please set the "Show Parameter Settings in Synthesis Report" option in "Analysis and Synthesis Settings -> More Settings" to "Off".


+-------------------------------------------------------------------------------------------------------------------+
; Parameter Settings for User Entity Instance: CPU:inst|RegFile32:inst4|RegFile4:inst9|MX4:inst2|MultiplexerX:inst2 ;
+----------------+-------+------------------------------------------------------------------------------------------+
; Parameter Name ; Value ; Type                                                                                     ;
+----------------+-------+------------------------------------------------------------------------------------------+
; size           ; 32    ; Signed Integer                                                                           ;
+----------------+-------+------------------------------------------------------------------------------------------+
Note: In order to hide this table in the UI and the text report file, please set the "Show Parameter Settings in Synthesis Report" option in "Analysis and Synthesis Settings -> More Settings" to "Off".


+------------------------------------------------------------------------------------------------------------------+
; Parameter Settings for User Entity Instance: CPU:inst|RegFile32:inst4|RegFile4:inst9|MX4:inst2|MultiplexerX:inst ;
+----------------+-------+-----------------------------------------------------------------------------------------+
; Parameter Name ; Value ; Type                                                                                    ;
+----------------+-------+-----------------------------------------------------------------------------------------+
; size           ; 32    ; Signed Integer                                                                          ;
+----------------+-------+-----------------------------------------------------------------------------------------+
Note: In order to hide this table in the UI and the text report file, please set the "Show Parameter Settings in Synthesis Report" option in "Analysis and Synthesis Settings -> More Settings" to "Off".


+-------------------------------------------------------------------------------------------------------------------+
; Parameter Settings for User Entity Instance: CPU:inst|RegFile32:inst4|RegFile4:inst9|MX4:inst2|MultiplexerX:inst1 ;
+----------------+-------+------------------------------------------------------------------------------------------+
; Parameter Name ; Value ; Type                                                                                     ;
+----------------+-------+------------------------------------------------------------------------------------------+
; size           ; 32    ; Signed Integer                                                                           ;
+----------------+-------+------------------------------------------------------------------------------------------+
Note: In order to hide this table in the UI and the text report file, please set the "Show Parameter Settings in Synthesis Report" option in "Analysis and Synthesis Settings -> More Settings" to "Off".


+--------------------------------------------------------------------------------------------------------+
; Parameter Settings for User Entity Instance: CPU:inst|RegFile32:inst4|RegFile4:inst9|RegisterX:inst501 ;
+----------------+-------+-------------------------------------------------------------------------------+
; Parameter Name ; Value ; Type                                                                          ;
+----------------+-------+-------------------------------------------------------------------------------+
; size           ; 32    ; Signed Integer                                                                ;
; default_value  ; 0     ; Signed Integer                                                                ;
+----------------+-------+-------------------------------------------------------------------------------+
Note: In order to hide this table in the UI and the text report file, please set the "Show Parameter Settings in Synthesis Report" option in "Analysis and Synthesis Settings -> More Settings" to "Off".


+-----------------------------------------------------------------------------------------------------+
; Parameter Settings for User Entity Instance: CPU:inst|RegFile32:inst4|RegFile4:inst9|RegisterX:inst ;
+----------------+-------+----------------------------------------------------------------------------+
; Parameter Name ; Value ; Type                                                                       ;
+----------------+-------+----------------------------------------------------------------------------+
; size           ; 32    ; Signed Integer                                                             ;
; default_value  ; 0     ; Signed Integer                                                             ;
+----------------+-------+----------------------------------------------------------------------------+
Note: In order to hide this table in the UI and the text report file, please set the "Show Parameter Settings in Synthesis Report" option in "Analysis and Synthesis Settings -> More Settings" to "Off".


+-------------------------------------------------------------------------------------------------------+
; Parameter Settings for User Entity Instance: CPU:inst|RegFile32:inst4|RegFile4:inst9|RegisterX:inst15 ;
+----------------+-------+------------------------------------------------------------------------------+
; Parameter Name ; Value ; Type                                                                         ;
+----------------+-------+------------------------------------------------------------------------------+
; size           ; 32    ; Signed Integer                                                               ;
; default_value  ; 0     ; Signed Integer                                                               ;
+----------------+-------+------------------------------------------------------------------------------+
Note: In order to hide this table in the UI and the text report file, please set the "Show Parameter Settings in Synthesis Report" option in "Analysis and Synthesis Settings -> More Settings" to "Off".


+-------------------------------------------------------------------------------------------------------+
; Parameter Settings for User Entity Instance: CPU:inst|RegFile32:inst4|RegFile4:inst9|RegisterX:inst16 ;
+----------------+-------+------------------------------------------------------------------------------+
; Parameter Name ; Value ; Type                                                                         ;
+----------------+-------+------------------------------------------------------------------------------+
; size           ; 32    ; Signed Integer                                                               ;
; default_value  ; 0     ; Signed Integer                                                               ;
+----------------+-------+------------------------------------------------------------------------------+
Note: In order to hide this table in the UI and the text report file, please set the "Show Parameter Settings in Synthesis Report" option in "Analysis and Synthesis Settings -> More Settings" to "Off".


+--------------------------------------------------------------------------------------------------------------------+
; Parameter Settings for User Entity Instance: CPU:inst|RegFile32:inst4|RegFile4:inst10|MX4:inst2|MultiplexerX:inst2 ;
+----------------+-------+-------------------------------------------------------------------------------------------+
; Parameter Name ; Value ; Type                                                                                      ;
+----------------+-------+-------------------------------------------------------------------------------------------+
; size           ; 32    ; Signed Integer                                                                            ;
+----------------+-------+-------------------------------------------------------------------------------------------+
Note: In order to hide this table in the UI and the text report file, please set the "Show Parameter Settings in Synthesis Report" option in "Analysis and Synthesis Settings -> More Settings" to "Off".


+-------------------------------------------------------------------------------------------------------------------+
; Parameter Settings for User Entity Instance: CPU:inst|RegFile32:inst4|RegFile4:inst10|MX4:inst2|MultiplexerX:inst ;
+----------------+-------+------------------------------------------------------------------------------------------+
; Parameter Name ; Value ; Type                                                                                     ;
+----------------+-------+------------------------------------------------------------------------------------------+
; size           ; 32    ; Signed Integer                                                                           ;
+----------------+-------+------------------------------------------------------------------------------------------+
Note: In order to hide this table in the UI and the text report file, please set the "Show Parameter Settings in Synthesis Report" option in "Analysis and Synthesis Settings -> More Settings" to "Off".


+--------------------------------------------------------------------------------------------------------------------+
; Parameter Settings for User Entity Instance: CPU:inst|RegFile32:inst4|RegFile4:inst10|MX4:inst2|MultiplexerX:inst1 ;
+----------------+-------+-------------------------------------------------------------------------------------------+
; Parameter Name ; Value ; Type                                                                                      ;
+----------------+-------+-------------------------------------------------------------------------------------------+
; size           ; 32    ; Signed Integer                                                                            ;
+----------------+-------+-------------------------------------------------------------------------------------------+
Note: In order to hide this table in the UI and the text report file, please set the "Show Parameter Settings in Synthesis Report" option in "Analysis and Synthesis Settings -> More Settings" to "Off".


+---------------------------------------------------------------------------------------------------------+
; Parameter Settings for User Entity Instance: CPU:inst|RegFile32:inst4|RegFile4:inst10|RegisterX:inst501 ;
+----------------+-------+--------------------------------------------------------------------------------+
; Parameter Name ; Value ; Type                                                                           ;
+----------------+-------+--------------------------------------------------------------------------------+
; size           ; 32    ; Signed Integer                                                                 ;
; default_value  ; 0     ; Signed Integer                                                                 ;
+----------------+-------+--------------------------------------------------------------------------------+
Note: In order to hide this table in the UI and the text report file, please set the "Show Parameter Settings in Synthesis Report" option in "Analysis and Synthesis Settings -> More Settings" to "Off".


+------------------------------------------------------------------------------------------------------+
; Parameter Settings for User Entity Instance: CPU:inst|RegFile32:inst4|RegFile4:inst10|RegisterX:inst ;
+----------------+-------+-----------------------------------------------------------------------------+
; Parameter Name ; Value ; Type                                                                        ;
+----------------+-------+-----------------------------------------------------------------------------+
; size           ; 32    ; Signed Integer                                                              ;
; default_value  ; 0     ; Signed Integer                                                              ;
+----------------+-------+-----------------------------------------------------------------------------+
Note: In order to hide this table in the UI and the text report file, please set the "Show Parameter Settings in Synthesis Report" option in "Analysis and Synthesis Settings -> More Settings" to "Off".


+--------------------------------------------------------------------------------------------------------+
; Parameter Settings for User Entity Instance: CPU:inst|RegFile32:inst4|RegFile4:inst10|RegisterX:inst15 ;
+----------------+-------+-------------------------------------------------------------------------------+
; Parameter Name ; Value ; Type                                                                          ;
+----------------+-------+-------------------------------------------------------------------------------+
; size           ; 32    ; Signed Integer                                                                ;
; default_value  ; 0     ; Signed Integer                                                                ;
+----------------+-------+-------------------------------------------------------------------------------+
Note: In order to hide this table in the UI and the text report file, please set the "Show Parameter Settings in Synthesis Report" option in "Analysis and Synthesis Settings -> More Settings" to "Off".


+--------------------------------------------------------------------------------------------------------+
; Parameter Settings for User Entity Instance: CPU:inst|RegFile32:inst4|RegFile4:inst10|RegisterX:inst16 ;
+----------------+-------+-------------------------------------------------------------------------------+
; Parameter Name ; Value ; Type                                                                          ;
+----------------+-------+-------------------------------------------------------------------------------+
; size           ; 32    ; Signed Integer                                                                ;
; default_value  ; 0     ; Signed Integer                                                                ;
+----------------+-------+-------------------------------------------------------------------------------+
Note: In order to hide this table in the UI and the text report file, please set the "Show Parameter Settings in Synthesis Report" option in "Analysis and Synthesis Settings -> More Settings" to "Off".


+---------------------------------------------------------------------------+
; Parameter Settings for User Entity Instance: CPU:inst|MultiplexerX:inst14 ;
+----------------+-------+--------------------------------------------------+
; Parameter Name ; Value ; Type                                             ;
+----------------+-------+--------------------------------------------------+
; size           ; 5     ; Signed Integer                                   ;
+----------------+-------+--------------------------------------------------+
Note: In order to hide this table in the UI and the text report file, please set the "Show Parameter Settings in Synthesis Report" option in "Analysis and Synthesis Settings -> More Settings" to "Off".


+---------------------------------------------------------------------------+
; Parameter Settings for User Entity Instance: CPU:inst|MultiplexerX:inst11 ;
+----------------+-------+--------------------------------------------------+
; Parameter Name ; Value ; Type                                             ;
+----------------+-------+--------------------------------------------------+
; size           ; 5     ; Signed Integer                                   ;
+----------------+-------+--------------------------------------------------+
Note: In order to hide this table in the UI and the text report file, please set the "Show Parameter Settings in Synthesis Report" option in "Analysis and Synthesis Settings -> More Settings" to "Off".


+------------------------------------------------------------------------+
; Parameter Settings for User Entity Instance: CPU:inst|RegisterX:inst28 ;
+----------------+-------+-----------------------------------------------+
; Parameter Name ; Value ; Type                                          ;
+----------------+-------+-----------------------------------------------+
; size           ; 32    ; Signed Integer                                ;
; default_value  ; 0     ; Signed Integer                                ;
+----------------+-------+-----------------------------------------------+
Note: In order to hide this table in the UI and the text report file, please set the "Show Parameter Settings in Synthesis Report" option in "Analysis and Synthesis Settings -> More Settings" to "Off".


+------------------------------------------------------------------------+
; Parameter Settings for User Entity Instance: CPU:inst|RegisterX:inst18 ;
+----------------+-------+-----------------------------------------------+
; Parameter Name ; Value ; Type                                          ;
+----------------+-------+-----------------------------------------------+
; size           ; 32    ; Signed Integer                                ;
; default_value  ; 0     ; Signed Integer                                ;
+----------------+-------+-----------------------------------------------+
Note: In order to hide this table in the UI and the text report file, please set the "Show Parameter Settings in Synthesis Report" option in "Analysis and Synthesis Settings -> More Settings" to "Off".


+----------------------------------------------------------------------------------+
; Parameter Settings for User Entity Instance: KPTastature:inst11|RegisterX:inst29 ;
+----------------+-------+---------------------------------------------------------+
; Parameter Name ; Value ; Type                                                    ;
+----------------+-------+---------------------------------------------------------+
; size           ; 32    ; Signed Integer                                          ;
; default_value  ; 0     ; Signed Integer                                          ;
+----------------+-------+---------------------------------------------------------+
Note: In order to hide this table in the UI and the text report file, please set the "Show Parameter Settings in Synthesis Report" option in "Analysis and Synthesis Settings -> More Settings" to "Off".


+---------------------------------------------------------------------------------+
; Parameter Settings for User Entity Instance: KPTastature:inst11|ConstantX:inst5 ;
+----------------+-------+--------------------------------------------------------+
; Parameter Name ; Value ; Type                                                   ;
+----------------+-------+--------------------------------------------------------+
; size           ; 8     ; Signed Integer                                         ;
; const          ; 240   ; Signed Integer                                         ;
+----------------+-------+--------------------------------------------------------+
Note: In order to hide this table in the UI and the text report file, please set the "Show Parameter Settings in Synthesis Report" option in "Analysis and Synthesis Settings -> More Settings" to "Off".


+---------------------------------------------------------------------------------+
; Parameter Settings for User Entity Instance: KPTastature:inst11|ConstantX:inst6 ;
+----------------+-------+--------------------------------------------------------+
; Parameter Name ; Value ; Type                                                   ;
+----------------+-------+--------------------------------------------------------+
; size           ; 8     ; Signed Integer                                         ;
; const          ; 224   ; Signed Integer                                         ;
+----------------+-------+--------------------------------------------------------+
Note: In order to hide this table in the UI and the text report file, please set the "Show Parameter Settings in Synthesis Report" option in "Analysis and Synthesis Settings -> More Settings" to "Off".


+---------------------------------------------------------------------------------+
; Parameter Settings for User Entity Instance: KPTastature:inst11|RegisterX:inst3 ;
+----------------+-------+--------------------------------------------------------+
; Parameter Name ; Value ; Type                                                   ;
+----------------+-------+--------------------------------------------------------+
; size           ; 10    ; Signed Integer                                         ;
; default_value  ; 41    ; Signed Integer                                         ;
+----------------+-------+--------------------------------------------------------+
Note: In order to hide this table in the UI and the text report file, please set the "Show Parameter Settings in Synthesis Report" option in "Analysis and Synthesis Settings -> More Settings" to "Off".


+-----------------------------------------------------------------------------------------------------------+
; Parameter Settings for User Entity Instance: KPVGA:inst15|VGAPer:inst|Controller:inst4|ComparatorX:inst10 ;
+----------------+-------+----------------------------------------------------------------------------------+
; Parameter Name ; Value ; Type                                                                             ;
+----------------+-------+----------------------------------------------------------------------------------+
; size           ; 11    ; Signed Integer                                                                   ;
+----------------+-------+----------------------------------------------------------------------------------+
Note: In order to hide this table in the UI and the text report file, please set the "Show Parameter Settings in Synthesis Report" option in "Analysis and Synthesis Settings -> More Settings" to "Off".


+-------------------------------------------------------------------------------------------------------+
; Parameter Settings for User Entity Instance: KPVGA:inst15|VGAPer:inst|Controller:inst4|RegisterX:inst ;
+----------------+-------+------------------------------------------------------------------------------+
; Parameter Name ; Value ; Type                                                                         ;
+----------------+-------+------------------------------------------------------------------------------+
; size           ; 11    ; Signed Integer                                                               ;
; default_value  ; 0     ; Signed Integer                                                               ;
+----------------+-------+------------------------------------------------------------------------------+
Note: In order to hide this table in the UI and the text report file, please set the "Show Parameter Settings in Synthesis Report" option in "Analysis and Synthesis Settings -> More Settings" to "Off".


+----------------------------------------------------------------------------------------------------------+
; Parameter Settings for User Entity Instance: KPVGA:inst15|VGAPer:inst|Controller:inst4|ComparatorX:inst2 ;
+----------------+-------+---------------------------------------------------------------------------------+
; Parameter Name ; Value ; Type                                                                            ;
+----------------+-------+---------------------------------------------------------------------------------+
; size           ; 11    ; Signed Integer                                                                  ;
+----------------+-------+---------------------------------------------------------------------------------+
Note: In order to hide this table in the UI and the text report file, please set the "Show Parameter Settings in Synthesis Report" option in "Analysis and Synthesis Settings -> More Settings" to "Off".


+--------------------------------------------------------------------------------------------------------+
; Parameter Settings for User Entity Instance: KPVGA:inst15|VGAPer:inst|Controller:inst4|ConstantX:inst1 ;
+----------------+-------+-------------------------------------------------------------------------------+
; Parameter Name ; Value ; Type                                                                          ;
+----------------+-------+-------------------------------------------------------------------------------+
; size           ; 11    ; Signed Integer                                                                ;
; const          ; 1039  ; Signed Integer                                                                ;
+----------------+-------+-------------------------------------------------------------------------------+
Note: In order to hide this table in the UI and the text report file, please set the "Show Parameter Settings in Synthesis Report" option in "Analysis and Synthesis Settings -> More Settings" to "Off".


+--------------------------------------------------------------------------------------------------------+
; Parameter Settings for User Entity Instance: KPVGA:inst15|VGAPer:inst|Controller:inst4|ConstantX:inst9 ;
+----------------+-------+-------------------------------------------------------------------------------+
; Parameter Name ; Value ; Type                                                                          ;
+----------------+-------+-------------------------------------------------------------------------------+
; size           ; 11    ; Signed Integer                                                                ;
; const          ; 975   ; Signed Integer                                                                ;
+----------------+-------+-------------------------------------------------------------------------------+
Note: In order to hide this table in the UI and the text report file, please set the "Show Parameter Settings in Synthesis Report" option in "Analysis and Synthesis Settings -> More Settings" to "Off".


+----------------------------------------------------------------------------------------------------------+
; Parameter Settings for User Entity Instance: KPVGA:inst15|VGAPer:inst|Controller:inst4|ComparatorX:inst8 ;
+----------------+-------+---------------------------------------------------------------------------------+
; Parameter Name ; Value ; Type                                                                            ;
+----------------+-------+---------------------------------------------------------------------------------+
; size           ; 11    ; Signed Integer                                                                  ;
+----------------+-------+---------------------------------------------------------------------------------+
Note: In order to hide this table in the UI and the text report file, please set the "Show Parameter Settings in Synthesis Report" option in "Analysis and Synthesis Settings -> More Settings" to "Off".


+--------------------------------------------------------------------------------------------------------+
; Parameter Settings for User Entity Instance: KPVGA:inst15|VGAPer:inst|Controller:inst4|ConstantX:inst7 ;
+----------------+-------+-------------------------------------------------------------------------------+
; Parameter Name ; Value ; Type                                                                          ;
+----------------+-------+-------------------------------------------------------------------------------+
; size           ; 11    ; Signed Integer                                                                ;
; const          ; 855   ; Signed Integer                                                                ;
+----------------+-------+-------------------------------------------------------------------------------+
Note: In order to hide this table in the UI and the text report file, please set the "Show Parameter Settings in Synthesis Report" option in "Analysis and Synthesis Settings -> More Settings" to "Off".


+-----------------------------------------------------------------------------------------------------------+
; Parameter Settings for User Entity Instance: KPVGA:inst15|VGAPer:inst|Controller:inst4|ComparatorX:inst15 ;
+----------------+-------+----------------------------------------------------------------------------------+
; Parameter Name ; Value ; Type                                                                             ;
+----------------+-------+----------------------------------------------------------------------------------+
; size           ; 10    ; Signed Integer                                                                   ;
+----------------+-------+----------------------------------------------------------------------------------+
Note: In order to hide this table in the UI and the text report file, please set the "Show Parameter Settings in Synthesis Report" option in "Analysis and Synthesis Settings -> More Settings" to "Off".


+--------------------------------------------------------------------------------------------------------+
; Parameter Settings for User Entity Instance: KPVGA:inst15|VGAPer:inst|Controller:inst4|RegisterX:inst3 ;
+----------------+-------+-------------------------------------------------------------------------------+
; Parameter Name ; Value ; Type                                                                          ;
+----------------+-------+-------------------------------------------------------------------------------+
; size           ; 10    ; Signed Integer                                                                ;
; default_value  ; 0     ; Signed Integer                                                                ;
+----------------+-------+-------------------------------------------------------------------------------+
Note: In order to hide this table in the UI and the text report file, please set the "Show Parameter Settings in Synthesis Report" option in "Analysis and Synthesis Settings -> More Settings" to "Off".


+----------------------------------------------------------------------------------------------------------+
; Parameter Settings for User Entity Instance: KPVGA:inst15|VGAPer:inst|Controller:inst4|ComparatorX:inst5 ;
+----------------+-------+---------------------------------------------------------------------------------+
; Parameter Name ; Value ; Type                                                                            ;
+----------------+-------+---------------------------------------------------------------------------------+
; size           ; 10    ; Signed Integer                                                                  ;
+----------------+-------+---------------------------------------------------------------------------------+
Note: In order to hide this table in the UI and the text report file, please set the "Show Parameter Settings in Synthesis Report" option in "Analysis and Synthesis Settings -> More Settings" to "Off".


+--------------------------------------------------------------------------------------------------------+
; Parameter Settings for User Entity Instance: KPVGA:inst15|VGAPer:inst|Controller:inst4|ConstantX:inst4 ;
+----------------+-------+-------------------------------------------------------------------------------+
; Parameter Name ; Value ; Type                                                                          ;
+----------------+-------+-------------------------------------------------------------------------------+
; size           ; 10    ; Signed Integer                                                                ;
; const          ; 665   ; Signed Integer                                                                ;
+----------------+-------+-------------------------------------------------------------------------------+
Note: In order to hide this table in the UI and the text report file, please set the "Show Parameter Settings in Synthesis Report" option in "Analysis and Synthesis Settings -> More Settings" to "Off".


+---------------------------------------------------------------------------------------------------------+
; Parameter Settings for User Entity Instance: KPVGA:inst15|VGAPer:inst|Controller:inst4|ConstantX:inst14 ;
+----------------+-------+--------------------------------------------------------------------------------+
; Parameter Name ; Value ; Type                                                                           ;
+----------------+-------+--------------------------------------------------------------------------------+
; size           ; 10    ; Signed Integer                                                                 ;
; const          ; 642   ; Signed Integer                                                                 ;
+----------------+-------+--------------------------------------------------------------------------------+
Note: In order to hide this table in the UI and the text report file, please set the "Show Parameter Settings in Synthesis Report" option in "Analysis and Synthesis Settings -> More Settings" to "Off".


+-----------------------------------------------------------------------------------------------------------+
; Parameter Settings for User Entity Instance: KPVGA:inst15|VGAPer:inst|Controller:inst4|ComparatorX:inst13 ;
+----------------+-------+----------------------------------------------------------------------------------+
; Parameter Name ; Value ; Type                                                                             ;
+----------------+-------+----------------------------------------------------------------------------------+
; size           ; 10    ; Signed Integer                                                                   ;
+----------------+-------+----------------------------------------------------------------------------------+
Note: In order to hide this table in the UI and the text report file, please set the "Show Parameter Settings in Synthesis Report" option in "Analysis and Synthesis Settings -> More Settings" to "Off".


+---------------------------------------------------------------------------------------------------------+
; Parameter Settings for User Entity Instance: KPVGA:inst15|VGAPer:inst|Controller:inst4|ConstantX:inst12 ;
+----------------+-------+--------------------------------------------------------------------------------+
; Parameter Name ; Value ; Type                                                                           ;
+----------------+-------+--------------------------------------------------------------------------------+
; size           ; 10    ; Signed Integer                                                                 ;
; const          ; 636   ; Signed Integer                                                                 ;
+----------------+-------+--------------------------------------------------------------------------------+
Note: In order to hide this table in the UI and the text report file, please set the "Show Parameter Settings in Synthesis Report" option in "Analysis and Synthesis Settings -> More Settings" to "Off".


+-----------------------------------------------------------------------------------------------------------+
; Parameter Settings for User Entity Instance: KPVGA:inst15|VGAPer:inst|Controller:inst4|ComparatorX:inst20 ;
+----------------+-------+----------------------------------------------------------------------------------+
; Parameter Name ; Value ; Type                                                                             ;
+----------------+-------+----------------------------------------------------------------------------------+
; size           ; 10    ; Signed Integer                                                                   ;
+----------------+-------+----------------------------------------------------------------------------------+
Note: In order to hide this table in the UI and the text report file, please set the "Show Parameter Settings in Synthesis Report" option in "Analysis and Synthesis Settings -> More Settings" to "Off".


+---------------------------------------------------------------------------------------------------------+
; Parameter Settings for User Entity Instance: KPVGA:inst15|VGAPer:inst|Controller:inst4|ConstantX:inst19 ;
+----------------+-------+--------------------------------------------------------------------------------+
; Parameter Name ; Value ; Type                                                                           ;
+----------------+-------+--------------------------------------------------------------------------------+
; size           ; 10    ; Signed Integer                                                                 ;
; const          ; 600   ; Signed Integer                                                                 ;
+----------------+-------+--------------------------------------------------------------------------------+
Note: In order to hide this table in the UI and the text report file, please set the "Show Parameter Settings in Synthesis Report" option in "Analysis and Synthesis Settings -> More Settings" to "Off".


+-----------------------------------------------------------------------------------------------------------+
; Parameter Settings for User Entity Instance: KPVGA:inst15|VGAPer:inst|Controller:inst4|ComparatorX:inst18 ;
+----------------+-------+----------------------------------------------------------------------------------+
; Parameter Name ; Value ; Type                                                                             ;
+----------------+-------+----------------------------------------------------------------------------------+
; size           ; 11    ; Signed Integer                                                                   ;
+----------------+-------+----------------------------------------------------------------------------------+
Note: In order to hide this table in the UI and the text report file, please set the "Show Parameter Settings in Synthesis Report" option in "Analysis and Synthesis Settings -> More Settings" to "Off".


+---------------------------------------------------------------------------------------------------------+
; Parameter Settings for User Entity Instance: KPVGA:inst15|VGAPer:inst|Controller:inst4|ConstantX:inst17 ;
+----------------+-------+--------------------------------------------------------------------------------+
; Parameter Name ; Value ; Type                                                                           ;
+----------------+-------+--------------------------------------------------------------------------------+
; size           ; 11    ; Signed Integer                                                                 ;
; const          ; 800   ; Signed Integer                                                                 ;
+----------------+-------+--------------------------------------------------------------------------------+
Note: In order to hide this table in the UI and the text report file, please set the "Show Parameter Settings in Synthesis Report" option in "Analysis and Synthesis Settings -> More Settings" to "Off".


+------------------------------------------------------------------------------------------+
; Parameter Settings for User Entity Instance: KPVGA:inst15|VGAPer:inst|ComparatorX:inst17 ;
+----------------+-------+-----------------------------------------------------------------+
; Parameter Name ; Value ; Type                                                            ;
+----------------+-------+-----------------------------------------------------------------+
; size           ; 10    ; Signed Integer                                                  ;
+----------------+-------+-----------------------------------------------------------------+
Note: In order to hide this table in the UI and the text report file, please set the "Show Parameter Settings in Synthesis Report" option in "Analysis and Synthesis Settings -> More Settings" to "Off".


+----------------------------------------------------------------------------------------+
; Parameter Settings for User Entity Instance: KPVGA:inst15|VGAPer:inst|ConstantX:inst40 ;
+----------------+-------+---------------------------------------------------------------+
; Parameter Name ; Value ; Type                                                          ;
+----------------+-------+---------------------------------------------------------------+
; size           ; 10    ; Signed Integer                                                ;
; const          ; 250   ; Signed Integer                                                ;
+----------------+-------+---------------------------------------------------------------+
Note: In order to hide this table in the UI and the text report file, please set the "Show Parameter Settings in Synthesis Report" option in "Analysis and Synthesis Settings -> More Settings" to "Off".


+------------------------------------------------------------------------------------------+
; Parameter Settings for User Entity Instance: KPVGA:inst15|VGAPer:inst|ComparatorX:inst30 ;
+----------------+-------+-----------------------------------------------------------------+
; Parameter Name ; Value ; Type                                                            ;
+----------------+-------+-----------------------------------------------------------------+
; size           ; 10    ; Signed Integer                                                  ;
+----------------+-------+-----------------------------------------------------------------+
Note: In order to hide this table in the UI and the text report file, please set the "Show Parameter Settings in Synthesis Report" option in "Analysis and Synthesis Settings -> More Settings" to "Off".


+----------------------------------------------------------------------------------------+
; Parameter Settings for User Entity Instance: KPVGA:inst15|VGAPer:inst|ConstantX:inst41 ;
+----------------+-------+---------------------------------------------------------------+
; Parameter Name ; Value ; Type                                                          ;
+----------------+-------+---------------------------------------------------------------+
; size           ; 10    ; Signed Integer                                                ;
; const          ; 550   ; Signed Integer                                                ;
+----------------+-------+---------------------------------------------------------------+
Note: In order to hide this table in the UI and the text report file, please set the "Show Parameter Settings in Synthesis Report" option in "Analysis and Synthesis Settings -> More Settings" to "Off".


+------------------------------------------------------------------------------------------------------+
; Parameter Settings for User Entity Instance: KPVGA:inst15|VGAPer:inst|Layer1:inst5|ComparatorX:inst9 ;
+----------------+-------+-----------------------------------------------------------------------------+
; Parameter Name ; Value ; Type                                                                        ;
+----------------+-------+-----------------------------------------------------------------------------+
; size           ; 10    ; Signed Integer                                                              ;
+----------------+-------+-----------------------------------------------------------------------------+
Note: In order to hide this table in the UI and the text report file, please set the "Show Parameter Settings in Synthesis Report" option in "Analysis and Synthesis Settings -> More Settings" to "Off".


+----------------------------------------------------------------------------------------------------+
; Parameter Settings for User Entity Instance: KPVGA:inst15|VGAPer:inst|Layer1:inst5|ConstantX:inst4 ;
+----------------+-------+---------------------------------------------------------------------------+
; Parameter Name ; Value ; Type                                                                      ;
+----------------+-------+---------------------------------------------------------------------------+
; size           ; 10    ; Signed Integer                                                            ;
; const          ; 533   ; Signed Integer                                                            ;
+----------------+-------+---------------------------------------------------------------------------+
Note: In order to hide this table in the UI and the text report file, please set the "Show Parameter Settings in Synthesis Report" option in "Analysis and Synthesis Settings -> More Settings" to "Off".


+------------------------------------------------------------------------------------------------------+
; Parameter Settings for User Entity Instance: KPVGA:inst15|VGAPer:inst|Layer1:inst5|ComparatorX:inst7 ;
+----------------+-------+-----------------------------------------------------------------------------+
; Parameter Name ; Value ; Type                                                                        ;
+----------------+-------+-----------------------------------------------------------------------------+
; size           ; 10    ; Signed Integer                                                              ;
+----------------+-------+-----------------------------------------------------------------------------+
Note: In order to hide this table in the UI and the text report file, please set the "Show Parameter Settings in Synthesis Report" option in "Analysis and Synthesis Settings -> More Settings" to "Off".


+----------------------------------------------------------------------------------------------------+
; Parameter Settings for User Entity Instance: KPVGA:inst15|VGAPer:inst|Layer1:inst5|ConstantX:inst1 ;
+----------------+-------+---------------------------------------------------------------------------+
; Parameter Name ; Value ; Type                                                                      ;
+----------------+-------+---------------------------------------------------------------------------+
; size           ; 10    ; Signed Integer                                                            ;
; const          ; 260   ; Signed Integer                                                            ;
+----------------+-------+---------------------------------------------------------------------------+
Note: In order to hide this table in the UI and the text report file, please set the "Show Parameter Settings in Synthesis Report" option in "Analysis and Synthesis Settings -> More Settings" to "Off".


+-------------------------------------------------------------------------------------------------------+
; Parameter Settings for User Entity Instance: KPVGA:inst15|VGAPer:inst|Layer1:inst5|ComparatorX:inst12 ;
+----------------+-------+------------------------------------------------------------------------------+
; Parameter Name ; Value ; Type                                                                         ;
+----------------+-------+------------------------------------------------------------------------------+
; size           ; 10    ; Signed Integer                                                               ;
+----------------+-------+------------------------------------------------------------------------------+
Note: In order to hide this table in the UI and the text report file, please set the "Show Parameter Settings in Synthesis Report" option in "Analysis and Synthesis Settings -> More Settings" to "Off".


+----------------------------------------------------------------------------------------------------+
; Parameter Settings for User Entity Instance: KPVGA:inst15|VGAPer:inst|Layer1:inst5|ConstantX:inst5 ;
+----------------+-------+---------------------------------------------------------------------------+
; Parameter Name ; Value ; Type                                                                      ;
+----------------+-------+---------------------------------------------------------------------------+
; size           ; 10    ; Signed Integer                                                            ;
; const          ; 580   ; Signed Integer                                                            ;
+----------------+-------+---------------------------------------------------------------------------+
Note: In order to hide this table in the UI and the text report file, please set the "Show Parameter Settings in Synthesis Report" option in "Analysis and Synthesis Settings -> More Settings" to "Off".


+-------------------------------------------------------------------------------------------------------+
; Parameter Settings for User Entity Instance: KPVGA:inst15|VGAPer:inst|Layer1:inst5|ComparatorX:inst11 ;
+----------------+-------+------------------------------------------------------------------------------+
; Parameter Name ; Value ; Type                                                                         ;
+----------------+-------+------------------------------------------------------------------------------+
; size           ; 10    ; Signed Integer                                                               ;
+----------------+-------+------------------------------------------------------------------------------+
Note: In order to hide this table in the UI and the text report file, please set the "Show Parameter Settings in Synthesis Report" option in "Analysis and Synthesis Settings -> More Settings" to "Off".


+----------------------------------------------------------------------------------------------------+
; Parameter Settings for User Entity Instance: KPVGA:inst15|VGAPer:inst|Layer1:inst5|ConstantX:inst6 ;
+----------------+-------+---------------------------------------------------------------------------+
; Parameter Name ; Value ; Type                                                                      ;
+----------------+-------+---------------------------------------------------------------------------+
; size           ; 10    ; Signed Integer                                                            ;
; const          ; 20    ; Signed Integer                                                            ;
+----------------+-------+---------------------------------------------------------------------------+
Note: In order to hide this table in the UI and the text report file, please set the "Show Parameter Settings in Synthesis Report" option in "Analysis and Synthesis Settings -> More Settings" to "Off".


+----------------------------------------------------------------------------------------------------+
; Parameter Settings for User Entity Instance: KPVGA:inst15|VGAPer:inst|Layer1:inst5|RegisterX:inst8 ;
+----------------+-------+---------------------------------------------------------------------------+
; Parameter Name ; Value ; Type                                                                      ;
+----------------+-------+---------------------------------------------------------------------------+
; size           ; 12    ; Signed Integer                                                            ;
; default_value  ; 2048  ; Signed Integer                                                            ;
+----------------+-------+---------------------------------------------------------------------------+
Note: In order to hide this table in the UI and the text report file, please set the "Show Parameter Settings in Synthesis Report" option in "Analysis and Synthesis Settings -> More Settings" to "Off".


+------------------------------------------------------------------------------------------+
; Parameter Settings for User Entity Instance: KPVGA:inst15|VGAPer:inst|ComparatorX:inst32 ;
+----------------+-------+-----------------------------------------------------------------+
; Parameter Name ; Value ; Type                                                            ;
+----------------+-------+-----------------------------------------------------------------+
; size           ; 10    ; Signed Integer                                                  ;
+----------------+-------+-----------------------------------------------------------------+
Note: In order to hide this table in the UI and the text report file, please set the "Show Parameter Settings in Synthesis Report" option in "Analysis and Synthesis Settings -> More Settings" to "Off".


+----------------------------------------------------------------------------------------+
; Parameter Settings for User Entity Instance: KPVGA:inst15|VGAPer:inst|ConstantX:inst34 ;
+----------------+-------+---------------------------------------------------------------+
; Parameter Name ; Value ; Type                                                          ;
+----------------+-------+---------------------------------------------------------------+
; size           ; 10    ; Signed Integer                                                ;
; const          ; 255   ; Signed Integer                                                ;
+----------------+-------+---------------------------------------------------------------+
Note: In order to hide this table in the UI and the text report file, please set the "Show Parameter Settings in Synthesis Report" option in "Analysis and Synthesis Settings -> More Settings" to "Off".


+------------------------------------------------------------------------------------------+
; Parameter Settings for User Entity Instance: KPVGA:inst15|VGAPer:inst|ComparatorX:inst14 ;
+----------------+-------+-----------------------------------------------------------------+
; Parameter Name ; Value ; Type                                                            ;
+----------------+-------+-----------------------------------------------------------------+
; size           ; 5     ; Signed Integer                                                  ;
+----------------+-------+-----------------------------------------------------------------+
Note: In order to hide this table in the UI and the text report file, please set the "Show Parameter Settings in Synthesis Report" option in "Analysis and Synthesis Settings -> More Settings" to "Off".


+----------------------------------------------------------------------------------------+
; Parameter Settings for User Entity Instance: KPVGA:inst15|VGAPer:inst|RegisterX:inst12 ;
+----------------+-------+---------------------------------------------------------------+
; Parameter Name ; Value ; Type                                                          ;
+----------------+-------+---------------------------------------------------------------+
; size           ; 5     ; Signed Integer                                                ;
; default_value  ; 0     ; Signed Integer                                                ;
+----------------+-------+---------------------------------------------------------------+
Note: In order to hide this table in the UI and the text report file, please set the "Show Parameter Settings in Synthesis Report" option in "Analysis and Synthesis Settings -> More Settings" to "Off".


+----------------------------------------------------------------------------------------+
; Parameter Settings for User Entity Instance: KPVGA:inst15|VGAPer:inst|ConstantX:inst15 ;
+----------------+-------+---------------------------------------------------------------+
; Parameter Name ; Value ; Type                                                          ;
+----------------+-------+---------------------------------------------------------------+
; size           ; 5     ; Signed Integer                                                ;
; const          ; 26    ; Signed Integer                                                ;
+----------------+-------+---------------------------------------------------------------+
Note: In order to hide this table in the UI and the text report file, please set the "Show Parameter Settings in Synthesis Report" option in "Analysis and Synthesis Settings -> More Settings" to "Off".


+----------------------------------------------------------------------------------------------------------------------+
; Parameter Settings for User Entity Instance: KPVGA:inst15|VGAPer:inst|VideoRAM:inst9|altsyncram:altsyncram_component ;
+------------------------------------+----------------------+----------------------------------------------------------+
; Parameter Name                     ; Value                ; Type                                                     ;
+------------------------------------+----------------------+----------------------------------------------------------+
; BYTE_SIZE_BLOCK                    ; 8                    ; Untyped                                                  ;
; AUTO_CARRY_CHAINS                  ; ON                   ; AUTO_CARRY                                               ;
; IGNORE_CARRY_BUFFERS               ; OFF                  ; IGNORE_CARRY                                             ;
; AUTO_CASCADE_CHAINS                ; ON                   ; AUTO_CASCADE                                             ;
; IGNORE_CASCADE_BUFFERS             ; OFF                  ; IGNORE_CASCADE                                           ;
; WIDTH_BYTEENA                      ; 1                    ; Untyped                                                  ;
; OPERATION_MODE                     ; SINGLE_PORT          ; Untyped                                                  ;
; WIDTH_A                            ; 12                   ; Signed Integer                                           ;
; WIDTHAD_A                          ; 8                    ; Signed Integer                                           ;
; NUMWORDS_A                         ; 256                  ; Signed Integer                                           ;
; OUTDATA_REG_A                      ; UNREGISTERED         ; Untyped                                                  ;
; ADDRESS_ACLR_A                     ; NONE                 ; Untyped                                                  ;
; OUTDATA_ACLR_A                     ; NONE                 ; Untyped                                                  ;
; WRCONTROL_ACLR_A                   ; NONE                 ; Untyped                                                  ;
; INDATA_ACLR_A                      ; NONE                 ; Untyped                                                  ;
; BYTEENA_ACLR_A                     ; NONE                 ; Untyped                                                  ;
; WIDTH_B                            ; 1                    ; Signed Integer                                           ;
; WIDTHAD_B                          ; 1                    ; Signed Integer                                           ;
; NUMWORDS_B                         ; 0                    ; Signed Integer                                           ;
; INDATA_REG_B                       ; CLOCK1               ; Untyped                                                  ;
; WRCONTROL_WRADDRESS_REG_B          ; CLOCK1               ; Untyped                                                  ;
; RDCONTROL_REG_B                    ; CLOCK1               ; Untyped                                                  ;
; ADDRESS_REG_B                      ; CLOCK1               ; Untyped                                                  ;
; OUTDATA_REG_B                      ; UNREGISTERED         ; Untyped                                                  ;
; BYTEENA_REG_B                      ; CLOCK1               ; Untyped                                                  ;
; INDATA_ACLR_B                      ; NONE                 ; Untyped                                                  ;
; WRCONTROL_ACLR_B                   ; NONE                 ; Untyped                                                  ;
; ADDRESS_ACLR_B                     ; NONE                 ; Untyped                                                  ;
; OUTDATA_ACLR_B                     ; NONE                 ; Untyped                                                  ;
; RDCONTROL_ACLR_B                   ; NONE                 ; Untyped                                                  ;
; BYTEENA_ACLR_B                     ; NONE                 ; Untyped                                                  ;
; WIDTH_BYTEENA_A                    ; 1                    ; Signed Integer                                           ;
; WIDTH_BYTEENA_B                    ; 1                    ; Signed Integer                                           ;
; RAM_BLOCK_TYPE                     ; AUTO                 ; Untyped                                                  ;
; BYTE_SIZE                          ; 8                    ; Signed Integer                                           ;
; READ_DURING_WRITE_MODE_MIXED_PORTS ; DONT_CARE            ; Untyped                                                  ;
; READ_DURING_WRITE_MODE_PORT_A      ; NEW_DATA_NO_NBE_READ ; Untyped                                                  ;
; READ_DURING_WRITE_MODE_PORT_B      ; NEW_DATA_NO_NBE_READ ; Untyped                                                  ;
; INIT_FILE                          ; ../tetrisScene.mif   ; Untyped                                                  ;
; INIT_FILE_LAYOUT                   ; PORT_A               ; Untyped                                                  ;
; MAXIMUM_DEPTH                      ; 0                    ; Signed Integer                                           ;
; CLOCK_ENABLE_INPUT_A               ; BYPASS               ; Untyped                                                  ;
; CLOCK_ENABLE_INPUT_B               ; NORMAL               ; Untyped                                                  ;
; CLOCK_ENABLE_OUTPUT_A              ; BYPASS               ; Untyped                                                  ;
; CLOCK_ENABLE_OUTPUT_B              ; NORMAL               ; Untyped                                                  ;
; CLOCK_ENABLE_CORE_A                ; USE_INPUT_CLKEN      ; Untyped                                                  ;
; CLOCK_ENABLE_CORE_B                ; USE_INPUT_CLKEN      ; Untyped                                                  ;
; ENABLE_ECC                         ; FALSE                ; Untyped                                                  ;
; ECC_PIPELINE_STAGE_ENABLED         ; FALSE                ; Untyped                                                  ;
; WIDTH_ECCSTATUS                    ; 3                    ; Signed Integer                                           ;
; DEVICE_FAMILY                      ; Cyclone III          ; Untyped                                                  ;
; CBXI_PARAMETER                     ; altsyncram_tat3      ; Untyped                                                  ;
+------------------------------------+----------------------+----------------------------------------------------------+
Note: In order to hide this table in the UI and the text report file, please set the "Show Parameter Settings in Synthesis Report" option in "Analysis and Synthesis Settings -> More Settings" to "Off".


+-----------------------------------------------------------------------------------+
; Parameter Settings for User Entity Instance: KPVGA:inst15|VGAPer:inst|ALUX:inst26 ;
+----------------+-------+----------------------------------------------------------+
; Parameter Name ; Value ; Type                                                     ;
+----------------+-------+----------------------------------------------------------+
; size           ; 8     ; Signed Integer                                           ;
+----------------+-------+----------------------------------------------------------+
Note: In order to hide this table in the UI and the text report file, please set the "Show Parameter Settings in Synthesis Report" option in "Analysis and Synthesis Settings -> More Settings" to "Off".


+-----------------------------------------------------------------------------------+
; Parameter Settings for User Entity Instance: KPVGA:inst15|VGAPer:inst|ALUX:inst25 ;
+----------------+-------+----------------------------------------------------------+
; Parameter Name ; Value ; Type                                                     ;
+----------------+-------+----------------------------------------------------------+
; size           ; 8     ; Signed Integer                                           ;
+----------------+-------+----------------------------------------------------------+
Note: In order to hide this table in the UI and the text report file, please set the "Show Parameter Settings in Synthesis Report" option in "Analysis and Synthesis Settings -> More Settings" to "Off".


+----------------------------------------------------------------------------------------+
; Parameter Settings for User Entity Instance: KPVGA:inst15|VGAPer:inst|RegisterX:inst10 ;
+----------------+-------+---------------------------------------------------------------+
; Parameter Name ; Value ; Type                                                          ;
+----------------+-------+---------------------------------------------------------------+
; size           ; 5     ; Signed Integer                                                ;
; default_value  ; 0     ; Signed Integer                                                ;
+----------------+-------+---------------------------------------------------------------+
Note: In order to hide this table in the UI and the text report file, please set the "Show Parameter Settings in Synthesis Report" option in "Analysis and Synthesis Settings -> More Settings" to "Off".


+------------------------------------------------------------------------------------------+
; Parameter Settings for User Entity Instance: KPVGA:inst15|VGAPer:inst|ComparatorX:inst37 ;
+----------------+-------+-----------------------------------------------------------------+
; Parameter Name ; Value ; Type                                                            ;
+----------------+-------+-----------------------------------------------------------------+
; size           ; 10    ; Signed Integer                                                  ;
+----------------+-------+-----------------------------------------------------------------+
Note: In order to hide this table in the UI and the text report file, please set the "Show Parameter Settings in Synthesis Report" option in "Analysis and Synthesis Settings -> More Settings" to "Off".


+----------------------------------------------------------------------------------------+
; Parameter Settings for User Entity Instance: KPVGA:inst15|VGAPer:inst|ConstantX:inst38 ;
+----------------+-------+---------------------------------------------------------------+
; Parameter Name ; Value ; Type                                                          ;
+----------------+-------+---------------------------------------------------------------+
; size           ; 10    ; Signed Integer                                                ;
; const          ; 20    ; Signed Integer                                                ;
+----------------+-------+---------------------------------------------------------------+
Note: In order to hide this table in the UI and the text report file, please set the "Show Parameter Settings in Synthesis Report" option in "Analysis and Synthesis Settings -> More Settings" to "Off".


+------------------------------------------------------------------------------------------+
; Parameter Settings for User Entity Instance: KPVGA:inst15|VGAPer:inst|ComparatorX:inst16 ;
+----------------+-------+-----------------------------------------------------------------+
; Parameter Name ; Value ; Type                                                            ;
+----------------+-------+-----------------------------------------------------------------+
; size           ; 5     ; Signed Integer                                                  ;
+----------------+-------+-----------------------------------------------------------------+
Note: In order to hide this table in the UI and the text report file, please set the "Show Parameter Settings in Synthesis Report" option in "Analysis and Synthesis Settings -> More Settings" to "Off".


+----------------------------------------------------------------------------------------+
; Parameter Settings for User Entity Instance: KPVGA:inst15|VGAPer:inst|ConstantX:inst19 ;
+----------------+-------+---------------------------------------------------------------+
; Parameter Name ; Value ; Type                                                          ;
+----------------+-------+---------------------------------------------------------------+
; size           ; 5     ; Signed Integer                                                ;
; const          ; 27    ; Signed Integer                                                ;
+----------------+-------+---------------------------------------------------------------+
Note: In order to hide this table in the UI and the text report file, please set the "Show Parameter Settings in Synthesis Report" option in "Analysis and Synthesis Settings -> More Settings" to "Off".


+----------------------------------------------------------------------------------------+
; Parameter Settings for User Entity Instance: KPVGA:inst15|VGAPer:inst|RegisterX:inst13 ;
+----------------+-------+---------------------------------------------------------------+
; Parameter Name ; Value ; Type                                                          ;
+----------------+-------+---------------------------------------------------------------+
; size           ; 5     ; Signed Integer                                                ;
; default_value  ; 0     ; Signed Integer                                                ;
+----------------+-------+---------------------------------------------------------------+
Note: In order to hide this table in the UI and the text report file, please set the "Show Parameter Settings in Synthesis Report" option in "Analysis and Synthesis Settings -> More Settings" to "Off".


+------------------------------------------------------------------------------------------+
; Parameter Settings for User Entity Instance: KPVGA:inst15|VGAPer:inst|ComparatorX:inst35 ;
+----------------+-------+-----------------------------------------------------------------+
; Parameter Name ; Value ; Type                                                            ;
+----------------+-------+-----------------------------------------------------------------+
; size           ; 10    ; Signed Integer                                                  ;
+----------------+-------+-----------------------------------------------------------------+
Note: In order to hide this table in the UI and the text report file, please set the "Show Parameter Settings in Synthesis Report" option in "Analysis and Synthesis Settings -> More Settings" to "Off".


+----------------------------------------------------------------------------------------+
; Parameter Settings for User Entity Instance: KPVGA:inst15|VGAPer:inst|ConstantX:inst36 ;
+----------------+-------+---------------------------------------------------------------+
; Parameter Name ; Value ; Type                                                          ;
+----------------+-------+---------------------------------------------------------------+
; size           ; 10    ; Signed Integer                                                ;
; const          ; 540   ; Signed Integer                                                ;
+----------------+-------+---------------------------------------------------------------+
Note: In order to hide this table in the UI and the text report file, please set the "Show Parameter Settings in Synthesis Report" option in "Analysis and Synthesis Settings -> More Settings" to "Off".


+----------------------------------------------------------------------------------------+
; Parameter Settings for User Entity Instance: KPVGA:inst15|VGAPer:inst|RegisterX:inst11 ;
+----------------+-------+---------------------------------------------------------------+
; Parameter Name ; Value ; Type                                                          ;
+----------------+-------+---------------------------------------------------------------+
; size           ; 5     ; Signed Integer                                                ;
; default_value  ; 0     ; Signed Integer                                                ;
+----------------+-------+---------------------------------------------------------------+
Note: In order to hide this table in the UI and the text report file, please set the "Show Parameter Settings in Synthesis Report" option in "Analysis and Synthesis Settings -> More Settings" to "Off".


+-------------------------------------------------------------------------------------------------------+
; Parameter Settings for User Entity Instance: KPVGA:inst15|VGAPer:inst|Layer2:inst18|ComparatorX:inst9 ;
+----------------+-------+------------------------------------------------------------------------------+
; Parameter Name ; Value ; Type                                                                         ;
+----------------+-------+------------------------------------------------------------------------------+
; size           ; 10    ; Signed Integer                                                               ;
+----------------+-------+------------------------------------------------------------------------------+
Note: In order to hide this table in the UI and the text report file, please set the "Show Parameter Settings in Synthesis Report" option in "Analysis and Synthesis Settings -> More Settings" to "Off".


+-----------------------------------------------------------------------------------------------------+
; Parameter Settings for User Entity Instance: KPVGA:inst15|VGAPer:inst|Layer2:inst18|ConstantX:inst4 ;
+----------------+-------+----------------------------------------------------------------------------+
; Parameter Name ; Value ; Type                                                                       ;
+----------------+-------+----------------------------------------------------------------------------+
; size           ; 10    ; Signed Integer                                                             ;
; const          ; 700   ; Signed Integer                                                             ;
+----------------+-------+----------------------------------------------------------------------------+
Note: In order to hide this table in the UI and the text report file, please set the "Show Parameter Settings in Synthesis Report" option in "Analysis and Synthesis Settings -> More Settings" to "Off".


+-------------------------------------------------------------------------------------------------------+
; Parameter Settings for User Entity Instance: KPVGA:inst15|VGAPer:inst|Layer2:inst18|ComparatorX:inst7 ;
+----------------+-------+------------------------------------------------------------------------------+
; Parameter Name ; Value ; Type                                                                         ;
+----------------+-------+------------------------------------------------------------------------------+
; size           ; 10    ; Signed Integer                                                               ;
+----------------+-------+------------------------------------------------------------------------------+
Note: In order to hide this table in the UI and the text report file, please set the "Show Parameter Settings in Synthesis Report" option in "Analysis and Synthesis Settings -> More Settings" to "Off".


+-----------------------------------------------------------------------------------------------------+
; Parameter Settings for User Entity Instance: KPVGA:inst15|VGAPer:inst|Layer2:inst18|ConstantX:inst1 ;
+----------------+-------+----------------------------------------------------------------------------+
; Parameter Name ; Value ; Type                                                                       ;
+----------------+-------+----------------------------------------------------------------------------+
; size           ; 10    ; Signed Integer                                                             ;
; const          ; 589   ; Signed Integer                                                             ;
+----------------+-------+----------------------------------------------------------------------------+
Note: In order to hide this table in the UI and the text report file, please set the "Show Parameter Settings in Synthesis Report" option in "Analysis and Synthesis Settings -> More Settings" to "Off".


+--------------------------------------------------------------------------------------------------------+
; Parameter Settings for User Entity Instance: KPVGA:inst15|VGAPer:inst|Layer2:inst18|ComparatorX:inst12 ;
+----------------+-------+-------------------------------------------------------------------------------+
; Parameter Name ; Value ; Type                                                                          ;
+----------------+-------+-------------------------------------------------------------------------------+
; size           ; 10    ; Signed Integer                                                                ;
+----------------+-------+-------------------------------------------------------------------------------+
Note: In order to hide this table in the UI and the text report file, please set the "Show Parameter Settings in Synthesis Report" option in "Analysis and Synthesis Settings -> More Settings" to "Off".


+-----------------------------------------------------------------------------------------------------+
; Parameter Settings for User Entity Instance: KPVGA:inst15|VGAPer:inst|Layer2:inst18|ConstantX:inst5 ;
+----------------+-------+----------------------------------------------------------------------------+
; Parameter Name ; Value ; Type                                                                       ;
+----------------+-------+----------------------------------------------------------------------------+
; size           ; 10    ; Signed Integer                                                             ;
; const          ; 160   ; Signed Integer                                                             ;
+----------------+-------+----------------------------------------------------------------------------+
Note: In order to hide this table in the UI and the text report file, please set the "Show Parameter Settings in Synthesis Report" option in "Analysis and Synthesis Settings -> More Settings" to "Off".


+--------------------------------------------------------------------------------------------------------+
; Parameter Settings for User Entity Instance: KPVGA:inst15|VGAPer:inst|Layer2:inst18|ComparatorX:inst11 ;
+----------------+-------+-------------------------------------------------------------------------------+
; Parameter Name ; Value ; Type                                                                          ;
+----------------+-------+-------------------------------------------------------------------------------+
; size           ; 10    ; Signed Integer                                                                ;
+----------------+-------+-------------------------------------------------------------------------------+
Note: In order to hide this table in the UI and the text report file, please set the "Show Parameter Settings in Synthesis Report" option in "Analysis and Synthesis Settings -> More Settings" to "Off".


+-----------------------------------------------------------------------------------------------------+
; Parameter Settings for User Entity Instance: KPVGA:inst15|VGAPer:inst|Layer2:inst18|ConstantX:inst6 ;
+----------------+-------+----------------------------------------------------------------------------+
; Parameter Name ; Value ; Type                                                                       ;
+----------------+-------+----------------------------------------------------------------------------+
; size           ; 10    ; Signed Integer                                                             ;
; const          ; 104   ; Signed Integer                                                             ;
+----------------+-------+----------------------------------------------------------------------------+
Note: In order to hide this table in the UI and the text report file, please set the "Show Parameter Settings in Synthesis Report" option in "Analysis and Synthesis Settings -> More Settings" to "Off".


+-----------------------------------------------------------------------------------------------------+
; Parameter Settings for User Entity Instance: KPVGA:inst15|VGAPer:inst|Layer2:inst18|RegisterX:inst8 ;
+----------------+-------+----------------------------------------------------------------------------+
; Parameter Name ; Value ; Type                                                                       ;
+----------------+-------+----------------------------------------------------------------------------+
; size           ; 12    ; Signed Integer                                                             ;
; default_value  ; 0     ; Signed Integer                                                             ;
+----------------+-------+----------------------------------------------------------------------------+
Note: In order to hide this table in the UI and the text report file, please set the "Show Parameter Settings in Synthesis Report" option in "Analysis and Synthesis Settings -> More Settings" to "Off".


+------------------------------------------------------------------------------------------+
; Parameter Settings for User Entity Instance: KPVGA:inst15|VGAPer:inst|ComparatorX:inst71 ;
+----------------+-------+-----------------------------------------------------------------+
; Parameter Name ; Value ; Type                                                            ;
+----------------+-------+-----------------------------------------------------------------+
; size           ; 10    ; Signed Integer                                                  ;
+----------------+-------+-----------------------------------------------------------------+
Note: In order to hide this table in the UI and the text report file, please set the "Show Parameter Settings in Synthesis Report" option in "Analysis and Synthesis Settings -> More Settings" to "Off".


+----------------------------------------------------------------------------------------+
; Parameter Settings for User Entity Instance: KPVGA:inst15|VGAPer:inst|ConstantX:inst76 ;
+----------------+-------+---------------------------------------------------------------+
; Parameter Name ; Value ; Type                                                          ;
+----------------+-------+---------------------------------------------------------------+
; size           ; 10    ; Signed Integer                                                ;
; const          ; 580   ; Signed Integer                                                ;
+----------------+-------+---------------------------------------------------------------+
Note: In order to hide this table in the UI and the text report file, please set the "Show Parameter Settings in Synthesis Report" option in "Analysis and Synthesis Settings -> More Settings" to "Off".


+------------------------------------------------------------------------------------------+
; Parameter Settings for User Entity Instance: KPVGA:inst15|VGAPer:inst|ComparatorX:inst63 ;
+----------------+-------+-----------------------------------------------------------------+
; Parameter Name ; Value ; Type                                                            ;
+----------------+-------+-----------------------------------------------------------------+
; size           ; 5     ; Signed Integer                                                  ;
+----------------+-------+-----------------------------------------------------------------+
Note: In order to hide this table in the UI and the text report file, please set the "Show Parameter Settings in Synthesis Report" option in "Analysis and Synthesis Settings -> More Settings" to "Off".


+----------------------------------------------------------------------------------------+
; Parameter Settings for User Entity Instance: KPVGA:inst15|VGAPer:inst|RegisterX:inst61 ;
+----------------+-------+---------------------------------------------------------------+
; Parameter Name ; Value ; Type                                                          ;
+----------------+-------+---------------------------------------------------------------+
; size           ; 5     ; Signed Integer                                                ;
; default_value  ; 0     ; Signed Integer                                                ;
+----------------+-------+---------------------------------------------------------------+
Note: In order to hide this table in the UI and the text report file, please set the "Show Parameter Settings in Synthesis Report" option in "Analysis and Synthesis Settings -> More Settings" to "Off".


+----------------------------------------------------------------------------------------+
; Parameter Settings for User Entity Instance: KPVGA:inst15|VGAPer:inst|ConstantX:inst78 ;
+----------------+-------+---------------------------------------------------------------+
; Parameter Name ; Value ; Type                                                          ;
+----------------+-------+---------------------------------------------------------------+
; size           ; 5     ; Signed Integer                                                ;
; const          ; 26    ; Signed Integer                                                ;
+----------------+-------+---------------------------------------------------------------+
Note: In order to hide this table in the UI and the text report file, please set the "Show Parameter Settings in Synthesis Report" option in "Analysis and Synthesis Settings -> More Settings" to "Off".


+-------------------------------------------------------------------------------------------+
; Parameter Settings for User Entity Instance: KPVGA:inst15|VGAPer:inst|MultiplexerX:inst85 ;
+----------------+-------+------------------------------------------------------------------+
; Parameter Name ; Value ; Type                                                             ;
+----------------+-------+------------------------------------------------------------------+
; size           ; 12    ; Signed Integer                                                   ;
+----------------+-------+------------------------------------------------------------------+
Note: In order to hide this table in the UI and the text report file, please set the "Show Parameter Settings in Synthesis Report" option in "Analysis and Synthesis Settings -> More Settings" to "Off".


+----------------------------------------------------------------------------------------------------+
; Parameter Settings for User Entity Instance: KPVGA:inst15|VGAPer:inst|MX8:inst82|MultiplexerX:inst ;
+----------------+-------+---------------------------------------------------------------------------+
; Parameter Name ; Value ; Type                                                                      ;
+----------------+-------+---------------------------------------------------------------------------+
; size           ; 32    ; Signed Integer                                                            ;
+----------------+-------+---------------------------------------------------------------------------+
Note: In order to hide this table in the UI and the text report file, please set the "Show Parameter Settings in Synthesis Report" option in "Analysis and Synthesis Settings -> More Settings" to "Off".


+---------------------------------------------------------------------------------------------------------------+
; Parameter Settings for User Entity Instance: KPVGA:inst15|VGAPer:inst|MX8:inst82|MX4:inst2|MultiplexerX:inst2 ;
+----------------+-------+--------------------------------------------------------------------------------------+
; Parameter Name ; Value ; Type                                                                                 ;
+----------------+-------+--------------------------------------------------------------------------------------+
; size           ; 32    ; Signed Integer                                                                       ;
+----------------+-------+--------------------------------------------------------------------------------------+
Note: In order to hide this table in the UI and the text report file, please set the "Show Parameter Settings in Synthesis Report" option in "Analysis and Synthesis Settings -> More Settings" to "Off".


+--------------------------------------------------------------------------------------------------------------+
; Parameter Settings for User Entity Instance: KPVGA:inst15|VGAPer:inst|MX8:inst82|MX4:inst2|MultiplexerX:inst ;
+----------------+-------+-------------------------------------------------------------------------------------+
; Parameter Name ; Value ; Type                                                                                ;
+----------------+-------+-------------------------------------------------------------------------------------+
; size           ; 32    ; Signed Integer                                                                      ;
+----------------+-------+-------------------------------------------------------------------------------------+
Note: In order to hide this table in the UI and the text report file, please set the "Show Parameter Settings in Synthesis Report" option in "Analysis and Synthesis Settings -> More Settings" to "Off".


+---------------------------------------------------------------------------------------------------------------+
; Parameter Settings for User Entity Instance: KPVGA:inst15|VGAPer:inst|MX8:inst82|MX4:inst2|MultiplexerX:inst1 ;
+----------------+-------+--------------------------------------------------------------------------------------+
; Parameter Name ; Value ; Type                                                                                 ;
+----------------+-------+--------------------------------------------------------------------------------------+
; size           ; 32    ; Signed Integer                                                                       ;
+----------------+-------+--------------------------------------------------------------------------------------+
Note: In order to hide this table in the UI and the text report file, please set the "Show Parameter Settings in Synthesis Report" option in "Analysis and Synthesis Settings -> More Settings" to "Off".


+---------------------------------------------------------------------------------------------------------------+
; Parameter Settings for User Entity Instance: KPVGA:inst15|VGAPer:inst|MX8:inst82|MX4:inst3|MultiplexerX:inst2 ;
+----------------+-------+--------------------------------------------------------------------------------------+
; Parameter Name ; Value ; Type                                                                                 ;
+----------------+-------+--------------------------------------------------------------------------------------+
; size           ; 32    ; Signed Integer                                                                       ;
+----------------+-------+--------------------------------------------------------------------------------------+
Note: In order to hide this table in the UI and the text report file, please set the "Show Parameter Settings in Synthesis Report" option in "Analysis and Synthesis Settings -> More Settings" to "Off".


+--------------------------------------------------------------------------------------------------------------+
; Parameter Settings for User Entity Instance: KPVGA:inst15|VGAPer:inst|MX8:inst82|MX4:inst3|MultiplexerX:inst ;
+----------------+-------+-------------------------------------------------------------------------------------+
; Parameter Name ; Value ; Type                                                                                ;
+----------------+-------+-------------------------------------------------------------------------------------+
; size           ; 32    ; Signed Integer                                                                      ;
+----------------+-------+-------------------------------------------------------------------------------------+
Note: In order to hide this table in the UI and the text report file, please set the "Show Parameter Settings in Synthesis Report" option in "Analysis and Synthesis Settings -> More Settings" to "Off".


+---------------------------------------------------------------------------------------------------------------+
; Parameter Settings for User Entity Instance: KPVGA:inst15|VGAPer:inst|MX8:inst82|MX4:inst3|MultiplexerX:inst1 ;
+----------------+-------+--------------------------------------------------------------------------------------+
; Parameter Name ; Value ; Type                                                                                 ;
+----------------+-------+--------------------------------------------------------------------------------------+
; size           ; 32    ; Signed Integer                                                                       ;
+----------------+-------+--------------------------------------------------------------------------------------+
Note: In order to hide this table in the UI and the text report file, please set the "Show Parameter Settings in Synthesis Report" option in "Analysis and Synthesis Settings -> More Settings" to "Off".


+----------------------------------------------------------------------------------------+
; Parameter Settings for User Entity Instance: KPVGA:inst15|VGAPer:inst|RegisterX:inst59 ;
+----------------+-------+---------------------------------------------------------------+
; Parameter Name ; Value ; Type                                                          ;
+----------------+-------+---------------------------------------------------------------+
; size           ; 1     ; Unsigned Integer                                              ;
; default_value  ; 0     ; Unsigned Integer                                              ;
+----------------+-------+---------------------------------------------------------------+
Note: In order to hide this table in the UI and the text report file, please set the "Show Parameter Settings in Synthesis Report" option in "Analysis and Synthesis Settings -> More Settings" to "Off".


+------------------------------------------------------------------------------------------+
; Parameter Settings for User Entity Instance: KPVGA:inst15|VGAPer:inst|ComparatorX:inst73 ;
+----------------+-------+-----------------------------------------------------------------+
; Parameter Name ; Value ; Type                                                            ;
+----------------+-------+-----------------------------------------------------------------+
; size           ; 10    ; Signed Integer                                                  ;
+----------------+-------+-----------------------------------------------------------------+
Note: In order to hide this table in the UI and the text report file, please set the "Show Parameter Settings in Synthesis Report" option in "Analysis and Synthesis Settings -> More Settings" to "Off".


+----------------------------------------------------------------------------------------+
; Parameter Settings for User Entity Instance: KPVGA:inst15|VGAPer:inst|ConstantX:inst80 ;
+----------------+-------+---------------------------------------------------------------+
; Parameter Name ; Value ; Type                                                          ;
+----------------+-------+---------------------------------------------------------------+
; size           ; 10    ; Signed Integer                                                ;
; const          ; 104   ; Signed Integer                                                ;
+----------------+-------+---------------------------------------------------------------+
Note: In order to hide this table in the UI and the text report file, please set the "Show Parameter Settings in Synthesis Report" option in "Analysis and Synthesis Settings -> More Settings" to "Off".


+------------------------------------------------------------------------------------------+
; Parameter Settings for User Entity Instance: KPVGA:inst15|VGAPer:inst|ComparatorX:inst64 ;
+----------------+-------+-----------------------------------------------------------------+
; Parameter Name ; Value ; Type                                                            ;
+----------------+-------+-----------------------------------------------------------------+
; size           ; 5     ; Signed Integer                                                  ;
+----------------+-------+-----------------------------------------------------------------+
Note: In order to hide this table in the UI and the text report file, please set the "Show Parameter Settings in Synthesis Report" option in "Analysis and Synthesis Settings -> More Settings" to "Off".


+----------------------------------------------------------------------------------------+
; Parameter Settings for User Entity Instance: KPVGA:inst15|VGAPer:inst|ConstantX:inst68 ;
+----------------+-------+---------------------------------------------------------------+
; Parameter Name ; Value ; Type                                                          ;
+----------------+-------+---------------------------------------------------------------+
; size           ; 5     ; Signed Integer                                                ;
; const          ; 27    ; Signed Integer                                                ;
+----------------+-------+---------------------------------------------------------------+
Note: In order to hide this table in the UI and the text report file, please set the "Show Parameter Settings in Synthesis Report" option in "Analysis and Synthesis Settings -> More Settings" to "Off".


+----------------------------------------------------------------------------------------+
; Parameter Settings for User Entity Instance: KPVGA:inst15|VGAPer:inst|RegisterX:inst62 ;
+----------------+-------+---------------------------------------------------------------+
; Parameter Name ; Value ; Type                                                          ;
+----------------+-------+---------------------------------------------------------------+
; size           ; 5     ; Signed Integer                                                ;
; default_value  ; 0     ; Signed Integer                                                ;
+----------------+-------+---------------------------------------------------------------+
Note: In order to hide this table in the UI and the text report file, please set the "Show Parameter Settings in Synthesis Report" option in "Analysis and Synthesis Settings -> More Settings" to "Off".


+------------------------------------------------------------------------------------------+
; Parameter Settings for User Entity Instance: KPVGA:inst15|VGAPer:inst|ComparatorX:inst72 ;
+----------------+-------+-----------------------------------------------------------------+
; Parameter Name ; Value ; Type                                                            ;
+----------------+-------+-----------------------------------------------------------------+
; size           ; 10    ; Signed Integer                                                  ;
+----------------+-------+-----------------------------------------------------------------+
Note: In order to hide this table in the UI and the text report file, please set the "Show Parameter Settings in Synthesis Report" option in "Analysis and Synthesis Settings -> More Settings" to "Off".


+----------------------------------------------------------------------------------------+
; Parameter Settings for User Entity Instance: KPVGA:inst15|VGAPer:inst|ConstantX:inst67 ;
+----------------+-------+---------------------------------------------------------------+
; Parameter Name ; Value ; Type                                                          ;
+----------------+-------+---------------------------------------------------------------+
; size           ; 10    ; Signed Integer                                                ;
; const          ; 710   ; Signed Integer                                                ;
+----------------+-------+---------------------------------------------------------------+
Note: In order to hide this table in the UI and the text report file, please set the "Show Parameter Settings in Synthesis Report" option in "Analysis and Synthesis Settings -> More Settings" to "Off".


+----------------------------------------------------------------------------------------+
; Parameter Settings for User Entity Instance: KPVGA:inst15|VGAPer:inst|RegisterX:inst60 ;
+----------------+-------+---------------------------------------------------------------+
; Parameter Name ; Value ; Type                                                          ;
+----------------+-------+---------------------------------------------------------------+
; size           ; 2     ; Signed Integer                                                ;
; default_value  ; 0     ; Signed Integer                                                ;
+----------------+-------+---------------------------------------------------------------+
Note: In order to hide this table in the UI and the text report file, please set the "Show Parameter Settings in Synthesis Report" option in "Analysis and Synthesis Settings -> More Settings" to "Off".


+---------------------------------------------------------------------------------------+
; Parameter Settings for User Entity Instance: KPVGA:inst15|VGAPer:inst|ConstantX:inst6 ;
+----------------+-------+--------------------------------------------------------------+
; Parameter Name ; Value ; Type                                                         ;
+----------------+-------+--------------------------------------------------------------+
; size           ; 32    ; Signed Integer                                               ;
; const          ; 0     ; Signed Integer                                               ;
+----------------+-------+--------------------------------------------------------------+
Note: In order to hide this table in the UI and the text report file, please set the "Show Parameter Settings in Synthesis Report" option in "Analysis and Synthesis Settings -> More Settings" to "Off".


+----------------------------------------------------------------------------------------+
; Parameter Settings for User Entity Instance: KPVGA:inst15|VGAPer:inst|ConstantX:inst86 ;
+----------------+-------+---------------------------------------------------------------+
; Parameter Name ; Value ; Type                                                          ;
+----------------+-------+---------------------------------------------------------------+
; size           ; 12    ; Signed Integer                                                ;
; const          ; 548   ; Signed Integer                                                ;
+----------------+-------+---------------------------------------------------------------+
Note: In order to hide this table in the UI and the text report file, please set the "Show Parameter Settings in Synthesis Report" option in "Analysis and Synthesis Settings -> More Settings" to "Off".


+----------------------------------------------------------------------------------------------------+
; Parameter Settings for User Entity Instance: KPVGA:inst15|VGAPer:inst|Layer0:inst3|ConstantX:inst6 ;
+----------------+-------+---------------------------------------------------------------------------+
; Parameter Name ; Value ; Type                                                                      ;
+----------------+-------+---------------------------------------------------------------------------+
; size           ; 4     ; Signed Integer                                                            ;
; const          ; 4     ; Signed Integer                                                            ;
+----------------+-------+---------------------------------------------------------------------------+
Note: In order to hide this table in the UI and the text report file, please set the "Show Parameter Settings in Synthesis Report" option in "Analysis and Synthesis Settings -> More Settings" to "Off".


+----------------------------------------------------------------------------------------------------+
; Parameter Settings for User Entity Instance: KPVGA:inst15|VGAPer:inst|Layer0:inst3|ConstantX:inst2 ;
+----------------+-------+---------------------------------------------------------------------------+
; Parameter Name ; Value ; Type                                                                      ;
+----------------+-------+---------------------------------------------------------------------------+
; size           ; 4     ; Signed Integer                                                            ;
; const          ; 2     ; Signed Integer                                                            ;
+----------------+-------+---------------------------------------------------------------------------+
Note: In order to hide this table in the UI and the text report file, please set the "Show Parameter Settings in Synthesis Report" option in "Analysis and Synthesis Settings -> More Settings" to "Off".


+----------------------------------------------------------------------------------------------------+
; Parameter Settings for User Entity Instance: KPVGA:inst15|VGAPer:inst|Layer0:inst3|ConstantX:inst8 ;
+----------------+-------+---------------------------------------------------------------------------+
; Parameter Name ; Value ; Type                                                                      ;
+----------------+-------+---------------------------------------------------------------------------+
; size           ; 4     ; Signed Integer                                                            ;
; const          ; 2     ; Signed Integer                                                            ;
+----------------+-------+---------------------------------------------------------------------------+
Note: In order to hide this table in the UI and the text report file, please set the "Show Parameter Settings in Synthesis Report" option in "Analysis and Synthesis Settings -> More Settings" to "Off".


+----------------------------------------------------------------------------+
; Parameter Settings for User Entity Instance: KPVGA:inst15|RegisterX:inst31 ;
+----------------+-------+---------------------------------------------------+
; Parameter Name ; Value ; Type                                              ;
+----------------+-------+---------------------------------------------------+
; size           ; 32    ; Signed Integer                                    ;
; default_value  ; 0     ; Signed Integer                                    ;
+----------------+-------+---------------------------------------------------+
Note: In order to hide this table in the UI and the text report file, please set the "Show Parameter Settings in Synthesis Report" option in "Analysis and Synthesis Settings -> More Settings" to "Off".


+----------------------------------------------------------------------------+
; Parameter Settings for User Entity Instance: KPVGA:inst15|RegisterX:inst29 ;
+----------------+-------+---------------------------------------------------+
; Parameter Name ; Value ; Type                                              ;
+----------------+-------+---------------------------------------------------+
; size           ; 32    ; Signed Integer                                    ;
; default_value  ; 0     ; Signed Integer                                    ;
+----------------+-------+---------------------------------------------------+
Note: In order to hide this table in the UI and the text report file, please set the "Show Parameter Settings in Synthesis Report" option in "Analysis and Synthesis Settings -> More Settings" to "Off".


+----------------------------------------------------------------------------+
; Parameter Settings for User Entity Instance: KPVGA:inst15|RegisterX:inst30 ;
+----------------+-------+---------------------------------------------------+
; Parameter Name ; Value ; Type                                              ;
+----------------+-------+---------------------------------------------------+
; size           ; 32    ; Signed Integer                                    ;
; default_value  ; 0     ; Signed Integer                                    ;
+----------------+-------+---------------------------------------------------+
Note: In order to hide this table in the UI and the text report file, please set the "Show Parameter Settings in Synthesis Report" option in "Analysis and Synthesis Settings -> More Settings" to "Off".


+----------------------------------------------------------------------------+
; Parameter Settings for User Entity Instance: KPVGA:inst15|RegisterX:inst32 ;
+----------------+-------+---------------------------------------------------+
; Parameter Name ; Value ; Type                                              ;
+----------------+-------+---------------------------------------------------+
; size           ; 32    ; Signed Integer                                    ;
; default_value  ; 0     ; Signed Integer                                    ;
+----------------+-------+---------------------------------------------------+
Note: In order to hide this table in the UI and the text report file, please set the "Show Parameter Settings in Synthesis Report" option in "Analysis and Synthesis Settings -> More Settings" to "Off".


+----------------------------------------------------------------------------+
; Parameter Settings for User Entity Instance: KPVGA:inst15|RegisterX:inst33 ;
+----------------+-------+---------------------------------------------------+
; Parameter Name ; Value ; Type                                              ;
+----------------+-------+---------------------------------------------------+
; size           ; 32    ; Signed Integer                                    ;
; default_value  ; 0     ; Signed Integer                                    ;
+----------------+-------+---------------------------------------------------+
Note: In order to hide this table in the UI and the text report file, please set the "Show Parameter Settings in Synthesis Report" option in "Analysis and Synthesis Settings -> More Settings" to "Off".


+---------------------------------------------------------------------------+
; Parameter Settings for User Entity Instance: KPVGA:inst15|ConstantX:inst4 ;
+----------------+-------+--------------------------------------------------+
; Parameter Name ; Value ; Type                                             ;
+----------------+-------+--------------------------------------------------+
; size           ; 32    ; Signed Integer                                   ;
; const          ; 0     ; Signed Integer                                   ;
+----------------+-------+--------------------------------------------------+
Note: In order to hide this table in the UI and the text report file, please set the "Show Parameter Settings in Synthesis Report" option in "Analysis and Synthesis Settings -> More Settings" to "Off".


+--------------------------------------------------------------------------------------------+
; Parameter Settings for User Entity Instance: memTest:inst9|altsyncram:altsyncram_component ;
+------------------------------------+----------------------+--------------------------------+
; Parameter Name                     ; Value                ; Type                           ;
+------------------------------------+----------------------+--------------------------------+
; BYTE_SIZE_BLOCK                    ; 8                    ; Untyped                        ;
; AUTO_CARRY_CHAINS                  ; ON                   ; AUTO_CARRY                     ;
; IGNORE_CARRY_BUFFERS               ; OFF                  ; IGNORE_CARRY                   ;
; AUTO_CASCADE_CHAINS                ; ON                   ; AUTO_CASCADE                   ;
; IGNORE_CASCADE_BUFFERS             ; OFF                  ; IGNORE_CASCADE                 ;
; WIDTH_BYTEENA                      ; 1                    ; Untyped                        ;
; OPERATION_MODE                     ; SINGLE_PORT          ; Untyped                        ;
; WIDTH_A                            ; 32                   ; Signed Integer                 ;
; WIDTHAD_A                          ; 13                   ; Signed Integer                 ;
; NUMWORDS_A                         ; 8192                 ; Signed Integer                 ;
; OUTDATA_REG_A                      ; UNREGISTERED         ; Untyped                        ;
; ADDRESS_ACLR_A                     ; NONE                 ; Untyped                        ;
; OUTDATA_ACLR_A                     ; NONE                 ; Untyped                        ;
; WRCONTROL_ACLR_A                   ; NONE                 ; Untyped                        ;
; INDATA_ACLR_A                      ; NONE                 ; Untyped                        ;
; BYTEENA_ACLR_A                     ; NONE                 ; Untyped                        ;
; WIDTH_B                            ; 1                    ; Signed Integer                 ;
; WIDTHAD_B                          ; 1                    ; Signed Integer                 ;
; NUMWORDS_B                         ; 0                    ; Signed Integer                 ;
; INDATA_REG_B                       ; CLOCK1               ; Untyped                        ;
; WRCONTROL_WRADDRESS_REG_B          ; CLOCK1               ; Untyped                        ;
; RDCONTROL_REG_B                    ; CLOCK1               ; Untyped                        ;
; ADDRESS_REG_B                      ; CLOCK1               ; Untyped                        ;
; OUTDATA_REG_B                      ; UNREGISTERED         ; Untyped                        ;
; BYTEENA_REG_B                      ; CLOCK1               ; Untyped                        ;
; INDATA_ACLR_B                      ; NONE                 ; Untyped                        ;
; WRCONTROL_ACLR_B                   ; NONE                 ; Untyped                        ;
; ADDRESS_ACLR_B                     ; NONE                 ; Untyped                        ;
; OUTDATA_ACLR_B                     ; NONE                 ; Untyped                        ;
; RDCONTROL_ACLR_B                   ; NONE                 ; Untyped                        ;
; BYTEENA_ACLR_B                     ; NONE                 ; Untyped                        ;
; WIDTH_BYTEENA_A                    ; 1                    ; Signed Integer                 ;
; WIDTH_BYTEENA_B                    ; 1                    ; Signed Integer                 ;
; RAM_BLOCK_TYPE                     ; M9K                  ; Untyped                        ;
; BYTE_SIZE                          ; 8                    ; Signed Integer                 ;
; READ_DURING_WRITE_MODE_MIXED_PORTS ; DONT_CARE            ; Untyped                        ;
; READ_DURING_WRITE_MODE_PORT_A      ; NEW_DATA_NO_NBE_READ ; Untyped                        ;
; READ_DURING_WRITE_MODE_PORT_B      ; NEW_DATA_NO_NBE_READ ; Untyped                        ;
; INIT_FILE                          ; ../tetris.mif        ; Untyped                        ;
; INIT_FILE_LAYOUT                   ; PORT_A               ; Untyped                        ;
; MAXIMUM_DEPTH                      ; 0                    ; Signed Integer                 ;
; CLOCK_ENABLE_INPUT_A               ; BYPASS               ; Untyped                        ;
; CLOCK_ENABLE_INPUT_B               ; NORMAL               ; Untyped                        ;
; CLOCK_ENABLE_OUTPUT_A              ; BYPASS               ; Untyped                        ;
; CLOCK_ENABLE_OUTPUT_B              ; NORMAL               ; Untyped                        ;
; CLOCK_ENABLE_CORE_A                ; USE_INPUT_CLKEN      ; Untyped                        ;
; CLOCK_ENABLE_CORE_B                ; USE_INPUT_CLKEN      ; Untyped                        ;
; ENABLE_ECC                         ; FALSE                ; Untyped                        ;
; ECC_PIPELINE_STAGE_ENABLED         ; FALSE                ; Untyped                        ;
; WIDTH_ECCSTATUS                    ; 3                    ; Signed Integer                 ;
; DEVICE_FAMILY                      ; Cyclone III          ; Untyped                        ;
; CBXI_PARAMETER                     ; altsyncram_dos3      ; Untyped                        ;
+------------------------------------+----------------------+--------------------------------+
Note: In order to hide this table in the UI and the text report file, please set the "Show Parameter Settings in Synthesis Report" option in "Analysis and Synthesis Settings -> More Settings" to "Off".


+----------------------------------------------------------------------------+
; Parameter Settings for User Entity Instance: KPHex:inst12|RegisterX:inst30 ;
+----------------+-------+---------------------------------------------------+
; Parameter Name ; Value ; Type                                              ;
+----------------+-------+---------------------------------------------------+
; size           ; 32    ; Signed Integer                                    ;
; default_value  ; 0     ; Signed Integer                                    ;
+----------------+-------+---------------------------------------------------+
Note: In order to hide this table in the UI and the text report file, please set the "Show Parameter Settings in Synthesis Report" option in "Analysis and Synthesis Settings -> More Settings" to "Off".


+-----------------------------------------------------------------+
; Parameter Settings for User Entity Instance: ComparatorX:inst34 ;
+----------------+-------+----------------------------------------+
; Parameter Name ; Value ; Type                                   ;
+----------------+-------+----------------------------------------+
; size           ; 32    ; Unsigned Integer                       ;
+----------------+-------+----------------------------------------+
Note: In order to hide this table in the UI and the text report file, please set the "Show Parameter Settings in Synthesis Report" option in "Analysis and Synthesis Settings -> More Settings" to "Off".


+---------------------------------------------------------------+
; Parameter Settings for User Entity Instance: ConstantX:inst36 ;
+----------------+-------+--------------------------------------+
; Parameter Name ; Value ; Type                                 ;
+----------------+-------+--------------------------------------+
; size           ; 32    ; Signed Integer                       ;
; const          ; 255   ; Signed Integer                       ;
+----------------+-------+--------------------------------------+
Note: In order to hide this table in the UI and the text report file, please set the "Show Parameter Settings in Synthesis Report" option in "Analysis and Synthesis Settings -> More Settings" to "Off".


+---------------------------------------------------------------+
; Parameter Settings for User Entity Instance: ConstantX:inst59 ;
+----------------+-------+--------------------------------------+
; Parameter Name ; Value ; Type                                 ;
+----------------+-------+--------------------------------------+
; size           ; 32    ; Signed Integer                       ;
; const          ; 3     ; Signed Integer                       ;
+----------------+-------+--------------------------------------+
Note: In order to hide this table in the UI and the text report file, please set the "Show Parameter Settings in Synthesis Report" option in "Analysis and Synthesis Settings -> More Settings" to "Off".


+-----------------------------------------------------------------+
; Parameter Settings for User Entity Instance: MultiplexerX:inst7 ;
+----------------+-------+----------------------------------------+
; Parameter Name ; Value ; Type                                   ;
+----------------+-------+----------------------------------------+
; size           ; 32    ; Signed Integer                         ;
+----------------+-------+----------------------------------------+
Note: In order to hide this table in the UI and the text report file, please set the "Show Parameter Settings in Synthesis Report" option in "Analysis and Synthesis Settings -> More Settings" to "Off".


+-------------------------------------------------------------------+
; Parameter Settings for User Entity Instance: cpu_debug_fifo:inst8 ;
+----------------+-------+------------------------------------------+
; Parameter Name ; Value ; Type                                     ;
+----------------+-------+------------------------------------------+
; data_width     ; 32    ; Signed Integer                           ;
; fifo_depth     ; 256   ; Signed Integer                           ;
+----------------+-------+------------------------------------------+
Note: In order to hide this table in the UI and the text report file, please set the "Show Parameter Settings in Synthesis Report" option in "Analysis and Synthesis Settings -> More Settings" to "Off".


+---------------------------------------------------------------------------------------------------------------------+
; altsyncram Parameter Settings by Entity Instance                                                                    ;
+-------------------------------------------+-------------------------------------------------------------------------+
; Name                                      ; Value                                                                   ;
+-------------------------------------------+-------------------------------------------------------------------------+
; Number of entity instances                ; 2                                                                       ;
; Entity Instance                           ; KPVGA:inst15|VGAPer:inst|VideoRAM:inst9|altsyncram:altsyncram_component ;
;     -- OPERATION_MODE                     ; SINGLE_PORT                                                             ;
;     -- WIDTH_A                            ; 12                                                                      ;
;     -- NUMWORDS_A                         ; 256                                                                     ;
;     -- OUTDATA_REG_A                      ; UNREGISTERED                                                            ;
;     -- WIDTH_B                            ; 1                                                                       ;
;     -- NUMWORDS_B                         ; 0                                                                       ;
;     -- ADDRESS_REG_B                      ; CLOCK1                                                                  ;
;     -- OUTDATA_REG_B                      ; UNREGISTERED                                                            ;
;     -- RAM_BLOCK_TYPE                     ; AUTO                                                                    ;
;     -- READ_DURING_WRITE_MODE_MIXED_PORTS ; DONT_CARE                                                               ;
; Entity Instance                           ; memTest:inst9|altsyncram:altsyncram_component                           ;
;     -- OPERATION_MODE                     ; SINGLE_PORT                                                             ;
;     -- WIDTH_A                            ; 32                                                                      ;
;     -- NUMWORDS_A                         ; 8192                                                                    ;
;     -- OUTDATA_REG_A                      ; UNREGISTERED                                                            ;
;     -- WIDTH_B                            ; 1                                                                       ;
;     -- NUMWORDS_B                         ; 0                                                                       ;
;     -- ADDRESS_REG_B                      ; CLOCK1                                                                  ;
;     -- OUTDATA_REG_B                      ; UNREGISTERED                                                            ;
;     -- RAM_BLOCK_TYPE                     ; M9K                                                                     ;
;     -- READ_DURING_WRITE_MODE_MIXED_PORTS ; DONT_CARE                                                               ;
+-------------------------------------------+-------------------------------------------------------------------------+


+-------------------------------+
; Elapsed Time Per Partition    ;
+----------------+--------------+
; Partition Name ; Elapsed Time ;
+----------------+--------------+
; Top            ; 00:00:12     ;
+----------------+--------------+


+-------------------------------+
; Analysis & Synthesis Messages ;
+-------------------------------+
Info: *******************************************************************
Info: Running Quartus II 64-Bit Analysis & Synthesis
    Info: Version 13.1.0 Build 162 10/23/2013 SJ Web Edition
    Info: Processing started: Fri Sep 18 17:24:44 2026
Info: Command: quartus_map --read_settings_files=on --write_settings_files=off Main -c Main
Warning (20028): Parallel compilation is not licensed and has been disabled
Info (12021): Found 1 design units, including 1 entities, in source file kpvga.bdf
    Info (12023): Found entity 1: KPVGA
Info (12021): Found 1 design units, including 1 entities, in source file interruptfaza.bdf
    Info (12023): Found entity 1: InterruptFaza
Info (12021): Found 1 design units, including 1 entities, in source file csregfile.bdf
    Info (12023): Found entity 1: CSRegFile
Info (12021): Found 2 design units, including 1 entities, in source file seven_segment_display.vhd
    Info (12022): Found design unit 1: seven_segment_display-RTL
    Info (12023): Found entity 1: seven_segment_display
Info (12021): Found 1 design units, including 1 entities, in source file decodefaza.bdf
    Info (12023): Found entity 1: DecodeFaza
Info (12021): Found 1 design units, including 1 entities, in source file executefaza.bdf
    Info (12023): Found entity 1: ExecuteFaza
Info (12021): Found 1 design units, including 1 entities, in source file regfile4.bdf
    Info (12023): Found entity 1: RegFile4
Info (12021): Found 1 design units, including 1 entities, in source file dc2.bdf
    Info (12023): Found entity 1: dc2
Info (12021): Found 1 design units, including 1 entities, in source file testiranje.bdf
    Info (12023): Found entity 1: Testiranje
Info (12021): Found 1 design units, including 1 entities, in source file dc4.bdf
    Info (12023): Found entity 1: dc4
Info (12021): Found 1 design units, including 1 entities, in source file dc8.bdf
    Info (12023): Found entity 1: dc8
Info (12021): Found 1 design units, including 1 entities, in source file regfile/regfile32.bdf
    Info (12023): Found entity 1: RegFile32
Info (12021): Found 1 design units, including 1 entities, in source file cd8.bdf
    Info (12023): Found entity 1: cd8
Info (12021): Found 2 design units, including 1 entities, in source file impulsegenerator.vhd
    Info (12022): Found design unit 1: pulse_gen-Behavioral
    Info (12023): Found entity 1: pulse_gen
Info (12021): Found 1 design units, including 1 entities, in source file cpu.bdf
    Info (12023): Found entity 1: CPU
Info (12021): Found 2 design units, including 1 entities, in source file cpu_debug_fifo.vhd
    Info (12022): Found design unit 1: cpu_debug_fifo-Behavioral
    Info (12023): Found entity 1: cpu_debug_fifo
Info (12021): Found 1 design units, including 1 entities, in source file layer2.bdf
    Info (12023): Found entity 1: Layer2
Info (12021): Found 1 design units, including 1 entities, in source file kphex.bdf
    Info (12023): Found entity 1: KPHex
Info (12127): Elaborating entity "Testiranje" for the top level hierarchy
Warning (275013): Port "clk" of type cpu_debug_fifo and instance "inst8" is missing source signal
Warning (275009): Pin "SW5" not connected
Warning (275009): Pin "SW6" not connected
Warning (275009): Pin "SW9" not connected
Warning (275008): Primitive "SRFF" of instance "inst25" not used
Warning (275008): Primitive "NOT" of instance "inst27" not used
Info (12128): Elaborating entity "CPU" for hierarchy "CPU:inst"
Info (12128): Elaborating entity "DecodeFaza" for hierarchy "CPU:inst|DecodeFaza:inst"
Warning (275083): Bus "RS2[31..0]" found using same base name as "rs", which might lead to a name conflict.
Warning (275083): Bus "RS1[31..0]" found using same base name as "rs", which might lead to a name conflict.
Warning (275083): Bus "RS2[31..0]" found using same base name as "rs", which might lead to a name conflict.
Warning (275083): Bus "RS1[31..0]" found using same base name as "rs", which might lead to a name conflict.
Warning (275089): Not all bits in bus "nIR[31..12]" are used
Warning (275080): Converted elements in bus name "nIR" using legacy naming rules. Make any assignments on the new names, not on the original names.
    Warning (275081): Converted element name(s) from "nIR[14]" to "nIR14"
    Warning (275081): Converted element name(s) from "nIR[13]" to "nIR13"
    Warning (275081): Converted element name(s) from "nIR[14]" to "nIR14"
    Warning (275081): Converted element name(s) from "nIR[13]" to "nIR13"
    Warning (275081): Converted element name(s) from "nIR[12]" to "nIR12"
    Warning (275081): Converted element name(s) from "nIR[12]" to "nIR12"
    Warning (275081): Converted element name(s) from "nIR[14]" to "nIR14"
    Warning (275081): Converted element name(s) from "nIR[31]" to "nIR31"
    Warning (275081): Converted element name(s) from "nIR[30]" to "nIR30"
    Warning (275081): Converted element name(s) from "nIR[29]" to "nIR29"
    Warning (275081): Converted element name(s) from "nIR[28]" to "nIR28"
    Warning (275081): Converted element name(s) from "nIR[27]" to "nIR27"
    Warning (275081): Converted element name(s) from "nIR[26]" to "nIR26"
    Warning (275081): Converted element name(s) from "nIR[25]" to "nIR25"
    Warning (275081): Converted element name(s) from "nIR[29]" to "nIR29"
    Warning (275081): Converted element name(s) from "nIR[14]" to "nIR14"
    Warning (275081): Converted element name(s) from "nIR[14]" to "nIR14"
    Warning (275081): Converted element name(s) from "nIR[28]" to "nIR28"
    Warning (275081): Converted element name(s) from "nIR[31]" to "nIR31"
    Warning (275081): Converted element name(s) from "nIR[29]" to "nIR29"
    Warning (275081): Converted element name(s) from "nIR[27]" to "nIR27"
    Warning (275081): Converted element name(s) from "nIR[26]" to "nIR26"
    Warning (275081): Converted element name(s) from "nIR[25]" to "nIR25"
    Warning (275081): Converted element name(s) from "nIR[30]" to "nIR30"
Warning (275080): Converted elements in bus name "rs" using legacy naming rules. Make any assignments on the new names, not on the original names.
    Warning (275081): Converted element name(s) from "rs[4..0]" to "rs4..0"
Warning (275080): Converted elements in bus name "RS1" using legacy naming rules. Make any assignments on the new names, not on the original names.
    Warning (275081): Converted element name(s) from "RS1[31..0]" to "RS131..0"
    Warning (275081): Converted element name(s) from "RS1[31..0]" to "RS131..0"
Warning (275080): Converted elements in bus name "RS2" using legacy naming rules. Make any assignments on the new names, not on the original names.
    Warning (275081): Converted element name(s) from "RS2[31..0]" to "RS231..0"
    Warning (275081): Converted element name(s) from "RS2[31..0]" to "RS231..0"
Warning (275008): Primitive "VCC" of instance "inst22" not used
Info (12128): Elaborating entity "dc8" for hierarchy "CPU:inst|DecodeFaza:inst|dc8:inst24"
Info (12128): Elaborating entity "dc4" for hierarchy "CPU:inst|DecodeFaza:inst|dc8:inst24|dc4:inst"
Info (12128): Elaborating entity "dc2" for hierarchy "CPU:inst|DecodeFaza:inst|dc8:inst24|dc4:inst|dc2:inst"
Warning (12125): Using design file registerx.vhd, which is not specified as a design file for the current project, but contains definitions for 2 design units and 1 entities in project
    Info (12022): Found design unit 1: RegisterX-rtl
    Info (12023): Found entity 1: RegisterX
Info (12128): Elaborating entity "RegisterX" for hierarchy "CPU:inst|DecodeFaza:inst|RegisterX:inst62"
Warning (12125): Using design file fetchfaza.bdf, which is not specified as a design file for the current project, but contains definitions for 1 design units and 1 entities in project
    Info (12023): Found entity 1: FetchFaza
Info (12128): Elaborating entity "FetchFaza" for hierarchy "CPU:inst|FetchFaza:inst24"
Warning (275008): Primitive "VCC" of instance "inst19" not used
Info (12128): Elaborating entity "RegisterX" for hierarchy "CPU:inst|FetchFaza:inst24|RegisterX:inst2"
Info (12128): Elaborating entity "ExecuteFaza" for hierarchy "CPU:inst|ExecuteFaza:inst46"
Warning (275009): Pin "fault" not connected
Warning (275008): Primitive "OR2" of instance "inst17" not used
Warning (275008): Primitive "OR2" of instance "inst20" not used
Warning (275008): Primitive "OR3" of instance "inst25" not used
Warning (12125): Using design file comparatorx.vhd, which is not specified as a design file for the current project, but contains definitions for 2 design units and 1 entities in project
    Info (12022): Found design unit 1: ComparatorX-rtl
    Info (12023): Found entity 1: ComparatorX
Info (12128): Elaborating entity "ComparatorX" for hierarchy "CPU:inst|ExecuteFaza:inst46|ComparatorX:inst66"
Warning (12125): Using design file multiplexerx.vhd, which is not specified as a design file for the current project, but contains definitions for 2 design units and 1 entities in project
    Info (12022): Found design unit 1: MultiplexerX-rtl
    Info (12023): Found entity 1: MultiplexerX
Info (12128): Elaborating entity "MultiplexerX" for hierarchy "CPU:inst|ExecuteFaza:inst46|MultiplexerX:inst75"
Warning (12125): Using design file alux.vhd, which is not specified as a design file for the current project, but contains definitions for 2 design units and 1 entities in project
    Info (12022): Found design unit 1: ALUX-rtl
    Info (12023): Found entity 1: ALUX
Info (12128): Elaborating entity "ALUX" for hierarchy "CPU:inst|ExecuteFaza:inst46|ALUX:inst"
Warning (12125): Using design file constantx.vhd, which is not specified as a design file for the current project, but contains definitions for 2 design units and 1 entities in project
    Info (12022): Found design unit 1: ConstantX-rtl
    Info (12023): Found entity 1: ConstantX
Info (12128): Elaborating entity "ConstantX" for hierarchy "CPU:inst|ExecuteFaza:inst46|ConstantX:inst49"
Warning (12125): Using design file mx8.bdf, which is not specified as a design file for the current project, but contains definitions for 1 design units and 1 entities in project
    Info (12023): Found entity 1: MX8
Info (12128): Elaborating entity "MX8" for hierarchy "CPU:inst|ExecuteFaza:inst46|MX8:inst26"
Warning (12125): Using design file mx4.bdf, which is not specified as a design file for the current project, but contains definitions for 1 design units and 1 entities in project
    Info (12023): Found entity 1: MX4
Info (12128): Elaborating entity "MX4" for hierarchy "CPU:inst|ExecuteFaza:inst46|MX8:inst26|MX4:inst2"
Info (12128): Elaborating entity "cd8" for hierarchy "CPU:inst|ExecuteFaza:inst46|cd8:inst36"
Warning (275009): Pin "C0" not connected
Info (12128): Elaborating entity "ConstantX" for hierarchy "CPU:inst|ExecuteFaza:inst46|ConstantX:inst50"
Info (12128): Elaborating entity "ConstantX" for hierarchy "CPU:inst|ExecuteFaza:inst46|ConstantX:inst59"
Info (12128): Elaborating entity "MultiplexerX" for hierarchy "CPU:inst|ExecuteFaza:inst46|MultiplexerX:inst53"
Warning (12125): Using design file lpm_add_sub0.vhd, which is not specified as a design file for the current project, but contains definitions for 2 design units and 1 entities in project
    Info (12022): Found design unit 1: lpm_add_sub0-SYN
    Info (12023): Found entity 1: lpm_add_sub0
Info (12128): Elaborating entity "lpm_add_sub0" for hierarchy "CPU:inst|ExecuteFaza:inst46|lpm_add_sub0:inst28"
Info (12128): Elaborating entity "lpm_add_sub" for hierarchy "CPU:inst|ExecuteFaza:inst46|lpm_add_sub0:inst28|lpm_add_sub:LPM_ADD_SUB_component"
Info (12130): Elaborated megafunction instantiation "CPU:inst|ExecuteFaza:inst46|lpm_add_sub0:inst28|lpm_add_sub:LPM_ADD_SUB_component"
Info (12133): Instantiated megafunction "CPU:inst|ExecuteFaza:inst46|lpm_add_sub0:inst28|lpm_add_sub:LPM_ADD_SUB_component" with the following parameter:
    Info (12134): Parameter "lpm_direction" = "ADD"
    Info (12134): Parameter "lpm_hint" = "ONE_INPUT_IS_CONSTANT=NO,CIN_USED=NO"
    Info (12134): Parameter "lpm_representation" = "UNSIGNED"
    Info (12134): Parameter "lpm_type" = "LPM_ADD_SUB"
    Info (12134): Parameter "lpm_width" = "32"
Info (12021): Found 1 design units, including 1 entities, in source file db/add_sub_2ph.tdf
    Info (12023): Found entity 1: add_sub_2ph
Info (12128): Elaborating entity "add_sub_2ph" for hierarchy "CPU:inst|ExecuteFaza:inst46|lpm_add_sub0:inst28|lpm_add_sub:LPM_ADD_SUB_component|add_sub_2ph:auto_generated"
Info (12128): Elaborating entity "ConstantX" for hierarchy "CPU:inst|ExecuteFaza:inst46|ConstantX:inst44"
Warning (12125): Using design file pc.vhd, which is not specified as a design file for the current project, but contains definitions for 2 design units and 1 entities in project
    Info (12022): Found design unit 1: PC-rtl
    Info (12023): Found entity 1: PC
Info (12128): Elaborating entity "PC" for hierarchy "CPU:inst|PC:inst8"
Info (12128): Elaborating entity "CSRegFile" for hierarchy "CPU:inst|CSRegFile:inst31"
Warning (275085): Found inconsistent dimensions for element "MIE"
Warning (275085): Found inconsistent dimensions for element "MIE"
Warning (275085): Found inconsistent dimensions for element "MIE"
Warning (275085): Found inconsistent dimensions for element "MIE"
Warning (275080): Converted elements in bus name "mie" using legacy naming rules. Make any assignments on the new names, not on the original names.
    Warning (275081): Converted element name(s) from "mie[31..0]" to "mie31..0"
    Warning (275081): Converted element name(s) from "mie[31..12]" to "mie31..12"
    Warning (275081): Converted element name(s) from "mie[10..0]" to "mie10..0"
Warning (275008): Primitive "VCC" of instance "inst85" not used
Info (12128): Elaborating entity "ConstantX" for hierarchy "CPU:inst|CSRegFile:inst31|ConstantX:inst45"
Info (12128): Elaborating entity "ConstantX" for hierarchy "CPU:inst|CSRegFile:inst31|ConstantX:inst7"
Info (12128): Elaborating entity "ConstantX" for hierarchy "CPU:inst|CSRegFile:inst31|ConstantX:inst6"
Info (12128): Elaborating entity "ConstantX" for hierarchy "CPU:inst|CSRegFile:inst31|ConstantX:inst52"
Info (12128): Elaborating entity "ConstantX" for hierarchy "CPU:inst|CSRegFile:inst31|ConstantX:inst10"
Info (12128): Elaborating entity "ConstantX" for hierarchy "CPU:inst|CSRegFile:inst31|ConstantX:inst9"
Info (12128): Elaborating entity "ConstantX" for hierarchy "CPU:inst|CSRegFile:inst31|ConstantX:inst59"
Info (12128): Elaborating entity "ConstantX" for hierarchy "CPU:inst|CSRegFile:inst31|ConstantX:inst69"
Info (12128): Elaborating entity "ConstantX" for hierarchy "CPU:inst|CSRegFile:inst31|ConstantX:inst11"
Info (12128): Elaborating entity "RegisterX" for hierarchy "CPU:inst|CSRegFile:inst31|RegisterX:inst68"
Info (12128): Elaborating entity "InterruptFaza" for hierarchy "CPU:inst|InterruptFaza:inst12"
Info (12128): Elaborating entity "ConstantX" for hierarchy "CPU:inst|InterruptFaza:inst12|ConstantX:inst9"
Info (12128): Elaborating entity "ConstantX" for hierarchy "CPU:inst|InterruptFaza:inst12|ConstantX:inst26"
Info (12128): Elaborating entity "ConstantX" for hierarchy "CPU:inst|InterruptFaza:inst12|ConstantX:inst42"
Info (12128): Elaborating entity "MultiplexerX" for hierarchy "CPU:inst|MultiplexerX:inst30"
Info (12128): Elaborating entity "pulse_gen" for hierarchy "CPU:inst|pulse_gen:inst64"
Info (12128): Elaborating entity "RegFile32" for hierarchy "CPU:inst|RegFile32:inst4"
Warning (275013): Port "CLK" of type RegisterX and instance "inst501" is missing source signal
Warning (275008): Primitive "VCC" of instance "inst2" not used
Warning (275008): Primitive "GND" of instance "inst3" not used
Warning (275008): Primitive "NOT" of instance "inst507" not used
Info (12128): Elaborating entity "RegFile4" for hierarchy "CPU:inst|RegFile32:inst4|RegFile4:inst"
Warning (12125): Using design file cd4.bdf, which is not specified as a design file for the current project, but contains definitions for 1 design units and 1 entities in project
    Info (12023): Found entity 1: cd4
Info (12128): Elaborating entity "cd4" for hierarchy "CPU:inst|RegFile32:inst4|RegFile4:inst|cd4:inst4"
Warning (275009): Pin "C0" not connected
Info (12128): Elaborating entity "MultiplexerX" for hierarchy "CPU:inst|MultiplexerX:inst14"
Warning (12125): Using design file kptastature.bdf, which is not specified as a design file for the current project, but contains definitions for 1 design units and 1 entities in project
    Info (12023): Found entity 1: KPTastature
Info (12128): Elaborating entity "KPTastature" for hierarchy "KPTastature:inst11"
Warning (12125): Using design file keyfetch.bdf, which is not specified as a design file for the current project, but contains definitions for 1 design units and 1 entities in project
    Info (12023): Found entity 1: KeyFetch
Info (12128): Elaborating entity "KeyFetch" for hierarchy "KPTastature:inst11|KeyFetch:inst"
Warning (275008): Primitive "DFF" of instance "inst9" not used
Warning (12125): Using design file risingedgedetector.bdf, which is not specified as a design file for the current project, but contains definitions for 1 design units and 1 entities in project
    Info (12023): Found entity 1: RisingEdgeDetector
Info (12128): Elaborating entity "RisingEdgeDetector" for hierarchy "KPTastature:inst11|KeyFetch:inst|RisingEdgeDetector:inst38"
Warning (12125): Using design file debouncer.bdf, which is not specified as a design file for the current project, but contains definitions for 1 design units and 1 entities in project
    Info (12023): Found entity 1: Debouncer
Info (12128): Elaborating entity "Debouncer" for hierarchy "KPTastature:inst11|KeyFetch:inst|Debouncer:inst39"
Warning (12125): Using design file register.bdf, which is not specified as a design file for the current project, but contains definitions for 1 design units and 1 entities in project
    Info (12023): Found entity 1: Register
Info (12128): Elaborating entity "Register" for hierarchy "KPTastature:inst11|KeyFetch:inst|Debouncer:inst39|Register:inst2"
Info (12128): Elaborating entity "ConstantX" for hierarchy "KPTastature:inst11|ConstantX:inst5"
Info (12128): Elaborating entity "ConstantX" for hierarchy "KPTastature:inst11|ConstantX:inst6"
Info (12128): Elaborating entity "RegisterX" for hierarchy "KPTastature:inst11|RegisterX:inst3"
Info (12128): Elaborating entity "KPVGA" for hierarchy "KPVGA:inst15"
Warning (275008): Primitive "VCC" of instance "inst27" not used
Warning (275008): Primitive "GND" of instance "inst28" not used
Warning (12125): Using design file vgaper.bdf, which is not specified as a design file for the current project, but contains definitions for 1 design units and 1 entities in project
    Info (12023): Found entity 1: VGAPer
Info (12128): Elaborating entity "VGAPer" for hierarchy "KPVGA:inst15|VGAPer:inst"
Warning (12125): Using design file controller.bdf, which is not specified as a design file for the current project, but contains definitions for 1 design units and 1 entities in project
    Info (12023): Found entity 1: Controller
Info (12128): Elaborating entity "Controller" for hierarchy "KPVGA:inst15|VGAPer:inst|Controller:inst4"
Info (12128): Elaborating entity "ComparatorX" for hierarchy "KPVGA:inst15|VGAPer:inst|Controller:inst4|ComparatorX:inst10"
Info (12128): Elaborating entity "RegisterX" for hierarchy "KPVGA:inst15|VGAPer:inst|Controller:inst4|RegisterX:inst"
Info (12128): Elaborating entity "ConstantX" for hierarchy "KPVGA:inst15|VGAPer:inst|Controller:inst4|ConstantX:inst1"
Info (12128): Elaborating entity "ConstantX" for hierarchy "KPVGA:inst15|VGAPer:inst|Controller:inst4|ConstantX:inst9"
Info (12128): Elaborating entity "ConstantX" for hierarchy "KPVGA:inst15|VGAPer:inst|Controller:inst4|ConstantX:inst7"
Info (12128): Elaborating entity "ComparatorX" for hierarchy "KPVGA:inst15|VGAPer:inst|Controller:inst4|ComparatorX:inst15"
Info (12128): Elaborating entity "RegisterX" for hierarchy "KPVGA:inst15|VGAPer:inst|Controller:inst4|RegisterX:inst3"
Info (12128): Elaborating entity "ConstantX" for hierarchy "KPVGA:inst15|VGAPer:inst|Controller:inst4|ConstantX:inst4"
Info (12128): Elaborating entity "ConstantX" for hierarchy "KPVGA:inst15|VGAPer:inst|Controller:inst4|ConstantX:inst14"
Info (12128): Elaborating entity "ConstantX" for hierarchy "KPVGA:inst15|VGAPer:inst|Controller:inst4|ConstantX:inst12"
Info (12128): Elaborating entity "ConstantX" for hierarchy "KPVGA:inst15|VGAPer:inst|Controller:inst4|ConstantX:inst19"
Info (12128): Elaborating entity "ConstantX" for hierarchy "KPVGA:inst15|VGAPer:inst|Controller:inst4|ConstantX:inst17"
Info (12128): Elaborating entity "ConstantX" for hierarchy "KPVGA:inst15|VGAPer:inst|ConstantX:inst40"
Info (12128): Elaborating entity "ConstantX" for hierarchy "KPVGA:inst15|VGAPer:inst|ConstantX:inst41"
Warning (12125): Using design file layer1.bdf, which is not specified as a design file for the current project, but contains definitions for 1 design units and 1 entities in project
    Info (12023): Found entity 1: Layer1
Info (12128): Elaborating entity "Layer1" for hierarchy "KPVGA:inst15|VGAPer:inst|Layer1:inst5"
Info (12128): Elaborating entity "ConstantX" for hierarchy "KPVGA:inst15|VGAPer:inst|Layer1:inst5|ConstantX:inst4"
Info (12128): Elaborating entity "ConstantX" for hierarchy "KPVGA:inst15|VGAPer:inst|Layer1:inst5|ConstantX:inst1"
Info (12128): Elaborating entity "ConstantX" for hierarchy "KPVGA:inst15|VGAPer:inst|Layer1:inst5|ConstantX:inst5"
Info (12128): Elaborating entity "ConstantX" for hierarchy "KPVGA:inst15|VGAPer:inst|Layer1:inst5|ConstantX:inst6"
Info (12128): Elaborating entity "RegisterX" for hierarchy "KPVGA:inst15|VGAPer:inst|Layer1:inst5|RegisterX:inst8"
Info (12128): Elaborating entity "ConstantX" for hierarchy "KPVGA:inst15|VGAPer:inst|ConstantX:inst34"
Info (12128): Elaborating entity "ComparatorX" for hierarchy "KPVGA:inst15|VGAPer:inst|ComparatorX:inst14"
Info (12128): Elaborating entity "RegisterX" for hierarchy "KPVGA:inst15|VGAPer:inst|RegisterX:inst12"
Info (12128): Elaborating entity "ConstantX" for hierarchy "KPVGA:inst15|VGAPer:inst|ConstantX:inst15"
Warning (12125): Using design file videoram.vhd, which is not specified as a design file for the current project, but contains definitions for 2 design units and 1 entities in project
    Info (12022): Found design unit 1: videoram-SYN
    Info (12023): Found entity 1: VideoRAM
Info (12128): Elaborating entity "VideoRAM" for hierarchy "KPVGA:inst15|VGAPer:inst|VideoRAM:inst9"
Info (12128): Elaborating entity "altsyncram" for hierarchy "KPVGA:inst15|VGAPer:inst|VideoRAM:inst9|altsyncram:altsyncram_component"
Info (12130): Elaborated megafunction instantiation "KPVGA:inst15|VGAPer:inst|VideoRAM:inst9|altsyncram:altsyncram_component"
Info (12133): Instantiated megafunction "KPVGA:inst15|VGAPer:inst|VideoRAM:inst9|altsyncram:altsyncram_component" with the following parameter:
    Info (12134): Parameter "address_aclr_a" = "UNUSED"
    Info (12134): Parameter "address_aclr_b" = "NONE"
    Info (12134): Parameter "address_reg_b" = "CLOCK1"
    Info (12134): Parameter "byte_size" = "8"
    Info (12134): Parameter "byteena_aclr_a" = "UNUSED"
    Info (12134): Parameter "byteena_aclr_b" = "NONE"
    Info (12134): Parameter "byteena_reg_b" = "CLOCK1"
    Info (12134): Parameter "clock_enable_core_a" = "USE_INPUT_CLKEN"
    Info (12134): Parameter "clock_enable_core_b" = "USE_INPUT_CLKEN"
    Info (12134): Parameter "clock_enable_input_a" = "BYPASS"
    Info (12134): Parameter "clock_enable_input_b" = "NORMAL"
    Info (12134): Parameter "clock_enable_output_a" = "BYPASS"
    Info (12134): Parameter "clock_enable_output_b" = "NORMAL"
    Info (12134): Parameter "intended_device_family" = "Cyclone III"
    Info (12134): Parameter "ecc_pipeline_stage_enabled" = "FALSE"
    Info (12134): Parameter "enable_ecc" = "FALSE"
    Info (12134): Parameter "implement_in_les" = "OFF"
    Info (12134): Parameter "indata_aclr_a" = "UNUSED"
    Info (12134): Parameter "indata_aclr_b" = "NONE"
    Info (12134): Parameter "indata_reg_b" = "CLOCK1"
    Info (12134): Parameter "init_file" = "../tetrisScene.mif"
    Info (12134): Parameter "init_file_layout" = "PORT_A"
    Info (12134): Parameter "maximum_depth" = "0"
    Info (12134): Parameter "numwords_a" = "256"
    Info (12134): Parameter "numwords_b" = "0"
    Info (12134): Parameter "operation_mode" = "SINGLE_PORT"
    Info (12134): Parameter "outdata_aclr_a" = "NONE"
    Info (12134): Parameter "outdata_aclr_b" = "NONE"
    Info (12134): Parameter "outdata_reg_a" = "UNREGISTERED"
    Info (12134): Parameter "outdata_reg_b" = "UNREGISTERED"
    Info (12134): Parameter "power_up_uninitialized" = "FALSE"
    Info (12134): Parameter "ram_block_type" = "AUTO"
    Info (12134): Parameter "rdcontrol_aclr_b" = "NONE"
    Info (12134): Parameter "rdcontrol_reg_b" = "CLOCK1"
    Info (12134): Parameter "read_during_write_mode_mixed_ports" = "DONT_CARE"
    Info (12134): Parameter "read_during_write_mode_port_a" = "NEW_DATA_NO_NBE_READ"
    Info (12134): Parameter "read_during_write_mode_port_b" = "NEW_DATA_NO_NBE_READ"
    Info (12134): Parameter "stratixiv_m144k_allow_dual_clocks" = "ON"
    Info (12134): Parameter "width_a" = "12"
    Info (12134): Parameter "width_b" = "1"
    Info (12134): Parameter "width_byteena_a" = "1"
    Info (12134): Parameter "width_byteena_b" = "1"
    Info (12134): Parameter "width_eccstatus" = "3"
    Info (12134): Parameter "widthad_a" = "8"
    Info (12134): Parameter "widthad_b" = "1"
    Info (12134): Parameter "wrcontrol_aclr_a" = "UNUSED"
    Info (12134): Parameter "wrcontrol_aclr_b" = "NONE"
    Info (12134): Parameter "wrcontrol_wraddress_reg_b" = "CLOCK1"
    Info (12134): Parameter "lpm_hint" = "ENABLE_RUNTIME_MOD=NO"
    Info (12134): Parameter "lpm_type" = "altsyncram"
Info (12021): Found 1 design units, including 1 entities, in source file db/altsyncram_tat3.tdf
    Info (12023): Found entity 1: altsyncram_tat3
Info (12128): Elaborating entity "altsyncram_tat3" for hierarchy "KPVGA:inst15|VGAPer:inst|VideoRAM:inst9|altsyncram:altsyncram_component|altsyncram_tat3:auto_generated"
Info (12128): Elaborating entity "ALUX" for hierarchy "KPVGA:inst15|VGAPer:inst|ALUX:inst26"
Info (12128): Elaborating entity "ConstantX" for hierarchy "KPVGA:inst15|VGAPer:inst|ConstantX:inst19"
Info (12128): Elaborating entity "ConstantX" for hierarchy "KPVGA:inst15|VGAPer:inst|ConstantX:inst36"
Info (12128): Elaborating entity "Layer2" for hierarchy "KPVGA:inst15|VGAPer:inst|Layer2:inst18"
Info (12128): Elaborating entity "ConstantX" for hierarchy "KPVGA:inst15|VGAPer:inst|Layer2:inst18|ConstantX:inst4"
Info (12128): Elaborating entity "ConstantX" for hierarchy "KPVGA:inst15|VGAPer:inst|Layer2:inst18|ConstantX:inst1"
Info (12128): Elaborating entity "ConstantX" for hierarchy "KPVGA:inst15|VGAPer:inst|Layer2:inst18|ConstantX:inst5"
Info (12128): Elaborating entity "ConstantX" for hierarchy "KPVGA:inst15|VGAPer:inst|Layer2:inst18|ConstantX:inst6"
Info (12128): Elaborating entity "RegisterX" for hierarchy "KPVGA:inst15|VGAPer:inst|Layer2:inst18|RegisterX:inst8"
Info (12128): Elaborating entity "ConstantX" for hierarchy "KPVGA:inst15|VGAPer:inst|ConstantX:inst67"
Info (12128): Elaborating entity "RegisterX" for hierarchy "KPVGA:inst15|VGAPer:inst|RegisterX:inst60"
Info (12128): Elaborating entity "ConstantX" for hierarchy "KPVGA:inst15|VGAPer:inst|ConstantX:inst86"
Warning (12125): Using design file layer0.bdf, which is not specified as a design file for the current project, but contains definitions for 1 design units and 1 entities in project
    Info (12023): Found entity 1: Layer0
Info (12128): Elaborating entity "Layer0" for hierarchy "KPVGA:inst15|VGAPer:inst|Layer0:inst3"
Warning (275009): Pin "X" not connected
Warning (275009): Pin "Y" not connected
Info (12128): Elaborating entity "ConstantX" for hierarchy "KPVGA:inst15|VGAPer:inst|Layer0:inst3|ConstantX:inst6"
Info (12128): Elaborating entity "ConstantX" for hierarchy "KPVGA:inst15|VGAPer:inst|Layer0:inst3|ConstantX:inst2"
Warning (12125): Using design file memtest.vhd, which is not specified as a design file for the current project, but contains definitions for 2 design units and 1 entities in project
    Info (12022): Found design unit 1: memtest-SYN
    Info (12023): Found entity 1: memTest
Info (12128): Elaborating entity "memTest" for hierarchy "memTest:inst9"
Info (12128): Elaborating entity "altsyncram" for hierarchy "memTest:inst9|altsyncram:altsyncram_component"
Info (12130): Elaborated megafunction instantiation "memTest:inst9|altsyncram:altsyncram_component"
Info (12133): Instantiated megafunction "memTest:inst9|altsyncram:altsyncram_component" with the following parameter:
    Info (12134): Parameter "address_aclr_a" = "UNUSED"
    Info (12134): Parameter "address_aclr_b" = "NONE"
    Info (12134): Parameter "address_reg_b" = "CLOCK1"
    Info (12134): Parameter "byte_size" = "8"
    Info (12134): Parameter "byteena_aclr_a" = "UNUSED"
    Info (12134): Parameter "byteena_aclr_b" = "NONE"
    Info (12134): Parameter "byteena_reg_b" = "CLOCK1"
    Info (12134): Parameter "clock_enable_core_a" = "USE_INPUT_CLKEN"
    Info (12134): Parameter "clock_enable_core_b" = "USE_INPUT_CLKEN"
    Info (12134): Parameter "clock_enable_input_a" = "BYPASS"
    Info (12134): Parameter "clock_enable_input_b" = "NORMAL"
    Info (12134): Parameter "clock_enable_output_a" = "BYPASS"
    Info (12134): Parameter "clock_enable_output_b" = "NORMAL"
    Info (12134): Parameter "intended_device_family" = "Cyclone III"
    Info (12134): Parameter "ecc_pipeline_stage_enabled" = "FALSE"
    Info (12134): Parameter "enable_ecc" = "FALSE"
    Info (12134): Parameter "implement_in_les" = "OFF"
    Info (12134): Parameter "indata_aclr_a" = "UNUSED"
    Info (12134): Parameter "indata_aclr_b" = "NONE"
    Info (12134): Parameter "indata_reg_b" = "CLOCK1"
    Info (12134): Parameter "init_file" = "../tetris.mif"
    Info (12134): Parameter "init_file_layout" = "PORT_A"
    Info (12134): Parameter "maximum_depth" = "0"
    Info (12134): Parameter "numwords_a" = "8192"
    Info (12134): Parameter "numwords_b" = "0"
    Info (12134): Parameter "operation_mode" = "SINGLE_PORT"
    Info (12134): Parameter "outdata_aclr_a" = "NONE"
    Info (12134): Parameter "outdata_aclr_b" = "NONE"
    Info (12134): Parameter "outdata_reg_a" = "UNREGISTERED"
    Info (12134): Parameter "outdata_reg_b" = "UNREGISTERED"
    Info (12134): Parameter "power_up_uninitialized" = "FALSE"
    Info (12134): Parameter "ram_block_type" = "M9K"
    Info (12134): Parameter "rdcontrol_aclr_b" = "NONE"
    Info (12134): Parameter "rdcontrol_reg_b" = "CLOCK1"
    Info (12134): Parameter "read_during_write_mode_mixed_ports" = "DONT_CARE"
    Info (12134): Parameter "read_during_write_mode_port_a" = "NEW_DATA_NO_NBE_READ"
    Info (12134): Parameter "read_during_write_mode_port_b" = "NEW_DATA_NO_NBE_READ"
    Info (12134): Parameter "stratixiv_m144k_allow_dual_clocks" = "ON"
    Info (12134): Parameter "width_a" = "32"
    Info (12134): Parameter "width_b" = "1"
    Info (12134): Parameter "width_byteena_a" = "1"
    Info (12134): Parameter "width_byteena_b" = "1"
    Info (12134): Parameter "width_eccstatus" = "3"
    Info (12134): Parameter "widthad_a" = "13"
    Info (12134): Parameter "widthad_b" = "1"
    Info (12134): Parameter "wrcontrol_aclr_a" = "UNUSED"
    Info (12134): Parameter "wrcontrol_aclr_b" = "NONE"
    Info (12134): Parameter "wrcontrol_wraddress_reg_b" = "CLOCK1"
    Info (12134): Parameter "lpm_hint" = "ENABLE_RUNTIME_MOD=NO"
    Info (12134): Parameter "lpm_type" = "altsyncram"
Info (12021): Found 1 design units, including 1 entities, in source file db/altsyncram_dos3.tdf
    Info (12023): Found entity 1: altsyncram_dos3
Info (12128): Elaborating entity "altsyncram_dos3" for hierarchy "memTest:inst9|altsyncram:altsyncram_component|altsyncram_dos3:auto_generated"
Info (12128): Elaborating entity "seven_segment_display" for hierarchy "seven_segment_display:inst18"
Info (12128): Elaborating entity "KPHex" for hierarchy "KPHex:inst12"
Info (12128): Elaborating entity "ConstantX" for hierarchy "ConstantX:inst36"
Info (12128): Elaborating entity "ConstantX" for hierarchy "ConstantX:inst59"
Info (12128): Elaborating entity "cpu_debug_fifo" for hierarchy "cpu_debug_fifo:inst8"
Info (13000): Registers with preset signals will power-up high
Info (13003): DEV_CLRn pin will set, and not reset, register with preset signal due to NOT Gate Push-Back
Info (286030): Timing-Driven Synthesis is running
Info (17049): 153 registers lost all their fanouts during netlist optimizations.
Info (16010): Generating hard_block partition "hard_block:auto_generated_inst"
    Info (16011): Adding 0 node(s), including 0 DDIO, 0 PLL, 0 transceiver and 0 LCELL
Warning (21074): Design contains 6 input pin(s) that do not drive logic
    Warning (15610): No output dependent on input pin "BTN2"
    Warning (15610): No output dependent on input pin "BTN1"
    Warning (15610): No output dependent on input pin "SW7"
    Warning (15610): No output dependent on input pin "SW5"
    Warning (15610): No output dependent on input pin "SW6"
    Warning (15610): No output dependent on input pin "SW9"
Info (21057): Implemented 4516 device resources after synthesis - the final resource count might be different
    Info (21058): Implemented 15 input pins
    Info (21059): Implemented 52 output pins
    Info (21061): Implemented 4405 logic cells
    Info (21064): Implemented 44 RAM segments
Info: Quartus II 64-Bit Analysis & Synthesis was successful. 0 errors, 100 warnings
    Info: Peak virtual memory: 4722 megabytes
    Info: Processing ended: Fri Sep 18 17:25:02 2026
    Info: Elapsed time: 00:00:18
    Info: Total CPU time (on all processors): 00:00:18


