Fitter report for Main
Fri Sep 18 17:25:41 2026
Quartus II 64-Bit Version 13.1.0 Build 162 10/23/2013 SJ Web Edition


---------------------
; Table of Contents ;
---------------------
  1. Legal Notice
  2. Fitter Summary
  3. Fitter Settings
  4. Parallel Compilation
  5. I/O Assignment Warnings
  6. Incremental Compilation Preservation Summary
  7. Incremental Compilation Partition Settings
  8. Incremental Compilation Placement Preservation
  9. Pin-Out File
 10. Fitter Resource Usage Summary
 11. Fitter Partition Statistics
 12. Input Pins
 13. Output Pins
 14. Dual Purpose and Dedicated Pins
 15. I/O Bank Usage
 16. All Package Pins
 17. Fitter Resource Utilization by Entity
 18. Delay Chain Summary
 19. Pad To Core Delay Chain Fanout
 20. Control Signals
 21. Global & Other Fast Signals
 22. Non-Global High Fan-Out Signals
 23. Fitter RAM Summary
 24. |Testiranje|KPVGA:inst15|VGAPer:inst|VideoRAM:inst9|altsyncram:altsyncram_component|altsyncram_tat3:auto_generated|ALTSYNCRAM
 25. |Testiranje|memTest:inst9|altsyncram:altsyncram_component|altsyncram_dos3:auto_generated|ALTSYNCRAM
 26. Routing Usage Summary
 27. LAB Logic Elements
 28. LAB-wide Signals
 29. LAB Signals Sourced
 30. LAB Signals Sourced Out
 31. LAB Distinct Inputs
 32. I/O Rules Summary
 33. I/O Rules Details
 34. I/O Rules Matrix
 35. Fitter Device Options
 36. Operating Settings and Conditions
 37. Estimated Delay Added for Hold Timing Summary
 38. Estimated Delay Added for Hold Timing Details
 39. Fitter Messages
 40. Fitter Suppressed Messages



----------------
; Legal Notice ;
----------------
Copyright (C) 1991-2013 Altera Corporation
Your use of Altera Corporation's design tools, logic functions 
and other software and tools, and its AMPP partner logic 
functions, and any output files from any of the foregoing 
(including device programming or simulation files), and any 
associated documentation or information are expressly subject 
to the terms and conditions of the Altera Program License 
Subscription Agreement, Altera MegaCore Function License 
Agreement, or other applicable license agreement, including, 
without limitation, that your use is for the sole purpose of 
programming logic devices manufactured by Altera and sold by 
Altera or its authorized distributors.  Please refer to the 
applicable agreement for further details.



+---------------------------------------------------------------------------------+
; Fitter Summary                                                                  ;
+------------------------------------+--------------------------------------------+
; Fitter Status                      ; Successful - Fri Sep 18 17:25:41 2026      ;
; Quartus II 64-Bit Version          ; 13.1.0 Build 162 10/23/2013 SJ Web Edition ;
; Revision Name                      ; Main                                       ;
; Top-level Entity Name              ; Testiranje                                 ;
; Family                             ; Cyclone III                                ;
; Device                             ; EP3C16F484C6                               ;
; Timing Models                      ; Final                                      ;
; Total logic elements               ; 3,520 / 15,408 ( 23 % )                    ;
;     Total combinational functions  ; 2,921 / 15,408 ( 19 % )                    ;
;     Dedicated logic registers      ; 1,802 / 15,408 ( 12 % )                    ;
; Total registers                    ; 1802                                       ;
; Total pins                         ; 67 / 347 ( 19 % )                          ;
; Total virtual pins                 ; 0                                          ;
; Total memory bits                  ; 265,216 / 516,096 ( 51 % )                 ;
; Embedded Multiplier 9-bit elements ; 0 / 112 ( 0 % )                            ;
; Total PLLs                         ; 0 / 4 ( 0 % )                              ;
+------------------------------------+--------------------------------------------+


+------------------------------------------------------------------------------------------------------------------------------------------------------------+
; Fitter Settings                                                                                                                                            ;
+----------------------------------------------------------------------------+---------------------------------------+---------------------------------------+
; Option                                                                     ; Setting                               ; Default Value                         ;
+----------------------------------------------------------------------------+---------------------------------------+---------------------------------------+
; Device                                                                     ; EP3C16F484C6                          ;                                       ;
; Nominal Core Supply Voltage                                                ; 1.2V                                  ;                                       ;
; Minimum Core Junction Temperature                                          ; 0                                     ;                                       ;
; Maximum Core Junction Temperature                                          ; 85                                    ;                                       ;
; Fit Attempts to Skip                                                       ; 0                                     ; 0.0                                   ;
; Device I/O Standard                                                        ; 2.5 V                                 ;                                       ;
; Use smart compilation                                                      ; Off                                   ; Off                                   ;
; Enable parallel Assembler and TimeQuest Timing Analyzer during compilation ; On                                    ; On                                    ;
; Enable compact report table                                                ; Off                                   ; Off                                   ;
; Auto Merge PLLs                                                            ; On                                    ; On                                    ;
; Router Timing Optimization Level                                           ; Normal                                ; Normal                                ;
; Perform Clocking Topology Analysis During Routing                          ; Off                                   ; Off                                   ;
; Placement Effort Multiplier                                                ; 1.0                                   ; 1.0                                   ;
; Router Effort Multiplier                                                   ; 1.0                                   ; 1.0                                   ;
; Optimize Hold Timing                                                       ; All Paths                             ; All Paths                             ;
; Optimize Multi-Corner Timing                                               ; On                                    ; On                                    ;
; PowerPlay Power Optimization                                               ; Normal compilation                    ; Normal compilation                    ;
; SSN Optimization                                                           ; Off                                   ; Off                                   ;
; Optimize Timing                                                            ; Normal compilation                    ; Normal compilation                    ;
; Optimize Timing for ECOs                                                   ; Off                                   ; Off                                   ;
; Regenerate full fit report during ECO compiles                             ; Off                                   ; Off                                   ;
; Optimize IOC Register Placement for Timing                                 ; Normal                                ; Normal                                ;
; Limit to One Fitting Attempt                                               ; Off                                   ; Off                                   ;
; Final Placement Optimizations                                              ; Automatically                         ; Automatically                         ;
; Fitter Aggressive Routability Optimizations                                ; Automatically                         ; Automatically                         ;
; Fitter Initial Placement Seed                                              ; 1                                     ; 1                                     ;
; PCI I/O                                                                    ; Off                                   ; Off                                   ;
; Weak Pull-Up Resistor                                                      ; Off                                   ; Off                                   ;
; Enable Bus-Hold Circuitry                                                  ; Off                                   ; Off                                   ;
; Auto Packed Registers                                                      ; Auto                                  ; Auto                                  ;
; Auto Delay Chains                                                          ; On                                    ; On                                    ;
; Auto Delay Chains for High Fanout Input Pins                               ; Off                                   ; Off                                   ;
; Allow Single-ended Buffer for Differential-XSTL Input                      ; Off                                   ; Off                                   ;
; Treat Bidirectional Pin as Output Pin                                      ; Off                                   ; Off                                   ;
; Perform Physical Synthesis for Combinational Logic for Fitting             ; Off                                   ; Off                                   ;
; Perform Physical Synthesis for Combinational Logic for Performance         ; Off                                   ; Off                                   ;
; Perform Register Duplication for Performance                               ; Off                                   ; Off                                   ;
; Perform Logic to Memory Mapping for Fitting                                ; Off                                   ; Off                                   ;
; Perform Register Retiming for Performance                                  ; Off                                   ; Off                                   ;
; Perform Asynchronous Signal Pipelining                                     ; Off                                   ; Off                                   ;
; Fitter Effort                                                              ; Auto Fit                              ; Auto Fit                              ;
; Physical Synthesis Effort Level                                            ; Normal                                ; Normal                                ;
; Logic Cell Insertion - Logic Duplication                                   ; Auto                                  ; Auto                                  ;
; Auto Register Duplication                                                  ; Auto                                  ; Auto                                  ;
; Auto Global Clock                                                          ; On                                    ; On                                    ;
; Auto Global Register Control Signals                                       ; On                                    ; On                                    ;
; Reserve all unused pins                                                    ; As input tri-stated with weak pull-up ; As input tri-stated with weak pull-up ;
; Synchronizer Identification                                                ; Off                                   ; Off                                   ;
; Enable Beneficial Skew Optimization                                        ; On                                    ; On                                    ;
; Optimize Design for Metastability                                          ; On                                    ; On                                    ;
; Force Fitter to Avoid Periphery Placement Warnings                         ; Off                                   ; Off                                   ;
; RAM Bit Reservation (Cyclone III)                                          ; Off                                   ; Off                                   ;
; Enable input tri-state on active configuration pins in user mode           ; Off                                   ; Off                                   ;
+----------------------------------------------------------------------------+---------------------------------------+---------------------------------------+


Parallel compilation was disabled, but you have multiple processors available. Enable parallel compilation to reduce compilation time.
+-------------------------------------+
; Parallel Compilation                ;
+----------------------------+--------+
; Processors                 ; Number ;
+----------------------------+--------+
; Number detected on machine ; 4      ;
; Maximum allowed            ; 1      ;
+----------------------------+--------+


+-------------------------------------------------+
; I/O Assignment Warnings                         ;
+----------+--------------------------------------+
; Pin Name ; Reason                               ;
+----------+--------------------------------------+
; LED0     ; Missing drive strength and slew rate ;
; LED1     ; Missing drive strength and slew rate ;
; LED2     ; Missing drive strength and slew rate ;
; LED3     ; Missing drive strength and slew rate ;
; LED4     ; Missing drive strength and slew rate ;
; LED5     ; Missing drive strength and slew rate ;
; LED6     ; Missing drive strength and slew rate ;
; LED7     ; Missing drive strength and slew rate ;
; LED8     ; Missing drive strength and slew rate ;
; LED9     ; Missing drive strength and slew rate ;
; HEX0     ; Missing drive strength and slew rate ;
; HEX1     ; Missing drive strength and slew rate ;
; HEX2     ; Missing drive strength and slew rate ;
; HEX3     ; Missing drive strength and slew rate ;
; HEX4     ; Missing drive strength and slew rate ;
; HEX5     ; Missing drive strength and slew rate ;
; HEX6     ; Missing drive strength and slew rate ;
; HEX7     ; Missing drive strength and slew rate ;
; HEX8     ; Missing drive strength and slew rate ;
; HEX9     ; Missing drive strength and slew rate ;
; HEX10    ; Missing drive strength and slew rate ;
; HEX11    ; Missing drive strength and slew rate ;
; HEX12    ; Missing drive strength and slew rate ;
; HEX13    ; Missing drive strength and slew rate ;
; HEX14    ; Missing drive strength and slew rate ;
; HEX15    ; Missing drive strength and slew rate ;
; HEX16    ; Missing drive strength and slew rate ;
; HEX17    ; Missing drive strength and slew rate ;
; HEX18    ; Missing drive strength and slew rate ;
; HEX19    ; Missing drive strength and slew rate ;
; HEX20    ; Missing drive strength and slew rate ;
; HEX21    ; Missing drive strength and slew rate ;
; HEX22    ; Missing drive strength and slew rate ;
; HEX23    ; Missing drive strength and slew rate ;
; HEX24    ; Missing drive strength and slew rate ;
; HEX25    ; Missing drive strength and slew rate ;
; HEX26    ; Missing drive strength and slew rate ;
; HEX27    ; Missing drive strength and slew rate ;
; HS       ; Missing drive strength and slew rate ;
; VS       ; Missing drive strength and slew rate ;
; BLUE[3]  ; Missing drive strength and slew rate ;
; BLUE[2]  ; Missing drive strength and slew rate ;
; BLUE[1]  ; Missing drive strength and slew rate ;
; BLUE[0]  ; Missing drive strength and slew rate ;
; GREEN[3] ; Missing drive strength and slew rate ;
; GREEN[2] ; Missing drive strength and slew rate ;
; GREEN[1] ; Missing drive strength and slew rate ;
; GREEN[0] ; Missing drive strength and slew rate ;
; RED[3]   ; Missing drive strength and slew rate ;
; RED[2]   ; Missing drive strength and slew rate ;
; RED[1]   ; Missing drive strength and slew rate ;
; RED[0]   ; Missing drive strength and slew rate ;
+----------+--------------------------------------+


+---------------------------------------------------------------------------------------------------+
; Incremental Compilation Preservation Summary                                                      ;
+---------------------+---------------------+----------------------------+--------------------------+
; Type                ; Total [A + B]       ; From Design Partitions [A] ; From Rapid Recompile [B] ;
+---------------------+---------------------+----------------------------+--------------------------+
; Placement (by node) ;                     ;                            ;                          ;
;     -- Requested    ; 0.00 % ( 0 / 4913 ) ; 0.00 % ( 0 / 4913 )        ; 0.00 % ( 0 / 4913 )      ;
;     -- Achieved     ; 0.00 % ( 0 / 4913 ) ; 0.00 % ( 0 / 4913 )        ; 0.00 % ( 0 / 4913 )      ;
;                     ;                     ;                            ;                          ;
; Routing (by net)    ;                     ;                            ;                          ;
;     -- Requested    ; 0.00 % ( 0 / 0 )    ; 0.00 % ( 0 / 0 )           ; 0.00 % ( 0 / 0 )         ;
;     -- Achieved     ; 0.00 % ( 0 / 0 )    ; 0.00 % ( 0 / 0 )           ; 0.00 % ( 0 / 0 )         ;
+---------------------+---------------------+----------------------------+--------------------------+


+----------------------------------------------------------------------------------------------------------------------------------------------------------------------------------------+
; Incremental Compilation Partition Settings                                                                                                                                             ;
+--------------------------------+----------------+-------------------+-------------------------+------------------------+------------------------------+--------------------------------+
; Partition Name                 ; Partition Type ; Netlist Type Used ; Preservation Level Used ; Netlist Type Requested ; Preservation Level Requested ; Contents                       ;
+--------------------------------+----------------+-------------------+-------------------------+------------------------+------------------------------+--------------------------------+
; Top                            ; User-created   ; Source File       ; N/A                     ; Source File            ; N/A                          ;                                ;
; hard_block:auto_generated_inst ; Auto-generated ; Source File       ; N/A                     ; Source File            ; N/A                          ; hard_block:auto_generated_inst ;
+--------------------------------+----------------+-------------------+-------------------------+------------------------+------------------------------+--------------------------------+


+------------------------------------------------------------------------------------------------------------------------------------+
; Incremental Compilation Placement Preservation                                                                                     ;
+--------------------------------+-----------------------+-------------------------+-------------------+---------------------+-------+
; Partition Name                 ; Preservation Achieved ; Preservation Level Used ; Netlist Type Used ; Preservation Method ; Notes ;
+--------------------------------+-----------------------+-------------------------+-------------------+---------------------+-------+
; Top                            ; 0.00 % ( 0 / 4903 )   ; N/A                     ; Source File       ; N/A                 ;       ;
; hard_block:auto_generated_inst ; 0.00 % ( 0 / 10 )     ; N/A                     ; Source File       ; N/A                 ;       ;
+--------------------------------+-----------------------+-------------------------+-------------------+---------------------+-------+


+--------------+
; Pin-Out File ;
+--------------+
The pin-out file can be found in C:/Users/TEMP/Desktop/AR-project-Tetris/quartus/execute faza/output_files/Main.pin.


+--------------------------------------------------------------------------+
; Fitter Resource Usage Summary                                            ;
+---------------------------------------------+----------------------------+
; Resource                                    ; Usage                      ;
+---------------------------------------------+----------------------------+
; Total logic elements                        ; 3,520 / 15,408 ( 23 % )    ;
;     -- Combinational with no register       ; 1718                       ;
;     -- Register only                        ; 599                        ;
;     -- Combinational with a register        ; 1203                       ;
;                                             ;                            ;
; Logic element usage by number of LUT inputs ;                            ;
;     -- 4 input functions                    ; 2015                       ;
;     -- 3 input functions                    ; 600                        ;
;     -- <=2 input functions                  ; 306                        ;
;     -- Register only                        ; 599                        ;
;                                             ;                            ;
; Logic elements by mode                      ;                            ;
;     -- normal mode                          ; 2624                       ;
;     -- arithmetic mode                      ; 297                        ;
;                                             ;                            ;
; Total registers*                            ; 1,802 / 17,068 ( 11 % )    ;
;     -- Dedicated logic registers            ; 1,802 / 15,408 ( 12 % )    ;
;     -- I/O registers                        ; 0 / 1,660 ( 0 % )          ;
;                                             ;                            ;
; Total LABs:  partially or completely used   ; 262 / 963 ( 27 % )         ;
; Virtual pins                                ; 0                          ;
; I/O pins                                    ; 67 / 347 ( 19 % )          ;
;     -- Clock pins                           ; 1 / 8 ( 13 % )             ;
;     -- Dedicated input pins                 ; 0 / 9 ( 0 % )              ;
;                                             ;                            ;
; Global signals                              ; 2                          ;
; M9Ks                                        ; 33 / 56 ( 59 % )           ;
; Total block memory bits                     ; 265,216 / 516,096 ( 51 % ) ;
; Total block memory implementation bits      ; 304,128 / 516,096 ( 59 % ) ;
; Embedded Multiplier 9-bit elements          ; 0 / 112 ( 0 % )            ;
; PLLs                                        ; 0 / 4 ( 0 % )              ;
; Global clocks                               ; 2 / 20 ( 10 % )            ;
; JTAGs                                       ; 0 / 1 ( 0 % )              ;
; CRC blocks                                  ; 0 / 1 ( 0 % )              ;
; ASMI blocks                                 ; 0 / 1 ( 0 % )              ;
; Impedance control blocks                    ; 0 / 4 ( 0 % )              ;
; Average interconnect usage (total/H/V)      ; 14% / 13% / 15%            ;
; Peak interconnect usage (total/H/V)         ; 60% / 55% / 66%            ;
; Maximum fan-out                             ; 1816                       ;
; Highest non-global fan-out                  ; 127                        ;
; Total fan-out                               ; 17274                      ;
; Average fan-out                             ; 3.15                       ;
+---------------------------------------------+----------------------------+
*  Register count does not include registers inside RAM blocks or DSP blocks.



+------------------------------------------------------------------------------------------------------+
; Fitter Partition Statistics                                                                          ;
+---------------------------------------------+-----------------------+--------------------------------+
; Statistic                                   ; Top                   ; hard_block:auto_generated_inst ;
+---------------------------------------------+-----------------------+--------------------------------+
; Difficulty Clustering Region                ; Low                   ; Low                            ;
;                                             ;                       ;                                ;
; Total logic elements                        ; 3520 / 15408 ( 23 % ) ; 0 / 15408 ( 0 % )              ;
;     -- Combinational with no register       ; 1718                  ; 0                              ;
;     -- Register only                        ; 599                   ; 0                              ;
;     -- Combinational with a register        ; 1203                  ; 0                              ;
;                                             ;                       ;                                ;
; Logic element usage by number of LUT inputs ;                       ;                                ;
;     -- 4 input functions                    ; 2015                  ; 0                              ;
;     -- 3 input functions                    ; 600                   ; 0                              ;
;     -- <=2 input functions                  ; 306                   ; 0                              ;
;     -- Register only                        ; 599                   ; 0                              ;
;                                             ;                       ;                                ;
; Logic elements by mode                      ;                       ;                                ;
;     -- normal mode                          ; 2624                  ; 0                              ;
;     -- arithmetic mode                      ; 297                   ; 0                              ;
;                                             ;                       ;                                ;
; Total registers                             ; 1802                  ; 0                              ;
;     -- Dedicated logic registers            ; 1802 / 15408 ( 12 % ) ; 0 / 15408 ( 0 % )              ;
;     -- I/O registers                        ; 0                     ; 0                              ;
;                                             ;                       ;                                ;
; Total LABs:  partially or completely used   ; 262 / 963 ( 27 % )    ; 0 / 963 ( 0 % )                ;
;                                             ;                       ;                                ;
; Virtual pins                                ; 0                     ; 0                              ;
; I/O pins                                    ; 67                    ; 0                              ;
; Embedded Multiplier 9-bit elements          ; 0 / 112 ( 0 % )       ; 0 / 112 ( 0 % )                ;
; Total memory bits                           ; 265216                ; 0                              ;
; Total RAM block bits                        ; 304128                ; 0                              ;
; M9K                                         ; 33 / 56 ( 58 % )      ; 0 / 56 ( 0 % )                 ;
; Clock control block                         ; 2 / 24 ( 8 % )        ; 0 / 24 ( 0 % )                 ;
;                                             ;                       ;                                ;
; Connections                                 ;                       ;                                ;
;     -- Input Connections                    ; 0                     ; 0                              ;
;     -- Registered Input Connections         ; 0                     ; 0                              ;
;     -- Output Connections                   ; 0                     ; 0                              ;
;     -- Registered Output Connections        ; 0                     ; 0                              ;
;                                             ;                       ;                                ;
; Internal Connections                        ;                       ;                                ;
;     -- Total Connections                    ; 17269                 ; 5                              ;
;     -- Registered Connections               ; 3569                  ; 0                              ;
;                                             ;                       ;                                ;
; External Connections                        ;                       ;                                ;
;     -- Top                                  ; 0                     ; 0                              ;
;     -- hard_block:auto_generated_inst       ; 0                     ; 0                              ;
;                                             ;                       ;                                ;
; Partition Interface                         ;                       ;                                ;
;     -- Input Ports                          ; 15                    ; 0                              ;
;     -- Output Ports                         ; 52                    ; 0                              ;
;     -- Bidir Ports                          ; 0                     ; 0                              ;
;                                             ;                       ;                                ;
; Registered Ports                            ;                       ;                                ;
;     -- Registered Input Ports               ; 0                     ; 0                              ;
;     -- Registered Output Ports              ; 0                     ; 0                              ;
;                                             ;                       ;                                ;
; Port Connectivity                           ;                       ;                                ;
;     -- Input Ports driven by GND            ; 0                     ; 0                              ;
;     -- Output Ports driven by GND           ; 0                     ; 0                              ;
;     -- Input Ports driven by VCC            ; 0                     ; 0                              ;
;     -- Output Ports driven by VCC           ; 0                     ; 0                              ;
;     -- Input Ports with no Source           ; 0                     ; 0                              ;
;     -- Output Ports with no Source          ; 0                     ; 0                              ;
;     -- Input Ports with no Fanout           ; 0                     ; 0                              ;
;     -- Output Ports with no Fanout          ; 0                     ; 0                              ;
+---------------------------------------------+-----------------------+--------------------------------+


+-------------------------------------------------------------------------------------------------------------------------------------------------------------------------------------------------------------------------------------------------------------------------------+
; Input Pins                                                                                                                                                                                                                                                                    ;
+----------+-------+----------+--------------+--------------+--------------+-----------------------+--------------------+--------+----------------+---------------+-----------------+----------+--------------+--------------+---------------------------+----------------------+
; Name     ; Pin # ; I/O Bank ; X coordinate ; Y coordinate ; Z coordinate ; Combinational Fan-Out ; Registered Fan-Out ; Global ; Input Register ; Power Up High ; PCI I/O Enabled ; Bus Hold ; Weak Pull Up ; I/O Standard ; Termination Control Block ; Location assigned by ;
+----------+-------+----------+--------------+--------------+--------------+-----------------------+--------------------+--------+----------------+---------------+-----------------+----------+--------------+--------------+---------------------------+----------------------+
; BTN1     ; G3    ; 1        ; 0            ; 23           ; 14           ; 0                     ; 0                  ; no     ; no             ; no            ; yes             ; no       ; Off          ; 2.5 V        ; --                        ; User                 ;
; BTN2     ; F1    ; 1        ; 0            ; 23           ; 0            ; 0                     ; 0                  ; no     ; no             ; no            ; yes             ; no       ; Off          ; 2.5 V        ; --                        ; User                 ;
; CLK      ; G21   ; 6        ; 41           ; 15           ; 0            ; 1816                  ; 0                  ; yes    ; no             ; no            ; yes             ; no       ; Off          ; 2.5 V        ; --                        ; User                 ;
; PS2_CLK  ; P22   ; 5        ; 41           ; 11           ; 0            ; 4                     ; 0                  ; no     ; no             ; no            ; yes             ; no       ; Off          ; 2.5 V        ; --                        ; User                 ;
; PS2_DATA ; P21   ; 5        ; 41           ; 12           ; 21           ; 2                     ; 0                  ; no     ; no             ; no            ; yes             ; no       ; Off          ; 2.5 V        ; --                        ; User                 ;
; SW0      ; J6    ; 1        ; 0            ; 24           ; 0            ; 1                     ; 0                  ; no     ; no             ; no            ; yes             ; no       ; Off          ; 2.5 V        ; --                        ; User                 ;
; SW1      ; H5    ; 1        ; 0            ; 27           ; 0            ; 1                     ; 0                  ; no     ; no             ; no            ; yes             ; no       ; Off          ; 2.5 V        ; --                        ; User                 ;
; SW2      ; H6    ; 1        ; 0            ; 25           ; 21           ; 1                     ; 0                  ; no     ; no             ; no            ; yes             ; no       ; Off          ; 2.5 V        ; --                        ; User                 ;
; SW3      ; G4    ; 1        ; 0            ; 23           ; 7            ; 1                     ; 0                  ; no     ; no             ; no            ; yes             ; no       ; Off          ; 2.5 V        ; --                        ; User                 ;
; SW4      ; G5    ; 1        ; 0            ; 27           ; 21           ; 1                     ; 0                  ; no     ; no             ; no            ; yes             ; no       ; Off          ; 2.5 V        ; --                        ; User                 ;
; SW5      ; J7    ; 1        ; 0            ; 22           ; 14           ; 0                     ; 0                  ; no     ; no             ; no            ; yes             ; no       ; Off          ; 2.5 V        ; --                        ; User                 ;
; SW6      ; H7    ; 1        ; 0            ; 25           ; 14           ; 0                     ; 0                  ; no     ; no             ; no            ; yes             ; no       ; Off          ; 2.5 V        ; --                        ; User                 ;
; SW7      ; E3    ; 1        ; 0            ; 26           ; 7            ; 0                     ; 0                  ; no     ; no             ; no            ; yes             ; no       ; Off          ; 2.5 V        ; --                        ; User                 ;
; SW8      ; E4    ; 1        ; 0            ; 26           ; 0            ; 16                    ; 0                  ; no     ; no             ; no            ; yes             ; no       ; Off          ; 2.5 V        ; --                        ; User                 ;
; SW9      ; D2    ; 1        ; 0            ; 25           ; 0            ; 0                     ; 0                  ; no     ; no             ; no            ; yes             ; no       ; Off          ; 2.5 V        ; --                        ; User                 ;
+----------+-------+----------+--------------+--------------+--------------+-----------------------+--------------------+--------+----------------+---------------+-----------------+----------+--------------+--------------+---------------------------+----------------------+


+-----------------------------------------------------------------------------------------------------------------------------------------------------------------------------------------------------------------------------------------------------------------------------------------------------------------------------------------------------------------------------------------------------------------------------------------------------------+
; Output Pins                                                                                                                                                                                                                                                                                                                                                                                                                                               ;
+----------+-------+----------+--------------+--------------+--------------+-----------------+------------------------+---------------+-----------+-----------------+------------+---------------+----------+--------------+--------------+------------------+-----------------------------------+---------------------------+----------------------------+-----------------------------+----------------------+----------------------+---------------------+
; Name     ; Pin # ; I/O Bank ; X coordinate ; Y coordinate ; Z coordinate ; Output Register ; Output Enable Register ; Power Up High ; Slew Rate ; PCI I/O Enabled ; Open Drain ; TRI Primitive ; Bus Hold ; Weak Pull Up ; I/O Standard ; Current Strength ; Termination                       ; Termination Control Block ; Output Buffer Pre-emphasis ; Voltage Output Differential ; Location assigned by ; Output Enable Source ; Output Enable Group ;
+----------+-------+----------+--------------+--------------+--------------+-----------------+------------------------+---------------+-----------+-----------------+------------+---------------+----------+--------------+--------------+------------------+-----------------------------------+---------------------------+----------------------------+-----------------------------+----------------------+----------------------+---------------------+
; BLUE[0]  ; A7    ; 8        ; 11           ; 29           ; 0            ; no              ; no                     ; no            ; 2         ; no              ; no         ; no            ; no       ; Off          ; 2.5 V        ; Default          ; Series 50 Ohm without Calibration ; --                        ; no                         ; no                          ; Fitter               ; -                    ; -                   ;
; BLUE[1]  ; K21   ; 6        ; 41           ; 19           ; 7            ; no              ; no                     ; no            ; 2         ; no              ; no         ; no            ; no       ; Off          ; 2.5 V        ; Default          ; Series 50 Ohm without Calibration ; --                        ; no                         ; no                          ; User                 ; -                    ; -                   ;
; BLUE[2]  ; J22   ; 6        ; 41           ; 19           ; 0            ; no              ; no                     ; no            ; 2         ; no              ; no         ; no            ; no       ; Off          ; 2.5 V        ; Default          ; Series 50 Ohm without Calibration ; --                        ; no                         ; no                          ; User                 ; -                    ; -                   ;
; BLUE[3]  ; K18   ; 6        ; 41           ; 21           ; 7            ; no              ; no                     ; no            ; 2         ; no              ; no         ; no            ; no       ; Off          ; 2.5 V        ; Default          ; Series 50 Ohm without Calibration ; --                        ; no                         ; no                          ; User                 ; -                    ; -                   ;
; GREEN[0] ; H22   ; 6        ; 41           ; 20           ; 0            ; no              ; no                     ; no            ; 2         ; no              ; no         ; no            ; no       ; Off          ; 2.5 V        ; Default          ; Series 50 Ohm without Calibration ; --                        ; no                         ; no                          ; User                 ; -                    ; -                   ;
; GREEN[1] ; J17   ; 6        ; 41           ; 24           ; 21           ; no              ; no                     ; no            ; 2         ; no              ; no         ; no            ; no       ; Off          ; 2.5 V        ; Default          ; Series 50 Ohm without Calibration ; --                        ; no                         ; no                          ; User                 ; -                    ; -                   ;
; GREEN[2] ; K17   ; 6        ; 41           ; 21           ; 14           ; no              ; no                     ; no            ; 2         ; no              ; no         ; no            ; no       ; Off          ; 2.5 V        ; Default          ; Series 50 Ohm without Calibration ; --                        ; no                         ; no                          ; User                 ; -                    ; -                   ;
; GREEN[3] ; J21   ; 6        ; 41           ; 20           ; 21           ; no              ; no                     ; no            ; 2         ; no              ; no         ; no            ; no       ; Off          ; 2.5 V        ; Default          ; Series 50 Ohm without Calibration ; --                        ; no                         ; no                          ; User                 ; -                    ; -                   ;
; HEX0     ; E11   ; 7        ; 21           ; 29           ; 21           ; no              ; no                     ; no            ; 2         ; no              ; no         ; no            ; no       ; Off          ; 2.5 V        ; Default          ; Series 50 Ohm without Calibration ; --                        ; no                         ; no                          ; User                 ; -                    ; -                   ;
; HEX1     ; F11   ; 7        ; 21           ; 29           ; 28           ; no              ; no                     ; no            ; 2         ; no              ; no         ; no            ; no       ; Off          ; 2.5 V        ; Default          ; Series 50 Ohm without Calibration ; --                        ; no                         ; no                          ; User                 ; -                    ; -                   ;
; HEX10    ; A14   ; 7        ; 23           ; 29           ; 21           ; no              ; no                     ; no            ; 2         ; no              ; no         ; no            ; no       ; Off          ; 2.5 V        ; Default          ; Series 50 Ohm without Calibration ; --                        ; no                         ; no                          ; User                 ; -                    ; -                   ;
; HEX11    ; B14   ; 7        ; 23           ; 29           ; 28           ; no              ; no                     ; no            ; 2         ; no              ; no         ; no            ; no       ; Off          ; 2.5 V        ; Default          ; Series 50 Ohm without Calibration ; --                        ; no                         ; no                          ; User                 ; -                    ; -                   ;
; HEX12    ; E14   ; 7        ; 28           ; 29           ; 14           ; no              ; no                     ; no            ; 2         ; no              ; no         ; no            ; no       ; Off          ; 2.5 V        ; Default          ; Series 50 Ohm without Calibration ; --                        ; no                         ; no                          ; User                 ; -                    ; -                   ;
; HEX13    ; A15   ; 7        ; 26           ; 29           ; 21           ; no              ; no                     ; no            ; 2         ; no              ; no         ; no            ; no       ; Off          ; 2.5 V        ; Default          ; Series 50 Ohm without Calibration ; --                        ; no                         ; no                          ; User                 ; -                    ; -                   ;
; HEX14    ; D15   ; 7        ; 32           ; 29           ; 28           ; no              ; no                     ; no            ; 2         ; no              ; no         ; no            ; no       ; Off          ; 2.5 V        ; Default          ; Series 50 Ohm without Calibration ; --                        ; no                         ; no                          ; User                 ; -                    ; -                   ;
; HEX15    ; A16   ; 7        ; 30           ; 29           ; 28           ; no              ; no                     ; no            ; 2         ; no              ; no         ; no            ; no       ; Off          ; 2.5 V        ; Default          ; Series 50 Ohm without Calibration ; --                        ; no                         ; no                          ; User                 ; -                    ; -                   ;
; HEX16    ; B16   ; 7        ; 28           ; 29           ; 0            ; no              ; no                     ; no            ; 2         ; no              ; no         ; no            ; no       ; Off          ; 2.5 V        ; Default          ; Series 50 Ohm without Calibration ; --                        ; no                         ; no                          ; User                 ; -                    ; -                   ;
; HEX17    ; E15   ; 7        ; 30           ; 29           ; 0            ; no              ; no                     ; no            ; 2         ; no              ; no         ; no            ; no       ; Off          ; 2.5 V        ; Default          ; Series 50 Ohm without Calibration ; --                        ; no                         ; no                          ; User                 ; -                    ; -                   ;
; HEX18    ; A17   ; 7        ; 30           ; 29           ; 14           ; no              ; no                     ; no            ; 2         ; no              ; no         ; no            ; no       ; Off          ; 2.5 V        ; Default          ; Series 50 Ohm without Calibration ; --                        ; no                         ; no                          ; User                 ; -                    ; -                   ;
; HEX19    ; B17   ; 7        ; 30           ; 29           ; 21           ; no              ; no                     ; no            ; 2         ; no              ; no         ; no            ; no       ; Off          ; 2.5 V        ; Default          ; Series 50 Ohm without Calibration ; --                        ; no                         ; no                          ; User                 ; -                    ; -                   ;
; HEX2     ; H12   ; 7        ; 26           ; 29           ; 0            ; no              ; no                     ; no            ; 2         ; no              ; no         ; no            ; no       ; Off          ; 2.5 V        ; Default          ; Series 50 Ohm without Calibration ; --                        ; no                         ; no                          ; User                 ; -                    ; -                   ;
; HEX20    ; F14   ; 7        ; 37           ; 29           ; 0            ; no              ; no                     ; no            ; 2         ; no              ; no         ; no            ; no       ; Off          ; 2.5 V        ; Default          ; Series 50 Ohm without Calibration ; --                        ; no                         ; no                          ; User                 ; -                    ; -                   ;
; HEX21    ; B18   ; 7        ; 32           ; 29           ; 21           ; no              ; no                     ; no            ; 2         ; no              ; no         ; no            ; no       ; Off          ; 2.5 V        ; Default          ; Series 50 Ohm without Calibration ; --                        ; no                         ; no                          ; User                 ; -                    ; -                   ;
; HEX22    ; F15   ; 7        ; 39           ; 29           ; 14           ; no              ; no                     ; no            ; 2         ; no              ; no         ; no            ; no       ; Off          ; 2.5 V        ; Default          ; Series 50 Ohm without Calibration ; --                        ; no                         ; no                          ; User                 ; -                    ; -                   ;
; HEX23    ; A19   ; 7        ; 32           ; 29           ; 7            ; no              ; no                     ; no            ; 2         ; no              ; no         ; no            ; no       ; Off          ; 2.5 V        ; Default          ; Series 50 Ohm without Calibration ; --                        ; no                         ; no                          ; User                 ; -                    ; -                   ;
; HEX24    ; B19   ; 7        ; 32           ; 29           ; 0            ; no              ; no                     ; no            ; 2         ; no              ; no         ; no            ; no       ; Off          ; 2.5 V        ; Default          ; Series 50 Ohm without Calibration ; --                        ; no                         ; no                          ; User                 ; -                    ; -                   ;
; HEX25    ; C19   ; 7        ; 37           ; 29           ; 21           ; no              ; no                     ; no            ; 2         ; no              ; no         ; no            ; no       ; Off          ; 2.5 V        ; Default          ; Series 50 Ohm without Calibration ; --                        ; no                         ; no                          ; User                 ; -                    ; -                   ;
; HEX26    ; D19   ; 7        ; 37           ; 29           ; 28           ; no              ; no                     ; no            ; 2         ; no              ; no         ; no            ; no       ; Off          ; 2.5 V        ; Default          ; Series 50 Ohm without Calibration ; --                        ; no                         ; no                          ; User                 ; -                    ; -                   ;
; HEX27    ; G15   ; 7        ; 39           ; 29           ; 28           ; no              ; no                     ; no            ; 2         ; no              ; no         ; no            ; no       ; Off          ; 2.5 V        ; Default          ; Series 50 Ohm without Calibration ; --                        ; no                         ; no                          ; User                 ; -                    ; -                   ;
; HEX3     ; H13   ; 7        ; 28           ; 29           ; 28           ; no              ; no                     ; no            ; 2         ; no              ; no         ; no            ; no       ; Off          ; 2.5 V        ; Default          ; Series 50 Ohm without Calibration ; --                        ; no                         ; no                          ; User                 ; -                    ; -                   ;
; HEX4     ; G12   ; 7        ; 26           ; 29           ; 7            ; no              ; no                     ; no            ; 2         ; no              ; no         ; no            ; no       ; Off          ; 2.5 V        ; Default          ; Series 50 Ohm without Calibration ; --                        ; no                         ; no                          ; User                 ; -                    ; -                   ;
; HEX5     ; F12   ; 7        ; 28           ; 29           ; 21           ; no              ; no                     ; no            ; 2         ; no              ; no         ; no            ; no       ; Off          ; 2.5 V        ; Default          ; Series 50 Ohm without Calibration ; --                        ; no                         ; no                          ; User                 ; -                    ; -                   ;
; HEX6     ; F13   ; 7        ; 26           ; 29           ; 14           ; no              ; no                     ; no            ; 2         ; no              ; no         ; no            ; no       ; Off          ; 2.5 V        ; Default          ; Series 50 Ohm without Calibration ; --                        ; no                         ; no                          ; User                 ; -                    ; -                   ;
; HEX7     ; A13   ; 7        ; 21           ; 29           ; 0            ; no              ; no                     ; no            ; 2         ; no              ; no         ; no            ; no       ; Off          ; 2.5 V        ; Default          ; Series 50 Ohm without Calibration ; --                        ; no                         ; no                          ; User                 ; -                    ; -                   ;
; HEX8     ; B13   ; 7        ; 21           ; 29           ; 7            ; no              ; no                     ; no            ; 2         ; no              ; no         ; no            ; no       ; Off          ; 2.5 V        ; Default          ; Series 50 Ohm without Calibration ; --                        ; no                         ; no                          ; User                 ; -                    ; -                   ;
; HEX9     ; C13   ; 7        ; 23           ; 29           ; 0            ; no              ; no                     ; no            ; 2         ; no              ; no         ; no            ; no       ; Off          ; 2.5 V        ; Default          ; Series 50 Ohm without Calibration ; --                        ; no                         ; no                          ; User                 ; -                    ; -                   ;
; HS       ; L21   ; 6        ; 41           ; 18           ; 14           ; no              ; no                     ; no            ; 2         ; no              ; no         ; no            ; no       ; Off          ; 2.5 V        ; Default          ; Series 50 Ohm without Calibration ; --                        ; no                         ; no                          ; User                 ; -                    ; -                   ;
; LED0     ; J1    ; 1        ; 0            ; 20           ; 7            ; no              ; no                     ; no            ; 2         ; no              ; no         ; no            ; no       ; Off          ; 2.5 V        ; Default          ; Series 50 Ohm without Calibration ; --                        ; no                         ; no                          ; User                 ; -                    ; -                   ;
; LED1     ; J2    ; 1        ; 0            ; 20           ; 0            ; no              ; no                     ; no            ; 2         ; no              ; no         ; no            ; no       ; Off          ; 2.5 V        ; Default          ; Series 50 Ohm without Calibration ; --                        ; no                         ; no                          ; User                 ; -                    ; -                   ;
; LED2     ; J3    ; 1        ; 0            ; 21           ; 21           ; no              ; no                     ; no            ; 2         ; no              ; no         ; no            ; no       ; Off          ; 2.5 V        ; Default          ; Series 50 Ohm without Calibration ; --                        ; no                         ; no                          ; User                 ; -                    ; -                   ;
; LED3     ; H1    ; 1        ; 0            ; 21           ; 14           ; no              ; no                     ; no            ; 2         ; no              ; no         ; no            ; no       ; Off          ; 2.5 V        ; Default          ; Series 50 Ohm without Calibration ; --                        ; no                         ; no                          ; User                 ; -                    ; -                   ;
; LED4     ; F2    ; 1        ; 0            ; 24           ; 21           ; no              ; no                     ; no            ; 2         ; no              ; no         ; no            ; no       ; Off          ; 2.5 V        ; Default          ; Series 50 Ohm without Calibration ; --                        ; no                         ; no                          ; User                 ; -                    ; -                   ;
; LED5     ; E1    ; 1        ; 0            ; 24           ; 14           ; no              ; no                     ; no            ; 2         ; no              ; no         ; no            ; no       ; Off          ; 2.5 V        ; Default          ; Series 50 Ohm without Calibration ; --                        ; no                         ; no                          ; User                 ; -                    ; -                   ;
; LED6     ; C1    ; 1        ; 0            ; 26           ; 21           ; no              ; no                     ; no            ; 2         ; no              ; no         ; no            ; no       ; Off          ; 2.5 V        ; Default          ; Series 50 Ohm without Calibration ; --                        ; no                         ; no                          ; User                 ; -                    ; -                   ;
; LED7     ; C2    ; 1        ; 0            ; 26           ; 14           ; no              ; no                     ; no            ; 2         ; no              ; no         ; no            ; no       ; Off          ; 2.5 V        ; Default          ; Series 50 Ohm without Calibration ; --                        ; no                         ; no                          ; User                 ; -                    ; -                   ;
; LED8     ; B2    ; 1        ; 0            ; 27           ; 7            ; no              ; no                     ; no            ; 2         ; no              ; no         ; no            ; no       ; Off          ; 2.5 V        ; Default          ; Series 50 Ohm without Calibration ; --                        ; no                         ; no                          ; User                 ; -                    ; -                   ;
; LED9     ; B1    ; 1        ; 0            ; 27           ; 14           ; no              ; no                     ; no            ; 2         ; no              ; no         ; no            ; no       ; Off          ; 2.5 V        ; Default          ; Series 50 Ohm without Calibration ; --                        ; no                         ; no                          ; User                 ; -                    ; -                   ;
; RED[0]   ; H19   ; 6        ; 41           ; 23           ; 21           ; no              ; no                     ; no            ; 2         ; no              ; no         ; no            ; no       ; Off          ; 2.5 V        ; Default          ; Series 50 Ohm without Calibration ; --                        ; no                         ; no                          ; User                 ; -                    ; -                   ;
; RED[1]   ; H17   ; 6        ; 41           ; 25           ; 0            ; no              ; no                     ; no            ; 2         ; no              ; no         ; no            ; no       ; Off          ; 2.5 V        ; Default          ; Series 50 Ohm without Calibration ; --                        ; no                         ; no                          ; User                 ; -                    ; -                   ;
; RED[2]   ; H20   ; 6        ; 41           ; 22           ; 0            ; no              ; no                     ; no            ; 2         ; no              ; no         ; no            ; no       ; Off          ; 2.5 V        ; Default          ; Series 50 Ohm without Calibration ; --                        ; no                         ; no                          ; User                 ; -                    ; -                   ;
; RED[3]   ; H21   ; 6        ; 41           ; 21           ; 21           ; no              ; no                     ; no            ; 2         ; no              ; no         ; no            ; no       ; Off          ; 2.5 V        ; Default          ; Series 50 Ohm without Calibration ; --                        ; no                         ; no                          ; User                 ; -                    ; -                   ;
; VS       ; L22   ; 6        ; 41           ; 18           ; 21           ; no              ; no                     ; no            ; 2         ; no              ; no         ; no            ; no       ; Off          ; 2.5 V        ; Default          ; Series 50 Ohm without Calibration ; --                        ; no                         ; no                          ; User                 ; -                    ; -                   ;
+----------+-------+----------+--------------+--------------+--------------+-----------------+------------------------+---------------+-----------+-----------------+------------+---------------+----------+--------------+--------------+------------------+-----------------------------------+---------------------------+----------------------------+-----------------------------+----------------------+----------------------+---------------------+


+------------------------------------------------------------------------------------------------------------------------------------+
; Dual Purpose and Dedicated Pins                                                                                                    ;
+----------+----------------------------------------+--------------------------+-------------------------+---------------------------+
; Location ; Pin Name                               ; Reserved As              ; User Signal Name        ; Pin Type                  ;
+----------+----------------------------------------+--------------------------+-------------------------+---------------------------+
; E4       ; DIFFIO_L2p, nRESET                     ; Use as regular IO        ; SW8                     ; Dual Purpose Pin          ;
; D1       ; DIFFIO_L4n, DATA1, ASDO                ; As input tri-stated      ; ~ALTERA_ASDO_DATA1~     ; Dual Purpose Pin          ;
; E2       ; DIFFIO_L6p, FLASH_nCE, nCSO            ; As input tri-stated      ; ~ALTERA_FLASH_nCE_nCSO~ ; Dual Purpose Pin          ;
; K6       ; nSTATUS                                ; -                        ; -                       ; Dedicated Programming Pin ;
; K2       ; DCLK                                   ; As output driving ground ; ~ALTERA_DCLK~           ; Dual Purpose Pin          ;
; K1       ; DATA0                                  ; As input tri-stated      ; ~ALTERA_DATA0~          ; Dual Purpose Pin          ;
; K5       ; nCONFIG                                ; -                        ; -                       ; Dedicated Programming Pin ;
; L3       ; nCE                                    ; -                        ; -                       ; Dedicated Programming Pin ;
; M18      ; CONF_DONE                              ; -                        ; -                       ; Dedicated Programming Pin ;
; M17      ; MSEL0                                  ; -                        ; -                       ; Dedicated Programming Pin ;
; L18      ; MSEL1                                  ; -                        ; -                       ; Dedicated Programming Pin ;
; L17      ; MSEL2                                  ; -                        ; -                       ; Dedicated Programming Pin ;
; K20      ; MSEL3                                  ; -                        ; -                       ; Dedicated Programming Pin ;
; L22      ; DIFFIO_R17n, INIT_DONE                 ; Use as regular IO        ; VS                      ; Dual Purpose Pin          ;
; L21      ; DIFFIO_R17p, CRC_ERROR                 ; Use as regular IO        ; HS                      ; Dual Purpose Pin          ;
; K22      ; DIFFIO_R16n, nCEO                      ; Use as programming pin   ; ~ALTERA_nCEO~           ; Dual Purpose Pin          ;
; K21      ; DIFFIO_R16p, CLKUSR                    ; Use as regular IO        ; BLUE[1]                 ; Dual Purpose Pin          ;
; B18      ; DIFFIO_T27p, PADD0                     ; Use as regular IO        ; HEX21                   ; Dual Purpose Pin          ;
; A17      ; DIFFIO_T25n, PADD1                     ; Use as regular IO        ; HEX18                   ; Dual Purpose Pin          ;
; B17      ; DIFFIO_T25p, PADD2                     ; Use as regular IO        ; HEX19                   ; Dual Purpose Pin          ;
; E14      ; DIFFIO_T23n, PADD3                     ; Use as regular IO        ; HEX12                   ; Dual Purpose Pin          ;
; F13      ; DIFFIO_T21p, PADD4, DQS2T/CQ3T,DPCLK8  ; Use as regular IO        ; HEX6                    ; Dual Purpose Pin          ;
; A15      ; DIFFIO_T20n, PADD5                     ; Use as regular IO        ; HEX13                   ; Dual Purpose Pin          ;
; C13      ; DIFFIO_T19n, PADD7                     ; Use as regular IO        ; HEX9                    ; Dual Purpose Pin          ;
; A14      ; DIFFIO_T18n, PADD9                     ; Use as regular IO        ; HEX10                   ; Dual Purpose Pin          ;
; B14      ; DIFFIO_T18p, PADD10                    ; Use as regular IO        ; HEX11                   ; Dual Purpose Pin          ;
; A13      ; DIFFIO_T17n, PADD11                    ; Use as regular IO        ; HEX7                    ; Dual Purpose Pin          ;
; B13      ; DIFFIO_T17p, PADD12, DQS4T/CQ5T,DPCLK9 ; Use as regular IO        ; HEX8                    ; Dual Purpose Pin          ;
; E11      ; DIFFIO_T16n, PADD13                    ; Use as regular IO        ; HEX0                    ; Dual Purpose Pin          ;
; F11      ; DIFFIO_T16p, PADD14                    ; Use as regular IO        ; HEX1                    ; Dual Purpose Pin          ;
; A7       ; DIFFIO_T11n, PADD18                    ; Use as regular IO        ; BLUE[0]                 ; Dual Purpose Pin          ;
+----------+----------------------------------------+--------------------------+-------------------------+---------------------------+


+------------------------------------------------------------+
; I/O Bank Usage                                             ;
+----------+------------------+---------------+--------------+
; I/O Bank ; Usage            ; VCCIO Voltage ; VREF Voltage ;
+----------+------------------+---------------+--------------+
; 1        ; 26 / 33 ( 79 % ) ; 2.5V          ; --           ;
; 2        ; 0 / 48 ( 0 % )   ; 2.5V          ; --           ;
; 3        ; 0 / 46 ( 0 % )   ; 2.5V          ; --           ;
; 4        ; 0 / 41 ( 0 % )   ; 2.5V          ; --           ;
; 5        ; 2 / 46 ( 4 % )   ; 2.5V          ; --           ;
; 6        ; 15 / 43 ( 35 % ) ; 2.5V          ; --           ;
; 7        ; 28 / 47 ( 60 % ) ; 2.5V          ; --           ;
; 8        ; 1 / 43 ( 2 % )   ; 2.5V          ; --           ;
+----------+------------------+---------------+--------------+


+-----------------------------------------------------------------------------------------------------------------------------------------------------------------------------------------+
; All Package Pins                                                                                                                                                                        ;
+----------+------------+----------+-----------------------------------------------------------+--------+--------------+---------+------------+-----------------+----------+--------------+
; Location ; Pad Number ; I/O Bank ; Pin Name/Usage                                            ; Dir.   ; I/O Standard ; Voltage ; I/O Type   ; User Assignment ; Bus Hold ; Weak Pull Up ;
+----------+------------+----------+-----------------------------------------------------------+--------+--------------+---------+------------+-----------------+----------+--------------+
; A1       ;            ;          ; GND                                                       ; gnd    ;              ;         ; --         ;                 ; --       ; --           ;
; A2       ;            ; 8        ; VCCIO8                                                    ; power  ;              ; 2.5V    ; --         ;                 ; --       ; --           ;
; A3       ; 354        ; 8        ; RESERVED_INPUT_WITH_WEAK_PULLUP                           ;        ;              ;         ; Column I/O ;                 ; no       ; On           ;
; A4       ; 350        ; 8        ; RESERVED_INPUT_WITH_WEAK_PULLUP                           ;        ;              ;         ; Column I/O ;                 ; no       ; On           ;
; A5       ; 345        ; 8        ; RESERVED_INPUT_WITH_WEAK_PULLUP                           ;        ;              ;         ; Column I/O ;                 ; no       ; On           ;
; A6       ; 336        ; 8        ; RESERVED_INPUT_WITH_WEAK_PULLUP                           ;        ;              ;         ; Column I/O ;                 ; no       ; On           ;
; A7       ; 334        ; 8        ; BLUE[0]                                                   ; output ; 2.5 V        ;         ; Column I/O ; N               ; no       ; Off          ;
; A8       ; 332        ; 8        ; RESERVED_INPUT_WITH_WEAK_PULLUP                           ;        ;              ;         ; Column I/O ;                 ; no       ; On           ;
; A9       ; 328        ; 8        ; RESERVED_INPUT_WITH_WEAK_PULLUP                           ;        ;              ;         ; Column I/O ;                 ; no       ; On           ;
; A10      ; 326        ; 8        ; RESERVED_INPUT_WITH_WEAK_PULLUP                           ;        ;              ;         ; Column I/O ;                 ; no       ; On           ;
; A11      ; 321        ; 8        ; GND+                                                      ;        ;              ;         ; Column I/O ;                 ; --       ; --           ;
; A12      ; 319        ; 7        ; GND+                                                      ;        ;              ;         ; Column I/O ;                 ; --       ; --           ;
; A13      ; 314        ; 7        ; HEX7                                                      ; output ; 2.5 V        ;         ; Column I/O ; Y               ; no       ; Off          ;
; A14      ; 312        ; 7        ; HEX10                                                     ; output ; 2.5 V        ;         ; Column I/O ; Y               ; no       ; Off          ;
; A15      ; 307        ; 7        ; HEX13                                                     ; output ; 2.5 V        ;         ; Column I/O ; Y               ; no       ; Off          ;
; A16      ; 298        ; 7        ; HEX15                                                     ; output ; 2.5 V        ;         ; Column I/O ; Y               ; no       ; Off          ;
; A17      ; 296        ; 7        ; HEX18                                                     ; output ; 2.5 V        ;         ; Column I/O ; Y               ; no       ; Off          ;
; A18      ; 291        ; 7        ; RESERVED_INPUT_WITH_WEAK_PULLUP                           ;        ;              ;         ; Column I/O ;                 ; no       ; On           ;
; A19      ; 290        ; 7        ; HEX23                                                     ; output ; 2.5 V        ;         ; Column I/O ; Y               ; no       ; Off          ;
; A20      ; 284        ; 7        ; RESERVED_INPUT_WITH_WEAK_PULLUP                           ;        ;              ;         ; Column I/O ;                 ; no       ; On           ;
; A21      ;            ; 7        ; VCCIO7                                                    ; power  ;              ; 2.5V    ; --         ;                 ; --       ; --           ;
; A22      ;            ;          ; GND                                                       ; gnd    ;              ;         ; --         ;                 ; --       ; --           ;
; AA1      ; 76         ; 2        ; RESERVED_INPUT_WITH_WEAK_PULLUP                           ;        ;              ;         ; Row I/O    ;                 ; no       ; On           ;
; AA2      ; 75         ; 2        ; RESERVED_INPUT_WITH_WEAK_PULLUP                           ;        ;              ;         ; Row I/O    ;                 ; no       ; On           ;
; AA3      ; 102        ; 3        ; RESERVED_INPUT_WITH_WEAK_PULLUP                           ;        ;              ;         ; Column I/O ;                 ; no       ; On           ;
; AA4      ; 106        ; 3        ; RESERVED_INPUT_WITH_WEAK_PULLUP                           ;        ;              ;         ; Column I/O ;                 ; no       ; On           ;
; AA5      ; 108        ; 3        ; RESERVED_INPUT_WITH_WEAK_PULLUP                           ;        ;              ;         ; Column I/O ;                 ; no       ; On           ;
; AA6      ;            ; 3        ; VCCIO3                                                    ; power  ;              ; 2.5V    ; --         ;                 ; --       ; --           ;
; AA7      ; 115        ; 3        ; RESERVED_INPUT_WITH_WEAK_PULLUP                           ;        ;              ;         ; Column I/O ;                 ; no       ; On           ;
; AA8      ; 123        ; 3        ; RESERVED_INPUT_WITH_WEAK_PULLUP                           ;        ;              ;         ; Column I/O ;                 ; no       ; On           ;
; AA9      ; 126        ; 3        ; RESERVED_INPUT_WITH_WEAK_PULLUP                           ;        ;              ;         ; Column I/O ;                 ; no       ; On           ;
; AA10     ; 132        ; 3        ; RESERVED_INPUT_WITH_WEAK_PULLUP                           ;        ;              ;         ; Column I/O ;                 ; no       ; On           ;
; AA11     ; 134        ; 3        ; GND+                                                      ;        ;              ;         ; Column I/O ;                 ; --       ; --           ;
; AA12     ; 136        ; 4        ; GND+                                                      ;        ;              ;         ; Column I/O ;                 ; --       ; --           ;
; AA13     ; 138        ; 4        ; RESERVED_INPUT_WITH_WEAK_PULLUP                           ;        ;              ;         ; Column I/O ;                 ; no       ; On           ;
; AA14     ; 140        ; 4        ; RESERVED_INPUT_WITH_WEAK_PULLUP                           ;        ;              ;         ; Column I/O ;                 ; no       ; On           ;
; AA15     ; 145        ; 4        ; RESERVED_INPUT_WITH_WEAK_PULLUP                           ;        ;              ;         ; Column I/O ;                 ; no       ; On           ;
; AA16     ; 149        ; 4        ; RESERVED_INPUT_WITH_WEAK_PULLUP                           ;        ;              ;         ; Column I/O ;                 ; no       ; On           ;
; AA17     ; 151        ; 4        ; RESERVED_INPUT_WITH_WEAK_PULLUP                           ;        ;              ;         ; Column I/O ;                 ; no       ; On           ;
; AA18     ; 163        ; 4        ; RESERVED_INPUT_WITH_WEAK_PULLUP                           ;        ;              ;         ; Column I/O ;                 ; no       ; On           ;
; AA19     ; 164        ; 4        ; RESERVED_INPUT_WITH_WEAK_PULLUP                           ;        ;              ;         ; Column I/O ;                 ; no       ; On           ;
; AA20     ; 169        ; 4        ; RESERVED_INPUT_WITH_WEAK_PULLUP                           ;        ;              ;         ; Column I/O ;                 ; no       ; On           ;
; AA21     ; 179        ; 5        ; RESERVED_INPUT_WITH_WEAK_PULLUP                           ;        ;              ;         ; Row I/O    ;                 ; no       ; On           ;
; AA22     ; 178        ; 5        ; RESERVED_INPUT_WITH_WEAK_PULLUP                           ;        ;              ;         ; Row I/O    ;                 ; no       ; On           ;
; AB1      ;            ;          ; GND                                                       ; gnd    ;              ;         ; --         ;                 ; --       ; --           ;
; AB2      ;            ; 3        ; VCCIO3                                                    ; power  ;              ; 2.5V    ; --         ;                 ; --       ; --           ;
; AB3      ; 103        ; 3        ; RESERVED_INPUT_WITH_WEAK_PULLUP                           ;        ;              ;         ; Column I/O ;                 ; no       ; On           ;
; AB4      ; 107        ; 3        ; RESERVED_INPUT_WITH_WEAK_PULLUP                           ;        ;              ;         ; Column I/O ;                 ; no       ; On           ;
; AB5      ; 109        ; 3        ; RESERVED_INPUT_WITH_WEAK_PULLUP                           ;        ;              ;         ; Column I/O ;                 ; no       ; On           ;
; AB6      ;            ;          ; GND                                                       ; gnd    ;              ;         ; --         ;                 ; --       ; --           ;
; AB7      ; 116        ; 3        ; RESERVED_INPUT_WITH_WEAK_PULLUP                           ;        ;              ;         ; Column I/O ;                 ; no       ; On           ;
; AB8      ; 124        ; 3        ; RESERVED_INPUT_WITH_WEAK_PULLUP                           ;        ;              ;         ; Column I/O ;                 ; no       ; On           ;
; AB9      ; 127        ; 3        ; RESERVED_INPUT_WITH_WEAK_PULLUP                           ;        ;              ;         ; Column I/O ;                 ; no       ; On           ;
; AB10     ; 133        ; 3        ; RESERVED_INPUT_WITH_WEAK_PULLUP                           ;        ;              ;         ; Column I/O ;                 ; no       ; On           ;
; AB11     ; 135        ; 3        ; GND+                                                      ;        ;              ;         ; Column I/O ;                 ; --       ; --           ;
; AB12     ; 137        ; 4        ; GND+                                                      ;        ;              ;         ; Column I/O ;                 ; --       ; --           ;
; AB13     ; 139        ; 4        ; RESERVED_INPUT_WITH_WEAK_PULLUP                           ;        ;              ;         ; Column I/O ;                 ; no       ; On           ;
; AB14     ; 141        ; 4        ; RESERVED_INPUT_WITH_WEAK_PULLUP                           ;        ;              ;         ; Column I/O ;                 ; no       ; On           ;
; AB15     ; 146        ; 4        ; RESERVED_INPUT_WITH_WEAK_PULLUP                           ;        ;              ;         ; Column I/O ;                 ; no       ; On           ;
; AB16     ; 150        ; 4        ; RESERVED_INPUT_WITH_WEAK_PULLUP                           ;        ;              ;         ; Column I/O ;                 ; no       ; On           ;
; AB17     ; 152        ; 4        ; RESERVED_INPUT_WITH_WEAK_PULLUP                           ;        ;              ;         ; Column I/O ;                 ; no       ; On           ;
; AB18     ; 162        ; 4        ; RESERVED_INPUT_WITH_WEAK_PULLUP                           ;        ;              ;         ; Column I/O ;                 ; no       ; On           ;
; AB19     ; 165        ; 4        ; RESERVED_INPUT_WITH_WEAK_PULLUP                           ;        ;              ;         ; Column I/O ;                 ; no       ; On           ;
; AB20     ; 170        ; 4        ; RESERVED_INPUT_WITH_WEAK_PULLUP                           ;        ;              ;         ; Column I/O ;                 ; no       ; On           ;
; AB21     ;            ; 4        ; VCCIO4                                                    ; power  ;              ; 2.5V    ; --         ;                 ; --       ; --           ;
; AB22     ;            ;          ; GND                                                       ; gnd    ;              ;         ; --         ;                 ; --       ; --           ;
; B1       ; 2          ; 1        ; LED9                                                      ; output ; 2.5 V        ;         ; Row I/O    ; Y               ; no       ; Off          ;
; B2       ; 1          ; 1        ; LED8                                                      ; output ; 2.5 V        ;         ; Row I/O    ; Y               ; no       ; Off          ;
; B3       ; 355        ; 8        ; RESERVED_INPUT_WITH_WEAK_PULLUP                           ;        ;              ;         ; Column I/O ;                 ; no       ; On           ;
; B4       ; 351        ; 8        ; RESERVED_INPUT_WITH_WEAK_PULLUP                           ;        ;              ;         ; Column I/O ;                 ; no       ; On           ;
; B5       ; 346        ; 8        ; RESERVED_INPUT_WITH_WEAK_PULLUP                           ;        ;              ;         ; Column I/O ;                 ; no       ; On           ;
; B6       ; 337        ; 8        ; RESERVED_INPUT_WITH_WEAK_PULLUP                           ;        ;              ;         ; Column I/O ;                 ; no       ; On           ;
; B7       ; 335        ; 8        ; RESERVED_INPUT_WITH_WEAK_PULLUP                           ;        ;              ;         ; Column I/O ;                 ; no       ; On           ;
; B8       ; 333        ; 8        ; RESERVED_INPUT_WITH_WEAK_PULLUP                           ;        ;              ;         ; Column I/O ;                 ; no       ; On           ;
; B9       ; 329        ; 8        ; RESERVED_INPUT_WITH_WEAK_PULLUP                           ;        ;              ;         ; Column I/O ;                 ; no       ; On           ;
; B10      ; 327        ; 8        ; RESERVED_INPUT_WITH_WEAK_PULLUP                           ;        ;              ;         ; Column I/O ;                 ; no       ; On           ;
; B11      ; 322        ; 8        ; GND+                                                      ;        ;              ;         ; Column I/O ;                 ; --       ; --           ;
; B12      ; 320        ; 7        ; GND+                                                      ;        ;              ;         ; Column I/O ;                 ; --       ; --           ;
; B13      ; 315        ; 7        ; HEX8                                                      ; output ; 2.5 V        ;         ; Column I/O ; Y               ; no       ; Off          ;
; B14      ; 313        ; 7        ; HEX11                                                     ; output ; 2.5 V        ;         ; Column I/O ; Y               ; no       ; Off          ;
; B15      ; 308        ; 7        ; RESERVED_INPUT_WITH_WEAK_PULLUP                           ;        ;              ;         ; Column I/O ;                 ; no       ; On           ;
; B16      ; 299        ; 7        ; HEX16                                                     ; output ; 2.5 V        ;         ; Column I/O ; Y               ; no       ; Off          ;
; B17      ; 297        ; 7        ; HEX19                                                     ; output ; 2.5 V        ;         ; Column I/O ; Y               ; no       ; Off          ;
; B18      ; 292        ; 7        ; HEX21                                                     ; output ; 2.5 V        ;         ; Column I/O ; Y               ; no       ; Off          ;
; B19      ; 289        ; 7        ; HEX24                                                     ; output ; 2.5 V        ;         ; Column I/O ; Y               ; no       ; Off          ;
; B20      ; 285        ; 7        ; RESERVED_INPUT_WITH_WEAK_PULLUP                           ;        ;              ;         ; Column I/O ;                 ; no       ; On           ;
; B21      ; 269        ; 6        ; RESERVED_INPUT_WITH_WEAK_PULLUP                           ;        ;              ;         ; Row I/O    ;                 ; no       ; On           ;
; B22      ; 268        ; 6        ; RESERVED_INPUT_WITH_WEAK_PULLUP                           ;        ;              ;         ; Row I/O    ;                 ; no       ; On           ;
; C1       ; 7          ; 1        ; LED6                                                      ; output ; 2.5 V        ;         ; Row I/O    ; Y               ; no       ; Off          ;
; C2       ; 6          ; 1        ; LED7                                                      ; output ; 2.5 V        ;         ; Row I/O    ; Y               ; no       ; Off          ;
; C3       ; 358        ; 8        ; RESERVED_INPUT_WITH_WEAK_PULLUP                           ;        ;              ;         ; Column I/O ;                 ; no       ; On           ;
; C4       ; 359        ; 8        ; RESERVED_INPUT_WITH_WEAK_PULLUP                           ;        ;              ;         ; Column I/O ;                 ; no       ; On           ;
; C5       ;            ;          ; GND                                                       ; gnd    ;              ;         ; --         ;                 ; --       ; --           ;
; C6       ; 349        ; 8        ; RESERVED_INPUT_WITH_WEAK_PULLUP                           ;        ;              ;         ; Column I/O ;                 ; no       ; On           ;
; C7       ; 340        ; 8        ; RESERVED_INPUT_WITH_WEAK_PULLUP                           ;        ;              ;         ; Column I/O ;                 ; no       ; On           ;
; C8       ; 339        ; 8        ; RESERVED_INPUT_WITH_WEAK_PULLUP                           ;        ;              ;         ; Column I/O ;                 ; no       ; On           ;
; C9       ;            ;          ; GND                                                       ; gnd    ;              ;         ; --         ;                 ; --       ; --           ;
; C10      ; 330        ; 8        ; RESERVED_INPUT_WITH_WEAK_PULLUP                           ;        ;              ;         ; Column I/O ;                 ; no       ; On           ;
; C11      ;            ;          ; GND                                                       ; gnd    ;              ;         ; --         ;                 ; --       ; --           ;
; C12      ;            ;          ; GND                                                       ; gnd    ;              ;         ; --         ;                 ; --       ; --           ;
; C13      ; 309        ; 7        ; HEX9                                                      ; output ; 2.5 V        ;         ; Column I/O ; Y               ; no       ; Off          ;
; C14      ;            ;          ; GND                                                       ; gnd    ;              ;         ; --         ;                 ; --       ; --           ;
; C15      ; 300        ; 7        ; RESERVED_INPUT_WITH_WEAK_PULLUP                           ;        ;              ;         ; Column I/O ;                 ; --       ; --           ;
; C16      ;            ;          ; GND                                                       ; gnd    ;              ;         ; --         ;                 ; --       ; --           ;
; C17      ; 286        ; 7        ; RESERVED_INPUT_WITH_WEAK_PULLUP                           ;        ;              ;         ; Column I/O ;                 ; no       ; On           ;
; C18      ;            ;          ; GND                                                       ; gnd    ;              ;         ; --         ;                 ; --       ; --           ;
; C19      ; 282        ; 7        ; HEX25                                                     ; output ; 2.5 V        ;         ; Column I/O ; Y               ; no       ; Off          ;
; C20      ; 270        ; 6        ; RESERVED_INPUT_WITH_WEAK_PULLUP                           ;        ;              ;         ; Row I/O    ;                 ; no       ; On           ;
; C21      ; 267        ; 6        ; RESERVED_INPUT_WITH_WEAK_PULLUP                           ;        ;              ;         ; Row I/O    ;                 ; no       ; On           ;
; C22      ; 266        ; 6        ; RESERVED_INPUT_WITH_WEAK_PULLUP                           ;        ;              ;         ; Row I/O    ;                 ; no       ; On           ;
; D1       ; 9          ; 1        ; ~ALTERA_ASDO_DATA1~ / RESERVED_INPUT_WITH_WEAK_PULLUP     ; input  ; 2.5 V        ;         ; Row I/O    ; N               ; no       ; On           ;
; D2       ; 8          ; 1        ; SW9                                                       ; input  ; 2.5 V        ;         ; Row I/O    ; Y               ; no       ; Off          ;
; D3       ;            ;          ; GND                                                       ; gnd    ;              ;         ; --         ;                 ; --       ; --           ;
; D4       ;            ; 1        ; VCCIO1                                                    ; power  ;              ; 2.5V    ; --         ;                 ; --       ; --           ;
; D5       ;            ; 8        ; VCCIO8                                                    ; power  ;              ; 2.5V    ; --         ;                 ; --       ; --           ;
; D6       ; 356        ; 8        ; RESERVED_INPUT_WITH_WEAK_PULLUP                           ;        ;              ;         ; Column I/O ;                 ; --       ; --           ;
; D7       ;            ;          ; GND                                                       ; gnd    ;              ;         ; --         ;                 ; --       ; --           ;
; D8       ;            ;          ; GND                                                       ; gnd    ;              ;         ; --         ;                 ; --       ; --           ;
; D9       ;            ; 8        ; VCCIO8                                                    ; power  ;              ; 2.5V    ; --         ;                 ; --       ; --           ;
; D10      ; 324        ; 8        ; RESERVED_INPUT_WITH_WEAK_PULLUP                           ;        ;              ;         ; Column I/O ;                 ; no       ; On           ;
; D11      ;            ; 8        ; VCCIO8                                                    ; power  ;              ; 2.5V    ; --         ;                 ; --       ; --           ;
; D12      ;            ; 7        ; VCCIO7                                                    ; power  ;              ; 2.5V    ; --         ;                 ; --       ; --           ;
; D13      ; 310        ; 7        ; RESERVED_INPUT_WITH_WEAK_PULLUP                           ;        ;              ;         ; Column I/O ;                 ; no       ; On           ;
; D14      ;            ; 7        ; VCCIO7                                                    ; power  ;              ; 2.5V    ; --         ;                 ; --       ; --           ;
; D15      ; 293        ; 7        ; HEX14                                                     ; output ; 2.5 V        ;         ; Column I/O ; Y               ; no       ; Off          ;
; D16      ;            ; 7        ; VCCIO7                                                    ; power  ;              ; 2.5V    ; --         ;                 ; --       ; --           ;
; D17      ; 281        ; 7        ; RESERVED_INPUT_WITH_WEAK_PULLUP                           ;        ;              ;         ; Column I/O ;                 ; --       ; --           ;
; D18      ;            ; 7        ; VCCIO7                                                    ; power  ;              ; 2.5V    ; --         ;                 ; --       ; --           ;
; D19      ; 283        ; 7        ; HEX26                                                     ; output ; 2.5 V        ;         ; Column I/O ; Y               ; no       ; Off          ;
; D20      ; 271        ; 6        ; RESERVED_INPUT_WITH_WEAK_PULLUP                           ;        ;              ;         ; Row I/O    ;                 ; no       ; On           ;
; D21      ; 261        ; 6        ; RESERVED_INPUT_WITH_WEAK_PULLUP                           ;        ;              ;         ; Row I/O    ;                 ; no       ; On           ;
; D22      ; 260        ; 6        ; RESERVED_INPUT_WITH_WEAK_PULLUP                           ;        ;              ;         ; Row I/O    ;                 ; no       ; On           ;
; E1       ; 14         ; 1        ; LED5                                                      ; output ; 2.5 V        ;         ; Row I/O    ; Y               ; no       ; Off          ;
; E2       ; 13         ; 1        ; ~ALTERA_FLASH_nCE_nCSO~ / RESERVED_INPUT_WITH_WEAK_PULLUP ; input  ; 2.5 V        ;         ; Row I/O    ; N               ; no       ; On           ;
; E3       ; 5          ; 1        ; SW7                                                       ; input  ; 2.5 V        ;         ; Row I/O    ; Y               ; no       ; Off          ;
; E4       ; 4          ; 1        ; SW8                                                       ; input  ; 2.5 V        ;         ; Row I/O    ; Y               ; no       ; Off          ;
; E5       ; 363        ; 8        ; RESERVED_INPUT_WITH_WEAK_PULLUP                           ;        ;              ;         ; Column I/O ;                 ; no       ; On           ;
; E6       ; 362        ; 8        ; RESERVED_INPUT_WITH_WEAK_PULLUP                           ;        ;              ;         ; Column I/O ;                 ; no       ; On           ;
; E7       ; 357        ; 8        ; RESERVED_INPUT_WITH_WEAK_PULLUP                           ;        ;              ;         ; Column I/O ;                 ; no       ; On           ;
; E8       ;            ; 8        ; VCCIO8                                                    ; power  ;              ; 2.5V    ; --         ;                 ; --       ; --           ;
; E9       ; 338        ; 8        ; RESERVED_INPUT_WITH_WEAK_PULLUP                           ;        ;              ;         ; Column I/O ;                 ; --       ; --           ;
; E10      ; 325        ; 8        ; RESERVED_INPUT_WITH_WEAK_PULLUP                           ;        ;              ;         ; Column I/O ;                 ; no       ; On           ;
; E11      ; 317        ; 7        ; HEX0                                                      ; output ; 2.5 V        ;         ; Column I/O ; Y               ; no       ; Off          ;
; E12      ; 316        ; 7        ; RESERVED_INPUT_WITH_WEAK_PULLUP                           ;        ;              ;         ; Column I/O ;                 ; no       ; On           ;
; E13      ; 311        ; 7        ; RESERVED_INPUT_WITH_WEAK_PULLUP                           ;        ;              ;         ; Column I/O ;                 ; no       ; On           ;
; E14      ; 301        ; 7        ; HEX12                                                     ; output ; 2.5 V        ;         ; Column I/O ; Y               ; no       ; Off          ;
; E15      ; 294        ; 7        ; HEX17                                                     ; output ; 2.5 V        ;         ; Column I/O ; Y               ; no       ; Off          ;
; E16      ; 275        ; 7        ; RESERVED_INPUT_WITH_WEAK_PULLUP                           ;        ;              ;         ; Column I/O ;                 ; no       ; On           ;
; E17      ;            ;          ; VCCD_PLL2                                                 ; power  ;              ; 1.2V    ; --         ;                 ; --       ; --           ;
; E18      ;            ;          ; GNDA2                                                     ; gnd    ;              ;         ; --         ;                 ; --       ; --           ;
; E19      ;            ; 6        ; VCCIO6                                                    ; power  ;              ; 2.5V    ; --         ;                 ; --       ; --           ;
; E20      ;            ;          ; GND                                                       ; gnd    ;              ;         ; --         ;                 ; --       ; --           ;
; E21      ; 256        ; 6        ; RESERVED_INPUT_WITH_WEAK_PULLUP                           ;        ;              ;         ; Row I/O    ;                 ; no       ; On           ;
; E22      ; 255        ; 6        ; RESERVED_INPUT_WITH_WEAK_PULLUP                           ;        ;              ;         ; Row I/O    ;                 ; no       ; On           ;
; F1       ; 16         ; 1        ; BTN2                                                      ; input  ; 2.5 V        ;         ; Row I/O    ; Y               ; no       ; Off          ;
; F2       ; 15         ; 1        ; LED4                                                      ; output ; 2.5 V        ;         ; Row I/O    ; Y               ; no       ; Off          ;
; F3       ;            ;          ; GND                                                       ; gnd    ;              ;         ; --         ;                 ; --       ; --           ;
; F4       ;            ; 1        ; VCCIO1                                                    ; power  ;              ; 2.5V    ; --         ;                 ; --       ; --           ;
; F5       ;            ;          ; GNDA3                                                     ; gnd    ;              ;         ; --         ;                 ; --       ; --           ;
; F6       ;            ;          ; VCCD_PLL3                                                 ; power  ;              ; 1.2V    ; --         ;                 ; --       ; --           ;
; F7       ; 360        ; 8        ; RESERVED_INPUT_WITH_WEAK_PULLUP                           ;        ;              ;         ; Column I/O ;                 ; no       ; On           ;
; F8       ; 352        ; 8        ; RESERVED_INPUT_WITH_WEAK_PULLUP                           ;        ;              ;         ; Column I/O ;                 ; no       ; On           ;
; F9       ; 347        ; 8        ; RESERVED_INPUT_WITH_WEAK_PULLUP                           ;        ;              ;         ; Column I/O ;                 ; no       ; On           ;
; F10      ; 348        ; 8        ; RESERVED_INPUT_WITH_WEAK_PULLUP                           ;        ;              ;         ; Column I/O ;                 ; no       ; On           ;
; F11      ; 318        ; 7        ; HEX1                                                      ; output ; 2.5 V        ;         ; Column I/O ; Y               ; no       ; Off          ;
; F12      ; 302        ; 7        ; HEX5                                                      ; output ; 2.5 V        ;         ; Column I/O ; Y               ; no       ; Off          ;
; F13      ; 306        ; 7        ; HEX6                                                      ; output ; 2.5 V        ;         ; Column I/O ; Y               ; no       ; Off          ;
; F14      ; 279        ; 7        ; HEX20                                                     ; output ; 2.5 V        ;         ; Column I/O ; Y               ; no       ; Off          ;
; F15      ; 276        ; 7        ; HEX22                                                     ; output ; 2.5 V        ;         ; Column I/O ; Y               ; no       ; Off          ;
; F16      ; 274        ; 7        ; RESERVED_INPUT_WITH_WEAK_PULLUP                           ;        ;              ;         ; Column I/O ;                 ; no       ; On           ;
; F17      ; 272        ; 6        ; RESERVED_INPUT_WITH_WEAK_PULLUP                           ;        ;              ;         ; Row I/O    ;                 ; no       ; On           ;
; F18      ;            ; --       ; VCCA2                                                     ; power  ;              ; 2.5V    ; --         ;                 ; --       ; --           ;
; F19      ; 263        ; 6        ; RESERVED_INPUT_WITH_WEAK_PULLUP                           ;        ;              ;         ; Row I/O    ;                 ; no       ; On           ;
; F20      ; 262        ; 6        ; RESERVED_INPUT_WITH_WEAK_PULLUP                           ;        ;              ;         ; Row I/O    ;                 ; no       ; On           ;
; F21      ; 251        ; 6        ; RESERVED_INPUT_WITH_WEAK_PULLUP                           ;        ;              ;         ; Row I/O    ;                 ; no       ; On           ;
; F22      ; 250        ; 6        ; RESERVED_INPUT_WITH_WEAK_PULLUP                           ;        ;              ;         ; Row I/O    ;                 ; no       ; On           ;
; G1       ; 39         ; 1        ; GND+                                                      ;        ;              ;         ; Row I/O    ;                 ; --       ; --           ;
; G2       ; 38         ; 1        ; GND+                                                      ;        ;              ;         ; Row I/O    ;                 ; --       ; --           ;
; G3       ; 18         ; 1        ; BTN1                                                      ; input  ; 2.5 V        ;         ; Row I/O    ; Y               ; no       ; Off          ;
; G4       ; 17         ; 1        ; SW3                                                       ; input  ; 2.5 V        ;         ; Row I/O    ; Y               ; no       ; Off          ;
; G5       ; 3          ; 1        ; SW4                                                       ; input  ; 2.5 V        ;         ; Row I/O    ; Y               ; no       ; Off          ;
; G6       ;            ; --       ; VCCA3                                                     ; power  ;              ; 2.5V    ; --         ;                 ; --       ; --           ;
; G7       ; 361        ; 8        ; RESERVED_INPUT_WITH_WEAK_PULLUP                           ;        ;              ;         ; Column I/O ;                 ; no       ; On           ;
; G8       ; 353        ; 8        ; RESERVED_INPUT_WITH_WEAK_PULLUP                           ;        ;              ;         ; Column I/O ;                 ; no       ; On           ;
; G9       ; 342        ; 8        ; RESERVED_INPUT_WITH_WEAK_PULLUP                           ;        ;              ;         ; Column I/O ;                 ; no       ; On           ;
; G10      ; 341        ; 8        ; RESERVED_INPUT_WITH_WEAK_PULLUP                           ;        ;              ;         ; Column I/O ;                 ; no       ; On           ;
; G11      ; 331        ; 8        ; RESERVED_INPUT_WITH_WEAK_PULLUP                           ;        ;              ;         ; Column I/O ;                 ; no       ; On           ;
; G12      ; 305        ; 7        ; HEX4                                                      ; output ; 2.5 V        ;         ; Column I/O ; Y               ; no       ; Off          ;
; G13      ; 295        ; 7        ; RESERVED_INPUT_WITH_WEAK_PULLUP                           ;        ;              ;         ; Column I/O ;                 ; no       ; On           ;
; G14      ; 280        ; 7        ; RESERVED_INPUT_WITH_WEAK_PULLUP                           ;        ;              ;         ; Column I/O ;                 ; no       ; On           ;
; G15      ; 278        ; 7        ; HEX27                                                     ; output ; 2.5 V        ;         ; Column I/O ; Y               ; no       ; Off          ;
; G16      ; 277        ; 7        ; RESERVED_INPUT_WITH_WEAK_PULLUP                           ;        ;              ;         ; Column I/O ;                 ; no       ; On           ;
; G17      ; 273        ; 6        ; RESERVED_INPUT_WITH_WEAK_PULLUP                           ;        ;              ;         ; Row I/O    ;                 ; no       ; On           ;
; G18      ; 264        ; 6        ; RESERVED_INPUT_WITH_WEAK_PULLUP                           ;        ;              ;         ; Row I/O    ;                 ; no       ; On           ;
; G19      ;            ; 6        ; VCCIO6                                                    ; power  ;              ; 2.5V    ; --         ;                 ; --       ; --           ;
; G20      ;            ;          ; GND                                                       ; gnd    ;              ;         ; --         ;                 ; --       ; --           ;
; G21      ; 226        ; 6        ; CLK                                                       ; input  ; 2.5 V        ;         ; Row I/O    ; Y               ; no       ; Off          ;
; G22      ; 225        ; 6        ; GND+                                                      ;        ;              ;         ; Row I/O    ;                 ; --       ; --           ;
; H1       ; 26         ; 1        ; LED3                                                      ; output ; 2.5 V        ;         ; Row I/O    ; Y               ; no       ; Off          ;
; H2       ; 25         ; 1        ; RESERVED_INPUT_WITH_WEAK_PULLUP                           ;        ;              ;         ; Row I/O    ;                 ; no       ; On           ;
; H3       ;            ;          ; GND                                                       ; gnd    ;              ;         ; --         ;                 ; --       ; --           ;
; H4       ;            ; 1        ; VCCIO1                                                    ; power  ;              ; 2.5V    ; --         ;                 ; --       ; --           ;
; H5       ; 0          ; 1        ; SW1                                                       ; input  ; 2.5 V        ;         ; Row I/O    ; Y               ; no       ; Off          ;
; H6       ; 11         ; 1        ; SW2                                                       ; input  ; 2.5 V        ;         ; Row I/O    ; Y               ; no       ; Off          ;
; H7       ; 10         ; 1        ; SW6                                                       ; input  ; 2.5 V        ;         ; Row I/O    ; Y               ; no       ; Off          ;
; H8       ;            ;          ; GND                                                       ; gnd    ;              ;         ; --         ;                 ; --       ; --           ;
; H9       ; 344        ; 8        ; RESERVED_INPUT_WITH_WEAK_PULLUP                           ;        ;              ;         ; Column I/O ;                 ; no       ; On           ;
; H10      ; 343        ; 8        ; RESERVED_INPUT_WITH_WEAK_PULLUP                           ;        ;              ;         ; Column I/O ;                 ; no       ; On           ;
; H11      ; 323        ; 8        ; RESERVED_INPUT_WITH_WEAK_PULLUP                           ;        ;              ;         ; Column I/O ;                 ; no       ; On           ;
; H12      ; 304        ; 7        ; HEX2                                                      ; output ; 2.5 V        ;         ; Column I/O ; Y               ; no       ; Off          ;
; H13      ; 303        ; 7        ; HEX3                                                      ; output ; 2.5 V        ;         ; Column I/O ; Y               ; no       ; Off          ;
; H14      ; 288        ; 7        ; RESERVED_INPUT_WITH_WEAK_PULLUP                           ;        ;              ;         ; Column I/O ;                 ; no       ; On           ;
; H15      ; 287        ; 7        ; RESERVED_INPUT_WITH_WEAK_PULLUP                           ;        ;              ;         ; Column I/O ;                 ; no       ; On           ;
; H16      ; 259        ; 6        ; RESERVED_INPUT_WITH_WEAK_PULLUP                           ;        ;              ;         ; Row I/O    ;                 ; no       ; On           ;
; H17      ; 265        ; 6        ; RED[1]                                                    ; output ; 2.5 V        ;         ; Row I/O    ; Y               ; no       ; Off          ;
; H18      ; 257        ; 6        ; RESERVED_INPUT_WITH_WEAK_PULLUP                           ;        ;              ;         ; Row I/O    ;                 ; --       ; --           ;
; H19      ; 254        ; 6        ; RED[0]                                                    ; output ; 2.5 V        ;         ; Row I/O    ; Y               ; no       ; Off          ;
; H20      ; 253        ; 6        ; RED[2]                                                    ; output ; 2.5 V        ;         ; Row I/O    ; Y               ; no       ; Off          ;
; H21      ; 246        ; 6        ; RED[3]                                                    ; output ; 2.5 V        ;         ; Row I/O    ; Y               ; no       ; Off          ;
; H22      ; 245        ; 6        ; GREEN[0]                                                  ; output ; 2.5 V        ;         ; Row I/O    ; Y               ; no       ; Off          ;
; J1       ; 29         ; 1        ; LED0                                                      ; output ; 2.5 V        ;         ; Row I/O    ; Y               ; no       ; Off          ;
; J2       ; 28         ; 1        ; LED1                                                      ; output ; 2.5 V        ;         ; Row I/O    ; Y               ; no       ; Off          ;
; J3       ; 27         ; 1        ; LED2                                                      ; output ; 2.5 V        ;         ; Row I/O    ; Y               ; no       ; Off          ;
; J4       ; 24         ; 1        ; RESERVED_INPUT_WITH_WEAK_PULLUP                           ;        ;              ;         ; Row I/O    ;                 ; no       ; On           ;
; J5       ;            ;          ; GND                                                       ; gnd    ;              ;         ; --         ;                 ; --       ; --           ;
; J6       ; 12         ; 1        ; SW0                                                       ; input  ; 2.5 V        ;         ; Row I/O    ; Y               ; no       ; Off          ;
; J7       ; 22         ; 1        ; SW5                                                       ; input  ; 2.5 V        ;         ; Row I/O    ; Y               ; no       ; Off          ;
; J8       ;            ;          ; VCCINT                                                    ; power  ;              ; 1.2V    ; --         ;                 ; --       ; --           ;
; J9       ;            ;          ; GND                                                       ; gnd    ;              ;         ; --         ;                 ; --       ; --           ;
; J10      ;            ;          ; VCCINT                                                    ; power  ;              ; 1.2V    ; --         ;                 ; --       ; --           ;
; J11      ;            ;          ; VCCINT                                                    ; power  ;              ; 1.2V    ; --         ;                 ; --       ; --           ;
; J12      ;            ;          ; VCCINT                                                    ; power  ;              ; 1.2V    ; --         ;                 ; --       ; --           ;
; J13      ;            ;          ; VCCINT                                                    ; power  ;              ; 1.2V    ; --         ;                 ; --       ; --           ;
; J14      ;            ;          ; VCCINT                                                    ; power  ;              ; 1.2V    ; --         ;                 ; --       ; --           ;
; J15      ; 238        ; 6        ; RESERVED_INPUT_WITH_WEAK_PULLUP                           ;        ;              ;         ; Row I/O    ;                 ; no       ; On           ;
; J16      ; 243        ; 6        ; RESERVED_INPUT_WITH_WEAK_PULLUP                           ;        ;              ;         ; Row I/O    ;                 ; no       ; On           ;
; J17      ; 258        ; 6        ; GREEN[1]                                                  ; output ; 2.5 V        ;         ; Row I/O    ; Y               ; no       ; Off          ;
; J18      ; 249        ; 6        ; RESERVED_INPUT_WITH_WEAK_PULLUP                           ;        ;              ;         ; Row I/O    ;                 ; no       ; On           ;
; J19      ;            ;          ; GND                                                       ; gnd    ;              ;         ; --         ;                 ; --       ; --           ;
; J20      ;            ; 6        ; VCCIO6                                                    ; power  ;              ; 2.5V    ; --         ;                 ; --       ; --           ;
; J21      ; 242        ; 6        ; GREEN[3]                                                  ; output ; 2.5 V        ;         ; Row I/O    ; Y               ; no       ; Off          ;
; J22      ; 241        ; 6        ; BLUE[2]                                                   ; output ; 2.5 V        ;         ; Row I/O    ; Y               ; no       ; Off          ;
; K1       ; 31         ; 1        ; ~ALTERA_DATA0~ / RESERVED_INPUT_WITH_WEAK_PULLUP          ; input  ; 2.5 V        ;         ; Row I/O    ; N               ; no       ; On           ;
; K2       ; 30         ; 1        ; ~ALTERA_DCLK~                                             ; output ; 2.5 V        ;         ; Row I/O    ; N               ; no       ; On           ;
; K3       ;            ;          ; GND                                                       ; gnd    ;              ;         ; --         ;                 ; --       ; --           ;
; K4       ;            ; 1        ; VCCIO1                                                    ; power  ;              ; 2.5V    ; --         ;                 ; --       ; --           ;
; K5       ; 32         ; 1        ; ^nCONFIG                                                  ;        ;              ;         ; --         ;                 ; --       ; --           ;
; K6       ; 19         ; 1        ; ^nSTATUS                                                  ;        ;              ;         ; --         ;                 ; --       ; --           ;
; K7       ; 23         ; 1        ; RESERVED_INPUT_WITH_WEAK_PULLUP                           ;        ;              ;         ; Row I/O    ;                 ; no       ; On           ;
; K8       ; 21         ; 1        ; RESERVED_INPUT_WITH_WEAK_PULLUP                           ;        ;              ;         ; Row I/O    ;                 ; no       ; On           ;
; K9       ;            ;          ; VCCINT                                                    ; power  ;              ; 1.2V    ; --         ;                 ; --       ; --           ;
; K10      ;            ;          ; GND                                                       ; gnd    ;              ;         ; --         ;                 ; --       ; --           ;
; K11      ;            ;          ; GND                                                       ; gnd    ;              ;         ; --         ;                 ; --       ; --           ;
; K12      ;            ;          ; GND                                                       ; gnd    ;              ;         ; --         ;                 ; --       ; --           ;
; K13      ;            ;          ; GND                                                       ; gnd    ;              ;         ; --         ;                 ; --       ; --           ;
; K14      ;            ;          ; VCCINT                                                    ; power  ;              ; 1.2V    ; --         ;                 ; --       ; --           ;
; K15      ; 236        ; 6        ; RESERVED_INPUT_WITH_WEAK_PULLUP                           ;        ;              ;         ; Row I/O    ;                 ; no       ; On           ;
; K16      ; 244        ; 6        ; RESERVED_INPUT_WITH_WEAK_PULLUP                           ;        ;              ;         ; Row I/O    ;                 ; no       ; On           ;
; K17      ; 247        ; 6        ; GREEN[2]                                                  ; output ; 2.5 V        ;         ; Row I/O    ; Y               ; no       ; Off          ;
; K18      ; 248        ; 6        ; BLUE[3]                                                   ; output ; 2.5 V        ;         ; Row I/O    ; Y               ; no       ; Off          ;
; K19      ; 237        ; 6        ; RESERVED_INPUT_WITH_WEAK_PULLUP                           ;        ;              ;         ; Row I/O    ;                 ; --       ; --           ;
; K20      ; 231        ; 6        ; ^MSEL3                                                    ;        ;              ;         ; --         ;                 ; --       ; --           ;
; K21      ; 240        ; 6        ; BLUE[1]                                                   ; output ; 2.5 V        ;         ; Row I/O    ; Y               ; no       ; Off          ;
; K22      ; 239        ; 6        ; ~ALTERA_nCEO~ / RESERVED_OUTPUT_OPEN_DRAIN                ; output ; 2.5 V        ;         ; Row I/O    ; N               ; no       ; Off          ;
; L1       ; 35         ; 1        ; #TMS                                                      ; input  ;              ;         ; --         ;                 ; --       ; --           ;
; L2       ; 34         ; 1        ; #TCK                                                      ; input  ;              ;         ; --         ;                 ; --       ; --           ;
; L3       ; 37         ; 1        ; ^nCE                                                      ;        ;              ;         ; --         ;                 ; --       ; --           ;
; L4       ; 36         ; 1        ; #TDO                                                      ; output ;              ;         ; --         ;                 ; --       ; --           ;
; L5       ; 33         ; 1        ; #TDI                                                      ; input  ;              ;         ; --         ;                 ; --       ; --           ;
; L6       ; 42         ; 2        ; RESERVED_INPUT_WITH_WEAK_PULLUP                           ;        ;              ;         ; Row I/O    ;                 ; no       ; On           ;
; L7       ; 50         ; 2        ; RESERVED_INPUT_WITH_WEAK_PULLUP                           ;        ;              ;         ; Row I/O    ;                 ; no       ; On           ;
; L8       ; 20         ; 1        ; RESERVED_INPUT_WITH_WEAK_PULLUP                           ;        ;              ;         ; Row I/O    ;                 ; no       ; On           ;
; L9       ;            ;          ; VCCINT                                                    ; power  ;              ; 1.2V    ; --         ;                 ; --       ; --           ;
; L10      ;            ;          ; GND                                                       ; gnd    ;              ;         ; --         ;                 ; --       ; --           ;
; L11      ;            ;          ; GND                                                       ; gnd    ;              ;         ; --         ;                 ; --       ; --           ;
; L12      ;            ;          ; GND                                                       ; gnd    ;              ;         ; --         ;                 ; --       ; --           ;
; L13      ;            ;          ; GND                                                       ; gnd    ;              ;         ; --         ;                 ; --       ; --           ;
; L14      ;            ;          ; VCCINT                                                    ; power  ;              ; 1.2V    ; --         ;                 ; --       ; --           ;
; L15      ; 233        ; 6        ; RESERVED_INPUT_WITH_WEAK_PULLUP                           ;        ;              ;         ; Row I/O    ;                 ; no       ; On           ;
; L16      ; 232        ; 6        ; RESERVED_INPUT_WITH_WEAK_PULLUP                           ;        ;              ;         ; Row I/O    ;                 ; no       ; On           ;
; L17      ; 230        ; 6        ; ^MSEL2                                                    ;        ;              ;         ; --         ;                 ; --       ; --           ;
; L18      ; 229        ; 6        ; ^MSEL1                                                    ;        ;              ;         ; --         ;                 ; --       ; --           ;
; L19      ;            ; 6        ; VCCIO6                                                    ; power  ;              ; 2.5V    ; --         ;                 ; --       ; --           ;
; L20      ;            ;          ; GND                                                       ; gnd    ;              ;         ; --         ;                 ; --       ; --           ;
; L21      ; 235        ; 6        ; HS                                                        ; output ; 2.5 V        ;         ; Row I/O    ; Y               ; no       ; Off          ;
; L22      ; 234        ; 6        ; VS                                                        ; output ; 2.5 V        ;         ; Row I/O    ; Y               ; no       ; Off          ;
; M1       ; 45         ; 2        ; RESERVED_INPUT_WITH_WEAK_PULLUP                           ;        ;              ;         ; Row I/O    ;                 ; no       ; On           ;
; M2       ; 44         ; 2        ; RESERVED_INPUT_WITH_WEAK_PULLUP                           ;        ;              ;         ; Row I/O    ;                 ; no       ; On           ;
; M3       ; 47         ; 2        ; RESERVED_INPUT_WITH_WEAK_PULLUP                           ;        ;              ;         ; Row I/O    ;                 ; no       ; On           ;
; M4       ; 46         ; 2        ; RESERVED_INPUT_WITH_WEAK_PULLUP                           ;        ;              ;         ; Row I/O    ;                 ; no       ; On           ;
; M5       ; 51         ; 2        ; RESERVED_INPUT_WITH_WEAK_PULLUP                           ;        ;              ;         ; Row I/O    ;                 ; --       ; --           ;
; M6       ; 43         ; 2        ; RESERVED_INPUT_WITH_WEAK_PULLUP                           ;        ;              ;         ; Row I/O    ;                 ; no       ; On           ;
; M7       ; 65         ; 2        ; RESERVED_INPUT_WITH_WEAK_PULLUP                           ;        ;              ;         ; Row I/O    ;                 ; no       ; On           ;
; M8       ; 66         ; 2        ; RESERVED_INPUT_WITH_WEAK_PULLUP                           ;        ;              ;         ; Row I/O    ;                 ; no       ; On           ;
; M9       ;            ;          ; VCCINT                                                    ; power  ;              ; 1.2V    ; --         ;                 ; --       ; --           ;
; M10      ;            ;          ; GND                                                       ; gnd    ;              ;         ; --         ;                 ; --       ; --           ;
; M11      ;            ;          ; GND                                                       ; gnd    ;              ;         ; --         ;                 ; --       ; --           ;
; M12      ;            ;          ; GND                                                       ; gnd    ;              ;         ; --         ;                 ; --       ; --           ;
; M13      ;            ;          ; GND                                                       ; gnd    ;              ;         ; --         ;                 ; --       ; --           ;
; M14      ;            ;          ; VCCINT                                                    ; power  ;              ; 1.2V    ; --         ;                 ; --       ; --           ;
; M15      ; 195        ; 5        ; RESERVED_INPUT_WITH_WEAK_PULLUP                           ;        ;              ;         ; Row I/O    ;                 ; no       ; On           ;
; M16      ; 222        ; 5        ; RESERVED_INPUT_WITH_WEAK_PULLUP                           ;        ;              ;         ; Row I/O    ;                 ; no       ; On           ;
; M17      ; 228        ; 6        ; ^MSEL0                                                    ;        ;              ;         ; --         ;                 ; --       ; --           ;
; M18      ; 227        ; 6        ; ^CONF_DONE                                                ;        ;              ;         ; --         ;                 ; --       ; --           ;
; M19      ; 221        ; 5        ; RESERVED_INPUT_WITH_WEAK_PULLUP                           ;        ;              ;         ; Row I/O    ;                 ; no       ; On           ;
; M20      ; 220        ; 5        ; RESERVED_INPUT_WITH_WEAK_PULLUP                           ;        ;              ;         ; Row I/O    ;                 ; no       ; On           ;
; M21      ; 219        ; 5        ; RESERVED_INPUT_WITH_WEAK_PULLUP                           ;        ;              ;         ; Row I/O    ;                 ; no       ; On           ;
; M22      ; 218        ; 5        ; RESERVED_INPUT_WITH_WEAK_PULLUP                           ;        ;              ;         ; Row I/O    ;                 ; no       ; On           ;
; N1       ; 49         ; 2        ; RESERVED_INPUT_WITH_WEAK_PULLUP                           ;        ;              ;         ; Row I/O    ;                 ; no       ; On           ;
; N2       ; 48         ; 2        ; RESERVED_INPUT_WITH_WEAK_PULLUP                           ;        ;              ;         ; Row I/O    ;                 ; no       ; On           ;
; N3       ;            ;          ; GND                                                       ; gnd    ;              ;         ; --         ;                 ; --       ; --           ;
; N4       ;            ; 2        ; VCCIO2                                                    ; power  ;              ; 2.5V    ; --         ;                 ; --       ; --           ;
; N5       ; 56         ; 2        ; RESERVED_INPUT_WITH_WEAK_PULLUP                           ;        ;              ;         ; Row I/O    ;                 ; no       ; On           ;
; N6       ; 64         ; 2        ; RESERVED_INPUT_WITH_WEAK_PULLUP                           ;        ;              ;         ; Row I/O    ;                 ; no       ; On           ;
; N7       ; 73         ; 2        ; RESERVED_INPUT_WITH_WEAK_PULLUP                           ;        ;              ;         ; Row I/O    ;                 ; no       ; On           ;
; N8       ; 67         ; 2        ; RESERVED_INPUT_WITH_WEAK_PULLUP                           ;        ;              ;         ; Row I/O    ;                 ; no       ; On           ;
; N9       ;            ;          ; VCCINT                                                    ; power  ;              ; 1.2V    ; --         ;                 ; --       ; --           ;
; N10      ;            ;          ; GND                                                       ; gnd    ;              ;         ; --         ;                 ; --       ; --           ;
; N11      ;            ;          ; GND                                                       ; gnd    ;              ;         ; --         ;                 ; --       ; --           ;
; N12      ;            ;          ; GND                                                       ; gnd    ;              ;         ; --         ;                 ; --       ; --           ;
; N13      ;            ;          ; GND                                                       ; gnd    ;              ;         ; --         ;                 ; --       ; --           ;
; N14      ; 189        ; 5        ; RESERVED_INPUT_WITH_WEAK_PULLUP                           ;        ;              ;         ; Row I/O    ;                 ; no       ; On           ;
; N15      ; 196        ; 5        ; RESERVED_INPUT_WITH_WEAK_PULLUP                           ;        ;              ;         ; Row I/O    ;                 ; no       ; On           ;
; N16      ; 205        ; 5        ; RESERVED_INPUT_WITH_WEAK_PULLUP                           ;        ;              ;         ; Row I/O    ;                 ; no       ; On           ;
; N17      ; 214        ; 5        ; RESERVED_INPUT_WITH_WEAK_PULLUP                           ;        ;              ;         ; Row I/O    ;                 ; no       ; On           ;
; N18      ; 215        ; 5        ; RESERVED_INPUT_WITH_WEAK_PULLUP                           ;        ;              ;         ; Row I/O    ;                 ; no       ; On           ;
; N19      ; 213        ; 5        ; RESERVED_INPUT_WITH_WEAK_PULLUP                           ;        ;              ;         ; Row I/O    ;                 ; no       ; On           ;
; N20      ; 212        ; 5        ; RESERVED_INPUT_WITH_WEAK_PULLUP                           ;        ;              ;         ; Row I/O    ;                 ; no       ; On           ;
; N21      ; 217        ; 5        ; RESERVED_INPUT_WITH_WEAK_PULLUP                           ;        ;              ;         ; Row I/O    ;                 ; no       ; On           ;
; N22      ; 216        ; 5        ; RESERVED_INPUT_WITH_WEAK_PULLUP                           ;        ;              ;         ; Row I/O    ;                 ; no       ; On           ;
; P1       ; 53         ; 2        ; RESERVED_INPUT_WITH_WEAK_PULLUP                           ;        ;              ;         ; Row I/O    ;                 ; no       ; On           ;
; P2       ; 52         ; 2        ; RESERVED_INPUT_WITH_WEAK_PULLUP                           ;        ;              ;         ; Row I/O    ;                 ; no       ; On           ;
; P3       ; 58         ; 2        ; RESERVED_INPUT_WITH_WEAK_PULLUP                           ;        ;              ;         ; Row I/O    ;                 ; no       ; On           ;
; P4       ; 57         ; 2        ; RESERVED_INPUT_WITH_WEAK_PULLUP                           ;        ;              ;         ; Row I/O    ;                 ; no       ; On           ;
; P5       ; 63         ; 2        ; RESERVED_INPUT_WITH_WEAK_PULLUP                           ;        ;              ;         ; Row I/O    ;                 ; no       ; On           ;
; P6       ; 79         ; 2        ; RESERVED_INPUT_WITH_WEAK_PULLUP                           ;        ;              ;         ; Row I/O    ;                 ; no       ; On           ;
; P7       ; 74         ; 2        ; RESERVED_INPUT_WITH_WEAK_PULLUP                           ;        ;              ;         ; Row I/O    ;                 ; no       ; On           ;
; P8       ; 86         ; 2        ; RESERVED_INPUT_WITH_WEAK_PULLUP                           ;        ;              ;         ; Row I/O    ;                 ; no       ; On           ;
; P9       ;            ;          ; VCCINT                                                    ; power  ;              ; 1.2V    ; --         ;                 ; --       ; --           ;
; P10      ;            ;          ; VCCINT                                                    ; power  ;              ; 1.2V    ; --         ;                 ; --       ; --           ;
; P11      ;            ;          ; VCCINT                                                    ; power  ;              ; 1.2V    ; --         ;                 ; --       ; --           ;
; P12      ;            ;          ; VCCINT                                                    ; power  ;              ; 1.2V    ; --         ;                 ; --       ; --           ;
; P13      ;            ;          ; VCCINT                                                    ; power  ;              ; 1.2V    ; --         ;                 ; --       ; --           ;
; P14      ; 180        ; 5        ; RESERVED_INPUT_WITH_WEAK_PULLUP                           ;        ;              ;         ; Row I/O    ;                 ; no       ; On           ;
; P15      ; 192        ; 5        ; RESERVED_INPUT_WITH_WEAK_PULLUP                           ;        ;              ;         ; Row I/O    ;                 ; no       ; On           ;
; P16      ; 193        ; 5        ; RESERVED_INPUT_WITH_WEAK_PULLUP                           ;        ;              ;         ; Row I/O    ;                 ; no       ; On           ;
; P17      ; 197        ; 5        ; RESERVED_INPUT_WITH_WEAK_PULLUP                           ;        ;              ;         ; Row I/O    ;                 ; no       ; On           ;
; P18      ;            ; 5        ; VCCIO5                                                    ; power  ;              ; 2.5V    ; --         ;                 ; --       ; --           ;
; P19      ;            ;          ; GND                                                       ; gnd    ;              ;         ; --         ;                 ; --       ; --           ;
; P20      ; 208        ; 5        ; RESERVED_INPUT_WITH_WEAK_PULLUP                           ;        ;              ;         ; Row I/O    ;                 ; --       ; --           ;
; P21      ; 211        ; 5        ; PS2_DATA                                                  ; input  ; 2.5 V        ;         ; Row I/O    ; Y               ; no       ; Off          ;
; P22      ; 210        ; 5        ; PS2_CLK                                                   ; input  ; 2.5 V        ;         ; Row I/O    ; Y               ; no       ; Off          ;
; R1       ; 55         ; 2        ; RESERVED_INPUT_WITH_WEAK_PULLUP                           ;        ;              ;         ; Row I/O    ;                 ; no       ; On           ;
; R2       ; 54         ; 2        ; RESERVED_INPUT_WITH_WEAK_PULLUP                           ;        ;              ;         ; Row I/O    ;                 ; no       ; On           ;
; R3       ;            ;          ; GND                                                       ; gnd    ;              ;         ; --         ;                 ; --       ; --           ;
; R4       ;            ; 2        ; VCCIO2                                                    ; power  ;              ; 2.5V    ; --         ;                 ; --       ; --           ;
; R5       ; 80         ; 2        ; RESERVED_INPUT_WITH_WEAK_PULLUP                           ;        ;              ;         ; Row I/O    ;                 ; no       ; On           ;
; R6       ; 83         ; 2        ; RESERVED_INPUT_WITH_WEAK_PULLUP                           ;        ;              ;         ; Row I/O    ;                 ; no       ; On           ;
; R7       ; 84         ; 2        ; RESERVED_INPUT_WITH_WEAK_PULLUP                           ;        ;              ;         ; Row I/O    ;                 ; no       ; On           ;
; R8       ; 87         ; 2        ; RESERVED_INPUT_WITH_WEAK_PULLUP                           ;        ;              ;         ; Row I/O    ;                 ; no       ; On           ;
; R9       ; 88         ; 3        ; RESERVED_INPUT_WITH_WEAK_PULLUP                           ;        ;              ;         ; Column I/O ;                 ; no       ; On           ;
; R10      ; 90         ; 3        ; RESERVED_INPUT_WITH_WEAK_PULLUP                           ;        ;              ;         ; Column I/O ;                 ; no       ; On           ;
; R11      ; 97         ; 3        ; RESERVED_INPUT_WITH_WEAK_PULLUP                           ;        ;              ;         ; Column I/O ;                 ; no       ; On           ;
; R12      ; 98         ; 3        ; RESERVED_INPUT_WITH_WEAK_PULLUP                           ;        ;              ;         ; Column I/O ;                 ; no       ; On           ;
; R13      ; 153        ; 4        ; RESERVED_INPUT_WITH_WEAK_PULLUP                           ;        ;              ;         ; Column I/O ;                 ; no       ; On           ;
; R14      ; 175        ; 4        ; RESERVED_INPUT_WITH_WEAK_PULLUP                           ;        ;              ;         ; Column I/O ;                 ; no       ; On           ;
; R15      ; 176        ; 4        ; RESERVED_INPUT_WITH_WEAK_PULLUP                           ;        ;              ;         ; Column I/O ;                 ; no       ; On           ;
; R16      ; 172        ; 4        ; RESERVED_INPUT_WITH_WEAK_PULLUP                           ;        ;              ;         ; Column I/O ;                 ; no       ; On           ;
; R17      ; 194        ; 5        ; RESERVED_INPUT_WITH_WEAK_PULLUP                           ;        ;              ;         ; Row I/O    ;                 ; --       ; --           ;
; R18      ; 203        ; 5        ; RESERVED_INPUT_WITH_WEAK_PULLUP                           ;        ;              ;         ; Row I/O    ;                 ; no       ; On           ;
; R19      ; 204        ; 5        ; RESERVED_INPUT_WITH_WEAK_PULLUP                           ;        ;              ;         ; Row I/O    ;                 ; no       ; On           ;
; R20      ; 200        ; 5        ; RESERVED_INPUT_WITH_WEAK_PULLUP                           ;        ;              ;         ; Row I/O    ;                 ; no       ; On           ;
; R21      ; 207        ; 5        ; RESERVED_INPUT_WITH_WEAK_PULLUP                           ;        ;              ;         ; Row I/O    ;                 ; no       ; On           ;
; R22      ; 206        ; 5        ; RESERVED_INPUT_WITH_WEAK_PULLUP                           ;        ;              ;         ; Row I/O    ;                 ; no       ; On           ;
; T1       ; 41         ; 2        ; GND+                                                      ;        ;              ;         ; Row I/O    ;                 ; --       ; --           ;
; T2       ; 40         ; 2        ; GND+                                                      ;        ;              ;         ; Row I/O    ;                 ; --       ; --           ;
; T3       ; 72         ; 2        ; RESERVED_INPUT_WITH_WEAK_PULLUP                           ;        ;              ;         ; Row I/O    ;                 ; --       ; --           ;
; T4       ; 81         ; 2        ; RESERVED_INPUT_WITH_WEAK_PULLUP                           ;        ;              ;         ; Row I/O    ;                 ; no       ; On           ;
; T5       ; 82         ; 2        ; RESERVED_INPUT_WITH_WEAK_PULLUP                           ;        ;              ;         ; Row I/O    ;                 ; no       ; On           ;
; T6       ;            ; --       ; VCCA1                                                     ; power  ;              ; 2.5V    ; --         ;                 ; --       ; --           ;
; T7       ; 85         ; 2        ; RESERVED_INPUT_WITH_WEAK_PULLUP                           ;        ;              ;         ; Row I/O    ;                 ; no       ; On           ;
; T8       ; 89         ; 3        ; RESERVED_INPUT_WITH_WEAK_PULLUP                           ;        ;              ;         ; Column I/O ;                 ; no       ; On           ;
; T9       ; 91         ; 3        ; RESERVED_INPUT_WITH_WEAK_PULLUP                           ;        ;              ;         ; Column I/O ;                 ; no       ; On           ;
; T10      ; 121        ; 3        ; RESERVED_INPUT_WITH_WEAK_PULLUP                           ;        ;              ;         ; Column I/O ;                 ; no       ; On           ;
; T11      ; 125        ; 3        ; RESERVED_INPUT_WITH_WEAK_PULLUP                           ;        ;              ;         ; Column I/O ;                 ; no       ; On           ;
; T12      ; 148        ; 4        ; RESERVED_INPUT_WITH_WEAK_PULLUP                           ;        ;              ;         ; Column I/O ;                 ; no       ; On           ;
; T13      ;            ;          ; VCCINT                                                    ; power  ;              ; 1.2V    ; --         ;                 ; --       ; --           ;
; T14      ; 160        ; 4        ; RESERVED_INPUT_WITH_WEAK_PULLUP                           ;        ;              ;         ; Column I/O ;                 ; no       ; On           ;
; T15      ; 161        ; 4        ; RESERVED_INPUT_WITH_WEAK_PULLUP                           ;        ;              ;         ; Column I/O ;                 ; no       ; On           ;
; T16      ; 171        ; 4        ; RESERVED_INPUT_WITH_WEAK_PULLUP                           ;        ;              ;         ; Column I/O ;                 ; no       ; On           ;
; T17      ; 181        ; 5        ; RESERVED_INPUT_WITH_WEAK_PULLUP                           ;        ;              ;         ; Row I/O    ;                 ; no       ; On           ;
; T18      ; 182        ; 5        ; RESERVED_INPUT_WITH_WEAK_PULLUP                           ;        ;              ;         ; Row I/O    ;                 ; no       ; On           ;
; T19      ;            ; 5        ; VCCIO5                                                    ; power  ;              ; 2.5V    ; --         ;                 ; --       ; --           ;
; T20      ;            ;          ; GND                                                       ; gnd    ;              ;         ; --         ;                 ; --       ; --           ;
; T21      ; 224        ; 5        ; GND+                                                      ;        ;              ;         ; Row I/O    ;                 ; --       ; --           ;
; T22      ; 223        ; 5        ; GND+                                                      ;        ;              ;         ; Row I/O    ;                 ; --       ; --           ;
; U1       ; 60         ; 2        ; RESERVED_INPUT_WITH_WEAK_PULLUP                           ;        ;              ;         ; Row I/O    ;                 ; no       ; On           ;
; U2       ; 59         ; 2        ; RESERVED_INPUT_WITH_WEAK_PULLUP                           ;        ;              ;         ; Row I/O    ;                 ; no       ; On           ;
; U3       ;            ;          ; GND                                                       ; gnd    ;              ;         ; --         ;                 ; --       ; --           ;
; U4       ;            ; 2        ; VCCIO2                                                    ; power  ;              ; 2.5V    ; --         ;                 ; --       ; --           ;
; U5       ;            ;          ; GNDA1                                                     ; gnd    ;              ;         ; --         ;                 ; --       ; --           ;
; U6       ;            ;          ; VCCD_PLL1                                                 ; power  ;              ; 1.2V    ; --         ;                 ; --       ; --           ;
; U7       ; 94         ; 3        ; RESERVED_INPUT_WITH_WEAK_PULLUP                           ;        ;              ;         ; Column I/O ;                 ; no       ; On           ;
; U8       ; 95         ; 3        ; RESERVED_INPUT_WITH_WEAK_PULLUP                           ;        ;              ;         ; Column I/O ;                 ; no       ; On           ;
; U9       ; 112        ; 3        ; RESERVED_INPUT_WITH_WEAK_PULLUP                           ;        ;              ;         ; Column I/O ;                 ; no       ; On           ;
; U10      ; 122        ; 3        ; RESERVED_INPUT_WITH_WEAK_PULLUP                           ;        ;              ;         ; Column I/O ;                 ; no       ; On           ;
; U11      ; 128        ; 3        ; RESERVED_INPUT_WITH_WEAK_PULLUP                           ;        ;              ;         ; Column I/O ;                 ; no       ; On           ;
; U12      ; 147        ; 4        ; RESERVED_INPUT_WITH_WEAK_PULLUP                           ;        ;              ;         ; Column I/O ;                 ; no       ; On           ;
; U13      ; 156        ; 4        ; RESERVED_INPUT_WITH_WEAK_PULLUP                           ;        ;              ;         ; Column I/O ;                 ; no       ; On           ;
; U14      ; 174        ; 4        ; RESERVED_INPUT_WITH_WEAK_PULLUP                           ;        ;              ;         ; Column I/O ;                 ; no       ; On           ;
; U15      ; 173        ; 4        ; RESERVED_INPUT_WITH_WEAK_PULLUP                           ;        ;              ;         ; Column I/O ;                 ; no       ; On           ;
; U16      ;            ;          ; VCCINT                                                    ; power  ;              ; 1.2V    ; --         ;                 ; --       ; --           ;
; U17      ;            ;          ; VCCINT                                                    ; power  ;              ; 1.2V    ; --         ;                 ; --       ; --           ;
; U18      ;            ; --       ; VCCA4                                                     ; power  ;              ; 2.5V    ; --         ;                 ; --       ; --           ;
; U19      ; 188        ; 5        ; RESERVED_INPUT_WITH_WEAK_PULLUP                           ;        ;              ;         ; Row I/O    ;                 ; no       ; On           ;
; U20      ; 187        ; 5        ; RESERVED_INPUT_WITH_WEAK_PULLUP                           ;        ;              ;         ; Row I/O    ;                 ; no       ; On           ;
; U21      ; 202        ; 5        ; RESERVED_INPUT_WITH_WEAK_PULLUP                           ;        ;              ;         ; Row I/O    ;                 ; no       ; On           ;
; U22      ; 201        ; 5        ; RESERVED_INPUT_WITH_WEAK_PULLUP                           ;        ;              ;         ; Row I/O    ;                 ; no       ; On           ;
; V1       ; 62         ; 2        ; RESERVED_INPUT_WITH_WEAK_PULLUP                           ;        ;              ;         ; Row I/O    ;                 ; no       ; On           ;
; V2       ; 61         ; 2        ; RESERVED_INPUT_WITH_WEAK_PULLUP                           ;        ;              ;         ; Row I/O    ;                 ; no       ; On           ;
; V3       ; 78         ; 2        ; RESERVED_INPUT_WITH_WEAK_PULLUP                           ;        ;              ;         ; Row I/O    ;                 ; no       ; On           ;
; V4       ; 77         ; 2        ; RESERVED_INPUT_WITH_WEAK_PULLUP                           ;        ;              ;         ; Row I/O    ;                 ; no       ; On           ;
; V5       ; 93         ; 3        ; RESERVED_INPUT_WITH_WEAK_PULLUP                           ;        ;              ;         ; Column I/O ;                 ; no       ; On           ;
; V6       ; 92         ; 3        ; RESERVED_INPUT_WITH_WEAK_PULLUP                           ;        ;              ;         ; Column I/O ;                 ; no       ; On           ;
; V7       ; 105        ; 3        ; RESERVED_INPUT_WITH_WEAK_PULLUP                           ;        ;              ;         ; Column I/O ;                 ; no       ; On           ;
; V8       ; 113        ; 3        ; RESERVED_INPUT_WITH_WEAK_PULLUP                           ;        ;              ;         ; Column I/O ;                 ; no       ; On           ;
; V9       ; 119        ; 3        ; RESERVED_INPUT_WITH_WEAK_PULLUP                           ;        ;              ;         ; Column I/O ;                 ; --       ; --           ;
; V10      ; 120        ; 3        ; RESERVED_INPUT_WITH_WEAK_PULLUP                           ;        ;              ;         ; Column I/O ;                 ; no       ; On           ;
; V11      ; 129        ; 3        ; RESERVED_INPUT_WITH_WEAK_PULLUP                           ;        ;              ;         ; Column I/O ;                 ; no       ; On           ;
; V12      ; 142        ; 4        ; RESERVED_INPUT_WITH_WEAK_PULLUP                           ;        ;              ;         ; Column I/O ;                 ; no       ; On           ;
; V13      ; 154        ; 4        ; RESERVED_INPUT_WITH_WEAK_PULLUP                           ;        ;              ;         ; Column I/O ;                 ; no       ; On           ;
; V14      ; 157        ; 4        ; RESERVED_INPUT_WITH_WEAK_PULLUP                           ;        ;              ;         ; Column I/O ;                 ; no       ; On           ;
; V15      ; 158        ; 4        ; RESERVED_INPUT_WITH_WEAK_PULLUP                           ;        ;              ;         ; Column I/O ;                 ; no       ; On           ;
; V16      ; 168        ; 4        ; RESERVED_INPUT_WITH_WEAK_PULLUP                           ;        ;              ;         ; Column I/O ;                 ; --       ; --           ;
; V17      ;            ;          ; VCCD_PLL4                                                 ; power  ;              ; 1.2V    ; --         ;                 ; --       ; --           ;
; V18      ;            ;          ; GNDA4                                                     ; gnd    ;              ;         ; --         ;                 ; --       ; --           ;
; V19      ;            ; 5        ; VCCIO5                                                    ; power  ;              ; 2.5V    ; --         ;                 ; --       ; --           ;
; V20      ;            ;          ; GND                                                       ; gnd    ;              ;         ; --         ;                 ; --       ; --           ;
; V21      ; 199        ; 5        ; RESERVED_INPUT_WITH_WEAK_PULLUP                           ;        ;              ;         ; Row I/O    ;                 ; no       ; On           ;
; V22      ; 198        ; 5        ; RESERVED_INPUT_WITH_WEAK_PULLUP                           ;        ;              ;         ; Row I/O    ;                 ; no       ; On           ;
; W1       ; 69         ; 2        ; RESERVED_INPUT_WITH_WEAK_PULLUP                           ;        ;              ;         ; Row I/O    ;                 ; no       ; On           ;
; W2       ; 68         ; 2        ; RESERVED_INPUT_WITH_WEAK_PULLUP                           ;        ;              ;         ; Row I/O    ;                 ; no       ; On           ;
; W3       ;            ;          ; GND                                                       ; gnd    ;              ;         ; --         ;                 ; --       ; --           ;
; W4       ;            ; 2        ; VCCIO2                                                    ; power  ;              ; 2.5V    ; --         ;                 ; --       ; --           ;
; W5       ;            ; 3        ; VCCIO3                                                    ; power  ;              ; 2.5V    ; --         ;                 ; --       ; --           ;
; W6       ; 104        ; 3        ; RESERVED_INPUT_WITH_WEAK_PULLUP                           ;        ;              ;         ; Column I/O ;                 ; no       ; On           ;
; W7       ; 110        ; 3        ; RESERVED_INPUT_WITH_WEAK_PULLUP                           ;        ;              ;         ; Column I/O ;                 ; no       ; On           ;
; W8       ; 114        ; 3        ; RESERVED_INPUT_WITH_WEAK_PULLUP                           ;        ;              ;         ; Column I/O ;                 ; no       ; On           ;
; W9       ;            ; 3        ; VCCIO3                                                    ; power  ;              ; 2.5V    ; --         ;                 ; --       ; --           ;
; W10      ; 130        ; 3        ; RESERVED_INPUT_WITH_WEAK_PULLUP                           ;        ;              ;         ; Column I/O ;                 ; no       ; On           ;
; W11      ;            ; 3        ; VCCIO3                                                    ; power  ;              ; 2.5V    ; --         ;                 ; --       ; --           ;
; W12      ;            ; 4        ; VCCIO4                                                    ; power  ;              ; 2.5V    ; --         ;                 ; --       ; --           ;
; W13      ; 143        ; 4        ; RESERVED_INPUT_WITH_WEAK_PULLUP                           ;        ;              ;         ; Column I/O ;                 ; no       ; On           ;
; W14      ; 155        ; 4        ; RESERVED_INPUT_WITH_WEAK_PULLUP                           ;        ;              ;         ; Column I/O ;                 ; --       ; --           ;
; W15      ; 159        ; 4        ; RESERVED_INPUT_WITH_WEAK_PULLUP                           ;        ;              ;         ; Column I/O ;                 ; no       ; On           ;
; W16      ;            ; 4        ; VCCIO4                                                    ; power  ;              ; 2.5V    ; --         ;                 ; --       ; --           ;
; W17      ; 166        ; 4        ; RESERVED_INPUT_WITH_WEAK_PULLUP                           ;        ;              ;         ; Column I/O ;                 ; no       ; On           ;
; W18      ;            ; 4        ; VCCIO4                                                    ; power  ;              ; 2.5V    ; --         ;                 ; --       ; --           ;
; W19      ; 184        ; 5        ; RESERVED_INPUT_WITH_WEAK_PULLUP                           ;        ;              ;         ; Row I/O    ;                 ; no       ; On           ;
; W20      ; 183        ; 5        ; RESERVED_INPUT_WITH_WEAK_PULLUP                           ;        ;              ;         ; Row I/O    ;                 ; no       ; On           ;
; W21      ; 191        ; 5        ; RESERVED_INPUT_WITH_WEAK_PULLUP                           ;        ;              ;         ; Row I/O    ;                 ; no       ; On           ;
; W22      ; 190        ; 5        ; RESERVED_INPUT_WITH_WEAK_PULLUP                           ;        ;              ;         ; Row I/O    ;                 ; no       ; On           ;
; Y1       ; 71         ; 2        ; RESERVED_INPUT_WITH_WEAK_PULLUP                           ;        ;              ;         ; Row I/O    ;                 ; no       ; On           ;
; Y2       ; 70         ; 2        ; RESERVED_INPUT_WITH_WEAK_PULLUP                           ;        ;              ;         ; Row I/O    ;                 ; no       ; On           ;
; Y3       ; 99         ; 3        ; RESERVED_INPUT_WITH_WEAK_PULLUP                           ;        ;              ;         ; Column I/O ;                 ; no       ; On           ;
; Y4       ; 96         ; 3        ; RESERVED_INPUT_WITH_WEAK_PULLUP                           ;        ;              ;         ; Column I/O ;                 ; --       ; --           ;
; Y5       ;            ;          ; GND                                                       ; gnd    ;              ;         ; --         ;                 ; --       ; --           ;
; Y6       ; 101        ; 3        ; RESERVED_INPUT_WITH_WEAK_PULLUP                           ;        ;              ;         ; Column I/O ;                 ; no       ; On           ;
; Y7       ; 111        ; 3        ; RESERVED_INPUT_WITH_WEAK_PULLUP                           ;        ;              ;         ; Column I/O ;                 ; no       ; On           ;
; Y8       ; 117        ; 3        ; RESERVED_INPUT_WITH_WEAK_PULLUP                           ;        ;              ;         ; Column I/O ;                 ; no       ; On           ;
; Y9       ;            ;          ; GND                                                       ; gnd    ;              ;         ; --         ;                 ; --       ; --           ;
; Y10      ; 131        ; 3        ; RESERVED_INPUT_WITH_WEAK_PULLUP                           ;        ;              ;         ; Column I/O ;                 ; no       ; On           ;
; Y11      ;            ;          ; GND                                                       ; gnd    ;              ;         ; --         ;                 ; --       ; --           ;
; Y12      ;            ;          ; GND                                                       ; gnd    ;              ;         ; --         ;                 ; --       ; --           ;
; Y13      ; 144        ; 4        ; RESERVED_INPUT_WITH_WEAK_PULLUP                           ;        ;              ;         ; Column I/O ;                 ; no       ; On           ;
; Y14      ;            ; 4        ; VCCIO4                                                    ; power  ;              ; 2.5V    ; --         ;                 ; --       ; --           ;
; Y15      ;            ;          ; GND                                                       ; gnd    ;              ;         ; --         ;                 ; --       ; --           ;
; Y16      ;            ;          ; GND                                                       ; gnd    ;              ;         ; --         ;                 ; --       ; --           ;
; Y17      ; 167        ; 4        ; RESERVED_INPUT_WITH_WEAK_PULLUP                           ;        ;              ;         ; Column I/O ;                 ; no       ; On           ;
; Y18      ;            ;          ; GND                                                       ; gnd    ;              ;         ; --         ;                 ; --       ; --           ;
; Y19      ;            ; 5        ; VCCIO5                                                    ; power  ;              ; 2.5V    ; --         ;                 ; --       ; --           ;
; Y20      ;            ;          ; GND                                                       ; gnd    ;              ;         ; --         ;                 ; --       ; --           ;
; Y21      ; 186        ; 5        ; RESERVED_INPUT_WITH_WEAK_PULLUP                           ;        ;              ;         ; Row I/O    ;                 ; no       ; On           ;
; Y22      ; 185        ; 5        ; RESERVED_INPUT_WITH_WEAK_PULLUP                           ;        ;              ;         ; Row I/O    ;                 ; no       ; On           ;
+----------+------------+----------+-----------------------------------------------------------+--------+--------------+---------+------------+-----------------+----------+--------------+
Note: Pin directions (input, output or bidir) are based on device operating in user mode.


+-------------------------------------------------------------------------------------------------------------------------------------------------------------------------------------------------------------------------------------------------------------------------------------------------------------------------------------------------------------------------------------------+
; Fitter Resource Utilization by Entity                                                                                                                                                                                                                                                                                                                                                     ;
+-------------------------------------------------+-------------+---------------------------+---------------+-------------+------+--------------+---------+-----------+------+--------------+--------------+-------------------+------------------+--------------------------------------------------------------------------------------------------------------------------+--------------+
; Compilation Hierarchy Node                      ; Logic Cells ; Dedicated Logic Registers ; I/O Registers ; Memory Bits ; M9Ks ; DSP Elements ; DSP 9x9 ; DSP 18x18 ; Pins ; Virtual Pins ; LUT-Only LCs ; Register-Only LCs ; LUT/Register LCs ; Full Hierarchy Name                                                                                                      ; Library Name ;
+-------------------------------------------------+-------------+---------------------------+---------------+-------------+------+--------------+---------+-----------+------+--------------+--------------+-------------------+------------------+--------------------------------------------------------------------------------------------------------------------------+--------------+
; |Testiranje                                     ; 3520 (14)   ; 1802 (0)                  ; 0 (0)         ; 265216      ; 33   ; 0            ; 0       ; 0         ; 67   ; 0            ; 1718 (13)    ; 599 (0)           ; 1203 (49)        ; |Testiranje                                                                                                              ; work         ;
;    |CPU:inst|                                   ; 3091 (18)   ; 1548 (4)                  ; 0 (0)         ; 0           ; 0    ; 0            ; 0       ; 0         ; 0    ; 0            ; 1542 (14)    ; 550 (0)           ; 999 (21)         ; |Testiranje|CPU:inst                                                                                                     ; work         ;
;       |CSRegFile:inst31|                        ; 476 (158)   ; 320 (0)                   ; 0 (0)         ; 0           ; 0    ; 0            ; 0       ; 0         ; 0    ; 0            ; 123 (119)    ; 63 (0)            ; 290 (180)        ; |Testiranje|CPU:inst|CSRegFile:inst31                                                                                    ; work         ;
;          |RegisterX:inst1|                      ; 32 (32)     ; 32 (32)                   ; 0 (0)         ; 0           ; 0    ; 0            ; 0       ; 0         ; 0    ; 0            ; 0 (0)        ; 22 (22)           ; 10 (10)          ; |Testiranje|CPU:inst|CSRegFile:inst31|RegisterX:inst1                                                                    ; work         ;
;          |RegisterX:inst2|                      ; 32 (32)     ; 32 (32)                   ; 0 (0)         ; 0           ; 0    ; 0            ; 0       ; 0         ; 0    ; 0            ; 0 (0)        ; 26 (26)           ; 6 (6)            ; |Testiranje|CPU:inst|CSRegFile:inst31|RegisterX:inst2                                                                    ; work         ;
;          |RegisterX:inst39|                     ; 32 (32)     ; 32 (32)                   ; 0 (0)         ; 0           ; 0    ; 0            ; 0       ; 0         ; 0    ; 0            ; 0 (0)        ; 0 (0)             ; 32 (32)          ; |Testiranje|CPU:inst|CSRegFile:inst31|RegisterX:inst39                                                                   ; work         ;
;          |RegisterX:inst3|                      ; 33 (33)     ; 32 (32)                   ; 0 (0)         ; 0           ; 0    ; 0            ; 0       ; 0         ; 0    ; 0            ; 0 (0)        ; 2 (2)             ; 31 (31)          ; |Testiranje|CPU:inst|CSRegFile:inst31|RegisterX:inst3                                                                    ; work         ;
;          |RegisterX:inst46|                     ; 32 (32)     ; 32 (32)                   ; 0 (0)         ; 0           ; 0    ; 0            ; 0       ; 0         ; 0    ; 0            ; 0 (0)        ; 0 (0)             ; 32 (32)          ; |Testiranje|CPU:inst|CSRegFile:inst31|RegisterX:inst46                                                                   ; work         ;
;          |RegisterX:inst4|                      ; 32 (32)     ; 32 (32)                   ; 0 (0)         ; 0           ; 0    ; 0            ; 0       ; 0         ; 0    ; 0            ; 0 (0)        ; 2 (2)             ; 30 (30)          ; |Testiranje|CPU:inst|CSRegFile:inst31|RegisterX:inst4                                                                    ; work         ;
;          |RegisterX:inst53|                     ; 31 (31)     ; 31 (31)                   ; 0 (0)         ; 0           ; 0    ; 0            ; 0       ; 0         ; 0    ; 0            ; 0 (0)        ; 5 (5)             ; 26 (26)          ; |Testiranje|CPU:inst|CSRegFile:inst31|RegisterX:inst53                                                                   ; work         ;
;          |RegisterX:inst61|                     ; 2 (2)       ; 1 (1)                     ; 0 (0)         ; 0           ; 0    ; 0            ; 0       ; 0         ; 0    ; 0            ; 1 (1)        ; 0 (0)             ; 1 (1)            ; |Testiranje|CPU:inst|CSRegFile:inst31|RegisterX:inst61                                                                   ; work         ;
;          |RegisterX:inst65|                     ; 33 (33)     ; 32 (32)                   ; 0 (0)         ; 0           ; 0    ; 0            ; 0       ; 0         ; 0    ; 0            ; 1 (1)        ; 0 (0)             ; 32 (32)          ; |Testiranje|CPU:inst|CSRegFile:inst31|RegisterX:inst65                                                                   ; work         ;
;          |RegisterX:inst68|                     ; 1 (1)       ; 1 (1)                     ; 0 (0)         ; 0           ; 0    ; 0            ; 0       ; 0         ; 0    ; 0            ; 0 (0)        ; 1 (1)             ; 0 (0)            ; |Testiranje|CPU:inst|CSRegFile:inst31|RegisterX:inst68                                                                   ; work         ;
;          |RegisterX:inst74|                     ; 2 (2)       ; 1 (1)                     ; 0 (0)         ; 0           ; 0    ; 0            ; 0       ; 0         ; 0    ; 0            ; 1 (1)        ; 0 (0)             ; 1 (1)            ; |Testiranje|CPU:inst|CSRegFile:inst31|RegisterX:inst74                                                                   ; work         ;
;          |RegisterX:inst76|                     ; 2 (2)       ; 1 (1)                     ; 0 (0)         ; 0           ; 0    ; 0            ; 0       ; 0         ; 0    ; 0            ; 1 (1)        ; 0 (0)             ; 1 (1)            ; |Testiranje|CPU:inst|CSRegFile:inst31|RegisterX:inst76                                                                   ; work         ;
;          |RegisterX:inst8|                      ; 30 (30)     ; 30 (30)                   ; 0 (0)         ; 0           ; 0    ; 0            ; 0       ; 0         ; 0    ; 0            ; 0 (0)        ; 4 (4)             ; 26 (26)          ; |Testiranje|CPU:inst|CSRegFile:inst31|RegisterX:inst8                                                                    ; work         ;
;          |RegisterX:inst|                       ; 31 (31)     ; 31 (31)                   ; 0 (0)         ; 0           ; 0    ; 0            ; 0       ; 0         ; 0    ; 0            ; 0 (0)        ; 1 (1)             ; 30 (30)          ; |Testiranje|CPU:inst|CSRegFile:inst31|RegisterX:inst                                                                     ; work         ;
;       |DecodeFaza:inst|                         ; 251 (130)   ; 101 (5)                   ; 0 (0)         ; 0           ; 0    ; 0            ; 0       ; 0         ; 0    ; 0            ; 127 (108)    ; 10 (0)            ; 114 (54)         ; |Testiranje|CPU:inst|DecodeFaza:inst                                                                                     ; work         ;
;          |RegisterX:inst62|                     ; 32 (32)     ; 32 (32)                   ; 0 (0)         ; 0           ; 0    ; 0            ; 0       ; 0         ; 0    ; 0            ; 0 (0)        ; 0 (0)             ; 32 (32)          ; |Testiranje|CPU:inst|DecodeFaza:inst|RegisterX:inst62                                                                    ; work         ;
;          |RegisterX:inst63|                     ; 32 (32)     ; 32 (32)                   ; 0 (0)         ; 0           ; 0    ; 0            ; 0       ; 0         ; 0    ; 0            ; 0 (0)        ; 10 (10)           ; 22 (22)          ; |Testiranje|CPU:inst|DecodeFaza:inst|RegisterX:inst63                                                                    ; work         ;
;          |RegisterX:inst77|                     ; 32 (32)     ; 32 (32)                   ; 0 (0)         ; 0           ; 0    ; 0            ; 0       ; 0         ; 0    ; 0            ; 0 (0)        ; 0 (0)             ; 32 (32)          ; |Testiranje|CPU:inst|DecodeFaza:inst|RegisterX:inst77                                                                    ; work         ;
;          |dc4:inst19|                           ; 3 (0)       ; 0 (0)                     ; 0 (0)         ; 0           ; 0    ; 0            ; 0       ; 0         ; 0    ; 0            ; 3 (0)        ; 0 (0)             ; 0 (0)            ; |Testiranje|CPU:inst|DecodeFaza:inst|dc4:inst19                                                                          ; work         ;
;             |dc2:inst1|                         ; 1 (1)       ; 0 (0)                     ; 0 (0)         ; 0           ; 0    ; 0            ; 0       ; 0         ; 0    ; 0            ; 1 (1)        ; 0 (0)             ; 0 (0)            ; |Testiranje|CPU:inst|DecodeFaza:inst|dc4:inst19|dc2:inst1                                                                ; work         ;
;             |dc2:inst2|                         ; 2 (2)       ; 0 (0)                     ; 0 (0)         ; 0           ; 0    ; 0            ; 0       ; 0         ; 0    ; 0            ; 2 (2)        ; 0 (0)             ; 0 (0)            ; |Testiranje|CPU:inst|DecodeFaza:inst|dc4:inst19|dc2:inst2                                                                ; work         ;
;          |dc4:inst20|                           ; 6 (0)       ; 0 (0)                     ; 0 (0)         ; 0           ; 0    ; 0            ; 0       ; 0         ; 0    ; 0            ; 5 (0)        ; 0 (0)             ; 1 (0)            ; |Testiranje|CPU:inst|DecodeFaza:inst|dc4:inst20                                                                          ; work         ;
;             |dc2:inst2|                         ; 2 (2)       ; 0 (0)                     ; 0 (0)         ; 0           ; 0    ; 0            ; 0       ; 0         ; 0    ; 0            ; 1 (1)        ; 0 (0)             ; 1 (1)            ; |Testiranje|CPU:inst|DecodeFaza:inst|dc4:inst20|dc2:inst2                                                                ; work         ;
;             |dc2:inst|                          ; 4 (4)       ; 0 (0)                     ; 0 (0)         ; 0           ; 0    ; 0            ; 0       ; 0         ; 0    ; 0            ; 4 (4)        ; 0 (0)             ; 0 (0)            ; |Testiranje|CPU:inst|DecodeFaza:inst|dc4:inst20|dc2:inst                                                                 ; work         ;
;          |dc4:inst25|                           ; 1 (0)       ; 0 (0)                     ; 0 (0)         ; 0           ; 0    ; 0            ; 0       ; 0         ; 0    ; 0            ; 1 (0)        ; 0 (0)             ; 0 (0)            ; |Testiranje|CPU:inst|DecodeFaza:inst|dc4:inst25                                                                          ; work         ;
;             |dc2:inst1|                         ; 1 (1)       ; 0 (0)                     ; 0 (0)         ; 0           ; 0    ; 0            ; 0       ; 0         ; 0    ; 0            ; 1 (1)        ; 0 (0)             ; 0 (0)            ; |Testiranje|CPU:inst|DecodeFaza:inst|dc4:inst25|dc2:inst1                                                                ; work         ;
;          |dc4:inst5|                            ; 4 (0)       ; 0 (0)                     ; 0 (0)         ; 0           ; 0    ; 0            ; 0       ; 0         ; 0    ; 0            ; 2 (0)        ; 0 (0)             ; 2 (0)            ; |Testiranje|CPU:inst|DecodeFaza:inst|dc4:inst5                                                                           ; work         ;
;             |dc2:inst1|                         ; 1 (1)       ; 0 (0)                     ; 0 (0)         ; 0           ; 0    ; 0            ; 0       ; 0         ; 0    ; 0            ; 1 (1)        ; 0 (0)             ; 0 (0)            ; |Testiranje|CPU:inst|DecodeFaza:inst|dc4:inst5|dc2:inst1                                                                 ; work         ;
;             |dc2:inst2|                         ; 2 (2)       ; 0 (0)                     ; 0 (0)         ; 0           ; 0    ; 0            ; 0       ; 0         ; 0    ; 0            ; 0 (0)        ; 0 (0)             ; 2 (2)            ; |Testiranje|CPU:inst|DecodeFaza:inst|dc4:inst5|dc2:inst2                                                                 ; work         ;
;             |dc2:inst|                          ; 1 (1)       ; 0 (0)                     ; 0 (0)         ; 0           ; 0    ; 0            ; 0       ; 0         ; 0    ; 0            ; 1 (1)        ; 0 (0)             ; 0 (0)            ; |Testiranje|CPU:inst|DecodeFaza:inst|dc4:inst5|dc2:inst                                                                  ; work         ;
;          |dc8:inst24|                           ; 4 (0)       ; 0 (0)                     ; 0 (0)         ; 0           ; 0    ; 0            ; 0       ; 0         ; 0    ; 0            ; 3 (0)        ; 0 (0)             ; 1 (0)            ; |Testiranje|CPU:inst|DecodeFaza:inst|dc8:inst24                                                                          ; work         ;
;             |dc4:inst4|                         ; 3 (0)       ; 0 (0)                     ; 0 (0)         ; 0           ; 0    ; 0            ; 0       ; 0         ; 0    ; 0            ; 2 (0)        ; 0 (0)             ; 1 (0)            ; |Testiranje|CPU:inst|DecodeFaza:inst|dc8:inst24|dc4:inst4                                                                ; work         ;
;                |dc2:inst2|                      ; 3 (3)       ; 0 (0)                     ; 0 (0)         ; 0           ; 0    ; 0            ; 0       ; 0         ; 0    ; 0            ; 2 (2)        ; 0 (0)             ; 1 (1)            ; |Testiranje|CPU:inst|DecodeFaza:inst|dc8:inst24|dc4:inst4|dc2:inst2                                                      ; work         ;
;             |dc4:inst|                          ; 1 (0)       ; 0 (0)                     ; 0 (0)         ; 0           ; 0    ; 0            ; 0       ; 0         ; 0    ; 0            ; 1 (0)        ; 0 (0)             ; 0 (0)            ; |Testiranje|CPU:inst|DecodeFaza:inst|dc8:inst24|dc4:inst                                                                 ; work         ;
;                |dc2:inst1|                      ; 1 (1)       ; 0 (0)                     ; 0 (0)         ; 0           ; 0    ; 0            ; 0       ; 0         ; 0    ; 0            ; 1 (1)        ; 0 (0)             ; 0 (0)            ; |Testiranje|CPU:inst|DecodeFaza:inst|dc8:inst24|dc4:inst|dc2:inst1                                                       ; work         ;
;          |dc8:inst35|                           ; 1 (0)       ; 0 (0)                     ; 0 (0)         ; 0           ; 0    ; 0            ; 0       ; 0         ; 0    ; 0            ; 1 (0)        ; 0 (0)             ; 0 (0)            ; |Testiranje|CPU:inst|DecodeFaza:inst|dc8:inst35                                                                          ; work         ;
;             |dc4:inst|                          ; 1 (0)       ; 0 (0)                     ; 0 (0)         ; 0           ; 0    ; 0            ; 0       ; 0         ; 0    ; 0            ; 1 (0)        ; 0 (0)             ; 0 (0)            ; |Testiranje|CPU:inst|DecodeFaza:inst|dc8:inst35|dc4:inst                                                                 ; work         ;
;                |dc2:inst2|                      ; 1 (1)       ; 0 (0)                     ; 0 (0)         ; 0           ; 0    ; 0            ; 0       ; 0         ; 0    ; 0            ; 1 (1)        ; 0 (0)             ; 0 (0)            ; |Testiranje|CPU:inst|DecodeFaza:inst|dc8:inst35|dc4:inst|dc2:inst2                                                       ; work         ;
;          |dc8:inst40|                           ; 2 (0)       ; 0 (0)                     ; 0 (0)         ; 0           ; 0    ; 0            ; 0       ; 0         ; 0    ; 0            ; 1 (0)        ; 0 (0)             ; 1 (0)            ; |Testiranje|CPU:inst|DecodeFaza:inst|dc8:inst40                                                                          ; work         ;
;             |dc4:inst4|                         ; 1 (0)       ; 0 (0)                     ; 0 (0)         ; 0           ; 0    ; 0            ; 0       ; 0         ; 0    ; 0            ; 0 (0)        ; 0 (0)             ; 1 (0)            ; |Testiranje|CPU:inst|DecodeFaza:inst|dc8:inst40|dc4:inst4                                                                ; work         ;
;                |dc2:inst1|                      ; 1 (1)       ; 0 (0)                     ; 0 (0)         ; 0           ; 0    ; 0            ; 0       ; 0         ; 0    ; 0            ; 0 (0)        ; 0 (0)             ; 1 (1)            ; |Testiranje|CPU:inst|DecodeFaza:inst|dc8:inst40|dc4:inst4|dc2:inst1                                                      ; work         ;
;             |dc4:inst|                          ; 1 (0)       ; 0 (0)                     ; 0 (0)         ; 0           ; 0    ; 0            ; 0       ; 0         ; 0    ; 0            ; 1 (0)        ; 0 (0)             ; 0 (0)            ; |Testiranje|CPU:inst|DecodeFaza:inst|dc8:inst40|dc4:inst                                                                 ; work         ;
;                |dc2:inst|                       ; 1 (1)       ; 0 (0)                     ; 0 (0)         ; 0           ; 0    ; 0            ; 0       ; 0         ; 0    ; 0            ; 1 (1)        ; 0 (0)             ; 0 (0)            ; |Testiranje|CPU:inst|DecodeFaza:inst|dc8:inst40|dc4:inst|dc2:inst                                                        ; work         ;
;          |dc8:inst6|                            ; 4 (0)       ; 0 (0)                     ; 0 (0)         ; 0           ; 0    ; 0            ; 0       ; 0         ; 0    ; 0            ; 3 (0)        ; 0 (0)             ; 1 (0)            ; |Testiranje|CPU:inst|DecodeFaza:inst|dc8:inst6                                                                           ; work         ;
;             |dc4:inst|                          ; 4 (0)       ; 0 (0)                     ; 0 (0)         ; 0           ; 0    ; 0            ; 0       ; 0         ; 0    ; 0            ; 3 (0)        ; 0 (0)             ; 1 (0)            ; |Testiranje|CPU:inst|DecodeFaza:inst|dc8:inst6|dc4:inst                                                                  ; work         ;
;                |dc2:inst1|                      ; 3 (3)       ; 0 (0)                     ; 0 (0)         ; 0           ; 0    ; 0            ; 0       ; 0         ; 0    ; 0            ; 2 (2)        ; 0 (0)             ; 1 (1)            ; |Testiranje|CPU:inst|DecodeFaza:inst|dc8:inst6|dc4:inst|dc2:inst1                                                        ; work         ;
;                |dc2:inst|                       ; 1 (1)       ; 0 (0)                     ; 0 (0)         ; 0           ; 0    ; 0            ; 0       ; 0         ; 0    ; 0            ; 1 (1)        ; 0 (0)             ; 0 (0)            ; |Testiranje|CPU:inst|DecodeFaza:inst|dc8:inst6|dc4:inst|dc2:inst                                                         ; work         ;
;       |ExecuteFaza:inst46|                      ; 1005 (55)   ; 6 (6)                     ; 0 (0)         ; 0           ; 0    ; 0            ; 0       ; 0         ; 0    ; 0            ; 979 (37)     ; 1 (1)             ; 25 (17)          ; |Testiranje|CPU:inst|ExecuteFaza:inst46                                                                                  ; work         ;
;          |ALUX:inst|                            ; 605 (605)   ; 0 (0)                     ; 0 (0)         ; 0           ; 0    ; 0            ; 0       ; 0         ; 0    ; 0            ; 603 (603)    ; 0 (0)             ; 2 (2)            ; |Testiranje|CPU:inst|ExecuteFaza:inst46|ALUX:inst                                                                        ; work         ;
;          |ComparatorX:inst66|                   ; 84 (84)     ; 0 (0)                     ; 0 (0)         ; 0           ; 0    ; 0            ; 0       ; 0         ; 0    ; 0            ; 84 (84)      ; 0 (0)             ; 0 (0)            ; |Testiranje|CPU:inst|ExecuteFaza:inst46|ComparatorX:inst66                                                               ; work         ;
;          |MultiplexerX:inst11|                  ; 80 (80)     ; 0 (0)                     ; 0 (0)         ; 0           ; 0    ; 0            ; 0       ; 0         ; 0    ; 0            ; 76 (76)      ; 0 (0)             ; 4 (4)            ; |Testiranje|CPU:inst|ExecuteFaza:inst46|MultiplexerX:inst11                                                              ; work         ;
;          |MultiplexerX:inst27|                  ; 32 (32)     ; 0 (0)                     ; 0 (0)         ; 0           ; 0    ; 0            ; 0       ; 0         ; 0    ; 0            ; 32 (32)      ; 0 (0)             ; 0 (0)            ; |Testiranje|CPU:inst|ExecuteFaza:inst46|MultiplexerX:inst27                                                              ; work         ;
;          |MultiplexerX:inst52|                  ; 6 (6)       ; 0 (0)                     ; 0 (0)         ; 0           ; 0    ; 0            ; 0       ; 0         ; 0    ; 0            ; 6 (6)        ; 0 (0)             ; 0 (0)            ; |Testiranje|CPU:inst|ExecuteFaza:inst46|MultiplexerX:inst52                                                              ; work         ;
;          |MultiplexerX:inst60|                  ; 99 (99)     ; 0 (0)                     ; 0 (0)         ; 0           ; 0    ; 0            ; 0       ; 0         ; 0    ; 0            ; 97 (97)      ; 0 (0)             ; 2 (2)            ; |Testiranje|CPU:inst|ExecuteFaza:inst46|MultiplexerX:inst60                                                              ; work         ;
;          |MultiplexerX:inst75|                  ; 1 (1)       ; 0 (0)                     ; 0 (0)         ; 0           ; 0    ; 0            ; 0       ; 0         ; 0    ; 0            ; 1 (1)        ; 0 (0)             ; 0 (0)            ; |Testiranje|CPU:inst|ExecuteFaza:inst46|MultiplexerX:inst75                                                              ; work         ;
;          |MultiplexerX:inst77|                  ; 1 (1)       ; 0 (0)                     ; 0 (0)         ; 0           ; 0    ; 0            ; 0       ; 0         ; 0    ; 0            ; 1 (1)        ; 0 (0)             ; 0 (0)            ; |Testiranje|CPU:inst|ExecuteFaza:inst46|MultiplexerX:inst77                                                              ; work         ;
;          |cd8:inst36|                           ; 12 (12)     ; 0 (0)                     ; 0 (0)         ; 0           ; 0    ; 0            ; 0       ; 0         ; 0    ; 0            ; 12 (12)      ; 0 (0)             ; 0 (0)            ; |Testiranje|CPU:inst|ExecuteFaza:inst46|cd8:inst36                                                                       ; work         ;
;          |lpm_add_sub0:inst28|                  ; 30 (0)      ; 0 (0)                     ; 0 (0)         ; 0           ; 0    ; 0            ; 0       ; 0         ; 0    ; 0            ; 30 (0)       ; 0 (0)             ; 0 (0)            ; |Testiranje|CPU:inst|ExecuteFaza:inst46|lpm_add_sub0:inst28                                                              ; work         ;
;             |lpm_add_sub:LPM_ADD_SUB_component| ; 30 (0)      ; 0 (0)                     ; 0 (0)         ; 0           ; 0    ; 0            ; 0       ; 0         ; 0    ; 0            ; 30 (0)       ; 0 (0)             ; 0 (0)            ; |Testiranje|CPU:inst|ExecuteFaza:inst46|lpm_add_sub0:inst28|lpm_add_sub:LPM_ADD_SUB_component                            ; work         ;
;                |add_sub_2ph:auto_generated|     ; 30 (30)     ; 0 (0)                     ; 0 (0)         ; 0           ; 0    ; 0            ; 0       ; 0         ; 0    ; 0            ; 30 (30)      ; 0 (0)             ; 0 (0)            ; |Testiranje|CPU:inst|ExecuteFaza:inst46|lpm_add_sub0:inst28|lpm_add_sub:LPM_ADD_SUB_component|add_sub_2ph:auto_generated ; work         ;
;       |FetchFaza:inst24|                        ; 40 (5)      ; 36 (4)                    ; 0 (0)         ; 0           ; 0    ; 0            ; 0       ; 0         ; 0    ; 0            ; 3 (0)        ; 2 (0)             ; 35 (5)           ; |Testiranje|CPU:inst|FetchFaza:inst24                                                                                    ; work         ;
;          |RegisterX:inst2|                      ; 35 (35)     ; 32 (32)                   ; 0 (0)         ; 0           ; 0    ; 0            ; 0       ; 0         ; 0    ; 0            ; 3 (3)        ; 2 (2)             ; 30 (30)          ; |Testiranje|CPU:inst|FetchFaza:inst24|RegisterX:inst2                                                                    ; work         ;
;       |InterruptFaza:inst12|                    ; 12 (12)     ; 6 (6)                     ; 0 (0)         ; 0           ; 0    ; 0            ; 0       ; 0         ; 0    ; 0            ; 6 (6)        ; 0 (0)             ; 6 (6)            ; |Testiranje|CPU:inst|InterruptFaza:inst12                                                                                ; work         ;
;       |MultiplexerX:inst14|                     ; 15 (15)     ; 0 (0)                     ; 0 (0)         ; 0           ; 0    ; 0            ; 0       ; 0         ; 0    ; 0            ; 15 (15)      ; 0 (0)             ; 0 (0)            ; |Testiranje|CPU:inst|MultiplexerX:inst14                                                                                 ; work         ;
;       |MultiplexerX:inst25|                     ; 2 (2)       ; 0 (0)                     ; 0 (0)         ; 0           ; 0    ; 0            ; 0       ; 0         ; 0    ; 0            ; 1 (1)        ; 0 (0)             ; 1 (1)            ; |Testiranje|CPU:inst|MultiplexerX:inst25                                                                                 ; work         ;
;       |MultiplexerX:inst33|                     ; 40 (40)     ; 0 (0)                     ; 0 (0)         ; 0           ; 0    ; 0            ; 0       ; 0         ; 0    ; 0            ; 8 (8)        ; 0 (0)             ; 32 (32)          ; |Testiranje|CPU:inst|MultiplexerX:inst33                                                                                 ; work         ;
;       |PC:inst8|                                ; 94 (94)     ; 32 (32)                   ; 0 (0)         ; 0           ; 0    ; 0            ; 0       ; 0         ; 0    ; 0            ; 56 (56)      ; 0 (0)             ; 38 (38)          ; |Testiranje|CPU:inst|PC:inst8                                                                                            ; work         ;
;       |RegFile32:inst4|                         ; 1209 (1)    ; 992 (0)                   ; 0 (0)         ; 0           ; 0    ; 0            ; 0       ; 0         ; 0    ; 0            ; 201 (0)      ; 442 (0)           ; 566 (1)          ; |Testiranje|CPU:inst|RegFile32:inst4                                                                                     ; work         ;
;          |MultiplexerX:inst12|                  ; 672 (672)   ; 0 (0)                     ; 0 (0)         ; 0           ; 0    ; 0            ; 0       ; 0         ; 0    ; 0            ; 158 (158)    ; 0 (0)             ; 514 (514)        ; |Testiranje|CPU:inst|RegFile32:inst4|MultiplexerX:inst12                                                                 ; work         ;
;          |RegFile4:inst10|                      ; 133 (4)     ; 128 (0)                   ; 0 (0)         ; 0           ; 0    ; 0            ; 0       ; 0         ; 0    ; 0            ; 5 (4)        ; 63 (0)            ; 65 (0)           ; |Testiranje|CPU:inst|RegFile32:inst4|RegFile4:inst10                                                                     ; work         ;
;             |RegisterX:inst15|                  ; 32 (32)     ; 32 (32)                   ; 0 (0)         ; 0           ; 0    ; 0            ; 0       ; 0         ; 0    ; 0            ; 0 (0)        ; 13 (13)           ; 19 (19)          ; |Testiranje|CPU:inst|RegFile32:inst4|RegFile4:inst10|RegisterX:inst15                                                    ; work         ;
;             |RegisterX:inst16|                  ; 32 (32)     ; 32 (32)                   ; 0 (0)         ; 0           ; 0    ; 0            ; 0       ; 0         ; 0    ; 0            ; 0 (0)        ; 30 (30)           ; 2 (2)            ; |Testiranje|CPU:inst|RegFile32:inst4|RegFile4:inst10|RegisterX:inst16                                                    ; work         ;
;             |RegisterX:inst501|                 ; 32 (32)     ; 32 (32)                   ; 0 (0)         ; 0           ; 0    ; 0            ; 0       ; 0         ; 0    ; 0            ; 0 (0)        ; 3 (3)             ; 29 (29)          ; |Testiranje|CPU:inst|RegFile32:inst4|RegFile4:inst10|RegisterX:inst501                                                   ; work         ;
;             |RegisterX:inst|                    ; 32 (32)     ; 32 (32)                   ; 0 (0)         ; 0           ; 0    ; 0            ; 0       ; 0         ; 0    ; 0            ; 0 (0)        ; 17 (17)           ; 15 (15)          ; |Testiranje|CPU:inst|RegFile32:inst4|RegFile4:inst10|RegisterX:inst                                                      ; work         ;
;             |cd4:inst4|                         ; 3 (3)       ; 0 (0)                     ; 0 (0)         ; 0           ; 0    ; 0            ; 0       ; 0         ; 0    ; 0            ; 1 (1)        ; 0 (0)             ; 2 (2)            ; |Testiranje|CPU:inst|RegFile32:inst4|RegFile4:inst10|cd4:inst4                                                           ; work         ;
;          |RegFile4:inst4|                       ; 137 (6)     ; 128 (0)                   ; 0 (0)         ; 0           ; 0    ; 0            ; 0       ; 0         ; 0    ; 0            ; 6 (3)        ; 64 (0)            ; 67 (3)           ; |Testiranje|CPU:inst|RegFile32:inst4|RegFile4:inst4                                                                      ; work         ;
;             |RegisterX:inst15|                  ; 32 (32)     ; 32 (32)                   ; 0 (0)         ; 0           ; 0    ; 0            ; 0       ; 0         ; 0    ; 0            ; 0 (0)        ; 28 (28)           ; 4 (4)            ; |Testiranje|CPU:inst|RegFile32:inst4|RegFile4:inst4|RegisterX:inst15                                                     ; work         ;
;             |RegisterX:inst16|                  ; 32 (32)     ; 32 (32)                   ; 0 (0)         ; 0           ; 0    ; 0            ; 0       ; 0         ; 0    ; 0            ; 0 (0)        ; 2 (2)             ; 30 (30)          ; |Testiranje|CPU:inst|RegFile32:inst4|RegFile4:inst4|RegisterX:inst16                                                     ; work         ;
;             |RegisterX:inst501|                 ; 32 (32)     ; 32 (32)                   ; 0 (0)         ; 0           ; 0    ; 0            ; 0       ; 0         ; 0    ; 0            ; 0 (0)        ; 4 (4)             ; 28 (28)          ; |Testiranje|CPU:inst|RegFile32:inst4|RegFile4:inst4|RegisterX:inst501                                                    ; work         ;
;             |RegisterX:inst|                    ; 32 (32)     ; 32 (32)                   ; 0 (0)         ; 0           ; 0    ; 0            ; 0       ; 0         ; 0    ; 0            ; 0 (0)        ; 30 (30)           ; 2 (2)            ; |Testiranje|CPU:inst|RegFile32:inst4|RegFile4:inst4|RegisterX:inst                                                       ; work         ;
;             |cd4:inst4|                         ; 2 (2)       ; 0 (0)                     ; 0 (0)         ; 0           ; 0    ; 0            ; 0       ; 0         ; 0    ; 0            ; 2 (2)        ; 0 (0)             ; 0 (0)            ; |Testiranje|CPU:inst|RegFile32:inst4|RegFile4:inst4|cd4:inst4                                                            ; work         ;
;             |dc4:inst3|                         ; 1 (0)       ; 0 (0)                     ; 0 (0)         ; 0           ; 0    ; 0            ; 0       ; 0         ; 0    ; 0            ; 1 (0)        ; 0 (0)             ; 0 (0)            ; |Testiranje|CPU:inst|RegFile32:inst4|RegFile4:inst4|dc4:inst3                                                            ; work         ;
;                |dc2:inst2|                      ; 1 (1)       ; 0 (0)                     ; 0 (0)         ; 0           ; 0    ; 0            ; 0       ; 0         ; 0    ; 0            ; 1 (1)        ; 0 (0)             ; 0 (0)            ; |Testiranje|CPU:inst|RegFile32:inst4|RegFile4:inst4|dc4:inst3|dc2:inst2                                                  ; work         ;
;          |RegFile4:inst5|                       ; 134 (5)     ; 128 (0)                   ; 0 (0)         ; 0           ; 0    ; 0            ; 0       ; 0         ; 0    ; 0            ; 4 (2)        ; 61 (0)            ; 69 (3)           ; |Testiranje|CPU:inst|RegFile32:inst4|RegFile4:inst5                                                                      ; work         ;
;             |RegisterX:inst15|                  ; 32 (32)     ; 32 (32)                   ; 0 (0)         ; 0           ; 0    ; 0            ; 0       ; 0         ; 0    ; 0            ; 0 (0)        ; 16 (16)           ; 16 (16)          ; |Testiranje|CPU:inst|RegFile32:inst4|RegFile4:inst5|RegisterX:inst15                                                     ; work         ;
;             |RegisterX:inst16|                  ; 32 (32)     ; 32 (32)                   ; 0 (0)         ; 0           ; 0    ; 0            ; 0       ; 0         ; 0    ; 0            ; 0 (0)        ; 29 (29)           ; 3 (3)            ; |Testiranje|CPU:inst|RegFile32:inst4|RegFile4:inst5|RegisterX:inst16                                                     ; work         ;
;             |RegisterX:inst501|                 ; 32 (32)     ; 32 (32)                   ; 0 (0)         ; 0           ; 0    ; 0            ; 0       ; 0         ; 0    ; 0            ; 0 (0)        ; 0 (0)             ; 32 (32)          ; |Testiranje|CPU:inst|RegFile32:inst4|RegFile4:inst5|RegisterX:inst501                                                    ; work         ;
;             |RegisterX:inst|                    ; 32 (32)     ; 32 (32)                   ; 0 (0)         ; 0           ; 0    ; 0            ; 0       ; 0         ; 0    ; 0            ; 0 (0)        ; 16 (16)           ; 16 (16)          ; |Testiranje|CPU:inst|RegFile32:inst4|RegFile4:inst5|RegisterX:inst                                                       ; work         ;
;             |cd4:inst4|                         ; 3 (3)       ; 0 (0)                     ; 0 (0)         ; 0           ; 0    ; 0            ; 0       ; 0         ; 0    ; 0            ; 1 (1)        ; 0 (0)             ; 2 (2)            ; |Testiranje|CPU:inst|RegFile32:inst4|RegFile4:inst5|cd4:inst4                                                            ; work         ;
;             |dc4:inst3|                         ; 1 (0)       ; 0 (0)                     ; 0 (0)         ; 0           ; 0    ; 0            ; 0       ; 0         ; 0    ; 0            ; 1 (0)        ; 0 (0)             ; 0 (0)            ; |Testiranje|CPU:inst|RegFile32:inst4|RegFile4:inst5|dc4:inst3                                                            ; work         ;
;                |dc2:inst2|                      ; 1 (1)       ; 0 (0)                     ; 0 (0)         ; 0           ; 0    ; 0            ; 0       ; 0         ; 0    ; 0            ; 1 (1)        ; 0 (0)             ; 0 (0)            ; |Testiranje|CPU:inst|RegFile32:inst4|RegFile4:inst5|dc4:inst3|dc2:inst2                                                  ; work         ;
;          |RegFile4:inst6|                       ; 135 (4)     ; 128 (0)                   ; 0 (0)         ; 0           ; 0    ; 0            ; 0       ; 0         ; 0    ; 0            ; 7 (4)        ; 35 (0)            ; 93 (0)           ; |Testiranje|CPU:inst|RegFile32:inst4|RegFile4:inst6                                                                      ; work         ;
;             |RegisterX:inst15|                  ; 32 (32)     ; 32 (32)                   ; 0 (0)         ; 0           ; 0    ; 0            ; 0       ; 0         ; 0    ; 0            ; 0 (0)        ; 17 (17)           ; 15 (15)          ; |Testiranje|CPU:inst|RegFile32:inst4|RegFile4:inst6|RegisterX:inst15                                                     ; work         ;
;             |RegisterX:inst16|                  ; 32 (32)     ; 32 (32)                   ; 0 (0)         ; 0           ; 0    ; 0            ; 0       ; 0         ; 0    ; 0            ; 0 (0)        ; 0 (0)             ; 32 (32)          ; |Testiranje|CPU:inst|RegFile32:inst4|RegFile4:inst6|RegisterX:inst16                                                     ; work         ;
;             |RegisterX:inst501|                 ; 32 (32)     ; 32 (32)                   ; 0 (0)         ; 0           ; 0    ; 0            ; 0       ; 0         ; 0    ; 0            ; 0 (0)        ; 2 (2)             ; 30 (30)          ; |Testiranje|CPU:inst|RegFile32:inst4|RegFile4:inst6|RegisterX:inst501                                                    ; work         ;
;             |RegisterX:inst|                    ; 32 (32)     ; 32 (32)                   ; 0 (0)         ; 0           ; 0    ; 0            ; 0       ; 0         ; 0    ; 0            ; 0 (0)        ; 16 (16)           ; 16 (16)          ; |Testiranje|CPU:inst|RegFile32:inst4|RegFile4:inst6|RegisterX:inst                                                       ; work         ;
;             |cd4:inst4|                         ; 2 (2)       ; 0 (0)                     ; 0 (0)         ; 0           ; 0    ; 0            ; 0       ; 0         ; 0    ; 0            ; 2 (2)        ; 0 (0)             ; 0 (0)            ; |Testiranje|CPU:inst|RegFile32:inst4|RegFile4:inst6|cd4:inst4                                                            ; work         ;
;             |dc4:inst3|                         ; 1 (0)       ; 0 (0)                     ; 0 (0)         ; 0           ; 0    ; 0            ; 0       ; 0         ; 0    ; 0            ; 1 (0)        ; 0 (0)             ; 0 (0)            ; |Testiranje|CPU:inst|RegFile32:inst4|RegFile4:inst6|dc4:inst3                                                            ; work         ;
;                |dc2:inst2|                      ; 1 (1)       ; 0 (0)                     ; 0 (0)         ; 0           ; 0    ; 0            ; 0       ; 0         ; 0    ; 0            ; 1 (1)        ; 0 (0)             ; 0 (0)            ; |Testiranje|CPU:inst|RegFile32:inst4|RegFile4:inst6|dc4:inst3|dc2:inst2                                                  ; work         ;
;          |RegFile4:inst7|                       ; 133 (4)     ; 128 (0)                   ; 0 (0)         ; 0           ; 0    ; 0            ; 0       ; 0         ; 0    ; 0            ; 5 (4)        ; 62 (0)            ; 66 (0)           ; |Testiranje|CPU:inst|RegFile32:inst4|RegFile4:inst7                                                                      ; work         ;
;             |RegisterX:inst15|                  ; 32 (32)     ; 32 (32)                   ; 0 (0)         ; 0           ; 0    ; 0            ; 0       ; 0         ; 0    ; 0            ; 0 (0)        ; 29 (29)           ; 3 (3)            ; |Testiranje|CPU:inst|RegFile32:inst4|RegFile4:inst7|RegisterX:inst15                                                     ; work         ;
;             |RegisterX:inst16|                  ; 32 (32)     ; 32 (32)                   ; 0 (0)         ; 0           ; 0    ; 0            ; 0       ; 0         ; 0    ; 0            ; 0 (0)        ; 2 (2)             ; 30 (30)          ; |Testiranje|CPU:inst|RegFile32:inst4|RegFile4:inst7|RegisterX:inst16                                                     ; work         ;
;             |RegisterX:inst501|                 ; 32 (32)     ; 32 (32)                   ; 0 (0)         ; 0           ; 0    ; 0            ; 0       ; 0         ; 0    ; 0            ; 0 (0)        ; 0 (0)             ; 32 (32)          ; |Testiranje|CPU:inst|RegFile32:inst4|RegFile4:inst7|RegisterX:inst501                                                    ; work         ;
;             |RegisterX:inst|                    ; 32 (32)     ; 32 (32)                   ; 0 (0)         ; 0           ; 0    ; 0            ; 0       ; 0         ; 0    ; 0            ; 0 (0)        ; 31 (31)           ; 1 (1)            ; |Testiranje|CPU:inst|RegFile32:inst4|RegFile4:inst7|RegisterX:inst                                                       ; work         ;
;             |cd4:inst4|                         ; 3 (3)       ; 0 (0)                     ; 0 (0)         ; 0           ; 0    ; 0            ; 0       ; 0         ; 0    ; 0            ; 1 (1)        ; 0 (0)             ; 2 (2)            ; |Testiranje|CPU:inst|RegFile32:inst4|RegFile4:inst7|cd4:inst4                                                            ; work         ;
;          |RegFile4:inst8|                       ; 133 (4)     ; 128 (0)                   ; 0 (0)         ; 0           ; 0    ; 0            ; 0       ; 0         ; 0    ; 0            ; 5 (4)        ; 62 (0)            ; 66 (0)           ; |Testiranje|CPU:inst|RegFile32:inst4|RegFile4:inst8                                                                      ; work         ;
;             |RegisterX:inst15|                  ; 32 (32)     ; 32 (32)                   ; 0 (0)         ; 0           ; 0    ; 0            ; 0       ; 0         ; 0    ; 0            ; 0 (0)        ; 15 (15)           ; 17 (17)          ; |Testiranje|CPU:inst|RegFile32:inst4|RegFile4:inst8|RegisterX:inst15                                                     ; work         ;
;             |RegisterX:inst16|                  ; 32 (32)     ; 32 (32)                   ; 0 (0)         ; 0           ; 0    ; 0            ; 0       ; 0         ; 0    ; 0            ; 0 (0)        ; 31 (31)           ; 1 (1)            ; |Testiranje|CPU:inst|RegFile32:inst4|RegFile4:inst8|RegisterX:inst16                                                     ; work         ;
;             |RegisterX:inst501|                 ; 32 (32)     ; 32 (32)                   ; 0 (0)         ; 0           ; 0    ; 0            ; 0       ; 0         ; 0    ; 0            ; 0 (0)        ; 1 (1)             ; 31 (31)          ; |Testiranje|CPU:inst|RegFile32:inst4|RegFile4:inst8|RegisterX:inst501                                                    ; work         ;
;             |RegisterX:inst|                    ; 32 (32)     ; 32 (32)                   ; 0 (0)         ; 0           ; 0    ; 0            ; 0       ; 0         ; 0    ; 0            ; 0 (0)        ; 15 (15)           ; 17 (17)          ; |Testiranje|CPU:inst|RegFile32:inst4|RegFile4:inst8|RegisterX:inst                                                       ; work         ;
;             |cd4:inst4|                         ; 3 (3)       ; 0 (0)                     ; 0 (0)         ; 0           ; 0    ; 0            ; 0       ; 0         ; 0    ; 0            ; 1 (1)        ; 0 (0)             ; 2 (2)            ; |Testiranje|CPU:inst|RegFile32:inst4|RegFile4:inst8|cd4:inst4                                                            ; work         ;
;          |RegFile4:inst9|                       ; 135 (4)     ; 128 (0)                   ; 0 (0)         ; 0           ; 0    ; 0            ; 0       ; 0         ; 0    ; 0            ; 7 (4)        ; 66 (0)            ; 62 (0)           ; |Testiranje|CPU:inst|RegFile32:inst4|RegFile4:inst9                                                                      ; work         ;
;             |RegisterX:inst15|                  ; 32 (32)     ; 32 (32)                   ; 0 (0)         ; 0           ; 0    ; 0            ; 0       ; 0         ; 0    ; 0            ; 0 (0)        ; 31 (31)           ; 1 (1)            ; |Testiranje|CPU:inst|RegFile32:inst4|RegFile4:inst9|RegisterX:inst15                                                     ; work         ;
;             |RegisterX:inst16|                  ; 32 (32)     ; 32 (32)                   ; 0 (0)         ; 0           ; 0    ; 0            ; 0       ; 0         ; 0    ; 0            ; 0 (0)        ; 3 (3)             ; 29 (29)          ; |Testiranje|CPU:inst|RegFile32:inst4|RegFile4:inst9|RegisterX:inst16                                                     ; work         ;
;             |RegisterX:inst501|                 ; 32 (32)     ; 32 (32)                   ; 0 (0)         ; 0           ; 0    ; 0            ; 0       ; 0         ; 0    ; 0            ; 0 (0)        ; 3 (3)             ; 29 (29)          ; |Testiranje|CPU:inst|RegFile32:inst4|RegFile4:inst9|RegisterX:inst501                                                    ; work         ;
;             |RegisterX:inst|                    ; 32 (32)     ; 32 (32)                   ; 0 (0)         ; 0           ; 0    ; 0            ; 0       ; 0         ; 0    ; 0            ; 0 (0)        ; 29 (29)           ; 3 (3)            ; |Testiranje|CPU:inst|RegFile32:inst4|RegFile4:inst9|RegisterX:inst                                                       ; work         ;
;             |cd4:inst4|                         ; 3 (3)       ; 0 (0)                     ; 0 (0)         ; 0           ; 0    ; 0            ; 0       ; 0         ; 0    ; 0            ; 3 (3)        ; 0 (0)             ; 0 (0)            ; |Testiranje|CPU:inst|RegFile32:inst4|RegFile4:inst9|cd4:inst4                                                            ; work         ;
;          |RegFile4:inst|                        ; 100 (4)     ; 96 (0)                    ; 0 (0)         ; 0           ; 0    ; 0            ; 0       ; 0         ; 0    ; 0            ; 4 (2)        ; 29 (0)            ; 67 (2)           ; |Testiranje|CPU:inst|RegFile32:inst4|RegFile4:inst                                                                       ; work         ;
;             |RegisterX:inst15|                  ; 32 (32)     ; 32 (32)                   ; 0 (0)         ; 0           ; 0    ; 0            ; 0       ; 0         ; 0    ; 0            ; 0 (0)        ; 15 (15)           ; 17 (17)          ; |Testiranje|CPU:inst|RegFile32:inst4|RegFile4:inst|RegisterX:inst15                                                      ; work         ;
;             |RegisterX:inst16|                  ; 32 (32)     ; 32 (32)                   ; 0 (0)         ; 0           ; 0    ; 0            ; 0       ; 0         ; 0    ; 0            ; 0 (0)        ; 1 (1)             ; 31 (31)          ; |Testiranje|CPU:inst|RegFile32:inst4|RegFile4:inst|RegisterX:inst16                                                      ; work         ;
;             |RegisterX:inst|                    ; 32 (32)     ; 32 (32)                   ; 0 (0)         ; 0           ; 0    ; 0            ; 0       ; 0         ; 0    ; 0            ; 0 (0)        ; 13 (13)           ; 19 (19)          ; |Testiranje|CPU:inst|RegFile32:inst4|RegFile4:inst|RegisterX:inst                                                        ; work         ;
;             |cd4:inst4|                         ; 2 (2)       ; 0 (0)                     ; 0 (0)         ; 0           ; 0    ; 0            ; 0       ; 0         ; 0    ; 0            ; 1 (1)        ; 0 (0)             ; 1 (1)            ; |Testiranje|CPU:inst|RegFile32:inst4|RegFile4:inst|cd4:inst4                                                             ; work         ;
;             |dc4:inst3|                         ; 1 (0)       ; 0 (0)                     ; 0 (0)         ; 0           ; 0    ; 0            ; 0       ; 0         ; 0    ; 0            ; 1 (0)        ; 0 (0)             ; 0 (0)            ; |Testiranje|CPU:inst|RegFile32:inst4|RegFile4:inst|dc4:inst3                                                             ; work         ;
;                |dc2:inst2|                      ; 1 (1)       ; 0 (0)                     ; 0 (0)         ; 0           ; 0    ; 0            ; 0       ; 0         ; 0    ; 0            ; 1 (1)        ; 0 (0)             ; 0 (0)            ; |Testiranje|CPU:inst|RegFile32:inst4|RegFile4:inst|dc4:inst3|dc2:inst2                                                   ; work         ;
;       |RegisterX:inst23|                        ; 74 (74)     ; 32 (32)                   ; 0 (0)         ; 0           ; 0    ; 0            ; 0       ; 0         ; 0    ; 0            ; 9 (9)        ; 32 (32)           ; 33 (33)          ; |Testiranje|CPU:inst|RegisterX:inst23                                                                                    ; work         ;
;       |RegisterX:inst28|                        ; 17 (17)     ; 17 (17)                   ; 0 (0)         ; 0           ; 0    ; 0            ; 0       ; 0         ; 0    ; 0            ; 0 (0)        ; 0 (0)             ; 17 (17)          ; |Testiranje|CPU:inst|RegisterX:inst28                                                                                    ; work         ;
;       |pulse_gen:inst64|                        ; 2 (2)       ; 2 (2)                     ; 0 (0)         ; 0           ; 0    ; 0            ; 0       ; 0         ; 0    ; 0            ; 0 (0)        ; 0 (0)             ; 2 (2)            ; |Testiranje|CPU:inst|pulse_gen:inst64                                                                                    ; work         ;
;    |KPHex:inst12|                               ; 18 (2)      ; 16 (0)                    ; 0 (0)         ; 0           ; 0    ; 0            ; 0       ; 0         ; 0    ; 0            ; 2 (2)        ; 0 (0)             ; 16 (0)           ; |Testiranje|KPHex:inst12                                                                                                 ; work         ;
;       |RegisterX:inst30|                        ; 16 (16)     ; 16 (16)                   ; 0 (0)         ; 0           ; 0    ; 0            ; 0       ; 0         ; 0    ; 0            ; 0 (0)        ; 0 (0)             ; 16 (16)          ; |Testiranje|KPHex:inst12|RegisterX:inst30                                                                                ; work         ;
;    |KPTastature:inst11|                         ; 91 (8)      ; 82 (3)                    ; 0 (0)         ; 0           ; 0    ; 0            ; 0       ; 0         ; 0    ; 0            ; 9 (5)        ; 26 (0)            ; 56 (7)           ; |Testiranje|KPTastature:inst11                                                                                           ; work         ;
;       |KeyFetch:inst|                           ; 38 (30)     ; 35 (28)                   ; 0 (0)         ; 0           ; 0    ; 0            ; 0       ; 0         ; 0    ; 0            ; 3 (2)        ; 24 (23)           ; 11 (6)           ; |Testiranje|KPTastature:inst11|KeyFetch:inst                                                                             ; work         ;
;          |Debouncer:inst39|                     ; 6 (3)       ; 5 (2)                     ; 0 (0)         ; 0           ; 0    ; 0            ; 0       ; 0         ; 0    ; 0            ; 1 (1)        ; 1 (1)             ; 4 (1)            ; |Testiranje|KPTastature:inst11|KeyFetch:inst|Debouncer:inst39                                                            ; work         ;
;             |Register:inst2|                    ; 1 (1)       ; 1 (1)                     ; 0 (0)         ; 0           ; 0    ; 0            ; 0       ; 0         ; 0    ; 0            ; 0 (0)        ; 0 (0)             ; 1 (1)            ; |Testiranje|KPTastature:inst11|KeyFetch:inst|Debouncer:inst39|Register:inst2                                             ; work         ;
;             |Register:inst3|                    ; 1 (1)       ; 1 (1)                     ; 0 (0)         ; 0           ; 0    ; 0            ; 0       ; 0         ; 0    ; 0            ; 0 (0)        ; 0 (0)             ; 1 (1)            ; |Testiranje|KPTastature:inst11|KeyFetch:inst|Debouncer:inst39|Register:inst3                                             ; work         ;
;             |Register:inst4|                    ; 1 (1)       ; 1 (1)                     ; 0 (0)         ; 0           ; 0    ; 0            ; 0       ; 0         ; 0    ; 0            ; 0 (0)        ; 0 (0)             ; 1 (1)            ; |Testiranje|KPTastature:inst11|KeyFetch:inst|Debouncer:inst39|Register:inst4                                             ; work         ;
;          |RisingEdgeDetector:inst38|            ; 2 (2)       ; 2 (2)                     ; 0 (0)         ; 0           ; 0    ; 0            ; 0       ; 0         ; 0    ; 0            ; 0 (0)        ; 0 (0)             ; 2 (2)            ; |Testiranje|KPTastature:inst11|KeyFetch:inst|RisingEdgeDetector:inst38                                                   ; work         ;
;       |RegisterX:inst29|                        ; 32 (32)     ; 32 (32)                   ; 0 (0)         ; 0           ; 0    ; 0            ; 0       ; 0         ; 0    ; 0            ; 0 (0)        ; 1 (1)             ; 31 (31)          ; |Testiranje|KPTastature:inst11|RegisterX:inst29                                                                          ; work         ;
;       |RegisterX:inst3|                         ; 11 (11)     ; 10 (10)                   ; 0 (0)         ; 0           ; 0    ; 0            ; 0       ; 0         ; 0    ; 0            ; 1 (1)        ; 0 (0)             ; 10 (10)          ; |Testiranje|KPTastature:inst11|RegisterX:inst3                                                                           ; work         ;
;       |RisingEdgeDetector:inst48|               ; 2 (2)       ; 2 (2)                     ; 0 (0)         ; 0           ; 0    ; 0            ; 0       ; 0         ; 0    ; 0            ; 0 (0)        ; 1 (1)             ; 1 (1)            ; |Testiranje|KPTastature:inst11|RisingEdgeDetector:inst48                                                                 ; work         ;
;    |KPVGA:inst15|                               ; 280 (10)    ; 128 (2)                   ; 0 (0)         ; 3072        ; 1    ; 0            ; 0       ; 0         ; 0    ; 0            ; 152 (8)      ; 23 (0)            ; 105 (3)          ; |Testiranje|KPVGA:inst15                                                                                                 ; work         ;
;       |RegisterX:inst29|                        ; 2 (2)       ; 2 (2)                     ; 0 (0)         ; 0           ; 0    ; 0            ; 0       ; 0         ; 0    ; 0            ; 0 (0)        ; 2 (2)             ; 0 (0)            ; |Testiranje|KPVGA:inst15|RegisterX:inst29                                                                                ; work         ;
;       |RegisterX:inst30|                        ; 14 (14)     ; 12 (12)                   ; 0 (0)         ; 0           ; 0    ; 0            ; 0       ; 0         ; 0    ; 0            ; 1 (1)        ; 2 (2)             ; 11 (11)          ; |Testiranje|KPVGA:inst15|RegisterX:inst30                                                                                ; work         ;
;       |RegisterX:inst31|                        ; 16 (16)     ; 8 (8)                     ; 0 (0)         ; 0           ; 0    ; 0            ; 0       ; 0         ; 0    ; 0            ; 4 (4)        ; 0 (0)             ; 12 (12)          ; |Testiranje|KPVGA:inst15|RegisterX:inst31                                                                                ; work         ;
;       |RegisterX:inst32|                        ; 12 (12)     ; 12 (12)                   ; 0 (0)         ; 0           ; 0    ; 0            ; 0       ; 0         ; 0    ; 0            ; 0 (0)        ; 12 (12)           ; 0 (0)            ; |Testiranje|KPVGA:inst15|RegisterX:inst32                                                                                ; work         ;
;       |RegisterX:inst33|                        ; 8 (8)       ; 8 (8)                     ; 0 (0)         ; 0           ; 0    ; 0            ; 0       ; 0         ; 0    ; 0            ; 0 (0)        ; 4 (4)             ; 4 (4)            ; |Testiranje|KPVGA:inst15|RegisterX:inst33                                                                                ; work         ;
;       |RisingEdgeDetector:inst48|               ; 2 (2)       ; 2 (2)                     ; 0 (0)         ; 0           ; 0    ; 0            ; 0       ; 0         ; 0    ; 0            ; 0 (0)        ; 0 (0)             ; 2 (2)            ; |Testiranje|KPVGA:inst15|RisingEdgeDetector:inst48                                                                       ; work         ;
;       |VGAPer:inst|                             ; 234 (25)    ; 82 (4)                    ; 0 (0)         ; 3072        ; 1    ; 0            ; 0       ; 0         ; 0    ; 0            ; 139 (19)     ; 3 (3)             ; 92 (14)          ; |Testiranje|KPVGA:inst15|VGAPer:inst                                                                                     ; work         ;
;          |ALUX:inst25|                          ; 5 (5)       ; 0 (0)                     ; 0 (0)         ; 0           ; 0    ; 0            ; 0       ; 0         ; 0    ; 0            ; 5 (5)        ; 0 (0)             ; 0 (0)            ; |Testiranje|KPVGA:inst15|VGAPer:inst|ALUX:inst25                                                                         ; work         ;
;          |ALUX:inst26|                          ; 14 (14)     ; 0 (0)                     ; 0 (0)         ; 0           ; 0    ; 0            ; 0       ; 0         ; 0    ; 0            ; 7 (7)        ; 0 (0)             ; 7 (7)            ; |Testiranje|KPVGA:inst15|VGAPer:inst|ALUX:inst26                                                                         ; work         ;
;          |ComparatorX:inst14|                   ; 1 (1)       ; 0 (0)                     ; 0 (0)         ; 0           ; 0    ; 0            ; 0       ; 0         ; 0    ; 0            ; 1 (1)        ; 0 (0)             ; 0 (0)            ; |Testiranje|KPVGA:inst15|VGAPer:inst|ComparatorX:inst14                                                                  ; work         ;
;          |ComparatorX:inst17|                   ; 1 (1)       ; 0 (0)                     ; 0 (0)         ; 0           ; 0    ; 0            ; 0       ; 0         ; 0    ; 0            ; 1 (1)        ; 0 (0)             ; 0 (0)            ; |Testiranje|KPVGA:inst15|VGAPer:inst|ComparatorX:inst17                                                                  ; work         ;
;          |ComparatorX:inst32|                   ; 3 (3)       ; 0 (0)                     ; 0 (0)         ; 0           ; 0    ; 0            ; 0       ; 0         ; 0    ; 0            ; 3 (3)        ; 0 (0)             ; 0 (0)            ; |Testiranje|KPVGA:inst15|VGAPer:inst|ComparatorX:inst32                                                                  ; work         ;
;          |ComparatorX:inst35|                   ; 2 (2)       ; 0 (0)                     ; 0 (0)         ; 0           ; 0    ; 0            ; 0       ; 0         ; 0    ; 0            ; 2 (2)        ; 0 (0)             ; 0 (0)            ; |Testiranje|KPVGA:inst15|VGAPer:inst|ComparatorX:inst35                                                                  ; work         ;
;          |ComparatorX:inst37|                   ; 2 (2)       ; 0 (0)                     ; 0 (0)         ; 0           ; 0    ; 0            ; 0       ; 0         ; 0    ; 0            ; 2 (2)        ; 0 (0)             ; 0 (0)            ; |Testiranje|KPVGA:inst15|VGAPer:inst|ComparatorX:inst37                                                                  ; work         ;
;          |ComparatorX:inst71|                   ; 3 (3)       ; 0 (0)                     ; 0 (0)         ; 0           ; 0    ; 0            ; 0       ; 0         ; 0    ; 0            ; 3 (3)        ; 0 (0)             ; 0 (0)            ; |Testiranje|KPVGA:inst15|VGAPer:inst|ComparatorX:inst71                                                                  ; work         ;
;          |ComparatorX:inst72|                   ; 1 (1)       ; 0 (0)                     ; 0 (0)         ; 0           ; 0    ; 0            ; 0       ; 0         ; 0    ; 0            ; 1 (1)        ; 0 (0)             ; 0 (0)            ; |Testiranje|KPVGA:inst15|VGAPer:inst|ComparatorX:inst72                                                                  ; work         ;
;          |ComparatorX:inst73|                   ; 3 (3)       ; 0 (0)                     ; 0 (0)         ; 0           ; 0    ; 0            ; 0       ; 0         ; 0    ; 0            ; 3 (3)        ; 0 (0)             ; 0 (0)            ; |Testiranje|KPVGA:inst15|VGAPer:inst|ComparatorX:inst73                                                                  ; work         ;
;          |Controller:inst4|                     ; 66 (14)     ; 21 (0)                    ; 0 (0)         ; 0           ; 0    ; 0            ; 0       ; 0         ; 0    ; 0            ; 45 (14)      ; 0 (0)             ; 21 (0)           ; |Testiranje|KPVGA:inst15|VGAPer:inst|Controller:inst4                                                                    ; work         ;
;             |ComparatorX:inst13|                ; 1 (1)       ; 0 (0)                     ; 0 (0)         ; 0           ; 0    ; 0            ; 0       ; 0         ; 0    ; 0            ; 1 (1)        ; 0 (0)             ; 0 (0)            ; |Testiranje|KPVGA:inst15|VGAPer:inst|Controller:inst4|ComparatorX:inst13                                                 ; work         ;
;             |ComparatorX:inst18|                ; 2 (2)       ; 0 (0)                     ; 0 (0)         ; 0           ; 0    ; 0            ; 0       ; 0         ; 0    ; 0            ; 2 (2)        ; 0 (0)             ; 0 (0)            ; |Testiranje|KPVGA:inst15|VGAPer:inst|Controller:inst4|ComparatorX:inst18                                                 ; work         ;
;             |ComparatorX:inst2|                 ; 4 (4)       ; 0 (0)                     ; 0 (0)         ; 0           ; 0    ; 0            ; 0       ; 0         ; 0    ; 0            ; 4 (4)        ; 0 (0)             ; 0 (0)            ; |Testiranje|KPVGA:inst15|VGAPer:inst|Controller:inst4|ComparatorX:inst2                                                  ; work         ;
;             |RegisterX:inst3|                   ; 21 (21)     ; 10 (10)                   ; 0 (0)         ; 0           ; 0    ; 0            ; 0       ; 0         ; 0    ; 0            ; 11 (11)      ; 0 (0)             ; 10 (10)          ; |Testiranje|KPVGA:inst15|VGAPer:inst|Controller:inst4|RegisterX:inst3                                                    ; work         ;
;             |RegisterX:inst|                    ; 24 (24)     ; 11 (11)                   ; 0 (0)         ; 0           ; 0    ; 0            ; 0       ; 0         ; 0    ; 0            ; 13 (13)      ; 0 (0)             ; 11 (11)          ; |Testiranje|KPVGA:inst15|VGAPer:inst|Controller:inst4|RegisterX:inst                                                     ; work         ;
;          |Layer1:inst5|                         ; 24 (4)      ; 12 (0)                    ; 0 (0)         ; 0           ; 0    ; 0            ; 0       ; 0         ; 0    ; 0            ; 12 (4)       ; 0 (0)             ; 12 (0)           ; |Testiranje|KPVGA:inst15|VGAPer:inst|Layer1:inst5                                                                        ; work         ;
;             |ComparatorX:inst11|                ; 2 (2)       ; 0 (0)                     ; 0 (0)         ; 0           ; 0    ; 0            ; 0       ; 0         ; 0    ; 0            ; 2 (2)        ; 0 (0)             ; 0 (0)            ; |Testiranje|KPVGA:inst15|VGAPer:inst|Layer1:inst5|ComparatorX:inst11                                                     ; work         ;
;             |ComparatorX:inst12|                ; 3 (3)       ; 0 (0)                     ; 0 (0)         ; 0           ; 0    ; 0            ; 0       ; 0         ; 0    ; 0            ; 3 (3)        ; 0 (0)             ; 0 (0)            ; |Testiranje|KPVGA:inst15|VGAPer:inst|Layer1:inst5|ComparatorX:inst12                                                     ; work         ;
;             |ComparatorX:inst7|                 ; 3 (3)       ; 0 (0)                     ; 0 (0)         ; 0           ; 0    ; 0            ; 0       ; 0         ; 0    ; 0            ; 3 (3)        ; 0 (0)             ; 0 (0)            ; |Testiranje|KPVGA:inst15|VGAPer:inst|Layer1:inst5|ComparatorX:inst7                                                      ; work         ;
;             |RegisterX:inst8|                   ; 12 (12)     ; 12 (12)                   ; 0 (0)         ; 0           ; 0    ; 0            ; 0       ; 0         ; 0    ; 0            ; 0 (0)        ; 0 (0)             ; 12 (12)          ; |Testiranje|KPVGA:inst15|VGAPer:inst|Layer1:inst5|RegisterX:inst8                                                        ; work         ;
;          |Layer2:inst18|                        ; 21 (5)      ; 12 (0)                    ; 0 (0)         ; 0           ; 0    ; 0            ; 0       ; 0         ; 0    ; 0            ; 9 (5)        ; 0 (0)             ; 12 (0)           ; |Testiranje|KPVGA:inst15|VGAPer:inst|Layer2:inst18                                                                       ; work         ;
;             |ComparatorX:inst11|                ; 2 (2)       ; 0 (0)                     ; 0 (0)         ; 0           ; 0    ; 0            ; 0       ; 0         ; 0    ; 0            ; 2 (2)        ; 0 (0)             ; 0 (0)            ; |Testiranje|KPVGA:inst15|VGAPer:inst|Layer2:inst18|ComparatorX:inst11                                                    ; work         ;
;             |ComparatorX:inst7|                 ; 1 (1)       ; 0 (0)                     ; 0 (0)         ; 0           ; 0    ; 0            ; 0       ; 0         ; 0    ; 0            ; 1 (1)        ; 0 (0)             ; 0 (0)            ; |Testiranje|KPVGA:inst15|VGAPer:inst|Layer2:inst18|ComparatorX:inst7                                                     ; work         ;
;             |ComparatorX:inst9|                 ; 1 (1)       ; 0 (0)                     ; 0 (0)         ; 0           ; 0    ; 0            ; 0       ; 0         ; 0    ; 0            ; 1 (1)        ; 0 (0)             ; 0 (0)            ; |Testiranje|KPVGA:inst15|VGAPer:inst|Layer2:inst18|ComparatorX:inst9                                                     ; work         ;
;             |RegisterX:inst8|                   ; 12 (12)     ; 12 (12)                   ; 0 (0)         ; 0           ; 0    ; 0            ; 0       ; 0         ; 0    ; 0            ; 0 (0)        ; 0 (0)             ; 12 (12)          ; |Testiranje|KPVGA:inst15|VGAPer:inst|Layer2:inst18|RegisterX:inst8                                                       ; work         ;
;          |MX8:inst82|                           ; 4 (0)       ; 0 (0)                     ; 0 (0)         ; 0           ; 0    ; 0            ; 0       ; 0         ; 0    ; 0            ; 0 (0)        ; 0 (0)             ; 4 (0)            ; |Testiranje|KPVGA:inst15|VGAPer:inst|MX8:inst82                                                                          ; work         ;
;             |MX4:inst2|                         ; 4 (0)       ; 0 (0)                     ; 0 (0)         ; 0           ; 0    ; 0            ; 0       ; 0         ; 0    ; 0            ; 0 (0)        ; 0 (0)             ; 4 (0)            ; |Testiranje|KPVGA:inst15|VGAPer:inst|MX8:inst82|MX4:inst2                                                                ; work         ;
;                |MultiplexerX:inst2|             ; 4 (4)       ; 0 (0)                     ; 0 (0)         ; 0           ; 0    ; 0            ; 0       ; 0         ; 0    ; 0            ; 0 (0)        ; 0 (0)             ; 4 (4)            ; |Testiranje|KPVGA:inst15|VGAPer:inst|MX8:inst82|MX4:inst2|MultiplexerX:inst2                                             ; work         ;
;          |MultiplexerX:inst85|                  ; 12 (12)     ; 0 (0)                     ; 0 (0)         ; 0           ; 0    ; 0            ; 0       ; 0         ; 0    ; 0            ; 0 (0)        ; 0 (0)             ; 12 (12)          ; |Testiranje|KPVGA:inst15|VGAPer:inst|MultiplexerX:inst85                                                                 ; work         ;
;          |RegisterX:inst10|                     ; 7 (7)       ; 5 (5)                     ; 0 (0)         ; 0           ; 0    ; 0            ; 0       ; 0         ; 0    ; 0            ; 2 (2)        ; 0 (0)             ; 5 (5)            ; |Testiranje|KPVGA:inst15|VGAPer:inst|RegisterX:inst10                                                                    ; work         ;
;          |RegisterX:inst11|                     ; 5 (5)       ; 5 (5)                     ; 0 (0)         ; 0           ; 0    ; 0            ; 0       ; 0         ; 0    ; 0            ; 0 (0)        ; 0 (0)             ; 5 (5)            ; |Testiranje|KPVGA:inst15|VGAPer:inst|RegisterX:inst11                                                                    ; work         ;
;          |RegisterX:inst12|                     ; 10 (10)     ; 5 (5)                     ; 0 (0)         ; 0           ; 0    ; 0            ; 0       ; 0         ; 0    ; 0            ; 5 (5)        ; 0 (0)             ; 5 (5)            ; |Testiranje|KPVGA:inst15|VGAPer:inst|RegisterX:inst12                                                                    ; work         ;
;          |RegisterX:inst13|                     ; 10 (10)     ; 5 (5)                     ; 0 (0)         ; 0           ; 0    ; 0            ; 0       ; 0         ; 0    ; 0            ; 5 (5)        ; 0 (0)             ; 5 (5)            ; |Testiranje|KPVGA:inst15|VGAPer:inst|RegisterX:inst13                                                                    ; work         ;
;          |RegisterX:inst59|                     ; 1 (1)       ; 1 (1)                     ; 0 (0)         ; 0           ; 0    ; 0            ; 0       ; 0         ; 0    ; 0            ; 0 (0)        ; 0 (0)             ; 1 (1)            ; |Testiranje|KPVGA:inst15|VGAPer:inst|RegisterX:inst59                                                                    ; work         ;
;          |RegisterX:inst60|                     ; 4 (4)       ; 2 (2)                     ; 0 (0)         ; 0           ; 0    ; 0            ; 0       ; 0         ; 0    ; 0            ; 2 (2)        ; 0 (0)             ; 2 (2)            ; |Testiranje|KPVGA:inst15|VGAPer:inst|RegisterX:inst60                                                                    ; work         ;
;          |RegisterX:inst61|                     ; 10 (10)     ; 5 (5)                     ; 0 (0)         ; 0           ; 0    ; 0            ; 0       ; 0         ; 0    ; 0            ; 5 (5)        ; 0 (0)             ; 5 (5)            ; |Testiranje|KPVGA:inst15|VGAPer:inst|RegisterX:inst61                                                                    ; work         ;
;          |RegisterX:inst62|                     ; 12 (12)     ; 5 (5)                     ; 0 (0)         ; 0           ; 0    ; 0            ; 0       ; 0         ; 0    ; 0            ; 7 (7)        ; 0 (0)             ; 5 (5)            ; |Testiranje|KPVGA:inst15|VGAPer:inst|RegisterX:inst62                                                                    ; work         ;
;          |VideoRAM:inst9|                       ; 0 (0)       ; 0 (0)                     ; 0 (0)         ; 3072        ; 1    ; 0            ; 0       ; 0         ; 0    ; 0            ; 0 (0)        ; 0 (0)             ; 0 (0)            ; |Testiranje|KPVGA:inst15|VGAPer:inst|VideoRAM:inst9                                                                      ; work         ;
;             |altsyncram:altsyncram_component|   ; 0 (0)       ; 0 (0)                     ; 0 (0)         ; 3072        ; 1    ; 0            ; 0       ; 0         ; 0    ; 0            ; 0 (0)        ; 0 (0)             ; 0 (0)            ; |Testiranje|KPVGA:inst15|VGAPer:inst|VideoRAM:inst9|altsyncram:altsyncram_component                                      ; work         ;
;                |altsyncram_tat3:auto_generated| ; 0 (0)       ; 0 (0)                     ; 0 (0)         ; 3072        ; 1    ; 0            ; 0       ; 0         ; 0    ; 0            ; 0 (0)        ; 0 (0)             ; 0 (0)            ; |Testiranje|KPVGA:inst15|VGAPer:inst|VideoRAM:inst9|altsyncram:altsyncram_component|altsyncram_tat3:auto_generated       ; work         ;
;    |memTest:inst9|                              ; 0 (0)       ; 0 (0)                     ; 0 (0)         ; 262144      ; 32   ; 0            ; 0       ; 0         ; 0    ; 0            ; 0 (0)        ; 0 (0)             ; 0 (0)            ; |Testiranje|memTest:inst9                                                                                                ; work         ;
;       |altsyncram:altsyncram_component|         ; 0 (0)       ; 0 (0)                     ; 0 (0)         ; 262144      ; 32   ; 0            ; 0       ; 0         ; 0    ; 0            ; 0 (0)        ; 0 (0)             ; 0 (0)            ; |Testiranje|memTest:inst9|altsyncram:altsyncram_component                                                                ; work         ;
;          |altsyncram_dos3:auto_generated|       ; 0 (0)       ; 0 (0)                     ; 0 (0)         ; 262144      ; 32   ; 0            ; 0       ; 0         ; 0    ; 0            ; 0 (0)        ; 0 (0)             ; 0 (0)            ; |Testiranje|memTest:inst9|altsyncram:altsyncram_component|altsyncram_dos3:auto_generated                                 ; work         ;
;    |seven_segment_display:inst18|               ; 7 (7)       ; 7 (7)                     ; 0 (0)         ; 0           ; 0    ; 0            ; 0       ; 0         ; 0    ; 0            ; 0 (0)        ; 0 (0)             ; 7 (7)            ; |Testiranje|seven_segment_display:inst18                                                                                 ; work         ;
;    |seven_segment_display:inst19|               ; 7 (7)       ; 7 (7)                     ; 0 (0)         ; 0           ; 0    ; 0            ; 0       ; 0         ; 0    ; 0            ; 0 (0)        ; 0 (0)             ; 7 (7)            ; |Testiranje|seven_segment_display:inst19                                                                                 ; work         ;
;    |seven_segment_display:inst20|               ; 7 (7)       ; 7 (7)                     ; 0 (0)         ; 0           ; 0    ; 0            ; 0       ; 0         ; 0    ; 0            ; 0 (0)        ; 0 (0)             ; 7 (7)            ; |Testiranje|seven_segment_display:inst20                                                                                 ; work         ;
;    |seven_segment_display:inst21|               ; 7 (7)       ; 7 (7)                     ; 0 (0)         ; 0           ; 0    ; 0            ; 0       ; 0         ; 0    ; 0            ; 0 (0)        ; 0 (0)             ; 7 (7)            ; |Testiranje|seven_segment_display:inst21                                                                                 ; work         ;
+-------------------------------------------------+-------------+---------------------------+---------------+-------------+------+--------------+---------+-----------+------+--------------+--------------+-------------------+------------------+--------------------------------------------------------------------------------------------------------------------------+--------------+
Note: For table entries with two numbers listed, the numbers in parentheses indicate the number of resources of the given type used by the specific entity alone. The numbers listed outside of parentheses indicate the total resources of the given type used by the specific entity and all of its sub-entities in the hierarchy.


+------------------------------------------------------------------------------------------+
; Delay Chain Summary                                                                      ;
+----------+----------+---------------+---------------+-----------------------+-----+------+
; Name     ; Pin Type ; Pad to Core 0 ; Pad to Core 1 ; Pad to Input Register ; TCO ; TCOE ;
+----------+----------+---------------+---------------+-----------------------+-----+------+
; LED0     ; Output   ; --            ; --            ; --                    ; --  ; --   ;
; LED1     ; Output   ; --            ; --            ; --                    ; --  ; --   ;
; LED2     ; Output   ; --            ; --            ; --                    ; --  ; --   ;
; LED3     ; Output   ; --            ; --            ; --                    ; --  ; --   ;
; LED4     ; Output   ; --            ; --            ; --                    ; --  ; --   ;
; LED5     ; Output   ; --            ; --            ; --                    ; --  ; --   ;
; LED6     ; Output   ; --            ; --            ; --                    ; --  ; --   ;
; LED7     ; Output   ; --            ; --            ; --                    ; --  ; --   ;
; LED8     ; Output   ; --            ; --            ; --                    ; --  ; --   ;
; LED9     ; Output   ; --            ; --            ; --                    ; --  ; --   ;
; HEX0     ; Output   ; --            ; --            ; --                    ; --  ; --   ;
; HEX1     ; Output   ; --            ; --            ; --                    ; --  ; --   ;
; HEX2     ; Output   ; --            ; --            ; --                    ; --  ; --   ;
; HEX3     ; Output   ; --            ; --            ; --                    ; --  ; --   ;
; HEX4     ; Output   ; --            ; --            ; --                    ; --  ; --   ;
; HEX5     ; Output   ; --            ; --            ; --                    ; --  ; --   ;
; HEX6     ; Output   ; --            ; --            ; --                    ; --  ; --   ;
; HEX7     ; Output   ; --            ; --            ; --                    ; --  ; --   ;
; HEX8     ; Output   ; --            ; --            ; --                    ; --  ; --   ;
; HEX9     ; Output   ; --            ; --            ; --                    ; --  ; --   ;
; HEX10    ; Output   ; --            ; --            ; --                    ; --  ; --   ;
; HEX11    ; Output   ; --            ; --            ; --                    ; --  ; --   ;
; HEX12    ; Output   ; --            ; --            ; --                    ; --  ; --   ;
; HEX13    ; Output   ; --            ; --            ; --                    ; --  ; --   ;
; HEX14    ; Output   ; --            ; --            ; --                    ; --  ; --   ;
; HEX15    ; Output   ; --            ; --            ; --                    ; --  ; --   ;
; HEX16    ; Output   ; --            ; --            ; --                    ; --  ; --   ;
; HEX17    ; Output   ; --            ; --            ; --                    ; --  ; --   ;
; HEX18    ; Output   ; --            ; --            ; --                    ; --  ; --   ;
; HEX19    ; Output   ; --            ; --            ; --                    ; --  ; --   ;
; HEX20    ; Output   ; --            ; --            ; --                    ; --  ; --   ;
; HEX21    ; Output   ; --            ; --            ; --                    ; --  ; --   ;
; HEX22    ; Output   ; --            ; --            ; --                    ; --  ; --   ;
; HEX23    ; Output   ; --            ; --            ; --                    ; --  ; --   ;
; HEX24    ; Output   ; --            ; --            ; --                    ; --  ; --   ;
; HEX25    ; Output   ; --            ; --            ; --                    ; --  ; --   ;
; HEX26    ; Output   ; --            ; --            ; --                    ; --  ; --   ;
; HEX27    ; Output   ; --            ; --            ; --                    ; --  ; --   ;
; HS       ; Output   ; --            ; --            ; --                    ; --  ; --   ;
; VS       ; Output   ; --            ; --            ; --                    ; --  ; --   ;
; BLUE[3]  ; Output   ; --            ; --            ; --                    ; --  ; --   ;
; BLUE[2]  ; Output   ; --            ; --            ; --                    ; --  ; --   ;
; BLUE[1]  ; Output   ; --            ; --            ; --                    ; --  ; --   ;
; BLUE[0]  ; Output   ; --            ; --            ; --                    ; --  ; --   ;
; GREEN[3] ; Output   ; --            ; --            ; --                    ; --  ; --   ;
; GREEN[2] ; Output   ; --            ; --            ; --                    ; --  ; --   ;
; GREEN[1] ; Output   ; --            ; --            ; --                    ; --  ; --   ;
; GREEN[0] ; Output   ; --            ; --            ; --                    ; --  ; --   ;
; RED[3]   ; Output   ; --            ; --            ; --                    ; --  ; --   ;
; RED[2]   ; Output   ; --            ; --            ; --                    ; --  ; --   ;
; RED[1]   ; Output   ; --            ; --            ; --                    ; --  ; --   ;
; RED[0]   ; Output   ; --            ; --            ; --                    ; --  ; --   ;
; BTN2     ; Input    ; --            ; --            ; --                    ; --  ; --   ;
; BTN1     ; Input    ; --            ; --            ; --                    ; --  ; --   ;
; SW7      ; Input    ; --            ; --            ; --                    ; --  ; --   ;
; SW5      ; Input    ; --            ; --            ; --                    ; --  ; --   ;
; SW6      ; Input    ; --            ; --            ; --                    ; --  ; --   ;
; SW9      ; Input    ; --            ; --            ; --                    ; --  ; --   ;
; SW0      ; Input    ; (6) 1314 ps   ; --            ; --                    ; --  ; --   ;
; SW3      ; Input    ; --            ; (6) 1314 ps   ; --                    ; --  ; --   ;
; SW1      ; Input    ; (6) 1314 ps   ; --            ; --                    ; --  ; --   ;
; SW2      ; Input    ; --            ; (6) 1314 ps   ; --                    ; --  ; --   ;
; SW4      ; Input    ; (6) 1314 ps   ; --            ; --                    ; --  ; --   ;
; CLK      ; Input    ; (0) 0 ps      ; --            ; --                    ; --  ; --   ;
; SW8      ; Input    ; (6) 1314 ps   ; --            ; --                    ; --  ; --   ;
; PS2_DATA ; Input    ; --            ; (6) 1314 ps   ; --                    ; --  ; --   ;
; PS2_CLK  ; Input    ; (6) 1314 ps   ; --            ; --                    ; --  ; --   ;
+----------+----------+---------------+---------------+-----------------------+-----+------+


+--------------------------------------------------------------------------------------------------------------+
; Pad To Core Delay Chain Fanout                                                                               ;
+--------------------------------------------------------------------------------+-------------------+---------+
; Source Pin / Fanout                                                            ; Pad To Core Index ; Setting ;
+--------------------------------------------------------------------------------+-------------------+---------+
; BTN2                                                                           ;                   ;         ;
; BTN1                                                                           ;                   ;         ;
; SW7                                                                            ;                   ;         ;
; SW5                                                                            ;                   ;         ;
; SW6                                                                            ;                   ;         ;
; SW9                                                                            ;                   ;         ;
; SW0                                                                            ;                   ;         ;
;      - CPU:inst|MultiplexerX:inst14|Y[0]~2                                     ; 0                 ; 6       ;
; SW3                                                                            ;                   ;         ;
;      - CPU:inst|MultiplexerX:inst14|Y[3]~5                                     ; 1                 ; 6       ;
; SW1                                                                            ;                   ;         ;
;      - CPU:inst|MultiplexerX:inst14|Y[1]~8                                     ; 0                 ; 6       ;
; SW2                                                                            ;                   ;         ;
;      - CPU:inst|MultiplexerX:inst14|Y[2]~11                                    ; 1                 ; 6       ;
; SW4                                                                            ;                   ;         ;
;      - CPU:inst|MultiplexerX:inst14|Y[4]~14                                    ; 0                 ; 6       ;
; CLK                                                                            ;                   ;         ;
; SW8                                                                            ;                   ;         ;
;      - inst31[0]~0                                                             ; 0                 ; 6       ;
;      - inst31[1]~1                                                             ; 0                 ; 6       ;
;      - inst31[2]~2                                                             ; 0                 ; 6       ;
;      - inst31[3]~3                                                             ; 0                 ; 6       ;
;      - inst31[4]~4                                                             ; 0                 ; 6       ;
;      - inst31[5]~5                                                             ; 0                 ; 6       ;
;      - inst31[6]~6                                                             ; 0                 ; 6       ;
;      - inst31[7]~7                                                             ; 0                 ; 6       ;
;      - inst31[8]~8                                                             ; 0                 ; 6       ;
;      - inst31[9]~9                                                             ; 0                 ; 6       ;
;      - inst31[10]~10                                                           ; 0                 ; 6       ;
;      - inst31[11]~11                                                           ; 0                 ; 6       ;
;      - inst31[12]~12                                                           ; 0                 ; 6       ;
;      - inst31[13]~13                                                           ; 0                 ; 6       ;
;      - inst31[14]~14                                                           ; 0                 ; 6       ;
;      - inst31[15]~15                                                           ; 0                 ; 6       ;
; PS2_DATA                                                                       ;                   ;         ;
;      - KPTastature:inst11|KeyFetch:inst|inst21~0                               ; 1                 ; 6       ;
;      - KPTastature:inst11|KeyFetch:inst|inst~feeder                            ; 1                 ; 6       ;
; PS2_CLK                                                                        ;                   ;         ;
;      - KPTastature:inst11|KeyFetch:inst|Debouncer:inst39|inst                  ; 0                 ; 6       ;
;      - KPTastature:inst11|KeyFetch:inst|Debouncer:inst39|inst6                 ; 0                 ; 6       ;
;      - KPTastature:inst11|KeyFetch:inst|Debouncer:inst39|Register:inst2|inst~0 ; 0                 ; 6       ;
;      - KPTastature:inst11|KeyFetch:inst|Debouncer:inst39|Register:inst3|inst~0 ; 0                 ; 6       ;
+--------------------------------------------------------------------------------+-------------------+---------+


+-----------------------------------------------------------------------------------------------------------------------------------------------------------------------------------------------------------+
; Control Signals                                                                                                                                                                                           ;
+------------------------------------------------------------------+--------------------+---------+--------------------------+--------+----------------------+------------------+---------------------------+
; Name                                                             ; Location           ; Fan-Out ; Usage                    ; Global ; Global Resource Used ; Global Line Name ; Enable Signal Source Name ;
+------------------------------------------------------------------+--------------------+---------+--------------------------+--------+----------------------+------------------+---------------------------+
; CLK                                                              ; PIN_G21            ; 1816    ; Clock                    ; yes    ; Global Clock         ; GCLK9            ; --                        ;
; CPU:inst|CSRegFile:inst31|RegisterX:inst65|data[30]~94           ; LCCOMB_X26_Y11_N12 ; 32      ; Clock enable             ; no     ; --                   ; --               ; --                        ;
; CPU:inst|CSRegFile:inst31|inst114                                ; LCCOMB_X27_Y11_N18 ; 34      ; Clock enable             ; no     ; --                   ; --               ; --                        ;
; CPU:inst|CSRegFile:inst31|inst121~0                              ; LCCOMB_X28_Y16_N8  ; 36      ; Sync. load               ; no     ; --                   ; --               ; --                        ;
; CPU:inst|CSRegFile:inst31|inst21                                 ; LCCOMB_X28_Y11_N2  ; 32      ; Clock enable             ; no     ; --                   ; --               ; --                        ;
; CPU:inst|CSRegFile:inst31|inst25                                 ; LCCOMB_X28_Y11_N28 ; 32      ; Clock enable             ; no     ; --                   ; --               ; --                        ;
; CPU:inst|CSRegFile:inst31|inst33                                 ; LCCOMB_X27_Y11_N0  ; 32      ; Clock enable             ; no     ; --                   ; --               ; --                        ;
; CPU:inst|CSRegFile:inst31|inst51                                 ; LCCOMB_X28_Y11_N8  ; 32      ; Clock enable             ; no     ; --                   ; --               ; --                        ;
; CPU:inst|CSRegFile:inst31|inst58                                 ; LCCOMB_X28_Y11_N18 ; 31      ; Clock enable             ; no     ; --                   ; --               ; --                        ;
; CPU:inst|CSRegFile:inst31|inst63                                 ; LCCOMB_X26_Y11_N14 ; 32      ; Sync. load               ; no     ; --                   ; --               ; --                        ;
; CPU:inst|CSRegFile:inst31|inst73                                 ; LCCOMB_X26_Y11_N26 ; 32      ; Sync. load               ; no     ; --                   ; --               ; --                        ;
; CPU:inst|CSRegFile:inst31|inst90                                 ; LCCOMB_X28_Y11_N22 ; 33      ; Clock enable             ; no     ; --                   ; --               ; --                        ;
; CPU:inst|DecodeFaza:inst|inst106~3                               ; LCCOMB_X26_Y16_N20 ; 38      ; Clock enable             ; no     ; --                   ; --               ; --                        ;
; CPU:inst|DecodeFaza:inst|inst47~1                                ; LCCOMB_X29_Y16_N28 ; 34      ; Clock enable             ; no     ; --                   ; --               ; --                        ;
; CPU:inst|DecodeFaza:inst|inst58                                  ; LCCOMB_X29_Y16_N16 ; 39      ; Clock enable             ; no     ; --                   ; --               ; --                        ;
; CPU:inst|ExecuteFaza:inst46|inst106                              ; LCCOMB_X22_Y21_N16 ; 33      ; Sync. load               ; no     ; --                   ; --               ; --                        ;
; CPU:inst|FetchFaza:inst24|inst11                                 ; FF_X22_Y21_N13     ; 35      ; Clock enable             ; no     ; --                   ; --               ; --                        ;
; CPU:inst|InterruptFaza:inst12|inst61                             ; LCCOMB_X27_Y11_N4  ; 127     ; Sync. clear, Sync. load  ; no     ; --                   ; --               ; --                        ;
; CPU:inst|MultiplexerX:inst33|Y[3]~2                              ; LCCOMB_X26_Y14_N12 ; 35      ; Clock enable             ; no     ; --                   ; --               ; --                        ;
; CPU:inst|PC:inst8|data[19]~89                                    ; LCCOMB_X31_Y12_N30 ; 30      ; Clock enable             ; no     ; --                   ; --               ; --                        ;
; CPU:inst|RegFile32:inst4|RegFile4:inst10|inst12~0                ; LCCOMB_X17_Y16_N12 ; 32      ; Clock enable             ; no     ; --                   ; --               ; --                        ;
; CPU:inst|RegFile32:inst4|RegFile4:inst10|inst502~4               ; LCCOMB_X19_Y16_N2  ; 32      ; Clock enable             ; no     ; --                   ; --               ; --                        ;
; CPU:inst|RegFile32:inst4|RegFile4:inst10|inst504~4               ; LCCOMB_X19_Y19_N0  ; 32      ; Clock enable             ; no     ; --                   ; --               ; --                        ;
; CPU:inst|RegFile32:inst4|RegFile4:inst10|inst509~0               ; LCCOMB_X17_Y16_N2  ; 32      ; Clock enable             ; no     ; --                   ; --               ; --                        ;
; CPU:inst|RegFile32:inst4|RegFile4:inst4|inst12                   ; LCCOMB_X17_Y16_N4  ; 32      ; Clock enable             ; no     ; --                   ; --               ; --                        ;
; CPU:inst|RegFile32:inst4|RegFile4:inst4|inst502~1                ; LCCOMB_X14_Y16_N10 ; 32      ; Clock enable             ; no     ; --                   ; --               ; --                        ;
; CPU:inst|RegFile32:inst4|RegFile4:inst4|inst504~1                ; LCCOMB_X19_Y19_N14 ; 32      ; Clock enable             ; no     ; --                   ; --               ; --                        ;
; CPU:inst|RegFile32:inst4|RegFile4:inst4|inst509                  ; LCCOMB_X17_Y16_N14 ; 32      ; Clock enable             ; no     ; --                   ; --               ; --                        ;
; CPU:inst|RegFile32:inst4|RegFile4:inst5|inst12                   ; LCCOMB_X21_Y16_N28 ; 32      ; Clock enable             ; no     ; --                   ; --               ; --                        ;
; CPU:inst|RegFile32:inst4|RegFile4:inst5|inst502~0                ; LCCOMB_X19_Y16_N10 ; 32      ; Clock enable             ; no     ; --                   ; --               ; --                        ;
; CPU:inst|RegFile32:inst4|RegFile4:inst5|inst504~1                ; LCCOMB_X19_Y16_N20 ; 32      ; Clock enable             ; no     ; --                   ; --               ; --                        ;
; CPU:inst|RegFile32:inst4|RegFile4:inst5|inst509                  ; LCCOMB_X21_Y16_N18 ; 32      ; Clock enable             ; no     ; --                   ; --               ; --                        ;
; CPU:inst|RegFile32:inst4|RegFile4:inst6|inst12                   ; LCCOMB_X23_Y20_N6  ; 32      ; Clock enable             ; no     ; --                   ; --               ; --                        ;
; CPU:inst|RegFile32:inst4|RegFile4:inst6|inst502~4                ; LCCOMB_X19_Y19_N10 ; 32      ; Clock enable             ; no     ; --                   ; --               ; --                        ;
; CPU:inst|RegFile32:inst4|RegFile4:inst6|inst504~4                ; LCCOMB_X24_Y19_N6  ; 32      ; Clock enable             ; no     ; --                   ; --               ; --                        ;
; CPU:inst|RegFile32:inst4|RegFile4:inst6|inst509                  ; LCCOMB_X23_Y20_N16 ; 32      ; Clock enable             ; no     ; --                   ; --               ; --                        ;
; CPU:inst|RegFile32:inst4|RegFile4:inst7|inst12~0                 ; LCCOMB_X22_Y18_N20 ; 32      ; Clock enable             ; no     ; --                   ; --               ; --                        ;
; CPU:inst|RegFile32:inst4|RegFile4:inst7|inst502~4                ; LCCOMB_X19_Y16_N8  ; 32      ; Clock enable             ; no     ; --                   ; --               ; --                        ;
; CPU:inst|RegFile32:inst4|RegFile4:inst7|inst504~4                ; LCCOMB_X19_Y19_N26 ; 32      ; Clock enable             ; no     ; --                   ; --               ; --                        ;
; CPU:inst|RegFile32:inst4|RegFile4:inst7|inst509~0                ; LCCOMB_X22_Y18_N2  ; 32      ; Clock enable             ; no     ; --                   ; --               ; --                        ;
; CPU:inst|RegFile32:inst4|RegFile4:inst8|inst12~0                 ; LCCOMB_X21_Y16_N20 ; 32      ; Clock enable             ; no     ; --                   ; --               ; --                        ;
; CPU:inst|RegFile32:inst4|RegFile4:inst8|inst502~4                ; LCCOMB_X19_Y16_N14 ; 32      ; Clock enable             ; no     ; --                   ; --               ; --                        ;
; CPU:inst|RegFile32:inst4|RegFile4:inst8|inst504~4                ; LCCOMB_X19_Y19_N4  ; 32      ; Clock enable             ; no     ; --                   ; --               ; --                        ;
; CPU:inst|RegFile32:inst4|RegFile4:inst8|inst509~0                ; LCCOMB_X21_Y19_N0  ; 32      ; Clock enable             ; no     ; --                   ; --               ; --                        ;
; CPU:inst|RegFile32:inst4|RegFile4:inst9|inst12~0                 ; LCCOMB_X17_Y19_N0  ; 32      ; Clock enable             ; no     ; --                   ; --               ; --                        ;
; CPU:inst|RegFile32:inst4|RegFile4:inst9|inst502~4                ; LCCOMB_X19_Y19_N30 ; 32      ; Clock enable             ; no     ; --                   ; --               ; --                        ;
; CPU:inst|RegFile32:inst4|RegFile4:inst9|inst504~4                ; LCCOMB_X19_Y19_N24 ; 32      ; Clock enable             ; no     ; --                   ; --               ; --                        ;
; CPU:inst|RegFile32:inst4|RegFile4:inst9|inst509~0                ; LCCOMB_X16_Y19_N4  ; 32      ; Clock enable             ; no     ; --                   ; --               ; --                        ;
; CPU:inst|RegFile32:inst4|RegFile4:inst|inst12                    ; LCCOMB_X19_Y15_N28 ; 32      ; Clock enable             ; no     ; --                   ; --               ; --                        ;
; CPU:inst|RegFile32:inst4|RegFile4:inst|inst504~1                 ; LCCOMB_X23_Y15_N24 ; 32      ; Clock enable             ; no     ; --                   ; --               ; --                        ;
; CPU:inst|RegFile32:inst4|RegFile4:inst|inst509                   ; LCCOMB_X23_Y15_N30 ; 32      ; Clock enable             ; no     ; --                   ; --               ; --                        ;
; CPU:inst|inst21                                                  ; LCCOMB_X23_Y12_N6  ; 17      ; Clock enable             ; no     ; --                   ; --               ; --                        ;
; CPU:inst|inst27                                                  ; LCCOMB_X22_Y21_N6  ; 32      ; Clock enable             ; no     ; --                   ; --               ; --                        ;
; CPU:inst|inst32~8                                                ; LCCOMB_X30_Y16_N28 ; 34      ; Clock enable, Sync. load ; no     ; --                   ; --               ; --                        ;
; CPU:inst|pulse_gen:inst64|pulse                                  ; FF_X28_Y15_N15     ; 2       ; Async. clear             ; no     ; --                   ; --               ; --                        ;
; KPHex:inst12|inst39                                              ; LCCOMB_X19_Y20_N4  ; 16      ; Clock enable             ; no     ; --                   ; --               ; --                        ;
; KPTastature:inst11|KeyFetch:inst|Debouncer:inst39|inst1          ; FF_X22_Y2_N27      ; 19      ; Clock                    ; yes    ; Global Clock         ; GCLK19           ; --                        ;
; KPTastature:inst11|KeyFetch:inst|Debouncer:inst39|inst5          ; LCCOMB_X22_Y2_N26  ; 1       ; Clock enable             ; no     ; --                   ; --               ; --                        ;
; KPTastature:inst11|KeyFetch:inst|RisingEdgeDetector:inst38|inst2 ; LCCOMB_X21_Y24_N10 ; 8       ; Clock enable             ; no     ; --                   ; --               ; --                        ;
; KPTastature:inst11|RegisterX:inst3|data[5]~0                     ; LCCOMB_X21_Y24_N14 ; 10      ; Clock enable             ; no     ; --                   ; --               ; --                        ;
; KPTastature:inst11|inst38                                        ; LCCOMB_X21_Y23_N4  ; 32      ; Clock enable             ; no     ; --                   ; --               ; --                        ;
; KPVGA:inst15|RegisterX:inst30|data[10]~0                         ; LCCOMB_X15_Y20_N18 ; 12      ; Clock enable             ; no     ; --                   ; --               ; --                        ;
; KPVGA:inst15|RegisterX:inst31|data[4]~0                          ; LCCOMB_X15_Y20_N0  ; 8       ; Clock enable             ; no     ; --                   ; --               ; --                        ;
; KPVGA:inst15|VGAPer:inst|ComparatorX:inst32|Equal0~2             ; LCCOMB_X10_Y16_N2  ; 6       ; Sync. clear              ; no     ; --                   ; --               ; --                        ;
; KPVGA:inst15|VGAPer:inst|ComparatorX:inst37|Equal0~1             ; LCCOMB_X10_Y14_N16 ; 6       ; Sync. clear              ; no     ; --                   ; --               ; --                        ;
; KPVGA:inst15|VGAPer:inst|RegisterX:inst10|data[4]~8              ; LCCOMB_X11_Y17_N18 ; 10      ; Clock enable             ; no     ; --                   ; --               ; --                        ;
; KPVGA:inst15|VGAPer:inst|RegisterX:inst60|data[1]~1              ; LCCOMB_X12_Y15_N6  ; 8       ; Clock enable             ; no     ; --                   ; --               ; --                        ;
; KPVGA:inst15|VGAPer:inst|inst23                                  ; LCCOMB_X14_Y18_N12 ; 1       ; Write enable             ; no     ; --                   ; --               ; --                        ;
; KPVGA:inst15|VGAPer:inst|inst29                                  ; FF_X12_Y21_N15     ; 12      ; Clock enable             ; no     ; --                   ; --               ; --                        ;
; KPVGA:inst15|VGAPer:inst|inst33                                  ; FF_X12_Y17_N1      ; 2       ; Read enable              ; no     ; --                   ; --               ; --                        ;
; KPVGA:inst15|VGAPer:inst|inst45                                  ; LCCOMB_X10_Y17_N26 ; 11      ; Clock enable             ; no     ; --                   ; --               ; --                        ;
; KPVGA:inst15|VGAPer:inst|inst75                                  ; FF_X14_Y17_N1      ; 12      ; Clock enable             ; no     ; --                   ; --               ; --                        ;
; KPVGA:inst15|inst38                                              ; LCCOMB_X15_Y20_N12 ; 2       ; Clock enable             ; no     ; --                   ; --               ; --                        ;
; KPVGA:inst15|inst50                                              ; LCCOMB_X15_Y20_N24 ; 12      ; Clock enable             ; no     ; --                   ; --               ; --                        ;
; KPVGA:inst15|inst51                                              ; LCCOMB_X15_Y20_N14 ; 8       ; Clock enable             ; no     ; --                   ; --               ; --                        ;
; inst26                                                           ; LCCOMB_X21_Y21_N10 ; 32      ; Write enable             ; no     ; --                   ; --               ; --                        ;
; inst28                                                           ; LCCOMB_X21_Y23_N2  ; 32      ; Read enable              ; no     ; --                   ; --               ; --                        ;
+------------------------------------------------------------------+--------------------+---------+--------------------------+--------+----------------------+------------------+---------------------------+


+------------------------------------------------------------------------------------------------------------------------------------------------------------------------------------------------+
; Global & Other Fast Signals                                                                                                                                                                    ;
+---------------------------------------------------------+---------------+---------+--------------------------------------+----------------------+------------------+---------------------------+
; Name                                                    ; Location      ; Fan-Out ; Fan-Out Using Intentional Clock Skew ; Global Resource Used ; Global Line Name ; Enable Signal Source Name ;
+---------------------------------------------------------+---------------+---------+--------------------------------------+----------------------+------------------+---------------------------+
; CLK                                                     ; PIN_G21       ; 1816    ; 298                                  ; Global Clock         ; GCLK9            ; --                        ;
; KPTastature:inst11|KeyFetch:inst|Debouncer:inst39|inst1 ; FF_X22_Y2_N27 ; 19      ; 0                                    ; Global Clock         ; GCLK19           ; --                        ;
+---------------------------------------------------------+---------------+---------+--------------------------------------+----------------------+------------------+---------------------------+


+------------------------------------------------------------------------------------+
; Non-Global High Fan-Out Signals                                                    ;
+--------------------------------------------------------------------------+---------+
; Name                                                                     ; Fan-Out ;
+--------------------------------------------------------------------------+---------+
; CPU:inst|InterruptFaza:inst12|inst61                                     ; 127     ;
; CPU:inst|MultiplexerX:inst14|Y[3]~5                                      ; 124     ;
; CPU:inst|MultiplexerX:inst14|Y[2]~11                                     ; 120     ;
; CPU:inst|ExecuteFaza:inst46|MultiplexerX:inst11|Y[1]~72                  ; 100     ;
; CPU:inst|ExecuteFaza:inst46|cd8:inst36|inst3~5                           ; 83      ;
; CPU:inst|ExecuteFaza:inst46|MultiplexerX:inst11|Y[0]~77                  ; 82      ;
; CPU:inst|ExecuteFaza:inst46|MultiplexerX:inst11|Y[2]~70                  ; 82      ;
; CPU:inst|ExecuteFaza:inst46|cd8:inst36|inst2~1                           ; 79      ;
; CPU:inst|ExecuteFaza:inst46|MultiplexerX:inst11|Y[3]~68                  ; 77      ;
; CPU:inst|ExecuteFaza:inst46|inst5~2                                      ; 66      ;
; CPU:inst|ExecuteFaza:inst46|MultiplexerX:inst60|Y[26]~24                 ; 63      ;
; CPU:inst|ExecuteFaza:inst46|inst110~0                                    ; 58      ;
; CPU:inst|MultiplexerX:inst14|Y[4]~14                                     ; 58      ;
; CPU:inst|FetchFaza:inst24|RegisterX:inst2|data[5]                        ; 56      ;
; CPU:inst|ExecuteFaza:inst46|MultiplexerX:inst27|Y[31]~31                 ; 54      ;
; CPU:inst|ExecuteFaza:inst46|inst4                                        ; 51      ;
; CPU:inst|RegisterX:inst28|data[1]                                        ; 50      ;
; CPU:inst|RegFile32:inst4|RegFile4:inst6|cd4:inst4|inst~4                 ; 48      ;
; CPU:inst|RegFile32:inst4|RegFile4:inst10|cd4:inst4|inst~5                ; 48      ;
; CPU:inst|RegFile32:inst4|RegFile4:inst7|cd4:inst4|inst~5                 ; 48      ;
; CPU:inst|RegFile32:inst4|RegFile4:inst8|cd4:inst4|inst~5                 ; 48      ;
; CPU:inst|RegFile32:inst4|RegFile4:inst9|cd4:inst4|inst~5                 ; 48      ;
; CPU:inst|RegFile32:inst4|RegFile4:inst6|cd4:inst4|inst5~0                ; 48      ;
; CPU:inst|RegFile32:inst4|RegFile4:inst|cd4:inst4|inst~0                  ; 48      ;
; CPU:inst|RegFile32:inst4|RegFile4:inst4|cd4:inst4|inst~0                 ; 48      ;
; CPU:inst|RegFile32:inst4|RegFile4:inst4|cd4:inst4|inst5~0                ; 48      ;
; CPU:inst|RegFile32:inst4|RegFile4:inst5|cd4:inst4|inst~1                 ; 48      ;
; CPU:inst|RegFile32:inst4|RegFile4:inst5|cd4:inst4|inst5~0                ; 48      ;
; CPU:inst|RegFile32:inst4|RegFile4:inst10|cd4:inst4|inst5~0               ; 48      ;
; CPU:inst|RegFile32:inst4|RegFile4:inst7|cd4:inst4|inst5~0                ; 48      ;
; CPU:inst|RegFile32:inst4|RegFile4:inst8|cd4:inst4|inst5~0                ; 48      ;
; CPU:inst|RegFile32:inst4|RegFile4:inst9|cd4:inst4|inst5~0                ; 48      ;
; CPU:inst|DecodeFaza:inst|dc4:inst5|dc2:inst2|inst~0                      ; 45      ;
; CPU:inst|ExecuteFaza:inst46|inst5~0                                      ; 42      ;
; CPU:inst|RegisterX:inst28|data[0]                                        ; 41      ;
; CPU:inst|DecodeFaza:inst|inst58                                          ; 39      ;
; CPU:inst|ExecuteFaza:inst46|inst23                                       ; 38      ;
; CPU:inst|DecodeFaza:inst|inst106~3                                       ; 38      ;
; CPU:inst|inst34                                                          ; 37      ;
; CPU:inst|RegisterX:inst28|data[2]                                        ; 36      ;
; CPU:inst|CSRegFile:inst31|inst121~0                                      ; 36      ;
; CPU:inst|inst123                                                         ; 35      ;
; CPU:inst|MultiplexerX:inst33|Y[3]~2                                      ; 35      ;
; CPU:inst|FetchFaza:inst24|inst11                                         ; 35      ;
; CPU:inst|RegFile32:inst4|RegFile4:inst|dc4:inst3|dc2:inst2|inst1~0       ; 35      ;
; CPU:inst|CSRegFile:inst31|inst20                                         ; 34      ;
; CPU:inst|inst32~8                                                        ; 34      ;
; CPU:inst|CSRegFile:inst31|inst114                                        ; 34      ;
; CPU:inst|ExecuteFaza:inst46|inst120                                      ; 34      ;
; CPU:inst|ExecuteFaza:inst46|MultiplexerX:inst11|Y[5]~64                  ; 34      ;
; CPU:inst|DecodeFaza:inst|inst47~1                                        ; 34      ;
; CPU:inst|CSRegFile:inst31|inst90                                         ; 33      ;
; CPU:inst|CSRegFile:inst31|inst30                                         ; 33      ;
; CPU:inst|CSRegFile:inst31|inst55                                         ; 33      ;
; CPU:inst|CSRegFile:inst31|inst92                                         ; 33      ;
; CPU:inst|CSRegFile:inst31|inst19                                         ; 33      ;
; CPU:inst|ExecuteFaza:inst46|inst106                                      ; 33      ;
; CPU:inst|CSRegFile:inst31|inst18                                         ; 33      ;
; CPU:inst|DecodeFaza:inst|dc8:inst35|dc4:inst|dc2:inst2|inst1~0           ; 33      ;
; CPU:inst|FetchFaza:inst24|RegisterX:inst2|data[14]                       ; 33      ;
; CPU:inst|CSRegFile:inst31|inst33                                         ; 32      ;
; CPU:inst|CSRegFile:inst31|inst25                                         ; 32      ;
; CPU:inst|CSRegFile:inst31|inst21                                         ; 32      ;
; CPU:inst|CSRegFile:inst31|inst29                                         ; 32      ;
; inst28                                                                   ; 32      ;
; CPU:inst|CSRegFile:inst31|inst48                                         ; 32      ;
; CPU:inst|RegFile32:inst4|RegFile4:inst6|inst502~4                        ; 32      ;
; CPU:inst|RegFile32:inst4|RegFile4:inst6|inst504~4                        ; 32      ;
; CPU:inst|RegFile32:inst4|RegFile4:inst10|inst502~4                       ; 32      ;
; CPU:inst|RegFile32:inst4|RegFile4:inst10|inst504~4                       ; 32      ;
; CPU:inst|RegFile32:inst4|RegFile4:inst7|inst502~4                        ; 32      ;
; CPU:inst|RegFile32:inst4|RegFile4:inst7|inst504~4                        ; 32      ;
; CPU:inst|RegFile32:inst4|RegFile4:inst8|inst502~4                        ; 32      ;
; CPU:inst|RegFile32:inst4|RegFile4:inst8|inst504~4                        ; 32      ;
; CPU:inst|RegFile32:inst4|RegFile4:inst9|inst502~4                        ; 32      ;
; CPU:inst|RegFile32:inst4|RegFile4:inst9|inst504~4                        ; 32      ;
; CPU:inst|ExecuteFaza:inst46|inst83                                       ; 32      ;
; CPU:inst|CSRegFile:inst31|inst51                                         ; 32      ;
; CPU:inst|CSRegFile:inst31|inst63                                         ; 32      ;
; CPU:inst|CSRegFile:inst31|RegisterX:inst65|data[30]~94                   ; 32      ;
; CPU:inst|CSRegFile:inst31|inst73                                         ; 32      ;
; CPU:inst|RegisterX:inst28|data[12]                                       ; 32      ;
; CPU:inst|RegisterX:inst28|data[11]                                       ; 32      ;
; CPU:inst|RegisterX:inst28|data[10]                                       ; 32      ;
; CPU:inst|RegisterX:inst28|data[9]                                        ; 32      ;
; CPU:inst|RegisterX:inst28|data[8]                                        ; 32      ;
; CPU:inst|RegisterX:inst28|data[7]                                        ; 32      ;
; CPU:inst|RegisterX:inst28|data[6]                                        ; 32      ;
; CPU:inst|RegisterX:inst28|data[5]                                        ; 32      ;
; CPU:inst|RegisterX:inst28|data[4]                                        ; 32      ;
; CPU:inst|RegisterX:inst28|data[3]                                        ; 32      ;
; inst26                                                                   ; 32      ;
; KPTastature:inst11|inst38                                                ; 32      ;
; CPU:inst|CSRegFile:inst31|inst38                                         ; 32      ;
; CPU:inst|CSRegFile:inst31|inst91                                         ; 32      ;
; CPU:inst|CSRegFile:inst31|inst34                                         ; 32      ;
; CPU:inst|inst27                                                          ; 32      ;
; CPU:inst|RegFile32:inst4|RegFile4:inst6|inst12                           ; 32      ;
; CPU:inst|RegFile32:inst4|RegFile4:inst6|inst509                          ; 32      ;
; CPU:inst|RegFile32:inst4|RegFile4:inst|inst12                            ; 32      ;
; CPU:inst|RegFile32:inst4|RegFile4:inst|inst504~1                         ; 32      ;
; CPU:inst|RegFile32:inst4|RegFile4:inst|inst509                           ; 32      ;
; CPU:inst|RegFile32:inst4|RegFile4:inst4|inst12                           ; 32      ;
; CPU:inst|RegFile32:inst4|RegFile4:inst4|inst502~1                        ; 32      ;
; CPU:inst|RegFile32:inst4|RegFile4:inst4|inst504~1                        ; 32      ;
; CPU:inst|RegFile32:inst4|RegFile4:inst4|inst509                          ; 32      ;
; CPU:inst|RegFile32:inst4|RegFile4:inst5|inst12                           ; 32      ;
; CPU:inst|RegFile32:inst4|RegFile4:inst5|inst502~0                        ; 32      ;
; CPU:inst|RegFile32:inst4|RegFile4:inst5|inst504~1                        ; 32      ;
; CPU:inst|RegFile32:inst4|RegFile4:inst5|inst509                          ; 32      ;
; CPU:inst|RegFile32:inst4|RegFile4:inst10|inst12~0                        ; 32      ;
; CPU:inst|RegFile32:inst4|RegFile4:inst10|inst509~0                       ; 32      ;
; CPU:inst|RegFile32:inst4|RegFile4:inst7|inst12~0                         ; 32      ;
; CPU:inst|RegFile32:inst4|RegFile4:inst7|inst509~0                        ; 32      ;
; CPU:inst|RegFile32:inst4|RegFile4:inst8|inst12~0                         ; 32      ;
; CPU:inst|RegFile32:inst4|RegFile4:inst8|inst509~0                        ; 32      ;
; CPU:inst|RegFile32:inst4|RegFile4:inst9|inst12~0                         ; 32      ;
; CPU:inst|RegFile32:inst4|RegFile4:inst9|inst509~0                        ; 32      ;
; CPU:inst|ExecuteFaza:inst46|cd8:inst36|inst~2                            ; 32      ;
; CPU:inst|ExecuteFaza:inst46|cd8:inst36|inst~0                            ; 32      ;
; CPU:inst|ExecuteFaza:inst46|MultiplexerX:inst11|Y[4]~66                  ; 32      ;
; CPU:inst|ExecuteFaza:inst46|inst111~0                                    ; 32      ;
; CPU:inst|DecodeFaza:inst|inst65~1                                        ; 32      ;
; CPU:inst|RegFile32:inst4|inst13                                          ; 32      ;
; CPU:inst|DecodeFaza:inst|dc4:inst19|dc2:inst1|inst1~0                    ; 32      ;
; CPU:inst|RegisterX:inst23|data[24]~29                                    ; 32      ;
; CPU:inst|RegisterX:inst23|data[19]~30                                    ; 32      ;
; CPU:inst|RegisterX:inst23|data[11]~31                                    ; 32      ;
; CPU:inst|RegisterX:inst23|data[22]~0                                     ; 32      ;
; CPU:inst|RegisterX:inst23|data[17]~18                                    ; 32      ;
; CPU:inst|RegisterX:inst23|data[9]~19                                     ; 32      ;
; CPU:inst|RegisterX:inst23|data[21]~23                                    ; 32      ;
; CPU:inst|RegisterX:inst23|data[16]~24                                    ; 32      ;
; CPU:inst|RegisterX:inst23|data[8]~25                                     ; 32      ;
; CPU:inst|RegisterX:inst23|data[23]~20                                    ; 32      ;
; CPU:inst|RegisterX:inst23|data[18]~21                                    ; 32      ;
; CPU:inst|RegisterX:inst23|data[10]~22                                    ; 32      ;
; CPU:inst|RegisterX:inst23|data[15]~27                                    ; 32      ;
; CPU:inst|RegisterX:inst23|data[31]~16                                    ; 32      ;
; CPU:inst|RegisterX:inst23|data[29]~15                                    ; 32      ;
; CPU:inst|RegisterX:inst23|data[30]~17                                    ; 32      ;
; CPU:inst|RegisterX:inst23|data[28]~14                                    ; 32      ;
; CPU:inst|RegisterX:inst23|data[27]~13                                    ; 32      ;
; CPU:inst|RegisterX:inst23|data[26]~12                                    ; 32      ;
; CPU:inst|RegisterX:inst23|data[25]~11                                    ; 32      ;
; CPU:inst|RegisterX:inst23|data[13]~10                                    ; 32      ;
; CPU:inst|RegisterX:inst23|data[12]~9                                     ; 32      ;
; CPU:inst|RegisterX:inst23|data[14]~8                                     ; 32      ;
; CPU:inst|RegisterX:inst23|data[20]~26                                    ; 32      ;
; CPU:inst|RegisterX:inst23|data[7]~28                                     ; 32      ;
; CPU:inst|RegisterX:inst23|data[6]~7                                      ; 32      ;
; CPU:inst|RegisterX:inst23|data[5]~2                                      ; 32      ;
; CPU:inst|RegisterX:inst23|data[4]~5                                      ; 32      ;
; CPU:inst|RegisterX:inst23|data[3]~6                                      ; 32      ;
; CPU:inst|RegisterX:inst23|data[2]~1                                      ; 32      ;
; CPU:inst|RegisterX:inst23|data[1]~3                                      ; 32      ;
; CPU:inst|RegisterX:inst23|data[0]~4                                      ; 32      ;
; CPU:inst|CSRegFile:inst31|inst58                                         ; 31      ;
; CPU:inst|FetchFaza:inst24|RegisterX:inst2|data[31]                       ; 31      ;
; CPU:inst|FetchFaza:inst24|RegisterX:inst2|data[13]                       ; 31      ;
; CPU:inst|PC:inst8|data[19]~89                                            ; 30      ;
; CPU:inst|FetchFaza:inst24|RegisterX:inst2|data[12]                       ; 30      ;
; CPU:inst|DecodeFaza:inst|dc4:inst20|dc2:inst|inst                        ; 29      ;
; CPU:inst|DecodeFaza:inst|inst86~0                                        ; 28      ;
; CPU:inst|ExecuteFaza:inst46|inst13                                       ; 27      ;
; CPU:inst|MultiplexerX:inst14|Y[0]~2                                      ; 27      ;
; CPU:inst|DecodeFaza:inst|dc4:inst20|dc2:inst2|inst~0                     ; 26      ;
; CPU:inst|FetchFaza:inst24|RegisterX:inst2|data[4]                        ; 26      ;
; CPU:inst|DecodeFaza:inst|inst106~2                                       ; 24      ;
; CPU:inst|FetchFaza:inst24|RegisterX:inst2|data[6]                        ; 24      ;
; CPU:inst|ExecuteFaza:inst46|MultiplexerX:inst11|Y[30]~2                  ; 23      ;
; KPTastature:inst11|inst30[15]~0                                          ; 22      ;
; CPU:inst|MultiplexerX:inst14|Y[1]~8                                      ; 22      ;
; CPU:inst|DecodeFaza:inst|inst83[31]                                      ; 21      ;
; CPU:inst|DecodeFaza:inst|inst106~4                                       ; 19      ;
; CPU:inst|FetchFaza:inst24|inst8                                          ; 19      ;
; CPU:inst|DecodeFaza:inst|inst14~1                                        ; 18      ;
; CPU:inst|inst21                                                          ; 17      ;
; CPU:inst|ExecuteFaza:inst46|inst63                                       ; 17      ;
; CPU:inst|ExecuteFaza:inst46|ALUX:inst|Mux8~7                             ; 17      ;
; CPU:inst|ExecuteFaza:inst46|MultiplexerX:inst11|Y[6]~0                   ; 17      ;
; KPVGA:inst15|VGAPer:inst|Layer2:inst18|inst16~4                          ; 17      ;
; KPVGA:inst15|VGAPer:inst|Layer1:inst5|inst16~3                           ; 17      ;
; CPU:inst|ExecuteFaza:inst46|inst21~1                                     ; 17      ;
; SW8~input                                                                ; 16      ;
; KPHex:inst12|inst39                                                      ; 16      ;
; KPTastature:inst11|RegisterX:inst29|data[0]                              ; 16      ;
; CPU:inst|RegFile32:inst4|RegFile4:inst|cd4:inst4|inst5~0                 ; 16      ;
; CPU:inst|ExecuteFaza:inst46|inst94[22]~11                                ; 15      ;
; KPVGA:inst15|RegisterX:inst29|data[0]                                    ; 15      ;
; CPU:inst|DecodeFaza:inst|dc4:inst25|dc2:inst1|inst                       ; 15      ;
; CPU:inst|DecodeFaza:inst|dc8:inst24|dc4:inst|dc2:inst1|inst~0            ; 15      ;
; CPU:inst|ExecuteFaza:inst46|ALUX:inst|Mux8~6                             ; 15      ;
; CPU:inst|ExecuteFaza:inst46|ALUX:inst|Mux8~2                             ; 15      ;
; KPVGA:inst15|VGAPer:inst|Controller:inst4|RegisterX:inst|data[7]         ; 15      ;
; CPU:inst|FetchFaza:inst24|RegisterX:inst2|data[29]                       ; 15      ;
; CPU:inst|FetchFaza:inst24|RegisterX:inst2|data[20]                       ; 14      ;
; KPVGA:inst15|VGAPer:inst|RegisterX:inst59|data[0]                        ; 13      ;
; KPVGA:inst15|VGAPer:inst|Controller:inst4|RegisterX:inst|data[1]         ; 13      ;
; CPU:inst|DecodeFaza:inst|dc4:inst5|dc2:inst1|inst1~0                     ; 13      ;
; KPVGA:inst15|RegisterX:inst30|data[10]~0                                 ; 12      ;
; KPVGA:inst15|inst50                                                      ; 12      ;
; KPVGA:inst15|VGAPer:inst|inst75                                          ; 12      ;
; KPVGA:inst15|VGAPer:inst|MX8:inst82|MX4:inst2|MultiplexerX:inst2|Y[0]~3  ; 12      ;
; KPVGA:inst15|VGAPer:inst|MX8:inst82|MX4:inst2|MultiplexerX:inst2|Y[0]~1  ; 12      ;
; KPVGA:inst15|VGAPer:inst|inst29                                          ; 12      ;
; KPVGA:inst15|VGAPer:inst|Controller:inst4|inst21~2                       ; 12      ;
; KPVGA:inst15|VGAPer:inst|Controller:inst4|RegisterX:inst3|data[6]        ; 12      ;
; KPVGA:inst15|VGAPer:inst|Controller:inst4|RegisterX:inst3|data[5]        ; 12      ;
; KPVGA:inst15|VGAPer:inst|Controller:inst4|RegisterX:inst|data[10]        ; 12      ;
; KPVGA:inst15|VGAPer:inst|Controller:inst4|RegisterX:inst|data[6]         ; 12      ;
; CPU:inst|FetchFaza:inst24|RegisterX:inst2|data[21]                       ; 12      ;
; CPU:inst|FetchFaza:inst24|RegisterX:inst2|data[27]                       ; 12      ;
; CPU:inst|ExecuteFaza:inst46|ALUX:inst|F~48                               ; 11      ;
; KPVGA:inst15|VGAPer:inst|inst45                                          ; 11      ;
; KPVGA:inst15|VGAPer:inst|inst31~2                                        ; 11      ;
; KPVGA:inst15|VGAPer:inst|Controller:inst4|ComparatorX:inst2|Equal0~3     ; 11      ;
; KPVGA:inst15|VGAPer:inst|Controller:inst4|RegisterX:inst|data[8]~2       ; 11      ;
; KPVGA:inst15|VGAPer:inst|Controller:inst4|RegisterX:inst3|data[4]        ; 11      ;
; KPVGA:inst15|VGAPer:inst|Controller:inst4|RegisterX:inst|data[8]         ; 11      ;
; KPVGA:inst15|VGAPer:inst|Controller:inst4|RegisterX:inst|data[5]         ; 11      ;
; CPU:inst|FetchFaza:inst24|RegisterX:inst2|data[26]                       ; 11      ;
; KPVGA:inst15|VGAPer:inst|RegisterX:inst10|data[4]~8                      ; 10      ;
; KPTastature:inst11|RegisterX:inst3|data[5]~0                             ; 10      ;
; inst23[1]~0                                                              ; 10      ;
; KPVGA:inst15|VGAPer:inst|Controller:inst4|RegisterX:inst3|data[8]~0      ; 10      ;
; CPU:inst|ExecuteFaza:inst46|ALUX:inst|Mux25~2                            ; 10      ;
; CPU:inst|ExecuteFaza:inst46|inst16~0                                     ; 10      ;
; CPU:inst|ExecuteFaza:inst46|cd8:inst36|inst~3                            ; 10      ;
; CPU:inst|ExecuteFaza:inst46|MultiplexerX:inst27|Y[5]~25                  ; 10      ;
; CPU:inst|ExecuteFaza:inst46|MultiplexerX:inst27|Y[7]~23                  ; 10      ;
; CPU:inst|ExecuteFaza:inst46|MultiplexerX:inst27|Y[9]~21                  ; 10      ;
; CPU:inst|DecodeFaza:inst|dc8:inst6|dc4:inst|dc2:inst1|inst1~2            ; 10      ;
; CPU:inst|ExecuteFaza:inst46|MultiplexerX:inst27|Y[30]~0                  ; 10      ;
; KPVGA:inst15|VGAPer:inst|Controller:inst4|RegisterX:inst3|data[3]        ; 10      ;
; KPVGA:inst15|VGAPer:inst|Controller:inst4|RegisterX:inst|data[4]         ; 10      ;
; KPVGA:inst15|VGAPer:inst|Controller:inst4|RegisterX:inst|data[2]         ; 10      ;
; KPVGA:inst15|VGAPer:inst|Controller:inst4|RegisterX:inst|data[3]         ; 10      ;
; CPU:inst|DecodeFaza:inst|dc4:inst5|dc2:inst|inst1~0                      ; 10      ;
; CPU:inst|FetchFaza:inst24|RegisterX:inst2|data[2]                        ; 10      ;
; CPU:inst|MultiplexerX:inst33|Y[31]~41                                    ; 9       ;
; CPU:inst|MultiplexerX:inst33|Y[1]~39                                     ; 9       ;
; CPU:inst|MultiplexerX:inst33|Y[2]~36                                     ; 9       ;
; CPU:inst|MultiplexerX:inst33|Y[4]~34                                     ; 9       ;
; CPU:inst|MultiplexerX:inst33|Y[0]~8                                      ; 9       ;
; CPU:inst|ExecuteFaza:inst46|inst80[9]                                    ; 9       ;
; CPU:inst|MultiplexerX:inst33|Y[3]~4                                      ; 9       ;
; CPU:inst|InterruptFaza:inst12|inst19                                     ; 9       ;
; CPU:inst|ExecuteFaza:inst46|ALUX:inst|Mux28~8                            ; 9       ;
; CPU:inst|ExecuteFaza:inst46|ALUX:inst|Mux28~7                            ; 9       ;
; CPU:inst|ExecuteFaza:inst46|ALUX:inst|Mux28~5                            ; 9       ;
; CPU:inst|ExecuteFaza:inst46|inst111~1                                    ; 9       ;
; CPU:inst|ExecuteFaza:inst46|MultiplexerX:inst27|Y[6]~24                  ; 9       ;
; CPU:inst|ExecuteFaza:inst46|MultiplexerX:inst11|Y[6]~51                  ; 9       ;
; CPU:inst|ExecuteFaza:inst46|MultiplexerX:inst27|Y[10]~20                 ; 9       ;
; CPU:inst|ExecuteFaza:inst46|MultiplexerX:inst27|Y[11]~19                 ; 9       ;
; CPU:inst|ExecuteFaza:inst46|MultiplexerX:inst27|Y[29]~1                  ; 9       ;
; CPU:inst|ExecuteFaza:inst46|MultiplexerX:inst11|Y[30]~1                  ; 9       ;
; CPU:inst|DecodeFaza:inst|inst92                                          ; 9       ;
; KPVGA:inst15|VGAPer:inst|Controller:inst4|RegisterX:inst3|data[2]        ; 9       ;
; KPVGA:inst15|VGAPer:inst|Controller:inst4|RegisterX:inst3|data[9]        ; 9       ;
; KPVGA:inst15|VGAPer:inst|Controller:inst4|RegisterX:inst|data[9]         ; 9       ;
; CPU:inst|ExecuteFaza:inst46|inst3                                        ; 9       ;
; CPU:inst|FetchFaza:inst24|RegisterX:inst2|data[22]                       ; 9       ;
; CPU:inst|FetchFaza:inst24|RegisterX:inst2|data[25]                       ; 9       ;
; CPU:inst|RegisterX:inst23|data[0]                                        ; 9       ;
; CPU:inst|RegisterX:inst23|data[1]                                        ; 9       ;
; KPTastature:inst11|KeyFetch:inst|RisingEdgeDetector:inst38|inst2         ; 8       ;
; KPVGA:inst15|RegisterX:inst31|data[4]~0                                  ; 8       ;
; CPU:inst|MultiplexerX:inst33|Y[5]~32                                     ; 8       ;
; CPU:inst|MultiplexerX:inst33|Y[6]~31                                     ; 8       ;
; CPU:inst|MultiplexerX:inst33|Y[8]~30                                     ; 8       ;
; CPU:inst|MultiplexerX:inst33|Y[9]~29                                     ; 8       ;
; CPU:inst|MultiplexerX:inst33|Y[10]~28                                    ; 8       ;
; CPU:inst|MultiplexerX:inst33|Y[12]~27                                    ; 8       ;
; CPU:inst|MultiplexerX:inst33|Y[13]~26                                    ; 8       ;
; CPU:inst|MultiplexerX:inst33|Y[14]~25                                    ; 8       ;
; CPU:inst|MultiplexerX:inst33|Y[15]~24                                    ; 8       ;
; CPU:inst|MultiplexerX:inst33|Y[16]~23                                    ; 8       ;
; CPU:inst|MultiplexerX:inst33|Y[17]~22                                    ; 8       ;
; CPU:inst|MultiplexerX:inst33|Y[18]~21                                    ; 8       ;
; CPU:inst|MultiplexerX:inst33|Y[19]~20                                    ; 8       ;
; CPU:inst|MultiplexerX:inst33|Y[20]~19                                    ; 8       ;
; CPU:inst|MultiplexerX:inst33|Y[21]~18                                    ; 8       ;
; CPU:inst|MultiplexerX:inst33|Y[22]~17                                    ; 8       ;
; CPU:inst|MultiplexerX:inst33|Y[23]~16                                    ; 8       ;
; CPU:inst|MultiplexerX:inst33|Y[24]~15                                    ; 8       ;
; CPU:inst|MultiplexerX:inst33|Y[25]~14                                    ; 8       ;
; CPU:inst|MultiplexerX:inst33|Y[26]~13                                    ; 8       ;
; CPU:inst|MultiplexerX:inst33|Y[27]~12                                    ; 8       ;
; CPU:inst|MultiplexerX:inst33|Y[28]~11                                    ; 8       ;
; CPU:inst|MultiplexerX:inst33|Y[29]~10                                    ; 8       ;
; CPU:inst|MultiplexerX:inst33|Y[30]~9                                     ; 8       ;
; KPVGA:inst15|VGAPer:inst|RegisterX:inst60|data[1]~1                      ; 8       ;
; KPVGA:inst15|inst51                                                      ; 8       ;
; CPU:inst|MultiplexerX:inst33|Y[7]~6                                      ; 8       ;
; CPU:inst|ExecuteFaza:inst46|inst13~0                                     ; 8       ;
; CPU:inst|ExecuteFaza:inst46|inst104[9]~2                                 ; 8       ;
; CPU:inst|ExecuteFaza:inst46|ALUX:inst|Mux8~5                             ; 8       ;
; CPU:inst|MultiplexerX:inst33|Y[11]~5                                     ; 8       ;
; CPU:inst|ExecuteFaza:inst46|ALUX:inst|Mux28~6                            ; 8       ;
; CPU:inst|ExecuteFaza:inst46|ALUX:inst|ShiftRight1~19                     ; 8       ;
; CPU:inst|ExecuteFaza:inst46|ALUX:inst|ShiftRight1~5                      ; 8       ;
; CPU:inst|ExecuteFaza:inst46|MultiplexerX:inst27|Y[0]~30                  ; 8       ;
; CPU:inst|ExecuteFaza:inst46|MultiplexerX:inst27|Y[1]~29                  ; 8       ;
; CPU:inst|ExecuteFaza:inst46|MultiplexerX:inst27|Y[2]~28                  ; 8       ;
; CPU:inst|ExecuteFaza:inst46|MultiplexerX:inst27|Y[4]~26                  ; 8       ;
; CPU:inst|ExecuteFaza:inst46|MultiplexerX:inst27|Y[8]~22                  ; 8       ;
; CPU:inst|ExecuteFaza:inst46|MultiplexerX:inst27|Y[12]~18                 ; 8       ;
; CPU:inst|ExecuteFaza:inst46|MultiplexerX:inst27|Y[13]~17                 ; 8       ;
; CPU:inst|ExecuteFaza:inst46|MultiplexerX:inst27|Y[14]~16                 ; 8       ;
; CPU:inst|ExecuteFaza:inst46|MultiplexerX:inst27|Y[15]~15                 ; 8       ;
; CPU:inst|ExecuteFaza:inst46|MultiplexerX:inst27|Y[16]~14                 ; 8       ;
; CPU:inst|ExecuteFaza:inst46|MultiplexerX:inst27|Y[17]~13                 ; 8       ;
; CPU:inst|ExecuteFaza:inst46|MultiplexerX:inst27|Y[18]~12                 ; 8       ;
; CPU:inst|ExecuteFaza:inst46|MultiplexerX:inst27|Y[19]~11                 ; 8       ;
; CPU:inst|ExecuteFaza:inst46|MultiplexerX:inst27|Y[20]~10                 ; 8       ;
; CPU:inst|ExecuteFaza:inst46|MultiplexerX:inst27|Y[21]~9                  ; 8       ;
; CPU:inst|ExecuteFaza:inst46|MultiplexerX:inst27|Y[22]~8                  ; 8       ;
; CPU:inst|ExecuteFaza:inst46|MultiplexerX:inst27|Y[23]~7                  ; 8       ;
; CPU:inst|ExecuteFaza:inst46|MultiplexerX:inst27|Y[24]~6                  ; 8       ;
; CPU:inst|ExecuteFaza:inst46|MultiplexerX:inst27|Y[25]~5                  ; 8       ;
; CPU:inst|ExecuteFaza:inst46|MultiplexerX:inst27|Y[26]~4                  ; 8       ;
; CPU:inst|ExecuteFaza:inst46|MultiplexerX:inst27|Y[27]~3                  ; 8       ;
; CPU:inst|ExecuteFaza:inst46|MultiplexerX:inst27|Y[28]~2                  ; 8       ;
; CPU:inst|DecodeFaza:inst|inst101                                         ; 8       ;
; CPU:inst|ExecuteFaza:inst46|inst118                                      ; 8       ;
; CPU:inst|DecodeFaza:inst|dc8:inst40|dc4:inst|dc2:inst|inst~0             ; 8       ;
; CPU:inst|DecodeFaza:inst|dc4:inst20|dc2:inst2|inst1~0                    ; 8       ;
; CPU:inst|FetchFaza:inst24|RegisterX:inst2|data[30]                       ; 8       ;
; CPU:inst|RegisterX:inst23|data[5]                                        ; 8       ;
; CPU:inst|RegisterX:inst23|data[6]                                        ; 8       ;
; CPU:inst|RegisterX:inst23|data[3]                                        ; 8       ;
; CPU:inst|RegisterX:inst23|data[2]                                        ; 8       ;
; CPU:inst|RegisterX:inst23|data[4]                                        ; 8       ;
; CPU:inst|RegisterX:inst23|data[7]                                        ; 8       ;
; CPU:inst|ExecuteFaza:inst46|ALUX:inst|Mux31~6                            ; 7       ;
; CPU:inst|InterruptFaza:inst12|inst~3                                     ; 7       ;
; CPU:inst|ExecuteFaza:inst46|ALUX:inst|Mux8~4                             ; 7       ;
; CPU:inst|ExecuteFaza:inst46|ALUX:inst|Mux8~3                             ; 7       ;
; inst31[15]~15                                                            ; 7       ;
; inst31[14]~14                                                            ; 7       ;
; inst31[13]~13                                                            ; 7       ;
; inst31[12]~12                                                            ; 7       ;
; inst31[11]~11                                                            ; 7       ;
; inst31[10]~10                                                            ; 7       ;
; inst31[9]~9                                                              ; 7       ;
; inst31[8]~8                                                              ; 7       ;
; inst31[7]~7                                                              ; 7       ;
; inst31[6]~6                                                              ; 7       ;
; inst31[5]~5                                                              ; 7       ;
; inst31[4]~4                                                              ; 7       ;
; inst31[3]~3                                                              ; 7       ;
; inst31[2]~2                                                              ; 7       ;
; inst31[1]~1                                                              ; 7       ;
; inst31[0]~0                                                              ; 7       ;
; CPU:inst|ExecuteFaza:inst46|ALUX:inst|Mux20~5                            ; 7       ;
; CPU:inst|ExecuteFaza:inst46|ALUX:inst|Mux20~4                            ; 7       ;
; CPU:inst|ExecuteFaza:inst46|MultiplexerX:inst27|Y[3]~27                  ; 7       ;
; CPU:inst|DecodeFaza:inst|dc8:inst24|dc4:inst4|dc2:inst2|inst~2           ; 7       ;
; CPU:inst|PC:inst8|data[0]                                                ; 7       ;
; KPVGA:inst15|VGAPer:inst|Controller:inst4|RegisterX:inst3|data[7]        ; 7       ;
; KPVGA:inst15|VGAPer:inst|Controller:inst4|RegisterX:inst3|data[1]        ; 7       ;
; KPVGA:inst15|VGAPer:inst|Controller:inst4|RegisterX:inst|data[0]         ; 7       ;
; CPU:inst|FetchFaza:inst24|RegisterX:inst2|data[24]                       ; 7       ;
; CPU:inst|FetchFaza:inst24|RegisterX:inst2|data[23]                       ; 7       ;
; CPU:inst|FetchFaza:inst24|RegisterX:inst2|data[28]                       ; 7       ;
; CPU:inst|DecodeFaza:inst|dc4:inst19|dc2:inst2|inst~2                     ; 7       ;
; CPU:inst|DecodeFaza:inst|inst7~2                                         ; 7       ;
; CPU:inst|FetchFaza:inst24|RegisterX:inst2|data[3]                        ; 7       ;
; CPU:inst|PC:inst8|data[1]~30                                             ; 7       ;
; CPU:inst|PC:inst8|data[1]                                                ; 7       ;
; CPU:inst|PC:inst8|data[2]                                                ; 7       ;
; CPU:inst|PC:inst8|data[3]                                                ; 7       ;
; CPU:inst|PC:inst8|data[4]                                                ; 7       ;
; CPU:inst|PC:inst8|data[5]                                                ; 7       ;
; CPU:inst|PC:inst8|data[6]                                                ; 7       ;
; CPU:inst|PC:inst8|data[7]                                                ; 7       ;
; CPU:inst|PC:inst8|data[8]                                                ; 7       ;
; CPU:inst|PC:inst8|data[9]                                                ; 7       ;
; CPU:inst|PC:inst8|data[10]                                               ; 7       ;
; CPU:inst|PC:inst8|data[11]                                               ; 7       ;
; CPU:inst|PC:inst8|data[12]                                               ; 7       ;
; CPU:inst|PC:inst8|data[13]                                               ; 7       ;
; CPU:inst|PC:inst8|data[14]                                               ; 7       ;
; CPU:inst|RegisterX:inst23|data[11]                                       ; 7       ;
; CPU:inst|RegisterX:inst23|data[9]                                        ; 7       ;
; CPU:inst|RegisterX:inst23|data[8]                                        ; 7       ;
; CPU:inst|RegisterX:inst23|data[10]                                       ; 7       ;
; CPU:inst|CSRegFile:inst31|RegisterX:inst61|data[0]                       ; 7       ;
; KPVGA:inst15|VGAPer:inst|ComparatorX:inst35|Equal0~1                     ; 6       ;
; KPVGA:inst15|VGAPer:inst|ComparatorX:inst37|Equal0~1                     ; 6       ;
; KPVGA:inst15|VGAPer:inst|ComparatorX:inst32|Equal0~2                     ; 6       ;
; CPU:inst|ExecuteFaza:inst46|ALUX:inst|Mux3~0                             ; 6       ;
; CPU:inst|ExecuteFaza:inst46|ALUX:inst|Mux6~5                             ; 6       ;
; CPU:inst|ExecuteFaza:inst46|ALUX:inst|Mux6~4                             ; 6       ;
; CPU:inst|InterruptFaza:inst12|inst44~0                                   ; 6       ;
; CPU:inst|ExecuteFaza:inst46|ALUX:inst|Mux25~7                            ; 6       ;
; CPU:inst|ExecuteFaza:inst46|ALUX:inst|Mux25~6                            ; 6       ;
; CPU:inst|RegFile32:inst4|RegFile4:inst4|inst502~0                        ; 6       ;
; CPU:inst|RegFile32:inst4|RegFile4:inst4|inst504~0                        ; 6       ;
; CPU:inst|ExecuteFaza:inst46|ALUX:inst|ShiftLeft0~16                      ; 6       ;
; CPU:inst|DecodeFaza:inst|inst64[5]                                       ; 6       ;
; CPU:inst|DecodeFaza:inst|inst64[6]                                       ; 6       ;
; CPU:inst|DecodeFaza:inst|inst64[7]                                       ; 6       ;
; CPU:inst|DecodeFaza:inst|inst64[8]                                       ; 6       ;
; CPU:inst|DecodeFaza:inst|inst64[9]                                       ; 6       ;
; CPU:inst|DecodeFaza:inst|inst64[10]                                      ; 6       ;
; CPU:inst|DecodeFaza:inst|inst64[11]                                      ; 6       ;
; CPU:inst|DecodeFaza:inst|inst119[12]                                     ; 6       ;
; CPU:inst|DecodeFaza:inst|inst119[13]                                     ; 6       ;
; CPU:inst|DecodeFaza:inst|inst119[14]                                     ; 6       ;
; CPU:inst|DecodeFaza:inst|inst119[15]                                     ; 6       ;
; CPU:inst|DecodeFaza:inst|inst119[16]                                     ; 6       ;
; CPU:inst|DecodeFaza:inst|inst119[17]                                     ; 6       ;
; CPU:inst|DecodeFaza:inst|inst119[18]                                     ; 6       ;
; CPU:inst|DecodeFaza:inst|inst119[19]                                     ; 6       ;
; CPU:inst|DecodeFaza:inst|inst119[20]                                     ; 6       ;
; CPU:inst|DecodeFaza:inst|inst119[21]                                     ; 6       ;
; CPU:inst|DecodeFaza:inst|inst119[22]                                     ; 6       ;
; CPU:inst|DecodeFaza:inst|inst119[23]                                     ; 6       ;
; CPU:inst|DecodeFaza:inst|inst119[24]                                     ; 6       ;
; CPU:inst|DecodeFaza:inst|inst119[25]                                     ; 6       ;
; CPU:inst|DecodeFaza:inst|inst119[26]                                     ; 6       ;
; CPU:inst|DecodeFaza:inst|inst119[27]                                     ; 6       ;
; CPU:inst|DecodeFaza:inst|inst119[28]                                     ; 6       ;
; CPU:inst|DecodeFaza:inst|inst119[29]                                     ; 6       ;
; CPU:inst|DecodeFaza:inst|inst119[30]                                     ; 6       ;
; KPVGA:inst15|VGAPer:inst|Controller:inst4|RegisterX:inst3|data[8]        ; 6       ;
; KPVGA:inst15|VGAPer:inst|Controller:inst4|RegisterX:inst3|data[0]        ; 6       ;
; CPU:inst|DecodeFaza:inst|dc8:inst24|dc4:inst4|dc2:inst2|inst~0           ; 6       ;
; CPU:inst|inst9                                                           ; 6       ;
; CPU:inst|inst13                                                          ; 6       ;
; CPU:inst|PC:inst8|data[15]                                               ; 6       ;
; CPU:inst|PC:inst8|data[28]                                               ; 6       ;
; CPU:inst|PC:inst8|data[29]                                               ; 6       ;
; CPU:inst|PC:inst8|data[30]                                               ; 6       ;
; CPU:inst|RegisterX:inst23|data[31]                                       ; 6       ;
; CPU:inst|ExecuteFaza:inst46|ALUX:inst|Mux22~8                            ; 5       ;
; CPU:inst|ExecuteFaza:inst46|ALUX:inst|Mux23~6                            ; 5       ;
; CPU:inst|ExecuteFaza:inst46|ALUX:inst|Mux21~6                            ; 5       ;
; CPU:inst|ExecuteFaza:inst46|ALUX:inst|Mux18~8                            ; 5       ;
; CPU:inst|ExecuteFaza:inst46|ALUX:inst|Mux19~8                            ; 5       ;
; CPU:inst|ExecuteFaza:inst46|ALUX:inst|Mux17~8                            ; 5       ;
; KPVGA:inst15|VGAPer:inst|Controller:inst4|RegisterX:inst|data[9]~14      ; 5       ;
; CPU:inst|ExecuteFaza:inst46|ALUX:inst|Mux20~8                            ; 5       ;
; CPU:inst|ExecuteFaza:inst46|ALUX:inst|Mux25~13                           ; 5       ;
; CPU:inst|DecodeFaza:inst|dc4:inst19|dc2:inst2|inst~3                     ; 5       ;
; KPVGA:inst15|VGAPer:inst|RegisterX:inst62|data[1]~1                      ; 5       ;
; KPVGA:inst15|VGAPer:inst|RegisterX:inst62|data[1]~0                      ; 5       ;
; CPU:inst|ExecuteFaza:inst46|inst88                                       ; 5       ;
; CPU:inst|CSRegFile:inst31|inst48~3                                       ; 5       ;
; CPU:inst|ExecuteFaza:inst46|ALUX:inst|Mux2~11                            ; 5       ;
; CPU:inst|ExecuteFaza:inst46|ALUX:inst|Mux3~1                             ; 5       ;
; CPU:inst|ExecuteFaza:inst46|inst46                                       ; 5       ;
; CPU:inst|ExecuteFaza:inst46|ALUX:inst|Mux24~8                            ; 5       ;
; KPVGA:inst15|VGAPer:inst|RegisterX:inst60|data[1]                        ; 5       ;
; CPU:inst|ExecuteFaza:inst46|ALUX:inst|Mux26~8                            ; 5       ;
; CPU:inst|ExecuteFaza:inst46|ALUX:inst|Mux25~3                            ; 5       ;
; CPU:inst|ExecuteFaza:inst46|ALUX:inst|ShiftRight1~33                     ; 5       ;
; CPU:inst|ExecuteFaza:inst46|ALUX:inst|ShiftRight0~7                      ; 5       ;
; CPU:inst|DecodeFaza:inst|inst79[0]                                       ; 5       ;
; CPU:inst|ExecuteFaza:inst46|ALUX:inst|Mux0~5                             ; 5       ;
; CPU:inst|ExecuteFaza:inst46|ALUX:inst|ShiftRight1~0                      ; 5       ;
; CPU:inst|DecodeFaza:inst|inst79[31]~57                                   ; 5       ;
; CPU:inst|DecodeFaza:inst|inst119[0]                                      ; 5       ;
; CPU:inst|DecodeFaza:inst|inst119[1]                                      ; 5       ;
; CPU:inst|DecodeFaza:inst|inst79[2]                                       ; 5       ;
; CPU:inst|DecodeFaza:inst|inst119[2]                                      ; 5       ;
; CPU:inst|DecodeFaza:inst|inst79[3]                                       ; 5       ;
; CPU:inst|DecodeFaza:inst|inst119[3]                                      ; 5       ;
; CPU:inst|DecodeFaza:inst|inst79[4]                                       ; 5       ;
; CPU:inst|DecodeFaza:inst|inst119[4]                                      ; 5       ;
; CPU:inst|DecodeFaza:inst|inst78[4]~0                                     ; 5       ;
; CPU:inst|DecodeFaza:inst|inst79[5]                                       ; 5       ;
; CPU:inst|DecodeFaza:inst|inst79[6]                                       ; 5       ;
; CPU:inst|DecodeFaza:inst|inst79[7]                                       ; 5       ;
; CPU:inst|DecodeFaza:inst|inst79[8]                                       ; 5       ;
; CPU:inst|DecodeFaza:inst|inst79[9]                                       ; 5       ;
; CPU:inst|DecodeFaza:inst|inst79[10]                                      ; 5       ;
; CPU:inst|DecodeFaza:inst|inst79[11]                                      ; 5       ;
; CPU:inst|DecodeFaza:inst|inst79[14]~40                                   ; 5       ;
; CPU:inst|DecodeFaza:inst|inst79[20]~34                                   ; 5       ;
; CPU:inst|DecodeFaza:inst|inst79[21]~33                                   ; 5       ;
; CPU:inst|DecodeFaza:inst|inst79[22]~32                                   ; 5       ;
; CPU:inst|DecodeFaza:inst|inst79[25]~29                                   ; 5       ;
; CPU:inst|DecodeFaza:inst|inst79[26]~28                                   ; 5       ;
; CPU:inst|DecodeFaza:inst|inst79[27]~27                                   ; 5       ;
; CPU:inst|inst6~0                                                         ; 5       ;
; CPU:inst|DecodeFaza:inst|inst119[31]                                     ; 5       ;
; CPU:inst|FetchFaza:inst24|RegisterX:inst2|data[19]                       ; 5       ;
; CPU:inst|FetchFaza:inst24|RegisterX:inst2|data[17]                       ; 5       ;
; CPU:inst|FetchFaza:inst24|RegisterX:inst2|data[16]                       ; 5       ;
; CPU:inst|FetchFaza:inst24|RegisterX:inst2|data[18]                       ; 5       ;
; CPU:inst|FetchFaza:inst24|RegisterX:inst2|data[15]                       ; 5       ;
; CPU:inst|DecodeFaza:inst|dc8:inst40|dc4:inst4|dc2:inst1|inst~0           ; 5       ;
; CPU:inst|DecodeFaza:inst|inst7~3                                         ; 5       ;
; CPU:inst|DecodeFaza:inst|inst7~0                                         ; 5       ;
; CPU:inst|FetchFaza:inst24|RegisterX:inst2|data[0]                        ; 5       ;
; CPU:inst|FetchFaza:inst24|RegisterX:inst2|data[1]                        ; 5       ;
; CPU:inst|PC:inst8|data[31]                                               ; 5       ;
; CPU:inst|PC:inst8|data[16]                                               ; 5       ;
; CPU:inst|PC:inst8|data[17]                                               ; 5       ;
; CPU:inst|PC:inst8|data[18]                                               ; 5       ;
; CPU:inst|PC:inst8|data[19]                                               ; 5       ;
; CPU:inst|PC:inst8|data[20]                                               ; 5       ;
; CPU:inst|PC:inst8|data[21]                                               ; 5       ;
; CPU:inst|PC:inst8|data[22]                                               ; 5       ;
; CPU:inst|PC:inst8|data[23]                                               ; 5       ;
; CPU:inst|PC:inst8|data[24]                                               ; 5       ;
; CPU:inst|PC:inst8|data[25]                                               ; 5       ;
; CPU:inst|PC:inst8|data[26]                                               ; 5       ;
; CPU:inst|PC:inst8|data[27]                                               ; 5       ;
; CPU:inst|RegisterX:inst23|data[15]                                       ; 5       ;
; CPU:inst|RegisterX:inst23|data[13]                                       ; 5       ;
; CPU:inst|RegisterX:inst23|data[12]                                       ; 5       ;
; CPU:inst|RegisterX:inst23|data[14]                                       ; 5       ;
; PS2_CLK~input                                                            ; 4       ;
; KPVGA:inst15|VGAPer:inst|ComparatorX:inst71|Equal0~4                     ; 4       ;
; CPU:inst|DecodeFaza:inst|inst79[24]~69                                   ; 4       ;
; CPU:inst|ExecuteFaza:inst46|ALUX:inst|Mux7~9                             ; 4       ;
; CPU:inst|DecodeFaza:inst|inst79[19]~68                                   ; 4       ;
; CPU:inst|ExecuteFaza:inst46|ALUX:inst|Mux12~8                            ; 4       ;
; CPU:inst|ExecuteFaza:inst46|ALUX:inst|Mux9~8                             ; 4       ;
; CPU:inst|DecodeFaza:inst|inst79[17]~67                                   ; 4       ;
; CPU:inst|ExecuteFaza:inst46|ALUX:inst|Mux14~8                            ; 4       ;
; CPU:inst|ExecuteFaza:inst46|ALUX:inst|Mux10~8                            ; 4       ;
; CPU:inst|DecodeFaza:inst|inst79[16]~66                                   ; 4       ;
; CPU:inst|ExecuteFaza:inst46|ALUX:inst|Mux15~6                            ; 4       ;
; CPU:inst|DecodeFaza:inst|inst79[23]~65                                   ; 4       ;
; CPU:inst|DecodeFaza:inst|inst79[18]~64                                   ; 4       ;
; CPU:inst|ExecuteFaza:inst46|ALUX:inst|Mux13~8                            ; 4       ;
; CPU:inst|DecodeFaza:inst|inst79[15]~63                                   ; 4       ;
; CPU:inst|ExecuteFaza:inst46|ALUX:inst|Mux16~6                            ; 4       ;
; CPU:inst|DecodeFaza:inst|inst79[29]~62                                   ; 4       ;
; CPU:inst|DecodeFaza:inst|inst79[30]~61                                   ; 4       ;
; CPU:inst|ExecuteFaza:inst46|MultiplexerX:inst60|Y[30]~119                ; 4       ;
; CPU:inst|DecodeFaza:inst|inst79[28]~60                                   ; 4       ;
; CPU:inst|ExecuteFaza:inst46|ALUX:inst|Mux4~9                             ; 4       ;
; CPU:inst|ExecuteFaza:inst46|ALUX:inst|Mux6~11                            ; 4       ;
; CPU:inst|DecodeFaza:inst|inst79[13]~59                                   ; 4       ;
; CPU:inst|DecodeFaza:inst|inst79[12]~58                                   ; 4       ;
; CPU:inst|ExecuteFaza:inst46|ALUX:inst|Mux11~8                            ; 4       ;
; CPU:inst|ExecuteFaza:inst46|ALUX:inst|Mux27~7                            ; 4       ;
; KPTastature:inst11|KeyFetch:inst|Debouncer:inst39|Register:inst2|inst    ; 4       ;
; KPTastature:inst11|KeyFetch:inst|Debouncer:inst39|inst                   ; 4       ;
; KPTastature:inst11|inst1~2                                               ; 4       ;
; KPTastature:inst11|KeyFetch:inst|inst28                                  ; 4       ;
; KPVGA:inst15|VGAPer:inst|RegisterX:inst62|data[4]                        ; 4       ;
; KPVGA:inst15|inst34~0                                                    ; 4       ;
; CPU:inst|ExecuteFaza:inst46|ALUX:inst|Mux3~12                            ; 4       ;
; CPU:inst|CSRegFile:inst31|inst43                                         ; 4       ;
; CPU:inst|ExecuteFaza:inst46|ALUX:inst|Mux5~11                            ; 4       ;
; KPTastature:inst11|inst41                                                ; 4       ;
; CPU:inst|ExecuteFaza:inst46|inst45                                       ; 4       ;
; KPTastature:inst11|inst22                                                ; 4       ;
; CPU:inst|RegisterX:inst28|data[29]                                       ; 4       ;
; CPU:inst|RegisterX:inst28|data[27]                                       ; 4       ;
; CPU:inst|RegisterX:inst28|data[26]                                       ; 4       ;
; CPU:inst|RegisterX:inst28|data[28]                                       ; 4       ;
; KPVGA:inst15|VGAPer:inst|RegisterX:inst60|data[0]                        ; 4       ;
; CPU:inst|CSRegFile:inst31|inst38~0                                       ; 4       ;
; CPU:inst|ExecuteFaza:inst46|ALUX:inst|Mux25~5                            ; 4       ;
; CPU:inst|ExecuteFaza:inst46|ALUX:inst|Mux25~4                            ; 4       ;
; CPU:inst|ExecuteFaza:inst46|ALUX:inst|ShiftLeft0~35                      ; 4       ;
; CPU:inst|ExecuteFaza:inst46|ALUX:inst|Mux28                              ; 4       ;
; CPU:inst|ExecuteFaza:inst46|ALUX:inst|ShiftRight0~44                     ; 4       ;
; CPU:inst|ExecuteFaza:inst46|ALUX:inst|Mux29                              ; 4       ;
; CPU:inst|ExecuteFaza:inst46|ALUX:inst|ShiftLeft0~31                      ; 4       ;
; CPU:inst|DecodeFaza:inst|inst79[1]                                       ; 4       ;
; CPU:inst|ExecuteFaza:inst46|ALUX:inst|ShiftRight0~37                     ; 4       ;
; CPU:inst|ExecuteFaza:inst46|ALUX:inst|ShiftRight0~30                     ; 4       ;
; CPU:inst|ExecuteFaza:inst46|ALUX:inst|ShiftRight0~27                     ; 4       ;
; CPU:inst|ExecuteFaza:inst46|ALUX:inst|ShiftLeft0~29                      ; 4       ;
; CPU:inst|ExecuteFaza:inst46|ALUX:inst|ShiftLeft0~28                      ; 4       ;
; KPVGA:inst15|VGAPer:inst|Layer1:inst5|ComparatorX:inst12|LessThan1~0     ; 4       ;
; KPVGA:inst15|VGAPer:inst|Controller:inst4|ComparatorX:inst2|Equal0~1     ; 4       ;
; CPU:inst|CSRegFile:inst31|RegisterX:inst68|data[0]                       ; 4       ;
; CPU:inst|RegFile32:inst4|RegFile4:inst6|dc4:inst3|dc2:inst2|inst1~0      ; 4       ;
; CPU:inst|RegFile32:inst4|RegFile4:inst10|cd4:inst4|inst~4                ; 4       ;
; CPU:inst|RegFile32:inst4|RegFile4:inst7|cd4:inst4|inst~4                 ; 4       ;
; CPU:inst|RegFile32:inst4|RegFile4:inst8|cd4:inst4|inst~4                 ; 4       ;
; CPU:inst|RegFile32:inst4|RegFile4:inst5|cd4:inst4|inst~0                 ; 4       ;
; CPU:inst|DecodeFaza:inst|dc4:inst5|dc2:inst2|inst~1                      ; 4       ;
; CPU:inst|DecodeFaza:inst|dc8:inst6|dc4:inst|dc2:inst1|inst1~0            ; 4       ;
; CPU:inst|FetchFaza:inst24|RegisterX:inst2|data[7]                        ; 4       ;
; CPU:inst|RegisterX:inst23|data[24]                                       ; 4       ;
; CPU:inst|RegisterX:inst23|data[19]                                       ; 4       ;
; CPU:inst|RegisterX:inst23|data[22]                                       ; 4       ;
; CPU:inst|RegisterX:inst23|data[17]                                       ; 4       ;
; CPU:inst|RegisterX:inst23|data[21]                                       ; 4       ;
; CPU:inst|RegisterX:inst23|data[16]                                       ; 4       ;
; CPU:inst|RegisterX:inst23|data[23]                                       ; 4       ;
; CPU:inst|RegisterX:inst23|data[18]                                       ; 4       ;
; CPU:inst|RegisterX:inst23|data[29]                                       ; 4       ;
; CPU:inst|RegisterX:inst23|data[30]                                       ; 4       ;
; CPU:inst|RegisterX:inst23|data[28]                                       ; 4       ;
; CPU:inst|RegisterX:inst23|data[27]                                       ; 4       ;
; CPU:inst|RegisterX:inst23|data[26]                                       ; 4       ;
; CPU:inst|RegisterX:inst23|data[25]                                       ; 4       ;
; CPU:inst|RegisterX:inst23|data[20]                                       ; 4       ;
; CPU:inst|ExecuteFaza:inst46|ALUX:inst|Mux8~14                            ; 3       ;
; CPU:inst|ExecuteFaza:inst46|ALUX:inst|Mux28~15                           ; 3       ;
; CPU:inst|ExecuteFaza:inst46|ALUX:inst|Mux28~14                           ; 3       ;
; KPTastature:inst11|KeyFetch:inst|Debouncer:inst39|Register:inst3|inst    ; 3       ;
; KPTastature:inst11|KeyFetch:inst|RisingEdgeDetector:inst38|inst          ; 3       ;
; KPVGA:inst15|VGAPer:inst|RegisterX:inst13|data[4]                        ; 3       ;
; KPVGA:inst15|VGAPer:inst|RegisterX:inst13|data[3]                        ; 3       ;
; KPVGA:inst15|VGAPer:inst|RegisterX:inst13|data[0]                        ; 3       ;
; KPVGA:inst15|VGAPer:inst|RegisterX:inst13|data[1]                        ; 3       ;
; KPVGA:inst15|VGAPer:inst|RegisterX:inst13|data[2]                        ; 3       ;
; KPVGA:inst15|VGAPer:inst|RegisterX:inst12|data[2]                        ; 3       ;
; KPVGA:inst15|VGAPer:inst|RegisterX:inst12|data[0]                        ; 3       ;
; KPVGA:inst15|VGAPer:inst|RegisterX:inst12|data[3]                        ; 3       ;
; KPVGA:inst15|VGAPer:inst|RegisterX:inst12|data[1]                        ; 3       ;
; KPVGA:inst15|VGAPer:inst|RegisterX:inst12|data[4]                        ; 3       ;
; KPTastature:inst11|inst15                                                ; 3       ;
; KPTastature:inst11|KeyFetch:inst|inst33                                  ; 3       ;
; KPVGA:inst15|VGAPer:inst|ComparatorX:inst73|Equal0~5                     ; 3       ;
; KPVGA:inst15|VGAPer:inst|RegisterX:inst62|data[2]                        ; 3       ;
; KPVGA:inst15|VGAPer:inst|RegisterX:inst62|data[3]                        ; 3       ;
; KPVGA:inst15|VGAPer:inst|RegisterX:inst62|data[0]                        ; 3       ;
; KPVGA:inst15|VGAPer:inst|RegisterX:inst62|data[1]                        ; 3       ;
; KPVGA:inst15|VGAPer:inst|RegisterX:inst61|data[4]                        ; 3       ;
; KPVGA:inst15|VGAPer:inst|RegisterX:inst61|data[3]                        ; 3       ;
; KPVGA:inst15|VGAPer:inst|RegisterX:inst61|data[1]                        ; 3       ;
; KPVGA:inst15|VGAPer:inst|RegisterX:inst61|data[2]                        ; 3       ;
; KPVGA:inst15|VGAPer:inst|RegisterX:inst61|data[0]                        ; 3       ;
; KPVGA:inst15|VGAPer:inst|ComparatorX:inst35|Equal0~0                     ; 3       ;
; KPVGA:inst15|inst38~0                                                    ; 3       ;
; CPU:inst|InterruptFaza:inst12|inst24                                     ; 3       ;
; CPU:inst|ExecuteFaza:inst46|ALUX:inst|ShiftRight0~69                     ; 3       ;
; CPU:inst|ExecuteFaza:inst46|ALUX:inst|Mux2~0                             ; 3       ;
; CPU:inst|ExecuteFaza:inst46|ALUX:inst|ShiftLeft0~66                      ; 3       ;
; CPU:inst|ExecuteFaza:inst46|ALUX:inst|ShiftRight0~64                     ; 3       ;
; CPU:inst|ExecuteFaza:inst46|ALUX:inst|ShiftRight1~50                     ; 3       ;
; CPU:inst|ExecuteFaza:inst46|ALUX:inst|ShiftLeft0~47                      ; 3       ;
; CPU:inst|inst29                                                          ; 3       ;
; CPU:inst|FetchFaza:inst24|inst9                                          ; 3       ;
; KPVGA:inst15|VGAPer:inst|Controller:inst4|ComparatorX:inst2|Equal0~2     ; 3       ;
; CPU:inst|CSRegFile:inst31|inst19~0                                       ; 3       ;
; CPU:inst|CSRegFile:inst31|RegisterX:inst76|data[0]                       ; 3       ;
; CPU:inst|CSRegFile:inst31|inst38~1                                       ; 3       ;
; CPU:inst|InterruptFaza:inst12|inst68                                     ; 3       ;
; CPU:inst|InterruptFaza:inst12|inst39                                     ; 3       ;
; CPU:inst|ExecuteFaza:inst46|ALUX:inst|ShiftRight0~54                     ; 3       ;
; CPU:inst|ExecuteFaza:inst46|ALUX:inst|ShiftLeft0~41                      ; 3       ;
; CPU:inst|ExecuteFaza:inst46|ALUX:inst|ShiftLeft0~39                      ; 3       ;
; CPU:inst|ExecuteFaza:inst46|ALUX:inst|ShiftRight0~51                     ; 3       ;
; CPU:inst|ExecuteFaza:inst46|ALUX:inst|ShiftRight0~48                     ; 3       ;
; CPU:inst|ExecuteFaza:inst46|ALUX:inst|Mux26~0                            ; 3       ;
; CPU:inst|ExecuteFaza:inst46|ALUX:inst|ShiftRight0~43                     ; 3       ;
; CPU:inst|ExecuteFaza:inst46|ALUX:inst|ShiftRight0~39                     ; 3       ;
; CPU:inst|ExecuteFaza:inst46|ALUX:inst|ShiftRight1~21                     ; 3       ;
; CPU:inst|ExecuteFaza:inst46|ALUX:inst|ShiftRight1~18                     ; 3       ;
; CPU:inst|ExecuteFaza:inst46|ALUX:inst|ShiftRight0~32                     ; 3       ;
; CPU:inst|ExecuteFaza:inst46|ALUX:inst|ShiftRight1~15                     ; 3       ;
; CPU:inst|ExecuteFaza:inst46|ALUX:inst|ShiftRight0~28                     ; 3       ;
; CPU:inst|ExecuteFaza:inst46|ALUX:inst|ShiftRight0~14                     ; 3       ;
; CPU:inst|ExecuteFaza:inst46|ALUX:inst|ShiftRight0~8                      ; 3       ;
; CPU:inst|ExecuteFaza:inst46|ALUX:inst|ShiftRight1~6                      ; 3       ;
; CPU:inst|ExecuteFaza:inst46|MultiplexerX:inst11|Y[31]~79                 ; 3       ;
; CPU:inst|ExecuteFaza:inst46|inst35~1                                     ; 3       ;
; CPU:inst|ExecuteFaza:inst46|ALUX:inst|ShiftLeft0~21                      ; 3       ;
; CPU:inst|ExecuteFaza:inst46|ALUX:inst|ShiftLeft0~20                      ; 3       ;
; CPU:inst|ExecuteFaza:inst46|ALUX:inst|ShiftLeft0~18                      ; 3       ;
; CPU:inst|ExecuteFaza:inst46|ALUX:inst|ShiftLeft0~17                      ; 3       ;
; CPU:inst|ExecuteFaza:inst46|MultiplexerX:inst11|Y[5]~63                  ; 3       ;
; CPU:inst|ExecuteFaza:inst46|MultiplexerX:inst11|Y[6]~62                  ; 3       ;
; CPU:inst|ExecuteFaza:inst46|MultiplexerX:inst11|Y[7]~59                  ; 3       ;
; CPU:inst|ExecuteFaza:inst46|MultiplexerX:inst11|Y[8]~57                  ; 3       ;
; CPU:inst|ExecuteFaza:inst46|MultiplexerX:inst11|Y[9]~55                  ; 3       ;
; CPU:inst|ExecuteFaza:inst46|MultiplexerX:inst11|Y[10]~53                 ; 3       ;
; CPU:inst|ExecuteFaza:inst46|MultiplexerX:inst11|Y[11]~50                 ; 3       ;
; CPU:inst|ExecuteFaza:inst46|MultiplexerX:inst11|Y[12]~48                 ; 3       ;
; CPU:inst|ExecuteFaza:inst46|MultiplexerX:inst11|Y[13]~45                 ; 3       ;
; CPU:inst|DecodeFaza:inst|inst79[13]~41                                   ; 3       ;
; CPU:inst|ExecuteFaza:inst46|MultiplexerX:inst11|Y[14]~42                 ; 3       ;
; CPU:inst|ExecuteFaza:inst46|MultiplexerX:inst11|Y[15]~39                 ; 3       ;
; CPU:inst|ExecuteFaza:inst46|MultiplexerX:inst11|Y[16]~36                 ; 3       ;
; CPU:inst|DecodeFaza:inst|inst79[16]~38                                   ; 3       ;
; CPU:inst|ExecuteFaza:inst46|MultiplexerX:inst11|Y[17]~33                 ; 3       ;
; CPU:inst|DecodeFaza:inst|inst79[17]~37                                   ; 3       ;
; CPU:inst|ExecuteFaza:inst46|MultiplexerX:inst11|Y[18]~30                 ; 3       ;
; CPU:inst|ExecuteFaza:inst46|MultiplexerX:inst11|Y[19]~27                 ; 3       ;
; CPU:inst|DecodeFaza:inst|inst79[19]~35                                   ; 3       ;
; CPU:inst|ExecuteFaza:inst46|MultiplexerX:inst11|Y[20]~24                 ; 3       ;
; CPU:inst|ExecuteFaza:inst46|MultiplexerX:inst11|Y[21]~22                 ; 3       ;
; CPU:inst|ExecuteFaza:inst46|MultiplexerX:inst11|Y[22]~20                 ; 3       ;
; CPU:inst|ExecuteFaza:inst46|MultiplexerX:inst11|Y[23]~18                 ; 3       ;
; CPU:inst|DecodeFaza:inst|inst79[23]~31                                   ; 3       ;
; CPU:inst|ExecuteFaza:inst46|MultiplexerX:inst11|Y[24]~16                 ; 3       ;
; CPU:inst|ExecuteFaza:inst46|MultiplexerX:inst11|Y[25]~14                 ; 3       ;
; CPU:inst|ExecuteFaza:inst46|MultiplexerX:inst11|Y[26]~12                 ; 3       ;
; CPU:inst|ExecuteFaza:inst46|MultiplexerX:inst11|Y[27]~10                 ; 3       ;
; CPU:inst|ExecuteFaza:inst46|MultiplexerX:inst11|Y[28]~8                  ; 3       ;
; CPU:inst|DecodeFaza:inst|inst79[28]~26                                   ; 3       ;
; CPU:inst|ExecuteFaza:inst46|MultiplexerX:inst11|Y[29]~6                  ; 3       ;
; CPU:inst|ExecuteFaza:inst46|MultiplexerX:inst11|Y[30]~4                  ; 3       ;
; CPU:inst|DecodeFaza:inst|inst76                                          ; 3       ;
; KPVGA:inst15|VGAPer:inst|Controller:inst4|ComparatorX:inst2|Equal0~0     ; 3       ;
; CPU:inst|RegFile32:inst4|MultiplexerX:inst12|Y[6]~203                    ; 3       ;
; CPU:inst|RegFile32:inst4|MultiplexerX:inst12|Y[5]~183                    ; 3       ;
; CPU:inst|RegFile32:inst4|MultiplexerX:inst12|Y[4]~163                    ; 3       ;
; CPU:inst|RegFile32:inst4|MultiplexerX:inst12|Y[3]~143                    ; 3       ;
; CPU:inst|RegFile32:inst4|MultiplexerX:inst12|Y[2]~123                    ; 3       ;
; CPU:inst|RegFile32:inst4|MultiplexerX:inst12|Y[1]~103                    ; 3       ;
; CPU:inst|RegFile32:inst4|MultiplexerX:inst12|Y[0]~83                     ; 3       ;
; CPU:inst|RegFile32:inst4|RegFile4:inst4|dc4:inst3|dc2:inst2|inst1~0      ; 3       ;
; CPU:inst|RegFile32:inst4|RegFile4:inst5|dc4:inst3|dc2:inst2|inst1~0      ; 3       ;
; CPU:inst|RegFile32:inst4|RegFile4:inst9|cd4:inst4|inst~4                 ; 3       ;
; CPU:inst|FetchFaza:inst24|RegisterX:inst2|data[11]                       ; 3       ;
; CPU:inst|FetchFaza:inst24|RegisterX:inst2|data[9]                        ; 3       ;
; CPU:inst|FetchFaza:inst24|RegisterX:inst2|data[8]                        ; 3       ;
; CPU:inst|FetchFaza:inst24|RegisterX:inst2|data[10]                       ; 3       ;
; CPU:inst|DecodeFaza:inst|inst50~0                                        ; 3       ;
; CPU:inst|DecodeFaza:inst|dc8:inst6|dc4:inst|dc2:inst|inst1~0             ; 3       ;
; CPU:inst|DecodeFaza:inst|inst7~4                                         ; 3       ;
; CPU:inst|DecodeFaza:inst|inst7~1                                         ; 3       ;
; CPU:inst|DecodeFaza:inst|inst97                                          ; 3       ;
; KPVGA:inst15|VGAPer:inst|RegisterX:inst10|data[4]                        ; 3       ;
; KPVGA:inst15|VGAPer:inst|RegisterX:inst10|data[3]                        ; 3       ;
; KPVGA:inst15|VGAPer:inst|RegisterX:inst10|data[2]                        ; 3       ;
; KPVGA:inst15|VGAPer:inst|RegisterX:inst10|data[1]                        ; 3       ;
; KPVGA:inst15|VGAPer:inst|RegisterX:inst10|data[0]                        ; 3       ;
; CPU:inst|CSRegFile:inst31|RegisterX:inst39|data[31]                      ; 3       ;
; CPU:inst|CSRegFile:inst31|RegisterX:inst39|data[0]                       ; 3       ;
; CPU:inst|CSRegFile:inst31|RegisterX:inst39|data[1]                       ; 3       ;
; CPU:inst|CSRegFile:inst31|RegisterX:inst39|data[2]                       ; 3       ;
; CPU:inst|CSRegFile:inst31|RegisterX:inst39|data[3]                       ; 3       ;
; CPU:inst|CSRegFile:inst31|RegisterX:inst39|data[4]                       ; 3       ;
; CPU:inst|CSRegFile:inst31|RegisterX:inst39|data[5]                       ; 3       ;
; CPU:inst|CSRegFile:inst31|RegisterX:inst39|data[6]                       ; 3       ;
; CPU:inst|CSRegFile:inst31|RegisterX:inst39|data[7]                       ; 3       ;
; CPU:inst|CSRegFile:inst31|RegisterX:inst39|data[8]                       ; 3       ;
; CPU:inst|CSRegFile:inst31|RegisterX:inst39|data[9]                       ; 3       ;
; CPU:inst|CSRegFile:inst31|RegisterX:inst39|data[10]                      ; 3       ;
; CPU:inst|CSRegFile:inst31|RegisterX:inst39|data[11]                      ; 3       ;
; CPU:inst|CSRegFile:inst31|RegisterX:inst39|data[12]                      ; 3       ;
; CPU:inst|CSRegFile:inst31|RegisterX:inst39|data[13]                      ; 3       ;
; CPU:inst|CSRegFile:inst31|RegisterX:inst39|data[14]                      ; 3       ;
; CPU:inst|CSRegFile:inst31|RegisterX:inst39|data[15]                      ; 3       ;
; CPU:inst|CSRegFile:inst31|RegisterX:inst39|data[16]                      ; 3       ;
; CPU:inst|CSRegFile:inst31|RegisterX:inst39|data[17]                      ; 3       ;
; CPU:inst|CSRegFile:inst31|RegisterX:inst39|data[18]                      ; 3       ;
; CPU:inst|CSRegFile:inst31|RegisterX:inst39|data[19]                      ; 3       ;
; CPU:inst|CSRegFile:inst31|RegisterX:inst39|data[20]                      ; 3       ;
; CPU:inst|CSRegFile:inst31|RegisterX:inst39|data[21]                      ; 3       ;
; CPU:inst|CSRegFile:inst31|RegisterX:inst39|data[22]                      ; 3       ;
; CPU:inst|CSRegFile:inst31|RegisterX:inst39|data[23]                      ; 3       ;
; CPU:inst|CSRegFile:inst31|RegisterX:inst39|data[24]                      ; 3       ;
; CPU:inst|CSRegFile:inst31|RegisterX:inst39|data[25]                      ; 3       ;
; CPU:inst|CSRegFile:inst31|RegisterX:inst39|data[26]                      ; 3       ;
; CPU:inst|CSRegFile:inst31|RegisterX:inst39|data[27]                      ; 3       ;
; CPU:inst|CSRegFile:inst31|RegisterX:inst39|data[28]                      ; 3       ;
; CPU:inst|CSRegFile:inst31|RegisterX:inst39|data[29]                      ; 3       ;
; CPU:inst|CSRegFile:inst31|RegisterX:inst39|data[30]                      ; 3       ;
; PS2_DATA~input                                                           ; 2       ;
; CPU:inst|CSRegFile:inst31|inst38~3                                       ; 2       ;
; CPU:inst|ExecuteFaza:inst46|MultiplexerX:inst60|Y[20]~121                ; 2       ;
; KPVGA:inst15|VGAPer:inst|ComparatorX:inst73|Equal0~6                     ; 2       ;
; CPU:inst|ExecuteFaza:inst46|ALUX:inst|ShiftLeft0~99                      ; 2       ;
; KPTastature:inst11|KeyFetch:inst|inst10                                  ; 2       ;
; KPTastature:inst11|KeyFetch:inst|inst11                                  ; 2       ;
; KPTastature:inst11|KeyFetch:inst|inst12                                  ; 2       ;
; KPTastature:inst11|KeyFetch:inst|inst13                                  ; 2       ;
; KPTastature:inst11|KeyFetch:inst|inst14                                  ; 2       ;
; KPTastature:inst11|KeyFetch:inst|inst15                                  ; 2       ;
; KPTastature:inst11|KeyFetch:inst|inst16                                  ; 2       ;
; KPTastature:inst11|KeyFetch:inst|inst17                                  ; 2       ;
; KPTastature:inst11|KeyFetch:inst|inst18                                  ; 2       ;
; KPTastature:inst11|KeyFetch:inst|Debouncer:inst39|Register:inst4|inst    ; 2       ;
; KPTastature:inst11|KeyFetch:inst|inst19                                  ; 2       ;
; KPTastature:inst11|KeyFetch:inst|inst                                    ; 2       ;
; KPVGA:inst15|inst38                                                      ; 2       ;
; KPTastature:inst11|KeyFetch:inst|inst4                                   ; 2       ;
; KPTastature:inst11|KeyFetch:inst|inst7                                   ; 2       ;
; KPTastature:inst11|KeyFetch:inst|inst6                                   ; 2       ;
; KPTastature:inst11|KeyFetch:inst|inst5                                   ; 2       ;
; KPTastature:inst11|KeyFetch:inst|inst2                                   ; 2       ;
; KPTastature:inst11|KeyFetch:inst|inst3                                   ; 2       ;
; KPTastature:inst11|KeyFetch:inst|RisingEdgeDetector:inst38|inst1         ; 2       ;
; KPTastature:inst11|KeyFetch:inst|inst1                                   ; 2       ;
; KPVGA:inst15|RegisterX:inst31|data_next[7]~6                             ; 2       ;
; KPVGA:inst15|RegisterX:inst31|data_next[6]~5                             ; 2       ;
; KPVGA:inst15|RegisterX:inst31|data_next[5]~4                             ; 2       ;
; KPVGA:inst15|RegisterX:inst31|data_next[4]~3                             ; 2       ;
; KPVGA:inst15|RegisterX:inst31|data_next[2]~2                             ; 2       ;
; KPVGA:inst15|RegisterX:inst31|data_next[1]~1                             ; 2       ;
; KPVGA:inst15|RegisterX:inst31|data_next[0]~0                             ; 2       ;
; KPVGA:inst15|RegisterX:inst30|data_next[3]~0                             ; 2       ;
; KPVGA:inst15|inst40                                                      ; 2       ;
; KPVGA:inst15|inst40~0                                                    ; 2       ;
; KPVGA:inst15|inst41                                                      ; 2       ;
; KPTastature:inst11|RisingEdgeDetector:inst48|inst                        ; 2       ;
; KPTastature:inst11|inst9                                                 ; 2       ;
; KPTastature:inst11|inst8                                                 ; 2       ;
; KPTastature:inst11|KeyFetch:inst|inst37                                  ; 2       ;
; KPTastature:inst11|KeyFetch:inst|inst36                                  ; 2       ;
; KPTastature:inst11|KeyFetch:inst|inst35                                  ; 2       ;
; KPTastature:inst11|KeyFetch:inst|inst34                                  ; 2       ;
; KPTastature:inst11|KeyFetch:inst|inst31                                  ; 2       ;
; KPTastature:inst11|KeyFetch:inst|inst32                                  ; 2       ;
; KPTastature:inst11|KeyFetch:inst|inst30                                  ; 2       ;
; KPVGA:inst15|VGAPer:inst|inst69~0                                        ; 2       ;
; KPVGA:inst15|VGAPer:inst|ComparatorX:inst72|Equal0~0                     ; 2       ;
; KPVGA:inst15|VGAPer:inst|ComparatorX:inst71|Equal0~3                     ; 2       ;
; KPVGA:inst15|VGAPer:inst|ComparatorX:inst71|Equal0~2                     ; 2       ;
; KPVGA:inst15|inst51~0                                                    ; 2       ;
; KPVGA:inst15|VGAPer:inst|inst33                                          ; 2       ;
; KPVGA:inst15|VGAPer:inst|ComparatorX:inst32|Equal0~0                     ; 2       ;
; KPVGA:inst15|VGAPer:inst|Controller:inst4|ComparatorX:inst18|LessThan1~1 ; 2       ;
; KPVGA:inst15|inst12                                                      ; 2       ;
; KPVGA:inst15|RisingEdgeDetector:inst48|inst                              ; 2       ;
; CPU:inst|ExecuteFaza:inst46|inst113~0                                    ; 2       ;
; CPU:inst|ExecuteFaza:inst46|inst114~0                                    ; 2       ;
; CPU:inst|FetchFaza:inst24|inst76~0                                       ; 2       ;
; CPU:inst|inst55~0                                                        ; 2       ;
; CPU:inst|pulse_gen:inst64|pulse                                          ; 2       ;
; CPU:inst|CSRegFile:inst31|RegisterX:inst1|data[31]                       ; 2       ;
; CPU:inst|CSRegFile:inst31|RegisterX:inst2|data[31]                       ; 2       ;
; CPU:inst|CSRegFile:inst31|RegisterX:inst1|data[1]                        ; 2       ;
; CPU:inst|CSRegFile:inst31|RegisterX:inst2|data[1]                        ; 2       ;
; CPU:inst|CSRegFile:inst31|RegisterX:inst1|data[2]                        ; 2       ;
; CPU:inst|CSRegFile:inst31|RegisterX:inst2|data[2]                        ; 2       ;
; CPU:inst|CSRegFile:inst31|RegisterX:inst1|data[3]                        ; 2       ;
; CPU:inst|CSRegFile:inst31|RegisterX:inst2|data[3]                        ; 2       ;
; CPU:inst|CSRegFile:inst31|RegisterX:inst1|data[4]                        ; 2       ;
; CPU:inst|CSRegFile:inst31|RegisterX:inst2|data[4]                        ; 2       ;
; CPU:inst|CSRegFile:inst31|RegisterX:inst1|data[5]                        ; 2       ;
; CPU:inst|CSRegFile:inst31|RegisterX:inst1|data[6]                        ; 2       ;
; CPU:inst|RegFile32:inst4|MultiplexerX:inst12|Y[7]~703                    ; 2       ;
; CPU:inst|CSRegFile:inst31|RegisterX:inst1|data[7]                        ; 2       ;
; CPU:inst|RegFile32:inst4|MultiplexerX:inst12|Y[8]~683                    ; 2       ;
; CPU:inst|CSRegFile:inst31|RegisterX:inst1|data[8]                        ; 2       ;
; CPU:inst|RegFile32:inst4|MultiplexerX:inst12|Y[9]~663                    ; 2       ;
; CPU:inst|CSRegFile:inst31|RegisterX:inst1|data[9]                        ; 2       ;
; CPU:inst|RegFile32:inst4|MultiplexerX:inst12|Y[10]~643                   ; 2       ;
; CPU:inst|CSRegFile:inst31|RegisterX:inst1|data[10]                       ; 2       ;
; CPU:inst|CSRegFile:inst31|RegisterX:inst74|data[0]                       ; 2       ;
; CPU:inst|RegFile32:inst4|MultiplexerX:inst12|Y[11]~623                   ; 2       ;
; CPU:inst|CSRegFile:inst31|RegisterX:inst1|data[11]                       ; 2       ;
; CPU:inst|RegFile32:inst4|MultiplexerX:inst12|Y[12]~603                   ; 2       ;
; CPU:inst|CSRegFile:inst31|RegisterX:inst1|data[12]                       ; 2       ;
; CPU:inst|RegFile32:inst4|MultiplexerX:inst12|Y[13]~583                   ; 2       ;
; CPU:inst|CSRegFile:inst31|RegisterX:inst1|data[13]                       ; 2       ;
; CPU:inst|RegFile32:inst4|MultiplexerX:inst12|Y[14]~563                   ; 2       ;
; CPU:inst|CSRegFile:inst31|RegisterX:inst1|data[14]                       ; 2       ;
; CPU:inst|RegFile32:inst4|MultiplexerX:inst12|Y[15]~543                   ; 2       ;
; CPU:inst|CSRegFile:inst31|RegisterX:inst1|data[15]                       ; 2       ;
; CPU:inst|RegFile32:inst4|MultiplexerX:inst12|Y[16]~523                   ; 2       ;
; CPU:inst|CSRegFile:inst31|RegisterX:inst1|data[16]                       ; 2       ;
; CPU:inst|RegFile32:inst4|MultiplexerX:inst12|Y[17]~503                   ; 2       ;
; CPU:inst|CSRegFile:inst31|RegisterX:inst1|data[17]                       ; 2       ;
; CPU:inst|RegFile32:inst4|MultiplexerX:inst12|Y[18]~483                   ; 2       ;
; CPU:inst|CSRegFile:inst31|RegisterX:inst1|data[18]                       ; 2       ;
; CPU:inst|RegFile32:inst4|MultiplexerX:inst12|Y[19]~463                   ; 2       ;
; CPU:inst|CSRegFile:inst31|RegisterX:inst1|data[19]                       ; 2       ;
; CPU:inst|RegFile32:inst4|MultiplexerX:inst12|Y[20]~443                   ; 2       ;
; CPU:inst|CSRegFile:inst31|RegisterX:inst1|data[20]                       ; 2       ;
; CPU:inst|RegFile32:inst4|MultiplexerX:inst12|Y[21]~423                   ; 2       ;
; CPU:inst|CSRegFile:inst31|RegisterX:inst1|data[21]                       ; 2       ;
; CPU:inst|RegFile32:inst4|MultiplexerX:inst12|Y[22]~403                   ; 2       ;
; CPU:inst|CSRegFile:inst31|RegisterX:inst1|data[22]                       ; 2       ;
; CPU:inst|RegFile32:inst4|MultiplexerX:inst12|Y[23]~383                   ; 2       ;
; CPU:inst|CSRegFile:inst31|RegisterX:inst1|data[23]                       ; 2       ;
; CPU:inst|RegFile32:inst4|MultiplexerX:inst12|Y[24]~363                   ; 2       ;
; CPU:inst|CSRegFile:inst31|RegisterX:inst1|data[24]                       ; 2       ;
; CPU:inst|RegFile32:inst4|MultiplexerX:inst12|Y[25]~343                   ; 2       ;
; CPU:inst|CSRegFile:inst31|RegisterX:inst1|data[25]                       ; 2       ;
; CPU:inst|RegFile32:inst4|MultiplexerX:inst12|Y[26]~323                   ; 2       ;
; CPU:inst|CSRegFile:inst31|RegisterX:inst1|data[26]                       ; 2       ;
; CPU:inst|RegFile32:inst4|MultiplexerX:inst12|Y[27]~303                   ; 2       ;
; CPU:inst|CSRegFile:inst31|RegisterX:inst1|data[27]                       ; 2       ;
; CPU:inst|RegFile32:inst4|MultiplexerX:inst12|Y[28]~283                   ; 2       ;
; CPU:inst|CSRegFile:inst31|RegisterX:inst1|data[28]                       ; 2       ;
; CPU:inst|RegFile32:inst4|MultiplexerX:inst12|Y[29]~263                   ; 2       ;
; CPU:inst|CSRegFile:inst31|RegisterX:inst1|data[29]                       ; 2       ;
; CPU:inst|RegFile32:inst4|MultiplexerX:inst12|Y[30]~243                   ; 2       ;
; CPU:inst|inst6                                                           ; 2       ;
; CPU:inst|CSRegFile:inst31|RegisterX:inst1|data[30]                       ; 2       ;
; CPU:inst|RegFile32:inst4|MultiplexerX:inst12|Y[31]~223                   ; 2       ;
; CPU:inst|ExecuteFaza:inst46|MultiplexerX:inst75|Y[31]~0                  ; 2       ;
; CPU:inst|ExecuteFaza:inst46|MultiplexerX:inst77|Y[31]~0                  ; 2       ;
; CPU:inst|inst32~4                                                        ; 2       ;
; CPU:inst|CSRegFile:inst31|RegisterX:inst1|data[0]                        ; 2       ;
; CPU:inst|CSRegFile:inst31|RegisterX:inst2|data[0]                        ; 2       ;
; CPU:inst|ExecuteFaza:inst46|ALUX:inst|F~39                               ; 2       ;
; CPU:inst|ExecuteFaza:inst46|ALUX:inst|ShiftLeft0~95                      ; 2       ;
; CPU:inst|ExecuteFaza:inst46|ALUX:inst|ShiftLeft0~94                      ; 2       ;
; CPU:inst|ExecuteFaza:inst46|ALUX:inst|ShiftRight1~54                     ; 2       ;
; CPU:inst|ExecuteFaza:inst46|ALUX:inst|Mux8~13                            ; 2       ;
; CPU:inst|ExecuteFaza:inst46|ALUX:inst|Mux8~9                             ; 2       ;
; CPU:inst|ExecuteFaza:inst46|ALUX:inst|F~30                               ; 2       ;
; CPU:inst|ExecuteFaza:inst46|ALUX:inst|ShiftRight0~68                     ; 2       ;
; CPU:inst|RegisterX:inst23|data[31]~40                                    ; 2       ;
; CPU:inst|RegisterX:inst23|data[29]~36                                    ; 2       ;
; CPU:inst|ExecuteFaza:inst46|ALUX:inst|Mux2~6                             ; 2       ;
; CPU:inst|ExecuteFaza:inst46|ALUX:inst|ShiftLeft0~92                      ; 2       ;
; CPU:inst|ExecuteFaza:inst46|ALUX:inst|Mux1~9                             ; 2       ;
; CPU:inst|ExecuteFaza:inst46|ALUX:inst|Mux1~7                             ; 2       ;
; CPU:inst|ExecuteFaza:inst46|ALUX:inst|ShiftLeft0~91                      ; 2       ;
; CPU:inst|ExecuteFaza:inst46|ALUX:inst|Mux3~5                             ; 2       ;
; CPU:inst|ExecuteFaza:inst46|ALUX:inst|Mux3~3                             ; 2       ;
; CPU:inst|ExecuteFaza:inst46|ALUX:inst|ShiftLeft0~90                      ; 2       ;
; CPU:inst|ExecuteFaza:inst46|ALUX:inst|ShiftLeft0~89                      ; 2       ;
; CPU:inst|ExecuteFaza:inst46|MultiplexerX:inst60|Y[27]~62                 ; 2       ;
; CPU:inst|ExecuteFaza:inst46|ALUX:inst|ShiftLeft0~88                      ; 2       ;
; CPU:inst|ExecuteFaza:inst46|ALUX:inst|ShiftRight0~67                     ; 2       ;
; CPU:inst|ExecuteFaza:inst46|ALUX:inst|ShiftRight1~53                     ; 2       ;
; CPU:inst|ExecuteFaza:inst46|ALUX:inst|ShiftLeft0~87                      ; 2       ;
; CPU:inst|ExecuteFaza:inst46|ALUX:inst|ShiftLeft0~86                      ; 2       ;
; CPU:inst|ExecuteFaza:inst46|ALUX:inst|ShiftLeft0~85                      ; 2       ;
; CPU:inst|ExecuteFaza:inst46|ALUX:inst|ShiftLeft0~84                      ; 2       ;
; CPU:inst|ExecuteFaza:inst46|ALUX:inst|ShiftLeft0~83                      ; 2       ;
; CPU:inst|ExecuteFaza:inst46|ALUX:inst|ShiftLeft0~82                      ; 2       ;
; CPU:inst|ExecuteFaza:inst46|ALUX:inst|ShiftLeft0~81                      ; 2       ;
; CPU:inst|ExecuteFaza:inst46|ALUX:inst|ShiftLeft0~80                      ; 2       ;
; CPU:inst|ExecuteFaza:inst46|ALUX:inst|ShiftLeft0~79                      ; 2       ;
; CPU:inst|ExecuteFaza:inst46|ALUX:inst|ShiftLeft0~78                      ; 2       ;
; CPU:inst|ExecuteFaza:inst46|ALUX:inst|ShiftLeft0~77                      ; 2       ;
; CPU:inst|ExecuteFaza:inst46|ALUX:inst|ShiftLeft0~75                      ; 2       ;
; CPU:inst|ExecuteFaza:inst46|ALUX:inst|ShiftLeft0~74                      ; 2       ;
; CPU:inst|ExecuteFaza:inst46|ALUX:inst|ShiftLeft0~73                      ; 2       ;
; CPU:inst|ExecuteFaza:inst46|ALUX:inst|ShiftLeft0~72                      ; 2       ;
; CPU:inst|ExecuteFaza:inst46|ALUX:inst|ShiftRight0~66                     ; 2       ;
; CPU:inst|ExecuteFaza:inst46|ALUX:inst|ShiftRight1~52                     ; 2       ;
; CPU:inst|ExecuteFaza:inst46|ALUX:inst|ShiftLeft0~71                      ; 2       ;
; CPU:inst|ExecuteFaza:inst46|ALUX:inst|ShiftLeft0~70                      ; 2       ;
; CPU:inst|ExecuteFaza:inst46|ALUX:inst|ShiftLeft0~69                      ; 2       ;
; CPU:inst|ExecuteFaza:inst46|ALUX:inst|ShiftLeft0~67                      ; 2       ;
; CPU:inst|ExecuteFaza:inst46|ALUX:inst|ShiftRight0~65                     ; 2       ;
; CPU:inst|ExecuteFaza:inst46|ALUX:inst|ShiftRight1~51                     ; 2       ;
; CPU:inst|ExecuteFaza:inst46|ALUX:inst|ShiftLeft0~65                      ; 2       ;
; CPU:inst|ExecuteFaza:inst46|ALUX:inst|ShiftLeft0~64                      ; 2       ;
; CPU:inst|ExecuteFaza:inst46|ALUX:inst|ShiftLeft0~63                      ; 2       ;
; CPU:inst|ExecuteFaza:inst46|ALUX:inst|ShiftLeft0~62                      ; 2       ;
; CPU:inst|ExecuteFaza:inst46|ALUX:inst|ShiftLeft0~61                      ; 2       ;
; KPTastature:inst11|RegisterX:inst29|data[1]                              ; 2       ;
; CPU:inst|ExecuteFaza:inst46|ALUX:inst|ShiftLeft0~58                      ; 2       ;
; CPU:inst|ExecuteFaza:inst46|ALUX:inst|ShiftLeft0~57                      ; 2       ;
; CPU:inst|ExecuteFaza:inst46|ALUX:inst|ShiftLeft0~56                      ; 2       ;
; CPU:inst|ExecuteFaza:inst46|ALUX:inst|ShiftLeft0~55                      ; 2       ;
; CPU:inst|ExecuteFaza:inst46|ALUX:inst|ShiftLeft0~54                      ; 2       ;
; CPU:inst|ExecuteFaza:inst46|ALUX:inst|ShiftLeft0~53                      ; 2       ;
; CPU:inst|ExecuteFaza:inst46|ALUX:inst|ShiftLeft0~52                      ; 2       ;
; CPU:inst|ExecuteFaza:inst46|ALUX:inst|ShiftLeft0~51                      ; 2       ;
; CPU:inst|ExecuteFaza:inst46|ALUX:inst|ShiftLeft0~50                      ; 2       ;
; CPU:inst|ExecuteFaza:inst46|ALUX:inst|ShiftLeft0~49                      ; 2       ;
; CPU:inst|ExecuteFaza:inst46|ALUX:inst|ShiftLeft0~46                      ; 2       ;
; CPU:inst|FetchFaza:inst24|inst10                                         ; 2       ;
; CPU:inst|ExecuteFaza:inst46|inst67                                       ; 2       ;
; CPU:inst|ExecuteFaza:inst46|MultiplexerX:inst60|Y[7]~43                  ; 2       ;
; CPU:inst|ExecuteFaza:inst46|ALUX:inst|ShiftRight1~48                     ; 2       ;
; CPU:inst|ExecuteFaza:inst46|ALUX:inst|ShiftRight0~62                     ; 2       ;
; CPU:inst|ExecuteFaza:inst46|ALUX:inst|ShiftRight0~61                     ; 2       ;
; CPU:inst|ExecuteFaza:inst46|ALUX:inst|ShiftRight0~60                     ; 2       ;
; CPU:inst|ExecuteFaza:inst46|ALUX:inst|Mux26~9                            ; 2       ;
; CPU:inst|ExecuteFaza:inst46|ALUX:inst|ShiftLeft0~44                      ; 2       ;
; CPU:inst|ExecuteFaza:inst46|ALUX:inst|ShiftLeft0~43                      ; 2       ;
; CPU:inst|ExecuteFaza:inst46|ALUX:inst|ShiftRight0~57                     ; 2       ;
; CPU:inst|ExecuteFaza:inst46|ALUX:inst|ShiftRight1~47                     ; 2       ;
; CPU:inst|CSRegFile:inst31|inst48~2                                       ; 2       ;
; CPU:inst|InterruptFaza:inst12|inst66                                     ; 2       ;
; CPU:inst|InterruptFaza:inst12|inst67                                     ; 2       ;
; CPU:inst|ExecuteFaza:inst46|ALUX:inst|ShiftRight1~46                     ; 2       ;
; CPU:inst|ExecuteFaza:inst46|ALUX:inst|ShiftRight1~45                     ; 2       ;
; CPU:inst|ExecuteFaza:inst46|ALUX:inst|ShiftRight0~56                     ; 2       ;
; CPU:inst|ExecuteFaza:inst46|ALUX:inst|ShiftRight0~55                     ; 2       ;
; CPU:inst|ExecuteFaza:inst46|ALUX:inst|ShiftLeft0~42                      ; 2       ;
; CPU:inst|ExecuteFaza:inst46|ALUX:inst|ShiftLeft0~38                      ; 2       ;
; CPU:inst|ExecuteFaza:inst46|ALUX:inst|ShiftRight1~44                     ; 2       ;
; CPU:inst|ExecuteFaza:inst46|ALUX:inst|ShiftRight1~43                     ; 2       ;
; CPU:inst|ExecuteFaza:inst46|ALUX:inst|ShiftRight0~53                     ; 2       ;
; CPU:inst|ExecuteFaza:inst46|ALUX:inst|ShiftRight0~52                     ; 2       ;
; CPU:inst|ExecuteFaza:inst46|ALUX:inst|ShiftRight1~42                     ; 2       ;
; CPU:inst|ExecuteFaza:inst46|ALUX:inst|ShiftRight0~50                     ; 2       ;
; CPU:inst|ExecuteFaza:inst46|ALUX:inst|ShiftRight0~49                     ; 2       ;
; CPU:inst|ExecuteFaza:inst46|ALUX:inst|ShiftLeft0~36                      ; 2       ;
; CPU:inst|ExecuteFaza:inst46|ALUX:inst|ShiftLeft0~34                      ; 2       ;
; CPU:inst|ExecuteFaza:inst46|ALUX:inst|ShiftRight0~47                     ; 2       ;
; CPU:inst|ExecuteFaza:inst46|ALUX:inst|ShiftRight1~40                     ; 2       ;
; CPU:inst|ExecuteFaza:inst46|ALUX:inst|ShiftRight1~39                     ; 2       ;
; CPU:inst|ExecuteFaza:inst46|ALUX:inst|ShiftRight1~38                     ; 2       ;
; CPU:inst|ExecuteFaza:inst46|ALUX:inst|ShiftRight0~46                     ; 2       ;
; CPU:inst|ExecuteFaza:inst46|ALUX:inst|ShiftRight0~45                     ; 2       ;
; CPU:inst|ExecuteFaza:inst46|ALUX:inst|ShiftRight1~37                     ; 2       ;
; CPU:inst|ExecuteFaza:inst46|ALUX:inst|ShiftRight1~36                     ; 2       ;
; CPU:inst|ExecuteFaza:inst46|ALUX:inst|ShiftRight1~35                     ; 2       ;
; CPU:inst|ExecuteFaza:inst46|ALUX:inst|ShiftLeft0~32                      ; 2       ;
; CPU:inst|ExecuteFaza:inst46|ALUX:inst|ShiftRight0~42                     ; 2       ;
; CPU:inst|ExecuteFaza:inst46|ALUX:inst|ShiftRight1~31                     ; 2       ;
; CPU:inst|ExecuteFaza:inst46|ALUX:inst|ShiftRight1~29                     ; 2       ;
; CPU:inst|ExecuteFaza:inst46|ALUX:inst|ShiftRight1~28                     ; 2       ;
; CPU:inst|ExecuteFaza:inst46|ALUX:inst|ShiftRight1~27                     ; 2       ;
; CPU:inst|ExecuteFaza:inst46|ALUX:inst|ShiftRight0~41                     ; 2       ;
; CPU:inst|ExecuteFaza:inst46|ALUX:inst|ShiftRight0~40                     ; 2       ;
; CPU:inst|ExecuteFaza:inst46|ALUX:inst|ShiftRight1~25                     ; 2       ;
; CPU:inst|ExecuteFaza:inst46|ALUX:inst|ShiftRight1~24                     ; 2       ;
; CPU:inst|ExecuteFaza:inst46|ALUX:inst|ShiftRight1~23                     ; 2       ;
+--------------------------------------------------------------------------+---------+


+------------------------------------------------------------------------------------------------------------------------------------------------------------------------------------------------------------------------------------------------------------------------------------------------------------------------------------------------------------------------------------------------------------------------------------------------------------------------------------------------------------------------------------------------------------------------------------------------------------------------------------------------------------------------------------------------------------------------------------------------------------------------------------------------------------------------------------------------------------------------------------------------------------------------------------------------------------------------------------------------------------------------------------------------------------------------------------------------------------------------+
; Fitter RAM Summary                                                                                                                                                                                                                                                                                                                                                                                                                                                                                                                                                                                                                                                                                                                                                                                                                                                                                                                                                                                                                                                                                                     ;
+-------------------------------------------------------------------------------------------------------------------+------+-------------+--------------+--------------+--------------+--------------+--------------+------------------------+-------------------------+------------------------+-------------------------+--------+-----------------------------+-----------------------------+-----------------------------+-----------------------------+---------------------+------+--------------------+--------------------------------------------------------------------------------------------------------------------------------------------------------------------------------------------------------------------------------------------------------------------------------------------------------------------------------------------------------------------------------------------------------------------------------------------------------------------------------------------------------------------------------+----------------------+-----------------+-----------------+---------------+
; Name                                                                                                              ; Type ; Mode        ; Clock Mode   ; Port A Depth ; Port A Width ; Port B Depth ; Port B Width ; Port A Input Registers ; Port A Output Registers ; Port B Input Registers ; Port B Output Registers ; Size   ; Implementation Port A Depth ; Implementation Port A Width ; Implementation Port B Depth ; Implementation Port B Width ; Implementation Bits ; M9Ks ; MIF                ; Location                                                                                                                                                                                                                                                                                                                                                                                                                                                                                                                       ; Mixed Width RDW Mode ; Port A RDW Mode ; Port B RDW Mode ; Fits in MLABs ;
+-------------------------------------------------------------------------------------------------------------------+------+-------------+--------------+--------------+--------------+--------------+--------------+------------------------+-------------------------+------------------------+-------------------------+--------+-----------------------------+-----------------------------+-----------------------------+-----------------------------+---------------------+------+--------------------+--------------------------------------------------------------------------------------------------------------------------------------------------------------------------------------------------------------------------------------------------------------------------------------------------------------------------------------------------------------------------------------------------------------------------------------------------------------------------------------------------------------------------------+----------------------+-----------------+-----------------+---------------+
; KPVGA:inst15|VGAPer:inst|VideoRAM:inst9|altsyncram:altsyncram_component|altsyncram_tat3:auto_generated|ALTSYNCRAM ; AUTO ; Single Port ; Single Clock ; 256          ; 12           ; --           ; --           ; yes                    ; no                      ; --                     ; --                      ; 3072   ; 256                         ; 12                          ; --                          ; --                          ; 3072                ; 1    ; ../tetrisScene.mif ; M9K_X13_Y18_N0                                                                                                                                                                                                                                                                                                                                                                                                                                                                                                                 ; Don't care           ; Old data        ; Old data        ; No - Unknown  ;
; memTest:inst9|altsyncram:altsyncram_component|altsyncram_dos3:auto_generated|ALTSYNCRAM                           ; M9K  ; Single Port ; Single Clock ; 8192         ; 32           ; --           ; --           ; yes                    ; no                      ; --                     ; --                      ; 262144 ; 8192                        ; 32                          ; --                          ; --                          ; 262144              ; 32   ; ../tetris.mif      ; M9K_X13_Y17_N0, M9K_X13_Y12_N0, M9K_X13_Y21_N0, M9K_X13_Y22_N0, M9K_X13_Y24_N0, M9K_X13_Y25_N0, M9K_X13_Y23_N0, M9K_X13_Y19_N0, M9K_X13_Y20_N0, M9K_X25_Y20_N0, M9K_X25_Y26_N0, M9K_X25_Y19_N0, M9K_X25_Y23_N0, M9K_X25_Y13_N0, M9K_X25_Y27_N0, M9K_X25_Y12_N0, M9K_X25_Y24_N0, M9K_X13_Y13_N0, M9K_X13_Y15_N0, M9K_X25_Y18_N0, M9K_X13_Y16_N0, M9K_X25_Y14_N0, M9K_X25_Y21_N0, M9K_X13_Y26_N0, M9K_X13_Y11_N0, M9K_X25_Y15_N0, M9K_X13_Y27_N0, M9K_X25_Y17_N0, M9K_X25_Y22_N0, M9K_X25_Y25_N0, M9K_X25_Y16_N0, M9K_X13_Y14_N0 ; Don't care           ; Old data        ; Old data        ; Yes           ;
+-------------------------------------------------------------------------------------------------------------------+------+-------------+--------------+--------------+--------------+--------------+--------------+------------------------+-------------------------+------------------------+-------------------------+--------+-----------------------------+-----------------------------+-----------------------------+-----------------------------+---------------------+------+--------------------+--------------------------------------------------------------------------------------------------------------------------------------------------------------------------------------------------------------------------------------------------------------------------------------------------------------------------------------------------------------------------------------------------------------------------------------------------------------------------------------------------------------------------------+----------------------+-----------------+-----------------+---------------+
Note: Fitter may spread logical memories into multiple blocks to improve timing. The actual required RAM blocks can be found in the Fitter Resource Usage section.


RAM content values are presented in the following format: (Binary) (Octal) (Decimal) (Hexadecimal) 
+------------------------------------------------------------------------------------------------------------------------------------------------------------------------------------------------------------------------------------------------------------------+
; |Testiranje|KPVGA:inst15|VGAPer:inst|VideoRAM:inst9|altsyncram:altsyncram_component|altsyncram_tat3:auto_generated|ALTSYNCRAM                                                                                                                                    ;
+------------------------------------------------------------------------------------------------------------------------------------------------------------------------------------------------------------------------------------------------------------------+
;   Addr   ;              +0              ;              +1              ;              +2              ;              +3              ;              +4              ;              +5              ;              +6              ;              +7              ;
+----------+------------------------------+------------------------------+------------------------------+------------------------------+------------------------------+------------------------------+------------------------------+------------------------------+
;0;(000000000000) (0) (0) (00)    ;(000000000000) (0) (0) (00)   ;(000000000000) (0) (0) (00)   ;(000000000000) (0) (0) (00)   ;(000000000000) (0) (0) (00)   ;(000000000000) (0) (0) (00)   ;(000000000000) (0) (0) (00)   ;(000000000000) (0) (0) (00)   ;
;8;(000000000000) (0) (0) (00)    ;(000000000000) (0) (0) (00)   ;(000000000000) (0) (0) (00)   ;(000000000000) (0) (0) (00)   ;(000000000000) (0) (0) (00)   ;(000000000000) (0) (0) (00)   ;(000000000000) (0) (0) (00)   ;(000000000000) (0) (0) (00)   ;
;16;(000000000000) (0) (0) (00)    ;(000000000000) (0) (0) (00)   ;(000000000000) (0) (0) (00)   ;(000000000000) (0) (0) (00)   ;(000000000000) (0) (0) (00)   ;(000000000000) (0) (0) (00)   ;(000000000000) (0) (0) (00)   ;(000000000000) (0) (0) (00)   ;
;24;(101000001111) (5017) (2575) (A0F)    ;(000000000000) (0) (0) (00)   ;(000000000000) (0) (0) (00)   ;(000000000000) (0) (0) (00)   ;(000000000000) (0) (0) (00)   ;(000000000000) (0) (0) (00)   ;(000000000000) (0) (0) (00)   ;(000000000000) (0) (0) (00)   ;
;32;(000000000000) (0) (0) (00)    ;(101000001111) (5017) (2575) (A0F)   ;(101000001111) (5017) (2575) (A0F)   ;(101000001111) (5017) (2575) (A0F)   ;(000000000000) (0) (0) (00)   ;(000000000000) (0) (0) (00)   ;(000000000000) (0) (0) (00)   ;(000000000000) (0) (0) (00)   ;
;40;(000000000000) (0) (0) (00)    ;(000000000000) (0) (0) (00)   ;(000000000000) (0) (0) (00)   ;(000000000000) (0) (0) (00)   ;(000000000000) (0) (0) (00)   ;(000000000000) (0) (0) (00)   ;(000000000000) (0) (0) (00)   ;(000000000000) (0) (0) (00)   ;
;48;(000000000000) (0) (0) (00)    ;(000000000000) (0) (0) (00)   ;(000000000000) (0) (0) (00)   ;(000000000000) (0) (0) (00)   ;(000000000000) (0) (0) (00)   ;(000000000000) (0) (0) (00)   ;(000000000000) (0) (0) (00)   ;(000000000000) (0) (0) (00)   ;
;56;(000000000000) (0) (0) (00)    ;(000000000000) (0) (0) (00)   ;(000000000000) (0) (0) (00)   ;(000000000000) (0) (0) (00)   ;(000000000000) (0) (0) (00)   ;(000000000000) (0) (0) (00)   ;(000000000000) (0) (0) (00)   ;(000000000000) (0) (0) (00)   ;
;64;(000000000000) (0) (0) (00)    ;(000000000000) (0) (0) (00)   ;(000000000000) (0) (0) (00)   ;(000000000000) (0) (0) (00)   ;(000000000000) (0) (0) (00)   ;(000000000000) (0) (0) (00)   ;(000000000000) (0) (0) (00)   ;(000000000000) (0) (0) (00)   ;
;72;(000000000000) (0) (0) (00)    ;(000000000000) (0) (0) (00)   ;(000000000000) (0) (0) (00)   ;(000000000000) (0) (0) (00)   ;(000000000000) (0) (0) (00)   ;(000000000000) (0) (0) (00)   ;(000000000000) (0) (0) (00)   ;(000000000000) (0) (0) (00)   ;
;80;(000000000000) (0) (0) (00)    ;(000000000000) (0) (0) (00)   ;(000000000000) (0) (0) (00)   ;(000000000000) (0) (0) (00)   ;(000000000000) (0) (0) (00)   ;(000000000000) (0) (0) (00)   ;(000000000000) (0) (0) (00)   ;(000000000000) (0) (0) (00)   ;
;88;(000000000000) (0) (0) (00)    ;(000000000000) (0) (0) (00)   ;(000000000000) (0) (0) (00)   ;(000000000000) (0) (0) (00)   ;(000000000000) (0) (0) (00)   ;(000000000000) (0) (0) (00)   ;(000000000000) (0) (0) (00)   ;(000000000000) (0) (0) (00)   ;
;96;(000000000000) (0) (0) (00)    ;(000000000000) (0) (0) (00)   ;(000000000000) (0) (0) (00)   ;(000000000000) (0) (0) (00)   ;(000000000000) (0) (0) (00)   ;(000000000000) (0) (0) (00)   ;(000000000000) (0) (0) (00)   ;(000000000000) (0) (0) (00)   ;
;104;(000000000000) (0) (0) (00)    ;(000000000000) (0) (0) (00)   ;(000000000000) (0) (0) (00)   ;(000000000000) (0) (0) (00)   ;(000000000000) (0) (0) (00)   ;(000000000000) (0) (0) (00)   ;(000000000000) (0) (0) (00)   ;(000000000000) (0) (0) (00)   ;
;112;(000000000000) (0) (0) (00)    ;(000000000000) (0) (0) (00)   ;(000000000000) (0) (0) (00)   ;(000000000000) (0) (0) (00)   ;(000000000000) (0) (0) (00)   ;(000000000000) (0) (0) (00)   ;(000000000000) (0) (0) (00)   ;(000000000000) (0) (0) (00)   ;
;120;(000000000000) (0) (0) (00)    ;(000000000000) (0) (0) (00)   ;(000000000000) (0) (0) (00)   ;(000000000000) (0) (0) (00)   ;(000000000000) (0) (0) (00)   ;(000000000000) (0) (0) (00)   ;(000000000000) (0) (0) (00)   ;(000000000000) (0) (0) (00)   ;
;128;(000000000000) (0) (0) (00)    ;(000000000000) (0) (0) (00)   ;(000000000000) (0) (0) (00)   ;(000000000000) (0) (0) (00)   ;(000000000000) (0) (0) (00)   ;(000000000000) (0) (0) (00)   ;(000000000000) (0) (0) (00)   ;(000000000000) (0) (0) (00)   ;
;136;(000000000000) (0) (0) (00)    ;(000000000000) (0) (0) (00)   ;(000000000000) (0) (0) (00)   ;(000000000000) (0) (0) (00)   ;(000000000000) (0) (0) (00)   ;(000000000000) (0) (0) (00)   ;(000000000000) (0) (0) (00)   ;(000000000000) (0) (0) (00)   ;
;144;(000000000000) (0) (0) (00)    ;(000000000000) (0) (0) (00)   ;(000000000000) (0) (0) (00)   ;(000000000000) (0) (0) (00)   ;(000000000000) (0) (0) (00)   ;(000000000000) (0) (0) (00)   ;(000000000000) (0) (0) (00)   ;(000000000000) (0) (0) (00)   ;
;152;(000000000000) (0) (0) (00)    ;(000000000000) (0) (0) (00)   ;(000000000000) (0) (0) (00)   ;(000000000000) (0) (0) (00)   ;(000000000000) (0) (0) (00)   ;(000000000000) (0) (0) (00)   ;(000000000000) (0) (0) (00)   ;(000000000000) (0) (0) (00)   ;
;160;(000011111111) (377) (255) (FF)    ;(000000000000) (0) (0) (00)   ;(000000000000) (0) (0) (00)   ;(000000000000) (0) (0) (00)   ;(000000000000) (0) (0) (00)   ;(000000000000) (0) (0) (00)   ;(000000000000) (0) (0) (00)   ;(111110000000) (7600) (3968) (F80)   ;
;168;(000000000000) (0) (0) (00)    ;(000000000000) (0) (0) (00)   ;(000011111111) (377) (255) (FF)   ;(000000000000) (0) (0) (00)   ;(111111110000) (7760) (4080) (FF0)   ;(111111110000) (7760) (4080) (FF0)   ;(000011110000) (360) (240) (F0)   ;(111110000000) (7600) (3968) (F80)   ;
;176;(111110000000) (7600) (3968) (F80)    ;(111110000000) (7600) (3968) (F80)   ;(000000000000) (0) (0) (00)   ;(000000000000) (0) (0) (00)   ;(000011111111) (377) (255) (FF)   ;(000000000000) (0) (0) (00)   ;(111111110000) (7760) (4080) (FF0)   ;(111111110000) (7760) (4080) (FF0)   ;
;184;(000011110000) (360) (240) (F0)    ;(000011110000) (360) (240) (F0)   ;(000000000000) (0) (0) (00)   ;(000000000000) (0) (0) (00)   ;(000000000000) (0) (0) (00)   ;(000000000000) (0) (0) (00)   ;(000011111111) (377) (255) (FF)   ;(111100000000) (7400) (3840) (F00)   ;
;192;(111100000000) (7400) (3840) (F00)    ;(111100000000) (7400) (3840) (F00)   ;(111100000000) (7400) (3840) (F00)   ;(000011110000) (360) (240) (F0)   ;(000000000000) (0) (0) (00)   ;(000000000000) (0) (0) (00)   ;(000000000000) (0) (0) (00)   ;(000000000000) (0) (0) (00)   ;
;200;(000000000000) (0) (0) (00)    ;(000000000000) (0) (0) (00)   ;(000000000000) (0) (0) (00)   ;(000000000000) (0) (0) (00)   ;(000000000000) (0) (0) (00)   ;(000000000000) (0) (0) (00)   ;(000000000000) (0) (0) (00)   ;(000000000000) (0) (0) (00)   ;
;208;(000000000000) (0) (0) (00)    ;(000000000000) (0) (0) (00)   ;(000000000000) (0) (0) (00)   ;(000000000000) (0) (0) (00)   ;(000000000000) (0) (0) (00)   ;(000000000000) (0) (0) (00)   ;(000000000000) (0) (0) (00)   ;(000000000000) (0) (0) (00)   ;
;216;(000000000000) (0) (0) (00)    ;(000000000000) (0) (0) (00)   ;(000000000000) (0) (0) (00)   ;(000000000000) (0) (0) (00)   ;(000000000000) (0) (0) (00)   ;(000000000000) (0) (0) (00)   ;(000000000000) (0) (0) (00)   ;(000000000000) (0) (0) (00)   ;
;224;(000000000000) (0) (0) (00)    ;(000000000000) (0) (0) (00)   ;(000000000000) (0) (0) (00)   ;(000000000000) (0) (0) (00)   ;(000000000000) (0) (0) (00)   ;(000000000000) (0) (0) (00)   ;(000000000000) (0) (0) (00)   ;(000000000000) (0) (0) (00)   ;
;232;(000000000000) (0) (0) (00)    ;(000000000000) (0) (0) (00)   ;(000000000000) (0) (0) (00)   ;(000000000000) (0) (0) (00)   ;(000000000000) (0) (0) (00)   ;(000000000000) (0) (0) (00)   ;(000000000000) (0) (0) (00)   ;(000000000000) (0) (0) (00)   ;
;240;(000000000000) (0) (0) (00)    ;(000000000000) (0) (0) (00)   ;(000000000000) (0) (0) (00)   ;(000000000000) (0) (0) (00)   ;(000000000000) (0) (0) (00)   ;(000000000000) (0) (0) (00)   ;(000000000000) (0) (0) (00)   ;(000000000000) (0) (0) (00)   ;
;248;(000000000000) (0) (0) (00)    ;(000000000000) (0) (0) (00)   ;(000000000000) (0) (0) (00)   ;(000000000000) (0) (0) (00)   ;(000000000000) (0) (0) (00)   ;(000000000000) (0) (0) (00)   ;(000000000000) (0) (0) (00)   ;(000000000000) (0) (0) (00)   ;


RAM content values are presented in the following format: (Binary) (Octal) (Decimal) (Hexadecimal) 
+------------------------------------------------------------------------------------------------------------------------------------------------------------------------------------------------------------------------------------------------------------------+
; |Testiranje|memTest:inst9|altsyncram:altsyncram_component|altsyncram_dos3:auto_generated|ALTSYNCRAM                                                                                                                                                              ;
+------------------------------------------------------------------------------------------------------------------------------------------------------------------------------------------------------------------------------------------------------------------+
;   Addr   ;              +0              ;              +1              ;              +2              ;              +3              ;              +4              ;              +5              ;              +6              ;              +7              ;
+----------+------------------------------+------------------------------+------------------------------+------------------------------+------------------------------+------------------------------+------------------------------+------------------------------+
;0;(00000000000000001000000100110111) (100467) (33079) (8137)    ;(11111111110000010000000100010011) (-17577355) (-4128493) (-3-14-15-14-14-13)   ;(11111010000000010000000100010011) (-577577355) (-100597485) (-5-15-14-15-14-14-13)   ;(00000100000100010010111000100011) (404227043) (68234787) (4112E23)   ;(00000100100000010010110000100011) (440226043) (75574307) (4812C23)   ;(00000110000000010000010000010011) (600202023) (100729875) (6010413)   ;(00000000000100000000011110010011) (4003623) (1050515) (100793)   ;(11111110111101000010011000100011) (-102754735) (-17553885) (-10-11-13-9-13-13)   ;
;8;(11111110000001000010010000100011) (-176755735) (-33283037) (-1-15-11-13-11-13-13)    ;(00000000100000000000011110010011) (40003623) (8390547) (800793)   ;(00110000000001111011000001110011) (1706762867) (805810291) (3007B073)   ;(00000000000000000010011110110111) (23667) (10167) (27B7)   ;(00000000001000000000011100010011) (10003423) (2098963) (200713)   ;(00000000111001111010001000100011) (71721043) (15180323) (E7A223)   ;(00000000000000000010011110110111) (23667) (10167) (27B7)   ;(00111100000001111010100000100011) (-1188210549) (1007134755) (3C07A823)   ;
;16;(00000000000000000010011110110111) (23667) (10167) (27B7)    ;(00000000011100000000011100010011) (34003423) (7341843) (700713)   ;(00000000111001111010010000100011) (71722043) (15180835) (E7A423)   ;(00000000000000000010011110110111) (23667) (10167) (27B7)   ;(00111110000001111010101000100011) (-988209549) (1040689699) (3E07AA23)   ;(00000000000000000010011110110111) (23667) (10167) (27B7)   ;(00000110000001111010001000100011) (601721043) (101163555) (607A223)   ;(00000000000000000010011110110111) (23667) (10167) (27B7)   ;
;24;(00000000010000000000011100010011) (20003423) (4196115) (400713)    ;(00000110111001111010010000100011) (671722043) (115844131) (6E7A423)   ;(00000000000000000010011110110111) (23667) (10167) (27B7)   ;(00000110000001111010000000100011) (601720043) (101163043) (607A023)   ;(00000000000000000010011110110111) (23667) (10167) (27B7)   ;(00000010100001111000011110010011) (241703623) (42436499) (2878793)   ;(00001111111100000000011100010011) (1774003423) (267388691) (FF00713)   ;(00000000111001111010000000100011) (71720043) (15179811) (E7A023)   ;
;32;(00000000000000000010011110110111) (23667) (10167) (27B7)    ;(00000010110001111000011110010011) (261703623) (46630803) (2C78793)   ;(00000000111100000000011100010011) (74003423) (15730451) (F00713)   ;(00000000111001111010000000100011) (71720043) (15179811) (E7A023)   ;(00000000000000000010011110110111) (23667) (10167) (27B7)   ;(00000011000001111000011110010011) (301703623) (50825107) (3078793)   ;(00000000000000000001011100110111) (13467) (5943) (1737)   ;(11110111000001110000011100010011) (-1076174355) (-150534381) (-8-15-8-15-8-14-13)   ;
;40;(00000000111001111010000000100011) (71720043) (15179811) (E7A023)    ;(00000000000000000010011110110111) (23667) (10167) (27B7)   ;(00000011010001111000011110010011) (321703623) (55019411) (3478793)   ;(00000000000000000001011100110111) (13467) (5943) (1737)   ;(11111111000001110000011100010011) (-76174355) (-16316653) (-15-8-15-8-14-13)   ;(00000000111001111010000000100011) (71720043) (15179811) (E7A023)   ;(00000000000000000010011110110111) (23667) (10167) (27B7)   ;(00000011100001111000011110010011) (341703623) (59213715) (3878793)   ;
;48;(00001111000000000000011100010011) (1700003423) (251660051) (F000713)    ;(00000000111001111010000000100011) (71720043) (15179811) (E7A023)   ;(00000000000000000010011110110111) (23667) (10167) (27B7)   ;(00000011110001111000011110010011) (361703623) (63408019) (3C78793)   ;(00000000000000000001011100110111) (13467) (5943) (1737)   ;(10100000111101110000011100010011) (-1554690707) (-1594423533) (-5-150-8-15-8-14-13)   ;(00000000111001111010000000100011) (71720043) (15179811) (E7A023)   ;(00000000000000000010011110110111) (23667) (10167) (27B7)   ;
;56;(00000100000001111000011110010011) (401703623) (67602323) (4078793)    ;(00000000000000000001011100110111) (13467) (5943) (1737)   ;(11110000000001110000011100010011) (-1776174355) (-267974893) (-15-15-8-15-8-14-13)   ;(00000000111001111010000000100011) (71720043) (15179811) (E7A023)   ;(00000000000000000010011110110111) (23667) (10167) (27B7)   ;(00000100010001111000011110010011) (421703623) (71796627) (4478793)   ;(00001111000000000000011100010011) (1700003423) (251660051) (F000713)   ;(00000000111001111010000000100011) (71720043) (15179811) (E7A023)   ;
;64;(00000000000000000010011110110111) (23667) (10167) (27B7)    ;(00000100100001111000011110010011) (441703623) (75990931) (4878793)   ;(00001110001000000000011100010011) (1610003423) (236979987) (E200713)   ;(00000000111001111010000000100011) (71720043) (15179811) (E7A023)   ;(00000000000000000010011110110111) (23667) (10167) (27B7)   ;(00000100110001111000011110010011) (461703623) (80185235) (4C78793)   ;(00001110100000000000011100010011) (1640003423) (243271443) (E800713)   ;(00000000111001111010000000100011) (71720043) (15179811) (E7A023)   ;
;72;(00000000000000000010011110110111) (23667) (10167) (27B7)    ;(00000101000001111000011110010011) (501703623) (84379539) (5078793)   ;(00000110011000000000011100010011) (630003423) (106956563) (6600713)   ;(00000000111001111010000000100011) (71720043) (15179811) (E7A023)   ;(00000000000000000010011110110111) (23667) (10167) (27B7)   ;(00000101010001111000011110010011) (521703623) (88573843) (5478793)   ;(00000110110000000000011100010011) (660003423) (113248019) (6C00713)   ;(00000000111001111010000000100011) (71720043) (15179811) (E7A023)   ;
;80;(00000000000000000010011110110111) (23667) (10167) (27B7)    ;(00000101100001111000011110010011) (541703623) (92768147) (5878793)   ;(00000111001000000000011100010011) (710003423) (119539475) (7200713)   ;(00000000111001111010000000100011) (71720043) (15179811) (E7A023)   ;(00000000000000000010011110110111) (23667) (10167) (27B7)   ;(00000101110001111000011110010011) (561703623) (96962451) (5C78793)   ;(00000110001100000000011100010011) (614003423) (103810835) (6300713)   ;(00000000111001111010000000100011) (71720043) (15179811) (E7A023)   ;
;88;(11111110000001000010001000100011) (-176756735) (-33283549) (-1-15-11-13-13-13-13)    ;(00000010100000000000000001101111) (240000157) (41943151) (280006F)   ;(11111110010001000010011110000011) (-156754175) (-29087869) (-1-11-11-13-8-7-13)   ;(00000000001001111001011100010011) (11713423) (2594579) (279713)   ;(00000000000000000010011110110111) (23667) (10167) (27B7)   ;(00000111000001111000011110010011) (701703623) (117933971) (7078793)   ;(00000000111101110000011110110011) (75603663) (16189363) (F707B3)   ;(00000000000001111010000000100011) (1720043) (499747) (7A023)   ;
;96;(11111110010001000010011110000011) (-156754175) (-29087869) (-1-11-11-13-8-7-13)    ;(00000000000101111000011110010011) (5703623) (1542035) (178793)   ;(11111110111101000010001000100011) (-102756735) (-17554909) (-10-11-13-13-13-13)   ;(11111110010001000010011100000011) (-156754375) (-29087997) (-1-11-11-13-8-15-13)   ;(00001100011100000000011110010011) (1434003623) (208668563) (C700793)   ;(11111100111001111111101011100011) (-306002435) (-51905821) (-3-1-80-5-1-13)   ;(00000000000000000011011110110111) (33667) (14263) (37B7)   ;(00110000010101111001000001110011) (1730742867) (811044979) (30579073)   ;
;104;(00000000000000000001011110110111) (13667) (6071) (17B7)    ;(10000000000001111000011110010011) (-1333623211) (-2146990189) (-7-15-15-8-7-8-6-13)   ;(00110000010001111010000001110011) (1726752867) (810000499) (3047A073)   ;(01000000000000000000011110110111) (-2147479981) (1073743799) (400007B7)   ;(00000000100001111000011110010011) (41703623) (8882067) (878793)   ;(00000000001100000000011100010011) (14003423) (3147539) (300713)   ;(00000000111001111010000000100011) (71720043) (15179811) (E7A023)   ;(01010000000000000000011110110111) (-147479981) (1342179255) (500007B7)   ;
;112;(00000000100001111000011110010011) (41703623) (8882067) (878793)    ;(00000000000100000000011100010011) (4003423) (1050387) (100713)   ;(00000000111001111010000000100011) (71720043) (15179811) (E7A023)   ;(00000000100000000000011110010011) (40003623) (8390547) (800793)   ;(00110000000001111010000001110011) (1706752867) (805806195) (3007A073)   ;(00000101010000000000000001101111) (520000157) (88080495) (540006F)   ;(11111110110001000010011110000011) (-116754175) (-20699261) (-1-3-11-13-8-7-13)   ;(00000100000001111001011001100011) (401713143) (67606115) (4079663)   ;
;120;(00000000000000000010011110110111) (23667) (10167) (27B7)    ;(01001011100001111010011110000011) (-805760045) (1267181443) (4B87A783)   ;(00000000000001111000010100010011) (1702423) (492819) (78513)   ;(01111011100100000000000011101111) (901549413) (2073034991) (7B9000EF)   ;(00000000000001010000011100010011) (1203423) (329491) (50713)   ;(01100000000000000000011110110111) (1852520019) (1610614711) (600007B7)   ;(00000000111001111010000000100011) (71720043) (15179811) (E7A023)   ;(00011001000000000000010100010011) (-1194964873) (419431699) (19000513)   ;
;128;(00000110100100000000000011101111) (644000357) (110100719) (69000EF)    ;(00000000000000000010011110110111) (23667) (10167) (27B7)   ;(00111101000001111010011110000011) (-1088210989) (1023911811) (3D07A783)   ;(00000010000001111001011001100011) (201713143) (34051683) (2079663)   ;(01100000000000000000011110110111) (1852520019) (1610614711) (600007B7)   ;(00000000000000001110011100110111) (163467) (59191) (E737)   ;(11101010110101110000011100010011) (1782792941) (-355006701) (-1-5-2-8-15-8-14-13)   ;(00000000111001111010000000100011) (71720043) (15179811) (E7A023)   ;
;136;(00011001000000000000010100010011) (-1194964873) (419431699) (19000513)    ;(00000100010100000000000011101111) (424000357) (72351983) (45000EF)   ;(00000000000000000010011110110111) (23667) (10167) (27B7)   ;(00111101000001111010011110000011) (-1088210989) (1023911811) (3D07A783)   ;(11111010000001111000010011100011) (-576075435) (-100170525) (-5-15-8-7-11-1-13)   ;(00000000100000000000000001101111) (40000157) (8388719) (80006F)   ;(00000000000000000000000000010011) (23) (19) (13)   ;(11111110000001000010011000100011) (-176754735) (-33282525) (-1-15-11-13-9-13-13)   ;
;144;(00000000000000000010011110110111) (23667) (10167) (27B7)    ;(01001010000001111010110000100011) (-945757605) (1242016803) (4A07AC23)   ;(00000000000000000010011110110111) (23667) (10167) (27B7)   ;(01001010000001111010111000100011) (-945756605) (1242017315) (4A07AE23)   ;(00000000000000000010011100110111) (23467) (10039) (2737)   ;(01100000000000000000011110110111) (1852520019) (1610614711) (600007B7)   ;(01001011100001110010011100000011) (-805860245) (1267148547) (4B872703)   ;(00000000111001111010000000100011) (71720043) (15179811) (E7A023)   ;
;152;(00000000000000000010011110110111) (23667) (10167) (27B7)    ;(10110000000000000010011101110011) (369729433) (-1342167181) (-4-15-15-15-13-8-8-13)   ;(00000000111001111010001000100011) (71721043) (15180323) (E7A223)   ;(00010011100100000000000011101111) (-1950966939) (328204527) (139000EF)   ;(00000000000001010000011100010011) (1203423) (329491) (50713)   ;(00000000000001011000011110010011) (1303623) (362387) (58793)   ;(11111010111001000010010000100011) (-506755735) (-85711837) (-5-1-11-13-11-13-13)   ;(11111010111101000010011000100011) (-502754735) (-84662749) (-50-11-13-9-13-13)   ;
;160;(11111010100001000010011110000011) (-536754175) (-92002429) (-5-7-11-13-8-7-13)    ;(11111010111101000010000000100011) (-502757735) (-84664285) (-50-11-13-15-13-13)   ;(11111010110001000010011110000011) (-516754175) (-87808125) (-5-3-11-13-8-7-13)   ;(11111010111101000010001000100011) (-502756735) (-84663773) (-50-11-13-13-13-13)   ;(00000000000000000010011110110111) (23667) (10167) (27B7)   ;(00000000000001111010011110000011) (1723603) (501635) (7A783)   ;(11111110111101000010000000100011) (-102757735) (-17555421) (-10-11-13-15-13-13)   ;(00010000100100000000000011101111) (2044000357) (277872879) (109000EF)   ;
;168;(00000000000001010000011100010011) (1203423) (329491) (50713)    ;(00000000000001011000011110010011) (1303623) (362387) (58793)   ;(11111010111001000010010000100011) (-506755735) (-85711837) (-5-1-11-13-11-13-13)   ;(11111010111101000010011000100011) (-502754735) (-84662749) (-50-11-13-9-13-13)   ;(11111110000001000010001000100011) (-176756735) (-33283549) (-1-15-11-13-13-13-13)   ;(00000010100000000000000001101111) (240000157) (41943151) (280006F)   ;(00000000000000000010011100110111) (23467) (10039) (2737)   ;(11111110010001000010011110000011) (-156754175) (-29087869) (-1-11-11-13-8-7-13)   ;
;176;(00001111110001111000011110010011) (1761703623) (264734611) (FC78793)    ;(00000000001001111001011110010011) (11713623) (2594707) (279793)   ;(00000000111101110000011110110011) (75603663) (16189363) (F707B3)   ;(00000000000001111010010000100011) (1722043) (500771) (7A423)   ;(11111110010001000010011110000011) (-156754175) (-29087869) (-1-11-11-13-8-7-13)   ;(00000000000101111000011110010011) (5703623) (1542035) (178793)   ;(11111110111101000010001000100011) (-102756735) (-17554909) (-10-11-13-13-13-13)   ;(11111110010001000010011100000011) (-156754375) (-29087997) (-1-11-11-13-8-15-13)   ;
;184;(00000000111100000000011110010011) (74003623) (15730579) (F00793)    ;(11111100111001111111101011100011) (-306002435) (-51905821) (-3-1-80-5-1-13)   ;(00000000010000000000011110010011) (20003623) (4196243) (400793)   ;(11111100111101000010111000100011) (-302750735) (-51106269) (-30-11-13-1-13-13)   ;(00000000001000000000011110010011) (10003623) (2099091) (200793)   ;(11111100111101000010110000100011) (-302751735) (-51106781) (-30-11-13-3-13-13)   ;(11111110000001000010001000100011) (-176756735) (-33283549) (-1-15-11-13-13-13-13)   ;(00000110000000000000000001101111) (600000157) (100663407) (600006F)   ;
;192;(11111110000001000010011110000011) (-176754175) (-33282173) (-1-15-11-13-8-7-13)    ;(00000000000101111111011110010011) (5773623) (1570707) (17F793)   ;(00000010000001111000001001100011) (201701143) (34046563) (2078263)   ;(00000000000000000010011010110111) (23267) (9911) (26B7)   ;(11111010010001000010011100000011) (-556754375) (-96196861) (-5-11-11-13-8-15-13)   ;(11111110010001000010011110000011) (-156754175) (-29087869) (-1-11-11-13-8-7-13)   ;(00001111110001111000011110010011) (1761703623) (264734611) (FC78793)   ;(00000000001001111001011110010011) (11713623) (2594707) (279793)   ;
;200;(00000000111101101000011110110011) (75503663) (16156595) (F687B3)    ;(00000000111001111010010000100011) (71722043) (15180835) (E7A423)   ;(00000001110000000000000001101111) (160000157) (29360239) (1C0006F)   ;(00000000000000000010011100110111) (23467) (10039) (2737)   ;(11111110010001000010011110000011) (-156754175) (-29087869) (-1-11-11-13-8-7-13)   ;(00001111110001111000011110010011) (1761703623) (264734611) (FC78793)   ;(00000000001001111001011110010011) (11713623) (2594707) (279793)   ;(00000000111101110000011110110011) (75603663) (16189363) (F707B3)   ;
;208;(00000000000001111010010000100011) (1722043) (500771) (7A423)    ;(11111110000001000010011110000011) (-176754175) (-33282173) (-1-15-11-13-8-7-13)   ;(01000000000101111101011110010011) (-2141730025) (1075304339) (4017D793)   ;(11111110111101000010000000100011) (-102757735) (-17555421) (-10-11-13-15-13-13)   ;(11111110010001000010011110000011) (-156754175) (-29087869) (-1-11-11-13-8-7-13)   ;(00000000000101111000011110010011) (5703623) (1542035) (178793)   ;(11111110111101000010001000100011) (-102756735) (-17554909) (-10-11-13-13-13-13)   ;(11111110010001000010011100000011) (-156754375) (-29087997) (-1-11-11-13-8-15-13)   ;
;216;(00000000011100000000011110010011) (34003623) (7341971) (700793)    ;(11111000111001111111111011100011) (-706000435) (-119013661) (-7-1-80-1-1-13)   ;(01010000000000000000011110110111) (-147479981) (1342179255) (500007B7)   ;(00000001000001111000011110010011) (101703623) (17270675) (1078793)   ;(11111010110001000010011100000011) (-516754375) (-87808253) (-5-3-11-13-8-15-13)   ;(00000000111001111010000000100011) (71720043) (15179811) (E7A023)   ;(00000000000000000010011100110111) (23467) (10039) (2737)   ;(01010000000000000000011110110111) (-147479981) (1342179255) (500007B7)   ;
;224;(00000001010001111000011110010011) (121703623) (21464979) (1478793)    ;(00000000000001110010011100000011) (1623403) (468739) (72703)   ;(00000000111001111010000000100011) (71720043) (15179811) (E7A023)   ;(01010000000000000000011110110111) (-147479981) (1342179255) (500007B7)   ;(00000000100001111000011110010011) (41703623) (8882067) (878793)   ;(00000000001100000000011100010011) (14003423) (3147539) (300713)   ;(00000000111001111010000000100011) (71720043) (15179811) (E7A023)   ;(11111111111000000000011110010011) (-7774155) (-2095213) (-1-15-15-8-6-13)   ;
;232;(11111100111101000010101000100011) (-302752735) (-51107293) (-30-11-13-5-13-13)    ;(00000000001100000000011110010011) (14003623) (3147667) (300793)   ;(11111100111101000010100000100011) (-302753735) (-51107805) (-30-11-13-7-13-13)   ;(11111100000001000010011000100011) (-376754735) (-66836957) (-3-15-11-13-9-13-13)   ;(01000110010000000000000001101111) (-1527483491) (1178599535) (4640006F)   ;(00000000100000000000011110010011) (40003623) (8390547) (800793)   ;(00110000000001111011000001110011) (1706762867) (805810291) (3007B073)   ;(00000000000100000000011100010011) (4003423) (1050387) (100713)   ;
;240;(11111101100001000010011010000011) (-236754575) (-41671037) (-2-7-11-13-9-7-13)    ;(11111101110001000010011000000011) (-216754775) (-37476861) (-2-3-11-13-9-15-13)   ;(11111101000001000010010110000011) (-276755175) (-50059901) (-2-15-11-13-10-7-13)   ;(11111101010001000010010100000011) (-256755375) (-45865725) (-2-11-11-13-10-15-13)   ;(00101101100100000000000011101111) (1249033061) (764412143) (2D9000EF)   ;(00000000000000000010011110110111) (23667) (10167) (27B7)   ;(00000110000001111010011110000011) (601723603) (101164931) (607A783)   ;(11111010111101000010110000100011) (-502751735) (-84661213) (-50-11-13-3-13-13)   ;
;248;(00000000000000000010011110110111) (23667) (10167) (27B7)    ;(00000110000001111010000000100011) (601720043) (101163043) (607A023)   ;(11111011100001000010011100000011) (-436754375) (-75225341) (-4-7-11-13-8-15-13)   ;(00000000000100000000011110010011) (4003623) (1050515) (100793)   ;(00000010111101110001110001100011) (275616143) (49749091) (2F71C63)   ;(11111101000001000010011110000011) (-276754175) (-50059389) (-2-15-11-13-8-7-13)   ;(11111111111101111000011110010011) (-2074155) (-555117) (-8-7-8-6-13)   ;(11111101100001000010011010000011) (-236754575) (-41671037) (-2-7-11-13-9-7-13)   ;
;256;(11111101110001000010011000000011) (-216754775) (-37476861) (-2-3-11-13-9-15-13)    ;(00000000000001111000010110010011) (1702623) (492947) (78593)   ;(11111101010001000010010100000011) (-256755375) (-45865725) (-2-11-11-13-10-15-13)   ;(00010100110100000000000011101111) (-1830966939) (349176047) (14D000EF)   ;(00000000000001010000011110010011) (1203623) (329619) (50793)   ;(00101100000001111001011001100011) (1106745847) (738694755) (2C079663)   ;(11111101000001000010011110000011) (-276754175) (-50059389) (-2-15-11-13-8-7-13)   ;(11111111111101111000011110010011) (-2074155) (-555117) (-8-7-8-6-13)   ;
;264;(11111100111101000010100000100011) (-302753735) (-51107805) (-30-11-13-7-13-13)    ;(00101011110000000000000001101111) (1065032861) (734003311) (2BC0006F)   ;(11111011100001000010011100000011) (-436754375) (-75225341) (-4-7-11-13-8-15-13)   ;(00000000001000000000011110010011) (10003623) (2099091) (200793)   ;(00000010111101110001110001100011) (275616143) (49749091) (2F71C63)   ;(11111101000001000010011110000011) (-276754175) (-50059389) (-2-15-11-13-8-7-13)   ;(00000000000101111000011110010011) (5703623) (1542035) (178793)   ;(11111101100001000010011010000011) (-236754575) (-41671037) (-2-7-11-13-9-7-13)   ;
;272;(11111101110001000010011000000011) (-216754775) (-37476861) (-2-3-11-13-9-15-13)    ;(00000000000001111000010110010011) (1702623) (492947) (78593)   ;(11111101010001000010010100000011) (-256755375) (-45865725) (-2-11-11-13-10-15-13)   ;(00010000110100000000000011101111) (2064000357) (282067183) (10D000EF)   ;(00000000000001010000011110010011) (1203623) (329619) (50793)   ;(00101000000001111001011001100011) (706745847) (671585891) (28079663)   ;(11111101000001000010011110000011) (-276754175) (-50059389) (-2-15-11-13-8-7-13)   ;(00000000000101111000011110010011) (5703623) (1542035) (178793)   ;
;280;(11111100111101000010100000100011) (-302753735) (-51107805) (-30-11-13-7-13-13)    ;(00100111110000000000000001101111) (465032861) (666894447) (27C0006F)   ;(11111011100001000010011100000011) (-436754375) (-75225341) (-4-7-11-13-8-15-13)   ;(00000000010100000000011110010011) (24003623) (5244819) (500793)   ;(00000110111101110001001001100011) (675611143) (116855395) (6F71263)   ;(11111101010001000010011110000011) (-256754175) (-45865085) (-2-11-11-13-8-7-13)   ;(00000000000101111000011110010011) (5703623) (1542035) (178793)   ;(11111101100001000010011010000011) (-236754575) (-41671037) (-2-7-11-13-9-7-13)   ;
;288;(11111101110001000010011000000011) (-216754775) (-37476861) (-2-3-11-13-9-15-13)    ;(11111101000001000010010110000011) (-276755175) (-50059901) (-2-15-11-13-10-7-13)   ;(00000000000001111000010100010011) (1702423) (492819) (78513)   ;(00001100110100000000000011101111) (1464000357) (214958319) (CD000EF)   ;(00000000000001010000011110010011) (1203623) (329619) (50793)   ;(00100100000001111001011001100011) (106745847) (604477027) (24079663)   ;(11111101010001000010011110000011) (-256754175) (-45865085) (-2-11-11-13-8-7-13)   ;(00000000000101111000011110010011) (5703623) (1542035) (178793)   ;
;296;(11111100111101000010101000100011) (-302752735) (-51107293) (-30-11-13-5-13-13)    ;(00000000000000000010011110110111) (23667) (10167) (27B7)   ;(01001011100001111010011100000011) (-805760245) (1267181315) (4B87A703)   ;(00000000000101110000011100010011) (5603423) (1509139) (170713)   ;(01001010111001111010110000100011) (-875757605) (1256696867) (4AE7AC23)   ;(00000000000000000010011110110111) (23667) (10167) (27B7)   ;(01001011100001111010011110000011) (-805760045) (1267181443) (4B87A783)   ;(00000000000001111000010100010011) (1702423) (492819) (78513)   ;
;304;(01001110010100000000000011101111) (-523483291) (1313865967) (4E5000EF)    ;(00000000000001010000011100010011) (1203423) (329491) (50713)   ;(01100000000000000000011110110111) (1852520019) (1610614711) (600007B7)   ;(00000000111001111010000000100011) (71720043) (15179811) (E7A023)   ;(00100001000000000000000001101111) (-194967139) (553648239) (2100006F)   ;(11111011100001000010011100000011) (-436754375) (-75225341) (-4-7-11-13-8-15-13)   ;(00000000011000000000011110010011) (30003623) (6293395) (600793)   ;(00010110111101110001101001100011) (-1619352153) (385292899) (16F71A63)   ;
;312;(11111110000001000010001000100011) (-176756735) (-33283549) (-1-15-11-13-13-13-13)    ;(00000100000000000000000001101111) (400000157) (67108975) (400006F)   ;(00000000000000000010011100110111) (23467) (10039) (2737)   ;(11111110010001000010011110000011) (-156754175) (-29087869) (-1-11-11-13-8-7-13)   ;(00010000110001111000011110010011) (2061703623) (281511827) (10C78793)   ;(00000000001001111001011110010011) (11713623) (2594707) (279793)   ;(00000000111101110000011110110011) (75603663) (16189363) (F707B3)   ;(00000000000001111010010000100011) (1722043) (500771) (7A423)   ;
;320;(00000000000000000010011100110111) (23467) (10039) (2737)    ;(11111110010001000010011110000011) (-156754175) (-29087869) (-1-11-11-13-8-7-13)   ;(00010001110001111000011110010011) (-2133263673) (298289043) (11C78793)   ;(00000000001001111001011110010011) (11713623) (2594707) (279793)   ;(00000000111101110000011110110011) (75603663) (16189363) (F707B3)   ;(00000000000001111010010000100011) (1722043) (500771) (7A423)   ;(11111110010001000010011110000011) (-156754175) (-29087869) (-1-11-11-13-8-7-13)   ;(00000000000101111000011110010011) (5703623) (1542035) (178793)   ;
;328;(11111110111101000010001000100011) (-102756735) (-17554909) (-10-11-13-13-13-13)    ;(11111110010001000010011100000011) (-156754375) (-29087997) (-1-11-11-13-8-15-13)   ;(00000000111100000000011110010011) (74003623) (15730579) (F00793)   ;(11111010111001111111111011100011) (-506000435) (-85459229) (-5-1-80-1-1-13)   ;(11111101100001000010011110000011) (-236754175) (-41670781) (-2-7-11-13-8-7-13)   ;(11111010111101000010101000100011) (-502752735) (-84661725) (-50-11-13-5-13-13)   ;(11111101110001000010011110000011) (-216754175) (-37476477) (-2-3-11-13-8-7-13)   ;(11111010111101000010100000100011) (-502753735) (-84662237) (-50-11-13-7-13-13)   ;
;336;(11111101100001000010010110000011) (-236755175) (-41671293) (-2-7-11-13-10-7-13)    ;(11111101110001000010010100000011) (-216755375) (-37477117) (-2-3-11-13-10-15-13)   ;(00101011000100000000000011101111) (1009033061) (722469103) (2B1000EF)   ;(11111100000001000010010000100011) (-376755735) (-66837469) (-3-15-11-13-11-13-13)   ;(00000111000000000000000001101111) (700000157) (117440623) (700006F)   ;(00000000000000000010011100110111) (23467) (10039) (2737)   ;(00000000000000000010011010110111) (23267) (9911) (26B7)   ;(11111100100001000010011110000011) (-336754175) (-58447997) (-3-7-11-13-8-7-13)   ;
;344;(00001111110001111000011110010011) (1761703623) (264734611) (FC78793)    ;(00000000001001111001011110010011) (11713623) (2594707) (279793)   ;(00000000111101110000011110110011) (75603663) (16189363) (F707B3)   ;(00000000100001111010011100000011) (41723403) (8890115) (87A703)   ;(11111100100001000010011110000011) (-336754175) (-58447997) (-3-7-11-13-8-7-13)   ;(00010001110001111000011110010011) (-2133263673) (298289043) (11C78793)   ;(00000000001001111001011110010011) (11713623) (2594707) (279793)   ;(00000000111101101000011110110011) (75503663) (16156595) (F687B3)   ;
;352;(00000000111001111010010000100011) (71722043) (15180835) (E7A423)    ;(00000000000000000010011100110111) (23467) (10039) (2737)   ;(00000000000000000010011010110111) (23267) (9911) (26B7)   ;(11111100100001000010011110000011) (-336754175) (-58447997) (-3-7-11-13-8-7-13)   ;(00010000110001111000011110010011) (2061703623) (281511827) (10C78793)   ;(00000000001001111001011110010011) (11713623) (2594707) (279793)   ;(00000000111101110000011110110011) (75603663) (16189363) (F707B3)   ;(00000000100001111010011100000011) (41723403) (8890115) (87A703)   ;
;360;(11111100100001000010011110000011) (-336754175) (-58447997) (-3-7-11-13-8-7-13)    ;(00001111110001111000011110010011) (1761703623) (264734611) (FC78793)   ;(00000000001001111001011110010011) (11713623) (2594707) (279793)   ;(00000000111101101000011110110011) (75503663) (16156595) (F687B3)   ;(00000000111001111010010000100011) (71722043) (15180835) (E7A423)   ;(11111100100001000010011110000011) (-336754175) (-58447997) (-3-7-11-13-8-7-13)   ;(00000000000101111000011110010011) (5703623) (1542035) (178793)   ;(11111100111101000010010000100011) (-302755735) (-51108829) (-30-11-13-11-13-13)   ;
;368;(11111100100001000010011100000011) (-336754375) (-58448125) (-3-7-11-13-8-15-13)    ;(00000000111100000000011110010011) (74003623) (15730579) (F00793)   ;(11111000111001111101011011100011) (-706024435) (-119023901) (-7-1-8-2-9-1-13)   ;(11111011000001000010011010000011) (-476754575) (-83614077) (-4-15-11-13-9-7-13)   ;(11111011010001000010011000000011) (-456754775) (-79419901) (-4-11-11-13-9-15-13)   ;(11111101000001000010010110000011) (-276755175) (-50059901) (-2-15-11-13-10-7-13)   ;(11111101010001000010010100000011) (-256755375) (-45865725) (-2-11-11-13-10-15-13)   ;(01110111110000000000000011101111) (317549413) (2009071855) (77C000EF)   ;
;376;(00000000000001010000011110010011) (1203623) (329619) (50793)    ;(00000000000001111001110001100011) (1716143) (498787) (79C63)   ;(11111011010001000010011110000011) (-456754175) (-79419517) (-4-11-11-13-8-7-13)   ;(11111100111101000010111000100011) (-302750735) (-51106269) (-30-11-13-1-13-13)   ;(11111011000001000010011110000011) (-476754175) (-83613821) (-4-15-11-13-8-7-13)   ;(11111100111101000010110000100011) (-302751735) (-51106781) (-30-11-13-3-13-13)   ;(00001110100000000000000001101111) (1640000157) (243269743) (E80006F)   ;(11111100000001000010001000100011) (-376756735) (-66837981) (-3-15-11-13-13-13-13)   ;
;384;(00000100000000000000000001101111) (400000157) (67108975) (400006F)    ;(00000000000000000010011100110111) (23467) (10039) (2737)   ;(00000000000000000010011010110111) (23267) (9911) (26B7)   ;(11111100010001000010011110000011) (-356754175) (-62642301) (-3-11-11-13-8-7-13)   ;(00010001110001111000011110010011) (-2133263673) (298289043) (11C78793)   ;(00000000001001111001011110010011) (11713623) (2594707) (279793)   ;(00000000111101110000011110110011) (75603663) (16189363) (F707B3)   ;(00000000100001111010011100000011) (41723403) (8890115) (87A703)   ;
;392;(11111100010001000010011110000011) (-356754175) (-62642301) (-3-11-11-13-8-7-13)    ;(00001111110001111000011110010011) (1761703623) (264734611) (FC78793)   ;(00000000001001111001011110010011) (11713623) (2594707) (279793)   ;(00000000111101101000011110110011) (75503663) (16156595) (F687B3)   ;(00000000111001111010010000100011) (71722043) (15180835) (E7A423)   ;(11111100010001000010011110000011) (-356754175) (-62642301) (-3-11-11-13-8-7-13)   ;(00000000000101111000011110010011) (5703623) (1542035) (178793)   ;(11111100111101000010001000100011) (-302756735) (-51109341) (-30-11-13-13-13-13)   ;
;400;(11111100010001000010011100000011) (-356754375) (-62642429) (-3-11-11-13-8-15-13)    ;(00000000111100000000011110010011) (74003623) (15730579) (F00793)   ;(11111010111001111101111011100011) (-506020435) (-85467421) (-5-1-8-2-1-1-13)   ;(00001001010000000000000001101111) (1120000157) (155189359) (940006F)   ;(11111011100001000010011100000011) (-436754375) (-75225341) (-4-7-11-13-8-15-13)   ;(00000000011100000000011110010011) (34003623) (7341971) (700793)   ;(00001000111101110001010001100011) (1075612143) (150410339) (8F71463)   ;(11111100000001000010000000100011) (-376757735) (-66838493) (-3-15-11-13-15-13-13)   ;
;408;(00000001110000000000000001101111) (160000157) (29360239) (1C0006F)    ;(11111101010001000010011110000011) (-256754175) (-45865085) (-2-11-11-13-8-7-13)   ;(00000000000101111000011110010011) (5703623) (1542035) (178793)   ;(11111100111101000010101000100011) (-302752735) (-51107293) (-30-11-13-5-13-13)   ;(11111100000001000010011110000011) (-376754175) (-66836605) (-3-15-11-13-8-7-13)   ;(00000000000101111000011110010011) (5703623) (1542035) (178793)   ;(11111100111101000010000000100011) (-302757735) (-51109853) (-30-11-13-15-13-13)   ;(11111101010001000010011110000011) (-256754175) (-45865085) (-2-11-11-13-8-7-13)   ;
;416;(00000000000101111000011110010011) (5703623) (1542035) (178793)    ;(11111101100001000010011010000011) (-236754575) (-41671037) (-2-7-11-13-9-7-13)   ;(11111101110001000010011000000011) (-216754775) (-37476861) (-2-3-11-13-9-15-13)   ;(11111101000001000010010110000011) (-276755175) (-50059901) (-2-15-11-13-10-7-13)   ;(00000000000001111000010100010011) (1702423) (492819) (78513)   ;(01101100010000000000000011101111) (-1022450587) (1816133871) (6C4000EF)   ;(00000000000001010000011110010011) (1203623) (329619) (50793)   ;(11111100000001111000010011100011) (-376075435) (-66616093) (-3-15-8-7-11-1-13)   ;
;424;(00000000000000000010011110110111) (23667) (10167) (27B7)    ;(01001011100001111010011010000011) (-805760445) (1267181187) (4B87A683)   ;(11111100000001000010011110000011) (-376754175) (-66836605) (-3-15-11-13-8-7-13)   ;(00000000000101111001011100010011) (5713423) (1546003) (179713)   ;(00000000000000000010011110110111) (23667) (10167) (27B7)   ;(00000000111001101000011100110011) (71503463) (15107891) (E68733)   ;(01001010111001111010110000100011) (-875757605) (1256696867) (4AE7AC23)   ;(00000000000000000010011110110111) (23667) (10167) (27B7)   ;
;432;(01001011100001111010011110000011) (-805760045) (1267181443) (4B87A783)    ;(00000000000001111000010100010011) (1702423) (492819) (78513)   ;(00101101110100000000000011101111) (1269033061) (768606447) (2DD000EF)   ;(00000000000001010000011100010011) (1203423) (329491) (50713)   ;(01100000000000000000011110110111) (1852520019) (1610614711) (600007B7)   ;(00000000111001111010000000100011) (71720043) (15179811) (E7A023)   ;(00000000000100000000011110010011) (4003623) (1050515) (100793)   ;(11111100111101000010011000100011) (-302754735) (-51108317) (-30-11-13-9-13-13)   ;
;440;(00000000000000000010011110110111) (23667) (10167) (27B7)    ;(01001011100001111010011110000011) (-805760045) (1267181443) (4B87A783)   ;(00000000000001111000010100010011) (1702423) (492819) (78513)   ;(00111001100100000000000011101111) (-1445934235) (965738735) (399000EF)   ;(00000000000001010000011100010011) (1203423) (329491) (50713)   ;(11111110100001000010011110000011) (-136754175) (-24893565) (-1-7-11-13-8-7-13)   ;(00001100111001111110000001100011) (1471760143) (216522851) (CE7E063)   ;(11111010000001000010111000100011) (-576750735) (-100389341) (-5-15-11-13-1-13-13)   ;
;448;(11111101010001000010011110000011) (-256754175) (-45865085) (-2-11-11-13-8-7-13)    ;(00000000000101111000011110010011) (5703623) (1542035) (178793)   ;(11111101100001000010011010000011) (-236754575) (-41671037) (-2-7-11-13-9-7-13)   ;(11111101110001000010011000000011) (-216754775) (-37476861) (-2-3-11-13-9-15-13)   ;(11111101000001000010010110000011) (-276755175) (-50059901) (-2-15-11-13-10-7-13)   ;(00000000000001111000010100010011) (1702423) (492819) (78513)   ;(01100100000000000000000011101111) (-2042450587) (1677721839) (640000EF)   ;(00000000000001010000011110010011) (1203623) (329619) (50793)   ;
;456;(00000000000001111000100001100011) (1704143) (493667) (78863)    ;(00000000000100000000011110010011) (4003623) (1050515) (100793)   ;(11111100111101000010011000100011) (-302754735) (-51108317) (-30-11-13-9-13-13)   ;(00000001000000000000000001101111) (100000157) (16777327) (100006F)   ;(11111101010001000010011110000011) (-256754175) (-45865085) (-2-11-11-13-8-7-13)   ;(00000000000101111000011110010011) (5703623) (1542035) (178793)   ;(11111100111101000010101000100011) (-302752735) (-51107293) (-30-11-13-5-13-13)   ;(11111011110001000010011110000011) (-416754175) (-71030909) (-4-3-11-13-8-7-13)   ;
;464;(00000000000101111000011110010011) (5703623) (1542035) (178793)    ;(11111010111101000010111000100011) (-502750735) (-84660701) (-50-11-13-1-13-13)   ;(00000000000000000010011110110111) (23667) (10167) (27B7)   ;(01001011110001111010011100000011) (-785760245) (1271375619) (4BC7A703)   ;(00000000000000000010011110110111) (23667) (10167) (27B7)   ;(01001100000001111010011110000011) (-745760045) (1275570051) (4C07A783)   ;(00000000111101110111011110110011) (75673663) (16218035) (F777B3)   ;(00000000000001111000011001100011) (1703143) (493155) (78663)   ;
;472;(11111100110001000010011110000011) (-316754175) (-54253693) (-3-3-11-13-8-7-13)    ;(11111000000001111000111011100011) (-776070435) (-133722397) (-7-15-8-7-1-1-13)   ;(00000000000000000010011110110111) (23667) (10167) (27B7)   ;(01001011110001111010011100000011) (-785760245) (1271375619) (4BC7A703)   ;(00000000000000000010011110110111) (23667) (10167) (27B7)   ;(01001100000001111010011110000011) (-745760045) (1275570051) (4C07A783)   ;(00000000111101110111011110110011) (75673663) (16218035) (F777B3)   ;(00000010000001111000110001100011) (201706143) (34049123) (2078C63)   ;
;480;(00000000000000000010011110110111) (23667) (10167) (27B7)    ;(01001011100001111010011010000011) (-805760445) (1267181187) (4B87A683)   ;(00000000000000000010011110110111) (23667) (10167) (27B7)   ;(11111011110001000010011100000011) (-416754375) (-71031037) (-4-3-11-13-8-15-13)   ;(00000000111001101000011100110011) (71503463) (15107891) (E68733)   ;(01001010111001111010110000100011) (-875757605) (1256696867) (4AE7AC23)   ;(00000000000000000010011110110111) (23667) (10167) (27B7)   ;(01001011100001111010011110000011) (-805760045) (1267181443) (4B87A783)   ;
;488;(00000000000001111000010100010011) (1702423) (492819) (78513)    ;(00100000000100000000000011101111) (-290966939) (537919727) (201000EF)   ;(00000000000001010000011100010011) (1203423) (329491) (50713)   ;(01100000000000000000011110110111) (1852520019) (1610614711) (600007B7)   ;(00000000111001111010000000100011) (71720043) (15179811) (E7A023)   ;(11111110000001000010010000100011) (-176755735) (-33283037) (-1-15-11-13-11-13-13)   ;(00000000000000000000011100010011) (3423) (1811) (713)   ;(11111101100001000010011010000011) (-236754575) (-41671037) (-2-7-11-13-9-7-13)   ;
;496;(11111101110001000010011000000011) (-216754775) (-37476861) (-2-3-11-13-9-15-13)    ;(11111101000001000010010110000011) (-276755175) (-50059901) (-2-15-11-13-10-7-13)   ;(11111101010001000010010100000011) (-256755375) (-45865725) (-2-11-11-13-10-15-13)   ;(01101101110000000000000011101111) (-882450587) (1841299695) (6DC000EF)   ;(00000000100000000000011110010011) (40003623) (8390547) (800793)   ;(00110000000001111010000001110011) (1706752867) (805806195) (3007A073)   ;(01010000000000000000011110110111) (-147479981) (1342179255) (500007B7)   ;(00000000100001111000011110010011) (41703623) (8882067) (878793)   ;
;504;(00000000001100000000011100010011) (14003423) (3147539) (300713)    ;(00000000111001111010000000100011) (71720043) (15179811) (E7A023)   ;(11111110100001000010011110000011) (-136754175) (-24893565) (-1-7-11-13-8-7-13)   ;(00000000000101111000011110010011) (5703623) (1542035) (178793)   ;(11111110111101000010010000100011) (-102755735) (-17554397) (-10-11-13-11-13-13)   ;(00000000000000000010011110110111) (23667) (10167) (27B7)   ;(01001011110001111010011100000011) (-785760245) (1271375619) (4BC7A703)   ;(00000000000000000010011110110111) (23667) (10167) (27B7)   ;
;512;(01001100000001111010011110000011) (-745760045) (1275570051) (4C07A783)    ;(00000000111101110111011110110011) (75673663) (16218035) (F777B3)   ;(00000000000001111001011001100011) (1713143) (497251) (79663)   ;(00000000101000000000010100010011) (50002423) (10487059) (A00513)   ;(00100101100000000000000011101111) (245033061) (629145839) (258000EF)   ;(11111100110001000010011110000011) (-316754175) (-54253693) (-3-3-11-13-8-7-13)   ;(10111000000001111000111011100011) (1371413213) (-1207464221) (-4-7-15-8-7-1-1-13)   ;(00000000000000000010011110110111) (23667) (10167) (27B7)   ;
;520;(01001010000001111010111000100011) (-945756605) (1242017315) (4A07AE23)    ;(11111110000001000010001000100011) (-176756735) (-33283549) (-1-15-11-13-13-13-13)   ;(00000100000000000000000001101111) (400000157) (67108975) (400006F)   ;(00000000000000000010011100110111) (23467) (10039) (2737)   ;(11111110010001000010011110000011) (-156754175) (-29087869) (-1-11-11-13-8-7-13)   ;(00000001110001111000011110010011) (161703623) (29853587) (1C78793)   ;(00000000001001111001011110010011) (11713623) (2594707) (279793)   ;(00000000111101110000011110110011) (75603663) (16189363) (F707B3)   ;
;528;(00000000000001111010011110000011) (1723603) (501635) (7A783)    ;(00000000000001111000110001100011) (1706143) (494691) (78C63)   ;(01100000000000000000011110110111) (1852520019) (1610614711) (600007B7)   ;(00000000000000001110011100110111) (163467) (59191) (E737)   ;(11101010110101110000011100010011) (1782792941) (-355006701) (-1-5-2-8-15-8-14-13)   ;(00000000111001111010000000100011) (71720043) (15179811) (E7A023)   ;(11111100110011111111000001101111) (-314007621) (-53481361) (-3-300-15-9-1)   ;(11111110010001000010011110000011) (-156754175) (-29087869) (-1-11-11-13-8-7-13)   ;
;536;(00000000000101111000011110010011) (5703623) (1542035) (178793)    ;(11111110111101000010001000100011) (-102756735) (-17554909) (-10-11-13-13-13-13)   ;(11111110010001000010011100000011) (-156754375) (-29087997) (-1-11-11-13-8-15-13)   ;(00000000100100000000011110010011) (44003623) (9439123) (900793)   ;(11111010111001111111111011100011) (-506000435) (-85459229) (-5-1-80-1-1-13)   ;(00000000100000000000011110010011) (40003623) (8390547) (800793)   ;(00110000000001111011000001110011) (1706762867) (805810291) (3007B073)   ;(00000001000000000000000011101111) (100000357) (16777455) (10000EF)   ;
;544;(00000000100000000000011110010011) (40003623) (8390547) (800793)    ;(00110000000001111010000001110011) (1706752867) (805806195) (3007A073)   ;(10011111100111111111000001101111) (-1882523973) (-1616908177) (-60-600-15-9-1)   ;(11111101000000010000000100010011) (-277577355) (-50265837) (-2-15-14-15-14-14-13)   ;(00000010000100010010011000100011) (204223043) (34678307) (2112623)   ;(00000010100000010010010000100011) (240222043) (42017827) (2812423)   ;(00000011000000010000010000010011) (300202023) (50398227) (3010413)   ;(00000001001100000000011110010011) (114003623) (19924883) (1300793)   ;
;552;(11111110111101000010011000100011) (-102754735) (-17553885) (-10-11-13-9-13-13)    ;(00011010010000000000000001101111) (-1074967139) (440402031) (1A40006F)   ;(00000000000100000000011110010011) (4003623) (1050515) (100793)   ;(11111110111101000010010000100011) (-102755735) (-17554397) (-10-11-13-11-13-13)   ;(11111110000001000010001000100011) (-176756735) (-33283549) (-1-15-11-13-13-13-13)   ;(00000101000000000000000001101111) (500000157) (83886191) (500006F)   ;(11111110110001000010011100000011) (-116754375) (-20699389) (-1-3-11-13-8-15-13)   ;(00000000000001110000011110010011) (1603623) (460691) (70793)   ;
;560;(00000000001001111001011110010011) (11713623) (2594707) (279793)    ;(00000000111001111000011110110011) (71703663) (15173555) (E787B3)   ;(00000000000101111001011110010011) (5713623) (1546131) (179793)   ;(00000000000001111000011100010011) (1703423) (493331) (78713)   ;(11111110010001000010011110000011) (-156754175) (-29087869) (-1-11-11-13-8-7-13)   ;(00000000111101110000011110110011) (75603663) (16189363) (F707B3)   ;(00000000001001111001011100010011) (11713423) (2594579) (279713)   ;(00000000000000000010011110110111) (23667) (10167) (27B7)   ;
;568;(00000111000001111000011110010011) (701703623) (117933971) (7078793)    ;(00000000111101110000011110110011) (75603663) (16189363) (F707B3)   ;(00000000000001111010011110000011) (1723603) (501635) (7A783)   ;(00000000000001111001011001100011) (1713143) (497251) (79663)   ;(11111110000001000010010000100011) (-176755735) (-33283037) (-1-15-11-13-11-13-13)   ;(00000001110000000000000001101111) (160000157) (29360239) (1C0006F)   ;(11111110010001000010011110000011) (-156754175) (-29087869) (-1-11-11-13-8-7-13)   ;(00000000000101111000011110010011) (5703623) (1542035) (178793)   ;
;576;(11111110111101000010001000100011) (-102756735) (-17554909) (-10-11-13-13-13-13)    ;(11111110010001000010011100000011) (-156754375) (-29087997) (-1-11-11-13-8-15-13)   ;(00000000100100000000011110010011) (44003623) (9439123) (900793)   ;(11111010111001111101011011100011) (-506024435) (-85469469) (-5-1-8-2-9-1-13)   ;(11111110100001000010011110000011) (-136754175) (-24893565) (-1-7-11-13-8-7-13)   ;(00010010000001111000010001100011) (-2093265153) (302482531) (12078463)   ;(11111110110001000010011110000011) (-116754175) (-20699261) (-1-3-11-13-8-7-13)   ;(11111110111101000010000000100011) (-102757735) (-17555421) (-10-11-13-15-13-13)   ;
;584;(00001010000000000000000001101111) (1200000157) (167772271) (A00006F)    ;(11111100000001000010111000100011) (-376750735) (-66834909) (-3-15-11-13-1-13-13)   ;(00001000000000000000000001101111) (1000000157) (134217839) (800006F)   ;(11111110000001000010011110000011) (-176754175) (-33282173) (-1-15-11-13-8-7-13)   ;(11111111111101111000011110010011) (-2074155) (-555117) (-8-7-8-6-13)   ;(00000000000001111000011100010011) (1703423) (493331) (78713)   ;(00000000000001110000011110010011) (1603623) (460691) (70793)   ;(00000000001001111001011110010011) (11713623) (2594707) (279793)   ;
;592;(00000000111001111000011110110011) (71703663) (15173555) (E787B3)    ;(00000000000101111001011110010011) (5713623) (1546131) (179793)   ;(00000000000001111000011100010011) (1703423) (493331) (78713)   ;(11111101110001000010011110000011) (-216754175) (-37476477) (-2-3-11-13-8-7-13)   ;(00000000111101110000011110110011) (75603663) (16189363) (F707B3)   ;(00000000001001111001011100010011) (11713423) (2594579) (279713)   ;(00000000000000000010011110110111) (23667) (10167) (27B7)   ;(00000111000001111000011110010011) (701703623) (117933971) (7078793)   ;
;600;(00000000111101110000011010110011) (75603263) (16189107) (F706B3)    ;(11111110000001000010011100000011) (-176754375) (-33282301) (-1-15-11-13-8-15-13)   ;(00000000000001110000011110010011) (1603623) (460691) (70793)   ;(00000000001001111001011110010011) (11713623) (2594707) (279793)   ;(00000000111001111000011110110011) (71703663) (15173555) (E787B3)   ;(00000000000101111001011110010011) (5713623) (1546131) (179793)   ;(00000000000001111000011100010011) (1703423) (493331) (78713)   ;(11111101110001000010011110000011) (-216754175) (-37476477) (-2-3-11-13-8-7-13)   ;
;608;(00000000111101110000011110110011) (75603663) (16189363) (F707B3)    ;(00000000001001111001011100010011) (11713423) (2594579) (279713)   ;(00000000000000000010011110110111) (23667) (10167) (27B7)   ;(00000111000001111000011110010011) (701703623) (117933971) (7078793)   ;(00000000111101110000011110110011) (75603663) (16189363) (F707B3)   ;(00000000000001101010011100000011) (1523403) (435971) (6A703)   ;(00000000111001111010000000100011) (71720043) (15179811) (E7A023)   ;(11111101110001000010011110000011) (-216754175) (-37476477) (-2-3-11-13-8-7-13)   ;
;616;(00000000000101111000011110010011) (5703623) (1542035) (178793)    ;(11111100111101000010111000100011) (-302750735) (-51106269) (-30-11-13-1-13-13)   ;(11111101110001000010011100000011) (-216754375) (-37476605) (-2-3-11-13-8-15-13)   ;(00000000100100000000011110010011) (44003623) (9439123) (900793)   ;(11110110111001111101111011100011) (-1106020435) (-152576285) (-9-1-8-2-1-1-13)   ;(11111110000001000010011110000011) (-176754175) (-33282173) (-1-15-11-13-8-7-13)   ;(11111111111101111000011110010011) (-2074155) (-555117) (-8-7-8-6-13)   ;(11111110111101000010000000100011) (-102757735) (-17555421) (-10-11-13-15-13-13)   ;
;624;(11111110000001000010011110000011) (-176754175) (-33282173) (-1-15-11-13-8-7-13)    ;(11110110111100000100000011100011) (-1103737435) (-152026909) (-90-15-11-15-1-13)   ;(11111100000001000010110000100011) (-376751735) (-66835421) (-3-15-11-13-3-13-13)   ;(00000010100000000000000001101111) (240000157) (41943151) (280006F)   ;(11111101100001000010011110000011) (-236754175) (-41670781) (-2-7-11-13-8-7-13)   ;(00000000001001111001011100010011) (11713423) (2594579) (279713)   ;(00000000000000000010011110110111) (23667) (10167) (27B7)   ;(00000111000001111000011110010011) (701703623) (117933971) (7078793)   ;
;632;(00000000111101110000011110110011) (75603663) (16189363) (F707B3)    ;(00000000000001111010000000100011) (1720043) (499747) (7A023)   ;(11111101100001000010011110000011) (-236754175) (-41670781) (-2-7-11-13-8-7-13)   ;(00000000000101111000011110010011) (5703623) (1542035) (178793)   ;(11111100111101000010110000100011) (-302751735) (-51106781) (-30-11-13-3-13-13)   ;(11111101100001000010011100000011) (-236754375) (-41670909) (-2-7-11-13-8-15-13)   ;(00000000100100000000011110010011) (44003623) (9439123) (900793)   ;(11111100111001111101101011100011) (-306022435) (-51914013) (-3-1-8-2-5-1-13)   ;
;640;(11111110110001000010011110000011) (-116754175) (-20699261) (-1-3-11-13-8-7-13)    ;(00000000000101111000011110010011) (5703623) (1542035) (178793)   ;(11111110111101000010011000100011) (-102754735) (-17553885) (-10-11-13-9-13-13)   ;(00000000000000000010011110110111) (23667) (10167) (27B7)   ;(01001011100001111010011100000011) (-805760245) (1267181315) (4B87A703)   ;(00000000000000000010011110110111) (23667) (10167) (27B7)   ;(00000000101001110000011100010011) (51603423) (10946323) (A70713)   ;(01001010111001111010110000100011) (-875757605) (1256696867) (4AE7AC23)   ;
;648;(00000000000000000010011110110111) (23667) (10167) (27B7)    ;(01001011100001111010011110000011) (-805760045) (1267181443) (4B87A783)   ;(00000000000001111000010100010011) (1702423) (492819) (78513)   ;(01110111100000000000000011101111) (297549413) (2004877551) (778000EF)   ;(00000000000001010000011100010011) (1203423) (329491) (50713)   ;(01100000000000000000011110110111) (1852520019) (1610614711) (600007B7)   ;(00000000111001111010000000100011) (71720043) (15179811) (E7A023)   ;(11111110110001000010011110000011) (-116754175) (-20699261) (-1-3-11-13-8-7-13)   ;
;656;(11111111111101111000011110010011) (-2074155) (-555117) (-8-7-8-6-13)    ;(11111110111101000010011000100011) (-102754735) (-17553885) (-10-11-13-9-13-13)   ;(11111110110001000010011110000011) (-116754175) (-20699261) (-1-3-11-13-8-7-13)   ;(11100100000001111101111011100011) (918946861) (-469246237) (-1-11-15-8-2-1-1-13)   ;(00000000000000000000000000010011) (23) (19) (13)   ;(00000000000000000000000000010011) (23) (19) (13)   ;(00000010110000010010000010000011) (260220203) (46211203) (2C12083)   ;(00000010100000010010010000000011) (240222003) (42017795) (2812403)   ;
;664;(00000011000000010000000100010011) (300200423) (50397459) (3010113)    ;(00000000000000001000000001100111) (100147) (32871) (8067)   ;(11111101000000010000000100010011) (-277577355) (-50265837) (-2-15-14-15-14-14-13)   ;(00000010000100010010011000100011) (204223043) (34678307) (2112623)   ;(00000010100000010010010000100011) (240222043) (42017827) (2812423)   ;(00000011000000010000010000010011) (300202023) (50398227) (3010413)   ;(11111100101001000010111000100011) (-326750735) (-56349149) (-3-5-11-13-1-13-13)   ;(00110111110000000000011110010011) (-1829930969) (935331731) (37C00793)   ;
;672;(11111110111101000010010000100011) (-102755735) (-17554397) (-10-11-13-11-13-13)    ;(11111110000001000010011000100011) (-176754735) (-33282525) (-1-15-11-13-9-13-13)   ;(00000011000000000000000001101111) (300000157) (50331759) (300006F)   ;(11111110000001000010001000100011) (-176756735) (-33283549) (-1-15-11-13-13-13-13)   ;(00000001000000000000000001101111) (100000157) (16777327) (100006F)   ;(11111110010001000010011110000011) (-156754175) (-29087869) (-1-11-11-13-8-7-13)   ;(00000000000101111000011110010011) (5703623) (1542035) (178793)   ;(11111110111101000010001000100011) (-102756735) (-17554909) (-10-11-13-13-13-13)   ;
;680;(11111110010001000010011110000011) (-156754175) (-29087869) (-1-11-11-13-8-7-13)    ;(11111110100001000010011100000011) (-136754375) (-24893693) (-1-7-11-13-8-15-13)   ;(11111110111001111110011011100011) (-106014435) (-18356509) (-1-1-8-1-9-1-13)   ;(11111110110001000010011110000011) (-116754175) (-20699261) (-1-3-11-13-8-7-13)   ;(00000000000101111000011110010011) (5703623) (1542035) (178793)   ;(11111110111101000010011000100011) (-102754735) (-17553885) (-10-11-13-9-13-13)   ;(11111110110001000010011100000011) (-116754375) (-20699389) (-1-3-11-13-8-15-13)   ;(11111101110001000010011110000011) (-216754175) (-37476477) (-2-3-11-13-8-7-13)   ;
;688;(11111100111101110110011011100011) (-302114435) (-50895133) (-30-8-9-9-1-13)    ;(00000000000000000000000000010011) (23) (19) (13)   ;(00000000000000000000000000010011) (23) (19) (13)   ;(00000010110000010010000010000011) (260220203) (46211203) (2C12083)   ;(00000010100000010010010000000011) (240222003) (42017795) (2812403)   ;(00000011000000010000000100010011) (300200423) (50397459) (3010113)   ;(00000000000000001000000001100111) (100147) (32871) (8067)   ;(11111110000000010000000100010011) (-177577355) (-33488621) (-1-15-14-15-14-14-13)   ;
;696;(00000000000100010010111000100011) (4227043) (1125923) (112E23)    ;(00000000100000010010110000100011) (40226043) (8465443) (812C23)   ;(00000010000000010000010000010011) (200202023) (33621011) (2010413)   ;(11111110101001000010011000100011) (-126754735) (-22796765) (-1-5-11-13-9-13-13)   ;(00000000000000000010011110110111) (23667) (10167) (27B7)   ;(11111110110001000010011100000011) (-116754375) (-20699389) (-1-3-11-13-8-15-13)   ;(00000000111001111010001000100011) (71721043) (15180323) (E7A223)   ;(00000000000000000000000000010011) (23) (19) (13)   ;
;704;(00000001110000010010000010000011) (160220203) (29433987) (1C12083)    ;(00000001100000010010010000000011) (140222003) (25240579) (1812403)   ;(00000010000000010000000100010011) (200200423) (33620243) (2010113)   ;(00000000000000001000000001100111) (100147) (32871) (8067)   ;(11111111000000010000000100010011) (-77577355) (-16711405) (-15-14-15-14-14-13)   ;(00000000000100010010011000100011) (4223043) (1123875) (112623)   ;(00000000100000010010010000100011) (40222043) (8463395) (812423)   ;(00000001000000010000010000010011) (100202023) (16843795) (1010413)   ;
;712;(00000000000000000010011110110111) (23667) (10167) (27B7)    ;(00000000010001111010011100000011) (21723403) (4695811) (47A703)   ;(00000000000001110000011110010011) (1603623) (460691) (70793)   ;(00000000100001111001011110010011) (41713623) (8886163) (879793)   ;(01000000111001111000011110110011) (-2075779985) (1088915379) (40E787B3)   ;(00000000001101111001011110010011) (15713623) (3643283) (379793)   ;(00000000111001111000011110110011) (71703663) (15173555) (E787B3)   ;(00000000011101111001011110010011) (35713623) (7837587) (779793)   ;
;720;(00000000111001111000011110110011) (71703663) (15173555) (E787B3)    ;(00000000001101111001011110010011) (15713623) (3643283) (379793)   ;(01000000111001111000011110110011) (-2075779985) (1088915379) (40E787B3)   ;(00000000010101111001011010010011) (25713223) (5740179) (579693)   ;(00000000110101111000011110110011) (65703663) (14124979) (D787B3)   ;(00000000001001111001011110010011) (11713623) (2594707) (279793)   ;(01000000111001111000011110110011) (-2075779985) (1088915379) (40E787B3)   ;(00000000001001111001011110010011) (11713623) (2594707) (279793)   ;
;728;(00000000111001111000011010110011) (71703263) (15173299) (E786B3)    ;(00000000000000000010011110110111) (23667) (10167) (27B7)   ;(00000000000000000011011100110111) (33467) (14135) (3737)   ;(00000011100101110000011100010011) (345603423) (60229395) (3970713)   ;(00000000111001101000011100110011) (71503463) (15107891) (E68733)   ;(00000000111001111010001000100011) (71721043) (15180323) (E7A223)   ;(00000000000000000010011110110111) (23667) (10167) (27B7)   ;(00000000010001111010011110000011) (21723603) (4695939) (47A783)   ;
;736;(01000001000001111101011100010011) (-2045730225) (1091032851) (4107D713)    ;(00000000000000001000011110110111) (103667) (34743) (87B7)   ;(11111111111101111000011110010011) (-2074155) (-555117) (-8-7-8-6-13)   ;(00000000111101110111011110110011) (75673663) (16218035) (F777B3)   ;(00000000000001111000010100010011) (1702423) (492819) (78513)   ;(00000000110000010010000010000011) (60220203) (12656771) (C12083)   ;(00000000100000010010010000000011) (40222003) (8463363) (812403)   ;(00000001000000010000000100010011) (100200423) (16843027) (1010113)   ;
;744;(00000000000000001000000001100111) (100147) (32871) (8067)    ;(11111101000000010000000100010011) (-277577355) (-50265837) (-2-15-14-15-14-14-13)   ;(00000010000100010010011000100011) (204223043) (34678307) (2112623)   ;(00000010100000010010010000100011) (240222043) (42017827) (2812423)   ;(00000011001000010010001000100011) (310221043) (52503075) (3212223)   ;(00000011001100010010000000100011) (314220043) (53551139) (3312023)   ;(00000011000000010000010000010011) (300202023) (50398227) (3010413)   ;(00000000000000000010011110110111) (23667) (10167) (27B7)   ;
;752;(00000000100001111010011100000011) (41723403) (8890115) (87A703)    ;(00000000011000000000011110010011) (30003623) (6293395) (600793)   ;(00001110111001111101000001100011) (1671750143) (250073187) (EE7D063)   ;(11111110000001000010011000100011) (-176754735) (-33282525) (-1-15-11-13-9-13-13)   ;(00000010100000000000000001101111) (240000157) (41943151) (280006F)   ;(00000000000000000010011100110111) (23467) (10039) (2737)   ;(11111110110001000010011110000011) (-116754175) (-20699261) (-1-3-11-13-8-7-13)   ;(00000000001001111001011110010011) (11713623) (2594707) (279793)   ;
;760;(00000000111101110000011110110011) (75603663) (16189363) (F707B3)    ;(11111110110001000010011100000011) (-116754375) (-20699389) (-1-3-11-13-8-15-13)   ;(00000000111001111010011000100011) (71723043) (15181347) (E7A623)   ;(11111110110001000010011110000011) (-116754175) (-20699261) (-1-3-11-13-8-7-13)   ;(00000000000101111000011110010011) (5703623) (1542035) (178793)   ;(11111110111101000010011000100011) (-102754735) (-17553885) (-10-11-13-9-13-13)   ;(11111110110001000010011100000011) (-116754375) (-20699389) (-1-3-11-13-8-15-13)   ;(00000000011000000000011110010011) (30003623) (6293395) (600793)   ;
;768;(11111100111001111101101011100011) (-306022435) (-51914013) (-3-1-8-2-5-1-13)    ;(00000000011000000000011110010011) (30003623) (6293395) (600793)   ;(11111110111101000010011000100011) (-102754735) (-17553885) (-10-11-13-9-13-13)   ;(00001000110000000000000001101111) (1060000157) (146800751) (8C0006F)   ;(11110000000111111111000011101111) (-1770007421) (-266342161) (-15-1400-15-1-1)   ;(00000000000001010000011100010011) (1203423) (329491) (50713)   ;(11111110110001000010011110000011) (-116754175) (-20699261) (-1-3-11-13-8-7-13)   ;(00000000000101111000011110010011) (5703623) (1542035) (178793)   ;
;776;(00000000000001111000010110010011) (1702623) (492947) (78593)    ;(00000000000001110000010100010011) (1602423) (460051) (70513)   ;(01111011110000000000000011101111) (917549413) (2076180719) (7BC000EF)   ;(00000000000001010000011110010011) (1203623) (329619) (50793)   ;(11111110111101000010010000100011) (-102755735) (-17554397) (-10-11-13-11-13-13)   ;(00000000000000000010011100110111) (23467) (10039) (2737)   ;(11111110110001000010011110000011) (-116754175) (-20699261) (-1-3-11-13-8-7-13)   ;(00000000001001111001011110010011) (11713623) (2594707) (279793)   ;
;784;(00000000111101110000011110110011) (75603663) (16189363) (F707B3)    ;(00000000110001111010011110000011) (61723603) (13084547) (C7A783)   ;(11111110111101000010001000100011) (-102756735) (-17554909) (-10-11-13-13-13-13)   ;(00000000000000000010011100110111) (23467) (10039) (2737)   ;(00000000000000000010011010110111) (23267) (9911) (26B7)   ;(11111110100001000010011110000011) (-136754175) (-24893565) (-1-7-11-13-8-7-13)   ;(00000000001001111001011110010011) (11713623) (2594707) (279793)   ;(00000000111101110000011110110011) (75603663) (16189363) (F707B3)   ;
;792;(00000000110001111010011100000011) (61723403) (13084419) (C7A703)    ;(11111110110001000010011110000011) (-116754175) (-20699261) (-1-3-11-13-8-7-13)   ;(00000000001001111001011110010011) (11713623) (2594707) (279793)   ;(00000000111101101000011110110011) (75503663) (16156595) (F687B3)   ;(00000000111001111010011000100011) (71723043) (15181347) (E7A623)   ;(00000000000000000010011100110111) (23467) (10039) (2737)   ;(11111110100001000010011110000011) (-136754175) (-24893565) (-1-7-11-13-8-7-13)   ;(00000000001001111001011110010011) (11713623) (2594707) (279793)   ;
;800;(00000000111101110000011110110011) (75603663) (16189363) (F707B3)    ;(11111110010001000010011100000011) (-156754375) (-29087997) (-1-11-11-13-8-15-13)   ;(00000000111001111010011000100011) (71723043) (15181347) (E7A623)   ;(11111110110001000010011110000011) (-116754175) (-20699261) (-1-3-11-13-8-7-13)   ;(11111111111101111000011110010011) (-2074155) (-555117) (-8-7-8-6-13)   ;(11111110111101000010011000100011) (-102754735) (-17553885) (-10-11-13-9-13-13)   ;(11111110110001000010011110000011) (-116754175) (-20699261) (-1-3-11-13-8-7-13)   ;(11110110111100000100101011100011) (-1103732435) (-152024349) (-90-15-11-5-1-13)   ;
;808;(00000000000000000010011110110111) (23667) (10167) (27B7)    ;(00000000000001111010010000100011) (1722043) (500771) (7A423)   ;(00000000000000000010011100110111) (23467) (10039) (2737)   ;(00000000000000000010011110110111) (23667) (10167) (27B7)   ;(00000000100001111010011110000011) (41723603) (8890243) (87A783)   ;(00000000001001111001011110010011) (11713623) (2594707) (279793)   ;(00000000111101110000011110110011) (75603663) (16189363) (F707B3)   ;(00000000110001111010011110000011) (61723603) (13084547) (C7A783)   ;
;816;(11111100111101000010101000100011) (-302752735) (-51107293) (-30-11-13-5-13-13)    ;(00000000000000000010011100110111) (23467) (10039) (2737)   ;(11111101010001000010011110000011) (-256754175) (-45865085) (-2-11-11-13-8-7-13)   ;(00000000100001111000011110010011) (41703623) (8882067) (878793)   ;(00000000001001111001011110010011) (11713623) (2594707) (279793)   ;(00000000111101110000011110110011) (75603663) (16189363) (F707B3)   ;(00000000100001111010011110000011) (41723603) (8890243) (87A783)   ;(11111100111101000010110000100011) (-302751735) (-51106781) (-30-11-13-3-13-13)   ;
;824;(00000000000000000010011010110111) (23267) (9911) (26B7)    ;(11111101010001000010011110000011) (-256754175) (-45865085) (-2-11-11-13-8-7-13)   ;(00000000000000000010011100110111) (23467) (10039) (2737)   ;(00000001000001111000011110010011) (101703623) (17270675) (1078793)   ;(00000000001001111001011110010011) (11713623) (2594707) (279793)   ;(00000000111101101000011110110011) (75503663) (16156595) (F687B3)   ;(00000000010001111010011110000011) (21723603) (4695939) (47A783)   ;(00000000111101110010000000100011) (75620043) (16195619) (F72023)   ;
;832;(00000000000000000010011110110111) (23667) (10167) (27B7)    ;(00000000100001111010011100000011) (41723403) (8890115) (87A703)   ;(00000000000101110000011100010011) (5603423) (1509139) (170713)   ;(00000000111001111010010000100011) (71722043) (15180835) (E7A423)   ;(11111101010001000010011110000011) (-256754175) (-45865085) (-2-11-11-13-8-7-13)   ;(11111100111101000010111000100011) (-302750735) (-51106269) (-30-11-13-1-13-13)   ;(11111101100001000010011110000011) (-236754175) (-41670781) (-2-7-11-13-8-7-13)   ;(11111110111101000010000000100011) (-102757735) (-17555421) (-10-11-13-15-13-13)   ;
;840;(11111101110001000010011100000011) (-216754375) (-37476605) (-2-3-11-13-8-15-13)    ;(11111110000001000010011110000011) (-176754175) (-33282173) (-1-15-11-13-8-7-13)   ;(00000000000001110000100100010011) (1604423) (461075) (70913)   ;(00000000000001111000100110010011) (1704623) (493971) (78993)   ;(00000000000010010000011100010011) (2203423) (591635) (90713)   ;(00000000000010011000011110010011) (2303623) (624531) (98793)   ;(00000000000001110000010100010011) (1602423) (460051) (70513)   ;(00000000000001111000010110010011) (1702623) (492947) (78593)   ;
;848;(00000010110000010010000010000011) (260220203) (46211203) (2C12083)    ;(00000010100000010010010000000011) (240222003) (42017795) (2812403)   ;(00000010010000010010100100000011) (220224403) (37824771) (2412903)   ;(00000010000000010010100110000011) (200224603) (33630595) (2012983)   ;(00000011000000010000000100010011) (300200423) (50397459) (3010113)   ;(00000000000000001000000001100111) (100147) (32871) (8067)   ;(11111100000000010000000100010011) (-377577355) (-67043053) (-3-15-14-15-14-14-13)   ;(00000010000100010010111000100011) (204227043) (34680355) (2112E23)   ;
;856;(00000010100000010010110000100011) (240226043) (42019875) (2812C23)    ;(00000100000000010000010000010011) (400202023) (67175443) (4010413)   ;(11111100101001000010011000100011) (-326754735) (-56351197) (-3-5-11-13-9-13-13)   ;(11111100101101000010010000100011) (-322755735) (-55303133) (-3-4-11-13-11-13-13)   ;(11111100110001000010001000100011) (-316756735) (-54255069) (-3-3-11-13-13-13-13)   ;(11111100110101000010000000100011) (-312757735) (-53207005) (-3-2-11-13-15-13-13)   ;(11111110000001000010011000100011) (-176754735) (-33282525) (-1-15-11-13-9-13-13)   ;(00010000100000000000000001101111) (2040000157) (276824175) (1080006F)   ;
;864;(11111110000001000010010000100011) (-176755735) (-33283037) (-1-15-11-13-11-13-13)    ;(00001110100000000000000001101111) (1640000157) (243269743) (E80006F)   ;(11111100010001000010010110000011) (-356755175) (-62642813) (-3-11-11-13-10-7-13)   ;(11111110110001000010010100000011) (-116755375) (-20699901) (-1-3-11-13-10-15-13)   ;(01011010110000000000000011101111) (1112516709) (1522532591) (5AC000EF)   ;(00000000000001010000011110010011) (1203623) (329619) (50793)   ;(00000000000001111000011100010011) (1703423) (493331) (78713)   ;(11111110100001000010011110000011) (-136754175) (-24893565) (-1-7-11-13-8-7-13)   ;
;872;(00000000111001111000011110110011) (71703663) (15173555) (E787B3)    ;(11111110111101000010001000100011) (-102756735) (-17554909) (-10-11-13-13-13-13)   ;(11111110010001000010011100000011) (-156754375) (-29087997) (-1-11-11-13-8-15-13)   ;(00000000111100000000011110010011) (74003623) (15730579) (F00793)   ;(00001010111001111100100001100011) (1271744143) (182962275) (AE7C863)   ;(00000000000000000010011100110111) (23467) (10039) (2737)   ;(11111110010001000010011110000011) (-156754175) (-29087869) (-1-11-11-13-8-7-13)   ;(00001111110001111000011110010011) (1761703623) (264734611) (FC78793)   ;
;880;(00000000001001111001011110010011) (11713623) (2594707) (279793)    ;(00000000111101110000011110110011) (75603663) (16189363) (F707B3)   ;(00000000100001111010011110000011) (41723603) (8890243) (87A783)   ;(00001000000001111000101001100011) (1001705143) (134711907) (8078A63)   ;(11111100110001000010011100000011) (-316754375) (-54253821) (-3-3-11-13-8-15-13)   ;(11111110110001000010011110000011) (-116754175) (-20699261) (-1-3-11-13-8-7-13)   ;(00000000111101110000011110110011) (75603663) (16189363) (F707B3)   ;(11111110111101000010000000100011) (-102757735) (-17555421) (-10-11-13-15-13-13)   ;
;888;(11111100100001000010011100000011) (-336754375) (-58448125) (-3-7-11-13-8-15-13)    ;(11111110100001000010011110000011) (-136754175) (-24893565) (-1-7-11-13-8-7-13)   ;(00000000111101110000011110110011) (75603663) (16189363) (F707B3)   ;(11111100111101000010111000100011) (-302750735) (-51106269) (-30-11-13-1-13-13)   ;(11111101110001000010011110000011) (-216754175) (-37476477) (-2-3-11-13-8-7-13)   ;(00000000000001111100111001100011) (1747143) (511587) (7CE63)   ;(11111101110001000010011100000011) (-216754375) (-37476605) (-2-3-11-13-8-15-13)   ;(00000000100100000000011110010011) (44003623) (9439123) (900793)   ;
;896;(00000000111001111100100001100011) (71744143) (15190115) (E7C863)    ;(11111110000001000010011100000011) (-176754375) (-33282301) (-1-15-11-13-8-15-13)   ;(00000001001100000000011110010011) (114003623) (19924883) (1300793)   ;(00000000111001111101011001100011) (71753143) (15193699) (E7D663)   ;(00000000000100000000011110010011) (4003623) (1050515) (100793)   ;(00001000000000000000000001101111) (1000000157) (134217839) (800006F)   ;(11111110000001000010011110000011) (-176754175) (-33282173) (-1-15-11-13-8-7-13)   ;(00000100000001111100001001100011) (401741143) (67617379) (407C263)   ;
;904;(11111110000001000010011100000011) (-176754375) (-33282301) (-1-15-11-13-8-15-13)    ;(00000000000001110000011110010011) (1603623) (460691) (70793)   ;(00000000001001111001011110010011) (11713623) (2594707) (279793)   ;(00000000111001111000011110110011) (71703663) (15173555) (E787B3)   ;(00000000000101111001011110010011) (5713623) (1546131) (179793)   ;(00000000000001111000011100010011) (1703423) (493331) (78713)   ;(11111101110001000010011110000011) (-216754175) (-37476477) (-2-3-11-13-8-7-13)   ;(00000000111101110000011110110011) (75603663) (16189363) (F707B3)   ;
;912;(00000000001001111001011100010011) (11713423) (2594579) (279713)    ;(00000000000000000010011110110111) (23667) (10167) (27B7)   ;(00000111000001111000011110010011) (701703623) (117933971) (7078793)   ;(00000000111101110000011110110011) (75603663) (16189363) (F707B3)   ;(00000000000001111010011110000011) (1723603) (501635) (7A783)   ;(00000000000001111000011001100011) (1703143) (493155) (78663)   ;(00000000000100000000011110010011) (4003623) (1050515) (100793)   ;(00000011100000000000000001101111) (340000157) (58720367) (380006F)   ;
;920;(11111110100001000010011110000011) (-136754175) (-24893565) (-1-7-11-13-8-7-13)    ;(00000000000101111000011110010011) (5703623) (1542035) (178793)   ;(11111110111101000010010000100011) (-102755735) (-17554397) (-10-11-13-11-13-13)   ;(11111110100001000010011100000011) (-136754375) (-24893693) (-1-7-11-13-8-15-13)   ;(11111100010001000010011110000011) (-356754175) (-62642301) (-3-11-11-13-8-7-13)   ;(11110000111101110100101011100011) (-1702132435) (-252228893) (-150-8-11-5-1-13)   ;(11111110110001000010011110000011) (-116754175) (-20699261) (-1-3-11-13-8-7-13)   ;(00000000000101111000011110010011) (5703623) (1542035) (178793)   ;
;928;(11111110111101000010011000100011) (-102754735) (-17553885) (-10-11-13-9-13-13)    ;(11111110110001000010011100000011) (-116754375) (-20699389) (-1-3-11-13-8-15-13)   ;(11111100000001000010011110000011) (-376754175) (-66836605) (-3-15-11-13-8-7-13)   ;(11101110111101110100101011100011) (-2102132435) (-285783325) (-1-10-8-11-5-1-13)   ;(00000000000000000000011110010011) (3623) (1939) (793)   ;(00000000000001111000010100010011) (1702423) (492819) (78513)   ;(00000011110000010010000010000011) (360220203) (62988419) (3C12083)   ;(00000011100000010010010000000011) (340222003) (58795011) (3812403)   ;
;936;(00000100000000010000000100010011) (400200423) (67174675) (4010113)    ;(00000000000000001000000001100111) (100147) (32871) (8067)   ;(11111011000000010000000100010011) (-477577355) (-83820269) (-4-15-14-15-14-14-13)   ;(00000100000100010010011000100011) (404223043) (68232739) (4112623)   ;(00000100100000010010010000100011) (440222043) (75572259) (4812423)   ;(00000100100100010010001000100011) (444221043) (76620323) (4912223)   ;(00000101000000010000010000010011) (500202023) (83952659) (5010413)   ;(11111100101001000010011000100011) (-326754735) (-56351197) (-3-5-11-13-9-13-13)   ;
;944;(11111100101101000010010000100011) (-322755735) (-55303133) (-3-4-11-13-11-13-13)    ;(11111100110001000010001000100011) (-316756735) (-54255069) (-3-3-11-13-13-13-13)   ;(11111100110101000010000000100011) (-312757735) (-53207005) (-3-2-11-13-15-13-13)   ;(11111010111001000010111000100011) (-506750735) (-85709277) (-5-1-11-13-1-13-13)   ;(11111110000001000010011000100011) (-176754735) (-33282525) (-1-15-11-13-9-13-13)   ;(00001111110000000000000001101111) (1760000157) (264241263) (FC0006F)   ;(11111110000001000010010000100011) (-176755735) (-33283037) (-1-15-11-13-11-13-13)   ;(00001101110000000000000001101111) (1560000157) (230686831) (DC0006F)   ;
;952;(00000000000000000010010010110111) (22267) (9399) (24B7)    ;(11111100010001000010010110000011) (-356755175) (-62642813) (-3-11-11-13-10-7-13)   ;(11111110110001000010010100000011) (-116755375) (-20699901) (-1-3-11-13-10-15-13)   ;(01000101000000000000000011101111) (-1647483291) (1157628143) (450000EF)   ;(00000000000001010000011110010011) (1203623) (329619) (50793)   ;(00000000000001111000011100010011) (1703423) (493331) (78713)   ;(11111110100001000010011110000011) (-136754175) (-24893565) (-1-7-11-13-8-7-13)   ;(00000000111101110000011110110011) (75603663) (16189363) (F707B3)   ;
;960;(00001111110001111000011110010011) (1761703623) (264734611) (FC78793)    ;(00000000001001111001011110010011) (11713623) (2594707) (279793)   ;(00000000111101001000011110110011) (75103663) (16025523) (F487B3)   ;(00000000100001111010011110000011) (41723603) (8890243) (87A783)   ;(11111110111101000010001000100011) (-102756735) (-17554909) (-10-11-13-13-13-13)   ;(11111110010001000010011110000011) (-156754175) (-29087869) (-1-11-11-13-8-7-13)   ;(00001000000001111000101001100011) (1001705143) (134711907) (8078A63)   ;(11111100110001000010011100000011) (-316754375) (-54253821) (-3-3-11-13-8-15-13)   ;
;968;(11111110110001000010011110000011) (-116754175) (-20699261) (-1-3-11-13-8-7-13)    ;(00000000111101110000011110110011) (75603663) (16189363) (F707B3)   ;(11111110111101000010000000100011) (-102757735) (-17555421) (-10-11-13-15-13-13)   ;(11111100100001000010011100000011) (-336754375) (-58448125) (-3-7-11-13-8-15-13)   ;(11111110100001000010011110000011) (-136754175) (-24893565) (-1-7-11-13-8-7-13)   ;(00000000111101110000011110110011) (75603663) (16189363) (F707B3)   ;(11111100111101000010111000100011) (-302750735) (-51106269) (-30-11-13-1-13-13)   ;(11111110000001000010011110000011) (-176754175) (-33282173) (-1-15-11-13-8-7-13)   ;
;976;(00000110000001111100011001100011) (601743143) (101172835) (607C663)    ;(11111110000001000010011100000011) (-176754375) (-33282301) (-1-15-11-13-8-15-13)   ;(00000001001100000000011110010011) (114003623) (19924883) (1300793)   ;(00000110111001111100000001100011) (671740143) (115851363) (6E7C063)   ;(11111101110001000010011110000011) (-216754175) (-37476477) (-2-3-11-13-8-7-13)   ;(00000100000001111100110001100011) (401746143) (67619939) (407CC63)   ;(11111101110001000010011100000011) (-216754375) (-37476605) (-2-3-11-13-8-15-13)   ;(00000000100100000000011110010011) (44003623) (9439123) (900793)   ;
;984;(00000100111001111100011001100011) (471743143) (82298467) (4E7C663)    ;(11111011110001000010011110000011) (-416754175) (-71030909) (-4-3-11-13-8-7-13)   ;(00000000000001111001011001100011) (1713143) (497251) (79663)   ;(11111110010001000010011100000011) (-156754375) (-29087997) (-1-11-11-13-8-15-13)   ;(00000000100000000000000001101111) (40000157) (8388719) (80006F)   ;(00000000000000000000011100010011) (3423) (1811) (713)   ;(11111110000001000010011010000011) (-176754575) (-33282429) (-1-15-11-13-9-7-13)   ;(00000000000001101000011110010011) (1503623) (427923) (68793)   ;
;992;(00000000001001111001011110010011) (11713623) (2594707) (279793)    ;(00000000110101111000011110110011) (65703663) (14124979) (D787B3)   ;(00000000000101111001011110010011) (5713623) (1546131) (179793)   ;(00000000000001111000011010010011) (1703223) (493203) (78693)   ;(11111101110001000010011110000011) (-216754175) (-37476477) (-2-3-11-13-8-7-13)   ;(00000000111101101000011110110011) (75503663) (16156595) (F687B3)   ;(00000000001001111001011010010011) (11713223) (2594451) (279693)   ;(00000000000000000010011110110111) (23667) (10167) (27B7)   ;
;1000;(00000111000001111000011110010011) (701703623) (117933971) (7078793)    ;(00000000111101101000011110110011) (75503663) (16156595) (F687B3)   ;(00000000111001111010000000100011) (71720043) (15179811) (E7A023)   ;(11111110100001000010011110000011) (-136754175) (-24893565) (-1-7-11-13-8-7-13)   ;(00000000000101111000011110010011) (5703623) (1542035) (178793)   ;(11111110111101000010010000100011) (-102755735) (-17554397) (-10-11-13-11-13-13)   ;(11111110100001000010011100000011) (-136754375) (-24893693) (-1-7-11-13-8-15-13)   ;(11111100010001000010011110000011) (-356754175) (-62642301) (-3-11-11-13-8-7-13)   ;
;1008;(11110010111101110100000011100011) (-1502137435) (-218677021) (-130-8-11-15-1-13)    ;(11111110110001000010011110000011) (-116754175) (-20699261) (-1-3-11-13-8-7-13)   ;(00000000000101111000011110010011) (5703623) (1542035) (178793)   ;(11111110111101000010011000100011) (-102754735) (-17553885) (-10-11-13-9-13-13)   ;(11111110110001000010011100000011) (-116754375) (-20699389) (-1-3-11-13-8-15-13)   ;(11111100000001000010011110000011) (-376754175) (-66836605) (-3-15-11-13-8-7-13)   ;(11110000111101110100000011100011) (-1702137435) (-252231453) (-150-8-11-15-1-13)   ;(00000000000000000000000000010011) (23) (19) (13)   ;
;1016;(00000000000000000000000000010011) (23) (19) (13)    ;(00000100110000010010000010000011) (460220203) (79765635) (4C12083)   ;(00000100100000010010010000000011) (440222003) (75572227) (4812403)   ;(00000100010000010010010010000011) (420222203) (71378051) (4412483)   ;(00000101000000010000000100010011) (500200423) (83951891) (5010113)   ;(00000000000000001000000001100111) (100147) (32871) (8067)   ;(11111100000000010000000100010011) (-377577355) (-67043053) (-3-15-14-15-14-14-13)   ;(00000010000100010010111000100011) (204227043) (34680355) (2112E23)   ;
;1024;(00000010100000010010110000100011) (240226043) (42019875) (2812C23)    ;(00000010100100010010101000100011) (244225043) (43067939) (2912A23)   ;(00000011001000010010100000100011) (310224043) (52504611) (3212823)   ;(00000011001100010010011000100011) (314223043) (53552675) (3312623)   ;(00000100000000010000010000010011) (400202023) (67175443) (4010413)   ;(11111100101001000010011000100011) (-326754735) (-56351197) (-3-5-11-13-9-13-13)   ;(11111100101101000010010000100011) (-322755735) (-55303133) (-3-4-11-13-11-13-13)   ;(11111100000001000010111000100011) (-376750735) (-66834909) (-3-15-11-13-1-13-13)   ;
;1032;(00001001110000000000000001101111) (1160000157) (163577967) (9C0006F)    ;(11111100000001000010110000100011) (-376751735) (-66835421) (-3-15-11-13-3-13-13)   ;(00000111110000000000000001101111) (760000157) (130023535) (7C0006F)   ;(00000000000000000010100100110111) (24467) (10551) (2937)   ;(11111100110001000010010110000011) (-316755175) (-54254205) (-3-3-11-13-10-7-13)   ;(11111101110001000010010100000011) (-216755375) (-37477117) (-2-3-11-13-10-15-13)   ;(00110000010000000000000011101111) (1725033061) (809500911) (304000EF)   ;(00000000000001010000011110010011) (1203623) (329619) (50793)   ;
;1040;(00000000000001111000011100010011) (1703423) (493331) (78713)    ;(11111101100001000010011110000011) (-236754175) (-41670781) (-2-7-11-13-8-7-13)   ;(00000000111101110000100110110011) (75604663) (16189875) (F709B3)   ;(00000000000000000010010010110111) (22267) (9399) (24B7)   ;(11111100100001000010010110000011) (-336755175) (-58448509) (-3-7-11-13-10-7-13)   ;(11111101100001000010010100000011) (-236755375) (-41671421) (-2-7-11-13-10-15-13)   ;(00101110010000000000000011101111) (1325033061) (775946479) (2E4000EF)   ;(00000000000001010000011110010011) (1203623) (329619) (50793)   ;
;1048;(00000000000001111000011010010011) (1703223) (493203) (78693)    ;(11111100100001000010011110000011) (-336754175) (-58447997) (-3-7-11-13-8-7-13)   ;(11111111111101111000011100010011) (-2074355) (-555245) (-8-7-8-14-13)   ;(11111101110001000010011110000011) (-216754175) (-37476477) (-2-3-11-13-8-7-13)   ;(01000000111101110000011110110011) (-2071879985) (1089931187) (40F707B3)   ;(00000000111101101000011010110011) (75503263) (16156339) (F686B3)   ;(00001111110010011000011110010011) (1762303623) (264865683) (FC98793)   ;(00000000001001111001011110010011) (11713623) (2594707) (279793)   ;
;1056;(00000000111110010000011110110011) (76203663) (16320435) (F907B3)    ;(00000000100001111010011100000011) (41723403) (8890115) (87A703)   ;(00010000110001101000011110010011) (2061503623) (281446291) (10C68793)   ;(00000000001001111001011110010011) (11713623) (2594707) (279793)   ;(00000000111101001000011110110011) (75103663) (16025523) (F487B3)   ;(00000000111001111010010000100011) (71722043) (15180835) (E7A423)   ;(11111101100001000010011110000011) (-236754175) (-41670781) (-2-7-11-13-8-7-13)   ;(00000000000101111000011110010011) (5703623) (1542035) (178793)   ;
;1064;(11111100111101000010110000100011) (-302751735) (-51106781) (-30-11-13-3-13-13)    ;(11111101100001000010011100000011) (-236754375) (-41670909) (-2-7-11-13-8-15-13)   ;(11111100110001000010011110000011) (-316754175) (-54253693) (-3-3-11-13-8-7-13)   ;(11111000111101110100000011100011) (-702137435) (-118013725) (-70-8-11-15-1-13)   ;(11111101110001000010011110000011) (-216754175) (-37476477) (-2-3-11-13-8-7-13)   ;(00000000000101111000011110010011) (5703623) (1542035) (178793)   ;(11111100111101000010111000100011) (-302750735) (-51106269) (-30-11-13-1-13-13)   ;(11111101110001000010011100000011) (-216754375) (-37476605) (-2-3-11-13-8-15-13)   ;
;1072;(11111100100001000010011110000011) (-336754175) (-58447997) (-3-7-11-13-8-7-13)    ;(11110110111101110100000011100011) (-1102137435) (-151568157) (-90-8-11-15-1-13)   ;(00000000000000000000000000010011) (23) (19) (13)   ;(00000000000000000000000000010011) (23) (19) (13)   ;(00000011110000010010000010000011) (360220203) (62988419) (3C12083)   ;(00000011100000010010010000000011) (340222003) (58795011) (3812403)   ;(00000011010000010010010010000011) (320222203) (54600835) (3412483)   ;(00000011000000010010100100000011) (300224403) (50407683) (3012903)   ;
;1080;(00000010110000010010100110000011) (260224603) (46213507) (2C12983)    ;(00000100000000010000000100010011) (400200423) (67174675) (4010113)   ;(00000000000000001000000001100111) (100147) (32871) (8067)   ;(11111110000000010000000100010011) (-177577355) (-33488621) (-1-15-14-15-14-14-13)   ;(00000000000100010010111000100011) (4227043) (1125923) (112E23)   ;(00000000100000010010110000100011) (40226043) (8465443) (812C23)   ;(00000010000000010000010000010011) (200202023) (33621011) (2010413)   ;(11111110000001000010011000100011) (-176754735) (-33282525) (-1-15-11-13-9-13-13)   ;
;1088;(00001000000000000000000001101111) (1000000157) (134217839) (800006F)    ;(11111110000001000010010000100011) (-176755735) (-33283037) (-1-15-11-13-11-13-13)   ;(00000110000000000000000001101111) (600000157) (100663407) (600006F)   ;(00000000000000000010011100110111) (23467) (10039) (2737)   ;(11111110110001000010011110000011) (-116754175) (-20699261) (-1-3-11-13-8-7-13)   ;(00000000001001111001011010010011) (11713223) (2594451) (279693)   ;(11111110100001000010011110000011) (-136754175) (-24893565) (-1-7-11-13-8-7-13)   ;(00000000111101101000011110110011) (75503663) (16156595) (F687B3)   ;
;1096;(00000000000000000010011010110111) (23267) (9911) (26B7)    ;(11111110100001000010011000000011) (-136754775) (-24893949) (-1-7-11-13-9-15-13)   ;(00000000001001100001010110010011) (11412623) (2495891) (261593)   ;(00000000001100000000010100010011) (14002423) (3147027) (300513)   ;(11111110110001000010011000000011) (-116754775) (-20699645) (-1-3-11-13-9-15-13)   ;(01000000110001010000011000110011) (-2086280585) (1086654003) (40C50633)   ;(00000000110001011000011000110011) (61303063) (12944947) (C58633)   ;(00001111110001111000011110010011) (1761703623) (264734611) (FC78793)   ;
;1104;(00000000001001111001011110010011) (11713623) (2594707) (279793)    ;(00000000111101110000011110110011) (75603663) (16189363) (F707B3)   ;(00000000100001111010011100000011) (41723403) (8890115) (87A703)   ;(00010000110001100000011110010011) (2061403623) (281413523) (10C60793)   ;(00000000001001111001011110010011) (11713623) (2594707) (279793)   ;(00000000111101101000011110110011) (75503663) (16156595) (F687B3)   ;(00000000111001111010010000100011) (71722043) (15180835) (E7A423)   ;(11111110100001000010011110000011) (-136754175) (-24893565) (-1-7-11-13-8-7-13)   ;
;1112;(00000000000101111000011110010011) (5703623) (1542035) (178793)    ;(11111110111101000010010000100011) (-102755735) (-17554397) (-10-11-13-11-13-13)   ;(11111110100001000010011100000011) (-136754375) (-24893693) (-1-7-11-13-8-15-13)   ;(00000000001100000000011110010011) (14003623) (3147667) (300793)   ;(11111000111001111101111011100011) (-706020435) (-119021853) (-7-1-8-2-1-1-13)   ;(11111110110001000010011110000011) (-116754175) (-20699261) (-1-3-11-13-8-7-13)   ;(00000000000101111000011110010011) (5703623) (1542035) (178793)   ;(11111110111101000010011000100011) (-102754735) (-17553885) (-10-11-13-9-13-13)   ;
;1120;(11111110110001000010011100000011) (-116754375) (-20699389) (-1-3-11-13-8-15-13)    ;(00000000001100000000011110010011) (14003623) (3147667) (300793)   ;(11110110111001111101111011100011) (-1106020435) (-152576285) (-9-1-8-2-1-1-13)   ;(00000000000000000000000000010011) (23) (19) (13)   ;(00000000000000000000000000010011) (23) (19) (13)   ;(00000001110000010010000010000011) (160220203) (29433987) (1C12083)   ;(00000001100000010010010000000011) (140222003) (25240579) (1812403)   ;(00000010000000010000000100010011) (200200423) (33620243) (2010113)   ;
;1128;(00000000000000001000000001100111) (100147) (32871) (8067)    ;(11111101000000010000000100010011) (-277577355) (-50265837) (-2-15-14-15-14-14-13)   ;(00000010000100010010011000100011) (204223043) (34678307) (2112623)   ;(00000010100000010010010000100011) (240222043) (42017827) (2812423)   ;(00000011000000010000010000010011) (300202023) (50398227) (3010413)   ;(11111100101001000010111000100011) (-326750735) (-56349149) (-3-5-11-13-1-13-13)   ;(11111101110001000010011110000011) (-216754175) (-37476477) (-2-3-11-13-8-7-13)   ;(00111110100000000000010110010011) (-949931969) (1048577427) (3E800593)   ;
;1136;(00000000000001111000010100010011) (1702423) (492819) (78513)    ;(00011010010000000000000011101111) (-1074966939) (440402159) (1A4000EF)   ;(00000000000001010000011110010011) (1203623) (329619) (50793)   ;(00000000101000000000010110010011) (50002623) (10487187) (A00593)   ;(00000000000001111000010100010011) (1702423) (492819) (78513)   ;(00011101110000000000000011101111) (-734966939) (499122415) (1DC000EF)   ;(00000000000001010000011110010011) (1203623) (329619) (50793)   ;(11111110111101000010011000100011) (-102754735) (-17553885) (-10-11-13-9-13-13)   ;
;1144;(11111101110001000010011110000011) (-216754175) (-37476477) (-2-3-11-13-8-7-13)    ;(00000110010000000000010110010011) (620002623) (104859027) (6400593)   ;(00000000000001111000010100010011) (1702423) (492819) (78513)   ;(00010111110000000000000011101111) (-1534966939) (398459119) (17C000EF)   ;(00000000000001010000011110010011) (1203623) (329619) (50793)   ;(00000000101000000000010110010011) (50002623) (10487187) (A00593)   ;(00000000000001111000010100010011) (1702423) (492819) (78513)   ;(00011011010000000000000011101111) (-974966939) (457179375) (1B4000EF)   ;
;1152;(00000000000001010000011110010011) (1203623) (329619) (50793)    ;(11111110111101000010010000100011) (-102755735) (-17554397) (-10-11-13-11-13-13)   ;(11111101110001000010011110000011) (-216754175) (-37476477) (-2-3-11-13-8-7-13)   ;(00000000101000000000010110010011) (50002623) (10487187) (A00593)   ;(00000000000001111000010100010011) (1702423) (492819) (78513)   ;(00010101010000000000000011101111) (-1774966939) (356516079) (154000EF)   ;(00000000000001010000011110010011) (1203623) (329619) (50793)   ;(00000000101000000000010110010011) (50002623) (10487187) (A00593)   ;
;1160;(00000000000001111000010100010011) (1702423) (492819) (78513)    ;(00011000110000000000000011101111) (-1234966939) (415236335) (18C000EF)   ;(00000000000001010000011110010011) (1203623) (329619) (50793)   ;(11111110111101000010001000100011) (-102756735) (-17554909) (-10-11-13-13-13-13)   ;(11111101110001000010011110000011) (-216754175) (-37476477) (-2-3-11-13-8-7-13)   ;(00000000101000000000010110010011) (50002623) (10487187) (A00593)   ;(00000000000001111000010100010011) (1702423) (492819) (78513)   ;(00010111010000000000000011101111) (-1574966939) (390070511) (174000EF)   ;
;1168;(00000000000001010000011110010011) (1203623) (329619) (50793)    ;(11111110111101000010000000100011) (-102757735) (-17555421) (-10-11-13-15-13-13)   ;(11111110110001000010011110000011) (-116754175) (-20699261) (-1-3-11-13-8-7-13)   ;(00000000110001111001011100010011) (61713423) (13080339) (C79713)   ;(11111110100001000010011110000011) (-136754175) (-24893565) (-1-7-11-13-8-7-13)   ;(00000000100001111001011110010011) (41713623) (8886163) (879793)   ;(00000000111101110110011100110011) (75663463) (16213811) (F76733)   ;(11111110010001000010011110000011) (-156754175) (-29087869) (-1-11-11-13-8-7-13)   ;
;1176;(00000000010001111001011110010011) (21713623) (4691859) (479793)    ;(00000000111101110110011100110011) (75663463) (16213811) (F76733)   ;(11111110000001000010011110000011) (-176754175) (-33282173) (-1-15-11-13-8-7-13)   ;(00000000111101110110011110110011) (75663663) (16213939) (F767B3)   ;(00000000000001111000010100010011) (1702423) (492819) (78513)   ;(00000010110000010010000010000011) (260220203) (46211203) (2C12083)   ;(00000010100000010010010000000011) (240222003) (42017795) (2812403)   ;(00000011000000010000000100010011) (300200423) (50397459) (3010113)   ;
;1184;(00000000000000001000000001100111) (100147) (32871) (8067)    ;(11111110000000010000000100010011) (-177577355) (-33488621) (-1-15-14-15-14-14-13)   ;(00000000000100010010111000100011) (4227043) (1125923) (112E23)   ;(00000000100000010010110000100011) (40226043) (8465443) (812C23)   ;(00000010000000010000010000010011) (200202023) (33621011) (2010413)   ;(11111110101001000010011000100011) (-126754735) (-22796765) (-1-5-11-13-9-13-13)   ;(11111110110001000010011100000011) (-116754375) (-20699389) (-1-3-11-13-8-15-13)   ;(00000011000100000000011110010011) (304003623) (51382163) (3100793)   ;
;1192;(00000000111001111110011001100011) (71763143) (15197795) (E7E663)    ;(00000010001100000000011110010011) (214003623) (36702099) (2300793)   ;(00001000000000000000000001101111) (1000000157) (134217839) (800006F)   ;(11111110110001000010011100000011) (-116754375) (-20699389) (-1-3-11-13-8-15-13)   ;(00001001010100000000011110010011) (1124003623) (156239763) (9500793)   ;(00000000111001111110011001100011) (71763143) (15197795) (E7E663)   ;(00000001111000000000011110010011) (170003623) (31459219) (1E00793)   ;(00000110110000000000000001101111) (660000157) (113246319) (6C0006F)   ;
;1200;(11111110110001000010011100000011) (-116754375) (-20699389) (-1-3-11-13-8-15-13)    ;(00010010101100000000011110010011) (-2040963673) (313526163) (12B00793)   ;(00000000111001111110011001100011) (71763143) (15197795) (E7E663)   ;(00000001100100000000011110010011) (144003623) (26216339) (1900793)   ;(00000101100000000000000001101111) (540000157) (92274799) (580006F)   ;(11111110110001000010011100000011) (-116754375) (-20699389) (-1-3-11-13-8-15-13)   ;(00011111001100000000011110010011) (-580963673) (523241363) (1F300793)   ;(00000000111001111110011001100011) (71763143) (15197795) (E7E663)   ;
;1208;(00000001001100000000011110010011) (114003623) (19924883) (1300793)    ;(00000100010000000000000001101111) (420000157) (71303279) (440006F)   ;(11111110110001000010011100000011) (-116754375) (-20699389) (-1-3-11-13-8-15-13)   ;(00110001111100000000011110010011) (1879036327) (837814163) (31F00793)   ;(00000000111001111110011001100011) (71763143) (15197795) (E7E663)   ;(00000000111000000000011110010011) (70003623) (14682003) (E00793)   ;(00000011000000000000000001101111) (300000157) (50331759) (300006F)   ;(11111110110001000010011100000011) (-116754375) (-20699389) (-1-3-11-13-8-15-13)   ;
;1216;(01001010111100000000011110010011) (-873480025) (1257244563) (4AF00793)    ;(00000000111001111110011001100011) (71763143) (15197795) (E7E663)   ;(00000000101000000000011110010011) (50003623) (10487699) (A00793)   ;(00000001110000000000000001101111) (160000157) (29360239) (1C0006F)   ;(11111110110001000010011100000011) (-116754375) (-20699389) (-1-3-11-13-8-15-13)   ;(01101010001100000000011110010011) (-1228447321) (1781532563) (6A300793)   ;(00000000111001111110011001100011) (71763143) (15197795) (E7E663)   ;(00000000011100000000011110010011) (34003623) (7341971) (700793)   ;
;1224;(00000000100000000000000001101111) (40000157) (8388719) (80006F)    ;(00000000010000000000011110010011) (20003623) (4196243) (400793)   ;(00000000000001111000010100010011) (1702423) (492819) (78513)   ;(00000001110000010010000010000011) (160220203) (29433987) (1C12083)   ;(00000001100000010010010000000011) (140222003) (25240579) (1812403)   ;(00000010000000010000000100010011) (200200423) (33620243) (2010113)   ;(00000000000000001000000001100111) (100147) (32871) (8067)   ;(00000000000001010000011000010011) (1203023) (329235) (50613)   ;
;1232;(00000000000000000000010100010011) (2423) (1299) (513)    ;(00000000000101011111011010010011) (5373223) (1439379) (15F693)   ;(00000000000001101000010001100011) (1502143) (427107) (68463)   ;(00000000110001010000010100110011) (61202463) (12911923) (C50533)   ;(00000000000101011101010110010011) (5352623) (1430931) (15D593)   ;(00000000000101100001011000010011) (5413023) (1447443) (161613)   ;(11111110000001011001011011100011) (-176464435) (-33188125) (-1-15-10-6-9-1-13)   ;(00000000000000001000000001100111) (100147) (32871) (8067)   ;
;1240;(00000110000001010100000001100011) (601240143) (101007459) (6054063)    ;(00000110000001011100011001100011) (601343143) (101041763) (605C663)   ;(00000000000001011000011000010011) (1303023) (362003) (58613)   ;(00000000000001010000010110010011) (1202623) (329107) (50593)   ;(11111111111100000000010100010011) (-3775355) (-1047277) (-15-15-10-14-13)   ;(00000010000001100000110001100011) (201406143) (33950819) (2060C63)   ;(00000000000100000000011010010011) (4003223) (1050259) (100693)   ;(00000000101101100111101001100011) (55475143) (11958883) (B67A63)   ;
;1248;(00000000110000000101100001100011) (60054143) (12605539) (C05863)    ;(00000000000101100001011000010011) (5413023) (1447443) (161613)   ;(00000000000101101001011010010011) (5513223) (1480339) (169693)   ;(11111110101101100110101011100011) (-122312435) (-21599517) (-1-4-9-9-5-1-13)   ;(00000000000000000000010100010011) (2423) (1299) (513)   ;(00000000110001011110011001100011) (61363143) (12969571) (C5E663)   ;(01000000110001011000010110110011) (-2086180985) (1086686643) (40C585B3)   ;(00000000110101010110010100110011) (65262463) (13985075) (D56533)   ;
;1256;(00000000000101101101011010010011) (5553223) (1496723) (16D693)    ;(00000000000101100101011000010011) (5453023) (1463827) (165613)   ;(11111110000001101001011011100011) (-176264435) (-33122589) (-1-15-9-6-9-1-13)   ;(00000000000000001000000001100111) (100147) (32871) (8067)   ;(00000000000000001000001010010011) (101223) (33427) (8293)   ;(11111011010111111111000011101111) (-450007421) (-77598481) (-4-1000-15-1-1)   ;(00000000000001011000010100010011) (1302423) (361747) (58513)   ;(00000000000000101000000001100111) (500147) (163943) (28067)   ;
;1264;(01000000101000000000010100110011) (-2097481185) (1084228915) (40A00533)    ;(00000000101100000100100001100011) (54044143) (11552867) (B04863)   ;(01000000101100000000010110110011) (-2093480985) (1085277619) (40B005B3)   ;(11111001110111111111000001101111) (-610007621) (-102764433) (-6-200-15-9-1)   ;(01000000101100000000010110110011) (-2093480985) (1085277619) (40B005B3)   ;(00000000000000001000001010010011) (101223) (33427) (8293)   ;(11111001000111111111000011101111) (-670007421) (-115347217) (-6-1400-15-1-1)   ;(01000000101000000000010100110011) (-2097481185) (1084228915) (40A00533)   ;
;1272;(00000000000000101000000001100111) (500147) (163943) (28067)    ;(00000000000000001000001010010011) (101223) (33427) (8293)   ;(00000000000001011100101001100011) (1345143) (379491) (5CA63)   ;(00000000000001010100110001100011) (1246143) (347235) (54C63)   ;(11110111100111111111000011101111) (-1030007421) (-140513041) (-8-600-15-1-1)   ;(00000000000001011000010100010011) (1302423) (361747) (58513)   ;(00000000000000101000000001100111) (500147) (163943) (28067)   ;(01000000101100000000010110110011) (-2093480985) (1085277619) (40B005B3)   ;
;1280;(11111110000001010101100011100011) (-176523435) (-33203997) (-1-15-10-10-7-1-13)    ;(01000000101000000000010100110011) (-2097481185) (1084228915) (40A00533)   ;(11110110000111111111000011101111) (-1170007421) (-165678865) (-9-1400-15-1-1)   ;(01000000101100000000010100110011) (-2093481185) (1085277491) (40B00533)   ;(00000000000000101000000001100111) (500147) (163943) (28067)   ;(00000000000000000000000000000000) (0) (0) (00)   ;(00000000000000000000000000000000) (0) (0) (00)   ;(00000000000000000000000000000000) (0) (0) (00)   ;
;1288;(00000000000000000000000000000000) (0) (0) (00)    ;(00000000000000000000000000000000) (0) (0) (00)   ;(00000000000000000000000000000000) (0) (0) (00)   ;(00000000000000000000000000000000) (0) (0) (00)   ;(00000000000000000000000000000000) (0) (0) (00)   ;(00000000000000000000000000000000) (0) (0) (00)   ;(00000000000000000000000000000000) (0) (0) (00)   ;(00000000000000000000000000000000) (0) (0) (00)   ;
;1296;(00000000000000000000000000000000) (0) (0) (00)    ;(00000000000000000000000000000000) (0) (0) (00)   ;(00000000000000000000000000000000) (0) (0) (00)   ;(00000000000000000000000000000000) (0) (0) (00)   ;(00000000000000000000000000000000) (0) (0) (00)   ;(00000000000000000000000000000000) (0) (0) (00)   ;(00000000000000000000000000000000) (0) (0) (00)   ;(00000000000000000000000000000000) (0) (0) (00)   ;
;1304;(00000000000000000000000000000000) (0) (0) (00)    ;(00000000000000000000000000000000) (0) (0) (00)   ;(00000000000000000000000000000000) (0) (0) (00)   ;(00000000000000000000000000000000) (0) (0) (00)   ;(00000000000000000000000000000000) (0) (0) (00)   ;(00000000000000000000000000000000) (0) (0) (00)   ;(00000000000000000000000000000000) (0) (0) (00)   ;(00000000000000000000000000000000) (0) (0) (00)   ;
;1312;(00000000000000000000000000000000) (0) (0) (00)    ;(00000000000000000000000000000000) (0) (0) (00)   ;(00000000000000000000000000000000) (0) (0) (00)   ;(00000000000000000000000000000000) (0) (0) (00)   ;(00000000000000000000000000000000) (0) (0) (00)   ;(00000000000000000000000000000000) (0) (0) (00)   ;(00000000000000000000000000000000) (0) (0) (00)   ;(00000000000000000000000000000000) (0) (0) (00)   ;
;1320;(00000000000000000000000000000000) (0) (0) (00)    ;(00000000000000000000000000000000) (0) (0) (00)   ;(00000000000000000000000000000000) (0) (0) (00)   ;(00000000000000000000000000000000) (0) (0) (00)   ;(00000000000000000000000000000000) (0) (0) (00)   ;(00000000000000000000000000000000) (0) (0) (00)   ;(00000000000000000000000000000000) (0) (0) (00)   ;(00000000000000000000000000000000) (0) (0) (00)   ;
;1328;(00000000000000000000000000000000) (0) (0) (00)    ;(00000000000000000000000000000000) (0) (0) (00)   ;(00000000000000000000000000000000) (0) (0) (00)   ;(00000000000000000000000000000000) (0) (0) (00)   ;(00000000000000000000000000000000) (0) (0) (00)   ;(00000000000000000000000000000000) (0) (0) (00)   ;(00000000000000000000000000000000) (0) (0) (00)   ;(00000000000000000000000000000000) (0) (0) (00)   ;
;1336;(00000000000000000000000000000000) (0) (0) (00)    ;(00000000000000000000000000000000) (0) (0) (00)   ;(00000000000000000000000000000000) (0) (0) (00)   ;(00000000000000000000000000000000) (0) (0) (00)   ;(00000000000000000000000000000000) (0) (0) (00)   ;(00000000000000000000000000000000) (0) (0) (00)   ;(00000000000000000000000000000000) (0) (0) (00)   ;(00000000000000000000000000000000) (0) (0) (00)   ;
;1344;(00000000000000000000000000000000) (0) (0) (00)    ;(00000000000000000000000000000000) (0) (0) (00)   ;(00000000000000000000000000000000) (0) (0) (00)   ;(00000000000000000000000000000000) (0) (0) (00)   ;(00000000000000000000000000000000) (0) (0) (00)   ;(00000000000000000000000000000000) (0) (0) (00)   ;(00000000000000000000000000000000) (0) (0) (00)   ;(00000000000000000000000000000000) (0) (0) (00)   ;
;1352;(00000000000000000000000000000000) (0) (0) (00)    ;(00000000000000000000000000000000) (0) (0) (00)   ;(00000000000000000000000000000000) (0) (0) (00)   ;(00000000000000000000000000000000) (0) (0) (00)   ;(00000000000000000000000000000000) (0) (0) (00)   ;(00000000000000000000000000000000) (0) (0) (00)   ;(00000000000000000000000000000000) (0) (0) (00)   ;(00000000000000000000000000000000) (0) (0) (00)   ;
;1360;(00000000000000000000000000000000) (0) (0) (00)    ;(00000000000000000000000000000000) (0) (0) (00)   ;(00000000000000000000000000000000) (0) (0) (00)   ;(00000000000000000000000000000000) (0) (0) (00)   ;(00000000000000000000000000000000) (0) (0) (00)   ;(00000000000000000000000000000000) (0) (0) (00)   ;(00000000000000000000000000000000) (0) (0) (00)   ;(00000000000000000000000000000000) (0) (0) (00)   ;
;1368;(00000000000000000000000000000000) (0) (0) (00)    ;(00000000000000000000000000000000) (0) (0) (00)   ;(00000000000000000000000000000000) (0) (0) (00)   ;(00000000000000000000000000000000) (0) (0) (00)   ;(00000000000000000000000000000000) (0) (0) (00)   ;(00000000000000000000000000000000) (0) (0) (00)   ;(00000000000000000000000000000000) (0) (0) (00)   ;(00000000000000000000000000000000) (0) (0) (00)   ;
;1376;(00000000000000000000000000000000) (0) (0) (00)    ;(00000000000000000000000000000000) (0) (0) (00)   ;(00000000000000000000000000000000) (0) (0) (00)   ;(00000000000000000000000000000000) (0) (0) (00)   ;(00000000000000000000000000000000) (0) (0) (00)   ;(00000000000000000000000000000000) (0) (0) (00)   ;(00000000000000000000000000000000) (0) (0) (00)   ;(00000000000000000000000000000000) (0) (0) (00)   ;
;1384;(00000000000000000000000000000000) (0) (0) (00)    ;(00000000000000000000000000000000) (0) (0) (00)   ;(00000000000000000000000000000000) (0) (0) (00)   ;(00000000000000000000000000000000) (0) (0) (00)   ;(00000000000000000000000000000000) (0) (0) (00)   ;(00000000000000000000000000000000) (0) (0) (00)   ;(00000000000000000000000000000000) (0) (0) (00)   ;(00000000000000000000000000000000) (0) (0) (00)   ;
;1392;(00000000000000000000000000000000) (0) (0) (00)    ;(00000000000000000000000000000000) (0) (0) (00)   ;(00000000000000000000000000000000) (0) (0) (00)   ;(00000000000000000000000000000000) (0) (0) (00)   ;(00000000000000000000000000000000) (0) (0) (00)   ;(00000000000000000000000000000000) (0) (0) (00)   ;(00000000000000000000000000000000) (0) (0) (00)   ;(00000000000000000000000000000000) (0) (0) (00)   ;
;1400;(00000000000000000000000000000000) (0) (0) (00)    ;(00000000000000000000000000000000) (0) (0) (00)   ;(00000000000000000000000000000000) (0) (0) (00)   ;(00000000000000000000000000000000) (0) (0) (00)   ;(00000000000000000000000000000000) (0) (0) (00)   ;(00000000000000000000000000000000) (0) (0) (00)   ;(00000000000000000000000000000000) (0) (0) (00)   ;(00000000000000000000000000000000) (0) (0) (00)   ;
;1408;(00000000000000000000000000000000) (0) (0) (00)    ;(00000000000000000000000000000000) (0) (0) (00)   ;(00000000000000000000000000000000) (0) (0) (00)   ;(00000000000000000000000000000000) (0) (0) (00)   ;(00000000000000000000000000000000) (0) (0) (00)   ;(00000000000000000000000000000000) (0) (0) (00)   ;(00000000000000000000000000000000) (0) (0) (00)   ;(00000000000000000000000000000000) (0) (0) (00)   ;
;1416;(00000000000000000000000000000000) (0) (0) (00)    ;(00000000000000000000000000000000) (0) (0) (00)   ;(00000000000000000000000000000000) (0) (0) (00)   ;(00000000000000000000000000000000) (0) (0) (00)   ;(00000000000000000000000000000000) (0) (0) (00)   ;(00000000000000000000000000000000) (0) (0) (00)   ;(00000000000000000000000000000000) (0) (0) (00)   ;(00000000000000000000000000000000) (0) (0) (00)   ;
;1424;(00000000000000000000000000000000) (0) (0) (00)    ;(00000000000000000000000000000000) (0) (0) (00)   ;(00000000000000000000000000000000) (0) (0) (00)   ;(00000000000000000000000000000000) (0) (0) (00)   ;(00000000000000000000000000000000) (0) (0) (00)   ;(00000000000000000000000000000000) (0) (0) (00)   ;(00000000000000000000000000000000) (0) (0) (00)   ;(00000000000000000000000000000000) (0) (0) (00)   ;
;1432;(00000000000000000000000000000000) (0) (0) (00)    ;(00000000000000000000000000000000) (0) (0) (00)   ;(00000000000000000000000000000000) (0) (0) (00)   ;(00000000000000000000000000000000) (0) (0) (00)   ;(00000000000000000000000000000000) (0) (0) (00)   ;(00000000000000000000000000000000) (0) (0) (00)   ;(00000000000000000000000000000000) (0) (0) (00)   ;(00000000000000000000000000000000) (0) (0) (00)   ;
;1440;(00000000000000000000000000000000) (0) (0) (00)    ;(00000000000000000000000000000000) (0) (0) (00)   ;(00000000000000000000000000000000) (0) (0) (00)   ;(00000000000000000000000000000000) (0) (0) (00)   ;(00000000000000000000000000000000) (0) (0) (00)   ;(00000000000000000000000000000000) (0) (0) (00)   ;(00000000000000000000000000000000) (0) (0) (00)   ;(00000000000000000000000000000000) (0) (0) (00)   ;
;1448;(00000000000000000000000000000000) (0) (0) (00)    ;(00000000000000000000000000000000) (0) (0) (00)   ;(00000000000000000000000000000000) (0) (0) (00)   ;(00000000000000000000000000000000) (0) (0) (00)   ;(00000000000000000000000000000000) (0) (0) (00)   ;(00000000000000000000000000000000) (0) (0) (00)   ;(00000000000000000000000000000000) (0) (0) (00)   ;(00000000000000000000000000000000) (0) (0) (00)   ;
;1456;(00000000000000000000000000000000) (0) (0) (00)    ;(00000000000000000000000000000000) (0) (0) (00)   ;(00000000000000000000000000000000) (0) (0) (00)   ;(00000000000000000000000000000000) (0) (0) (00)   ;(00000000000000000000000000000000) (0) (0) (00)   ;(00000000000000000000000000000000) (0) (0) (00)   ;(00000000000000000000000000000000) (0) (0) (00)   ;(00000000000000000000000000000000) (0) (0) (00)   ;
;1464;(00000000000000000000000000000000) (0) (0) (00)    ;(00000000000000000000000000000000) (0) (0) (00)   ;(00000000000000000000000000000000) (0) (0) (00)   ;(00000000000000000000000000000000) (0) (0) (00)   ;(00000000000000000000000000000000) (0) (0) (00)   ;(00000000000000000000000000000000) (0) (0) (00)   ;(00000000000000000000000000000000) (0) (0) (00)   ;(00000000000000000000000000000000) (0) (0) (00)   ;
;1472;(00000000000000000000000000000000) (0) (0) (00)    ;(00000000000000000000000000000000) (0) (0) (00)   ;(00000000000000000000000000000000) (0) (0) (00)   ;(00000000000000000000000000000000) (0) (0) (00)   ;(00000000000000000000000000000000) (0) (0) (00)   ;(00000000000000000000000000000000) (0) (0) (00)   ;(00000000000000000000000000000000) (0) (0) (00)   ;(00000000000000000000000000000000) (0) (0) (00)   ;
;1480;(00000000000000000000000000000000) (0) (0) (00)    ;(00000000000000000000000000000000) (0) (0) (00)   ;(00000000000000000000000000000000) (0) (0) (00)   ;(00000000000000000000000000000000) (0) (0) (00)   ;(00000000000000000000000000000000) (0) (0) (00)   ;(00000000000000000000000000000000) (0) (0) (00)   ;(00000000000000000000000000000000) (0) (0) (00)   ;(00000000000000000000000000000000) (0) (0) (00)   ;
;1488;(00000000000000000000000000000000) (0) (0) (00)    ;(00000000000000000000000000000000) (0) (0) (00)   ;(00000000000000000000000000000000) (0) (0) (00)   ;(00000000000000000000000000000000) (0) (0) (00)   ;(00000000000000000000000000000000) (0) (0) (00)   ;(00000000000000000000000000000000) (0) (0) (00)   ;(00000000000000000000000000000000) (0) (0) (00)   ;(00000000000000000000000000000000) (0) (0) (00)   ;
;1496;(00000000000000000000000000000000) (0) (0) (00)    ;(00000000000000000000000000000000) (0) (0) (00)   ;(00000000000000000000000000000000) (0) (0) (00)   ;(00000000000000000000000000000000) (0) (0) (00)   ;(00000000000000000000000000000000) (0) (0) (00)   ;(00000000000000000000000000000000) (0) (0) (00)   ;(00000000000000000000000000000000) (0) (0) (00)   ;(00000000000000000000000000000000) (0) (0) (00)   ;
;1504;(00000000000000000000000000000000) (0) (0) (00)    ;(00000000000000000000000000000000) (0) (0) (00)   ;(00000000000000000000000000000000) (0) (0) (00)   ;(00000000000000000000000000000000) (0) (0) (00)   ;(00000000000000000000000000000000) (0) (0) (00)   ;(00000000000000000000000000000000) (0) (0) (00)   ;(00000000000000000000000000000000) (0) (0) (00)   ;(00000000000000000000000000000000) (0) (0) (00)   ;
;1512;(00000000000000000000000000000000) (0) (0) (00)    ;(00000000000000000000000000000000) (0) (0) (00)   ;(00000000000000000000000000000000) (0) (0) (00)   ;(00000000000000000000000000000000) (0) (0) (00)   ;(00000000000000000000000000000000) (0) (0) (00)   ;(00000000000000000000000000000000) (0) (0) (00)   ;(00000000000000000000000000000000) (0) (0) (00)   ;(00000000000000000000000000000000) (0) (0) (00)   ;
;1520;(00000000000000000000000000000000) (0) (0) (00)    ;(00000000000000000000000000000000) (0) (0) (00)   ;(00000000000000000000000000000000) (0) (0) (00)   ;(00000000000000000000000000000000) (0) (0) (00)   ;(00000000000000000000000000000000) (0) (0) (00)   ;(00000000000000000000000000000000) (0) (0) (00)   ;(00000000000000000000000000000000) (0) (0) (00)   ;(00000000000000000000000000000000) (0) (0) (00)   ;
;1528;(00000000000000000000000000000000) (0) (0) (00)    ;(00000000000000000000000000000000) (0) (0) (00)   ;(00000000000000000000000000000000) (0) (0) (00)   ;(00000000000000000000000000000000) (0) (0) (00)   ;(00000000000000000000000000000000) (0) (0) (00)   ;(00000000000000000000000000000000) (0) (0) (00)   ;(00000000000000000000000000000000) (0) (0) (00)   ;(00000000000000000000000000000000) (0) (0) (00)   ;
;1536;(00000000000000000000000000000000) (0) (0) (00)    ;(00000000000000000000000000000000) (0) (0) (00)   ;(00000000000000000000000000000000) (0) (0) (00)   ;(00000000000000000000000000000000) (0) (0) (00)   ;(00000000000000000000000000000000) (0) (0) (00)   ;(00000000000000000000000000000000) (0) (0) (00)   ;(00000000000000000000000000000000) (0) (0) (00)   ;(00000000000000000000000000000000) (0) (0) (00)   ;
;1544;(00000000000000000000000000000000) (0) (0) (00)    ;(00000000000000000000000000000000) (0) (0) (00)   ;(00000000000000000000000000000000) (0) (0) (00)   ;(00000000000000000000000000000000) (0) (0) (00)   ;(00000000000000000000000000000000) (0) (0) (00)   ;(00000000000000000000000000000000) (0) (0) (00)   ;(00000000000000000000000000000000) (0) (0) (00)   ;(00000000000000000000000000000000) (0) (0) (00)   ;
;1552;(00000000000000000000000000000000) (0) (0) (00)    ;(00000000000000000000000000000000) (0) (0) (00)   ;(00000000000000000000000000000000) (0) (0) (00)   ;(00000000000000000000000000000000) (0) (0) (00)   ;(00000000000000000000000000000000) (0) (0) (00)   ;(00000000000000000000000000000000) (0) (0) (00)   ;(00000000000000000000000000000000) (0) (0) (00)   ;(00000000000000000000000000000000) (0) (0) (00)   ;
;1560;(00000000000000000000000000000000) (0) (0) (00)    ;(00000000000000000000000000000000) (0) (0) (00)   ;(00000000000000000000000000000000) (0) (0) (00)   ;(00000000000000000000000000000000) (0) (0) (00)   ;(00000000000000000000000000000000) (0) (0) (00)   ;(00000000000000000000000000000000) (0) (0) (00)   ;(00000000000000000000000000000000) (0) (0) (00)   ;(00000000000000000000000000000000) (0) (0) (00)   ;
;1568;(00000000000000000000000000000000) (0) (0) (00)    ;(00000000000000000000000000000000) (0) (0) (00)   ;(00000000000000000000000000000000) (0) (0) (00)   ;(00000000000000000000000000000000) (0) (0) (00)   ;(00000000000000000000000000000000) (0) (0) (00)   ;(00000000000000000000000000000000) (0) (0) (00)   ;(00000000000000000000000000000000) (0) (0) (00)   ;(00000000000000000000000000000000) (0) (0) (00)   ;
;1576;(00000000000000000000000000000000) (0) (0) (00)    ;(00000000000000000000000000000000) (0) (0) (00)   ;(00000000000000000000000000000000) (0) (0) (00)   ;(00000000000000000000000000000000) (0) (0) (00)   ;(00000000000000000000000000000000) (0) (0) (00)   ;(00000000000000000000000000000000) (0) (0) (00)   ;(00000000000000000000000000000000) (0) (0) (00)   ;(00000000000000000000000000000000) (0) (0) (00)   ;
;1584;(00000000000000000000000000000000) (0) (0) (00)    ;(00000000000000000000000000000000) (0) (0) (00)   ;(00000000000000000000000000000000) (0) (0) (00)   ;(00000000000000000000000000000000) (0) (0) (00)   ;(00000000000000000000000000000000) (0) (0) (00)   ;(00000000000000000000000000000000) (0) (0) (00)   ;(00000000000000000000000000000000) (0) (0) (00)   ;(00000000000000000000000000000000) (0) (0) (00)   ;
;1592;(00000000000000000000000000000000) (0) (0) (00)    ;(00000000000000000000000000000000) (0) (0) (00)   ;(00000000000000000000000000000000) (0) (0) (00)   ;(00000000000000000000000000000000) (0) (0) (00)   ;(00000000000000000000000000000000) (0) (0) (00)   ;(00000000000000000000000000000000) (0) (0) (00)   ;(00000000000000000000000000000000) (0) (0) (00)   ;(00000000000000000000000000000000) (0) (0) (00)   ;
;1600;(00000000000000000000000000000000) (0) (0) (00)    ;(00000000000000000000000000000000) (0) (0) (00)   ;(00000000000000000000000000000000) (0) (0) (00)   ;(00000000000000000000000000000000) (0) (0) (00)   ;(00000000000000000000000000000000) (0) (0) (00)   ;(00000000000000000000000000000000) (0) (0) (00)   ;(00000000000000000000000000000000) (0) (0) (00)   ;(00000000000000000000000000000000) (0) (0) (00)   ;
;1608;(00000000000000000000000000000000) (0) (0) (00)    ;(00000000000000000000000000000000) (0) (0) (00)   ;(00000000000000000000000000000000) (0) (0) (00)   ;(00000000000000000000000000000000) (0) (0) (00)   ;(00000000000000000000000000000000) (0) (0) (00)   ;(00000000000000000000000000000000) (0) (0) (00)   ;(00000000000000000000000000000000) (0) (0) (00)   ;(00000000000000000000000000000000) (0) (0) (00)   ;
;1616;(00000000000000000000000000000000) (0) (0) (00)    ;(00000000000000000000000000000000) (0) (0) (00)   ;(00000000000000000000000000000000) (0) (0) (00)   ;(00000000000000000000000000000000) (0) (0) (00)   ;(00000000000000000000000000000000) (0) (0) (00)   ;(00000000000000000000000000000000) (0) (0) (00)   ;(00000000000000000000000000000000) (0) (0) (00)   ;(00000000000000000000000000000000) (0) (0) (00)   ;
;1624;(00000000000000000000000000000000) (0) (0) (00)    ;(00000000000000000000000000000000) (0) (0) (00)   ;(00000000000000000000000000000000) (0) (0) (00)   ;(00000000000000000000000000000000) (0) (0) (00)   ;(00000000000000000000000000000000) (0) (0) (00)   ;(00000000000000000000000000000000) (0) (0) (00)   ;(00000000000000000000000000000000) (0) (0) (00)   ;(00000000000000000000000000000000) (0) (0) (00)   ;
;1632;(00000000000000000000000000000000) (0) (0) (00)    ;(00000000000000000000000000000000) (0) (0) (00)   ;(00000000000000000000000000000000) (0) (0) (00)   ;(00000000000000000000000000000000) (0) (0) (00)   ;(00000000000000000000000000000000) (0) (0) (00)   ;(00000000000000000000000000000000) (0) (0) (00)   ;(00000000000000000000000000000000) (0) (0) (00)   ;(00000000000000000000000000000000) (0) (0) (00)   ;
;1640;(00000000000000000000000000000000) (0) (0) (00)    ;(00000000000000000000000000000000) (0) (0) (00)   ;(00000000000000000000000000000000) (0) (0) (00)   ;(00000000000000000000000000000000) (0) (0) (00)   ;(00000000000000000000000000000000) (0) (0) (00)   ;(00000000000000000000000000000000) (0) (0) (00)   ;(00000000000000000000000000000000) (0) (0) (00)   ;(00000000000000000000000000000000) (0) (0) (00)   ;
;1648;(00000000000000000000000000000000) (0) (0) (00)    ;(00000000000000000000000000000000) (0) (0) (00)   ;(00000000000000000000000000000000) (0) (0) (00)   ;(00000000000000000000000000000000) (0) (0) (00)   ;(00000000000000000000000000000000) (0) (0) (00)   ;(00000000000000000000000000000000) (0) (0) (00)   ;(00000000000000000000000000000000) (0) (0) (00)   ;(00000000000000000000000000000000) (0) (0) (00)   ;
;1656;(00000000000000000000000000000000) (0) (0) (00)    ;(00000000000000000000000000000000) (0) (0) (00)   ;(00000000000000000000000000000000) (0) (0) (00)   ;(00000000000000000000000000000000) (0) (0) (00)   ;(00000000000000000000000000000000) (0) (0) (00)   ;(00000000000000000000000000000000) (0) (0) (00)   ;(00000000000000000000000000000000) (0) (0) (00)   ;(00000000000000000000000000000000) (0) (0) (00)   ;
;1664;(00000000000000000000000000000000) (0) (0) (00)    ;(00000000000000000000000000000000) (0) (0) (00)   ;(00000000000000000000000000000000) (0) (0) (00)   ;(00000000000000000000000000000000) (0) (0) (00)   ;(00000000000000000000000000000000) (0) (0) (00)   ;(00000000000000000000000000000000) (0) (0) (00)   ;(00000000000000000000000000000000) (0) (0) (00)   ;(00000000000000000000000000000000) (0) (0) (00)   ;
;1672;(00000000000000000000000000000000) (0) (0) (00)    ;(00000000000000000000000000000000) (0) (0) (00)   ;(00000000000000000000000000000000) (0) (0) (00)   ;(00000000000000000000000000000000) (0) (0) (00)   ;(00000000000000000000000000000000) (0) (0) (00)   ;(00000000000000000000000000000000) (0) (0) (00)   ;(00000000000000000000000000000000) (0) (0) (00)   ;(00000000000000000000000000000000) (0) (0) (00)   ;
;1680;(00000000000000000000000000000000) (0) (0) (00)    ;(00000000000000000000000000000000) (0) (0) (00)   ;(00000000000000000000000000000000) (0) (0) (00)   ;(00000000000000000000000000000000) (0) (0) (00)   ;(00000000000000000000000000000000) (0) (0) (00)   ;(00000000000000000000000000000000) (0) (0) (00)   ;(00000000000000000000000000000000) (0) (0) (00)   ;(00000000000000000000000000000000) (0) (0) (00)   ;
;1688;(00000000000000000000000000000000) (0) (0) (00)    ;(00000000000000000000000000000000) (0) (0) (00)   ;(00000000000000000000000000000000) (0) (0) (00)   ;(00000000000000000000000000000000) (0) (0) (00)   ;(00000000000000000000000000000000) (0) (0) (00)   ;(00000000000000000000000000000000) (0) (0) (00)   ;(00000000000000000000000000000000) (0) (0) (00)   ;(00000000000000000000000000000000) (0) (0) (00)   ;
;1696;(00000000000000000000000000000000) (0) (0) (00)    ;(00000000000000000000000000000000) (0) (0) (00)   ;(00000000000000000000000000000000) (0) (0) (00)   ;(00000000000000000000000000000000) (0) (0) (00)   ;(00000000000000000000000000000000) (0) (0) (00)   ;(00000000000000000000000000000000) (0) (0) (00)   ;(00000000000000000000000000000000) (0) (0) (00)   ;(00000000000000000000000000000000) (0) (0) (00)   ;
;1704;(00000000000000000000000000000000) (0) (0) (00)    ;(00000000000000000000000000000000) (0) (0) (00)   ;(00000000000000000000000000000000) (0) (0) (00)   ;(00000000000000000000000000000000) (0) (0) (00)   ;(00000000000000000000000000000000) (0) (0) (00)   ;(00000000000000000000000000000000) (0) (0) (00)   ;(00000000000000000000000000000000) (0) (0) (00)   ;(00000000000000000000000000000000) (0) (0) (00)   ;
;1712;(00000000000000000000000000000000) (0) (0) (00)    ;(00000000000000000000000000000000) (0) (0) (00)   ;(00000000000000000000000000000000) (0) (0) (00)   ;(00000000000000000000000000000000) (0) (0) (00)   ;(00000000000000000000000000000000) (0) (0) (00)   ;(00000000000000000000000000000000) (0) (0) (00)   ;(00000000000000000000000000000000) (0) (0) (00)   ;(00000000000000000000000000000000) (0) (0) (00)   ;
;1720;(00000000000000000000000000000000) (0) (0) (00)    ;(00000000000000000000000000000000) (0) (0) (00)   ;(00000000000000000000000000000000) (0) (0) (00)   ;(00000000000000000000000000000000) (0) (0) (00)   ;(00000000000000000000000000000000) (0) (0) (00)   ;(00000000000000000000000000000000) (0) (0) (00)   ;(00000000000000000000000000000000) (0) (0) (00)   ;(00000000000000000000000000000000) (0) (0) (00)   ;
;1728;(00000000000000000000000000000000) (0) (0) (00)    ;(00000000000000000000000000000000) (0) (0) (00)   ;(00000000000000000000000000000000) (0) (0) (00)   ;(00000000000000000000000000000000) (0) (0) (00)   ;(00000000000000000000000000000000) (0) (0) (00)   ;(00000000000000000000000000000000) (0) (0) (00)   ;(00000000000000000000000000000000) (0) (0) (00)   ;(00000000000000000000000000000000) (0) (0) (00)   ;
;1736;(00000000000000000000000000000000) (0) (0) (00)    ;(00000000000000000000000000000000) (0) (0) (00)   ;(00000000000000000000000000000000) (0) (0) (00)   ;(00000000000000000000000000000000) (0) (0) (00)   ;(00000000000000000000000000000000) (0) (0) (00)   ;(00000000000000000000000000000000) (0) (0) (00)   ;(00000000000000000000000000000000) (0) (0) (00)   ;(00000000000000000000000000000000) (0) (0) (00)   ;
;1744;(00000000000000000000000000000000) (0) (0) (00)    ;(00000000000000000000000000000000) (0) (0) (00)   ;(00000000000000000000000000000000) (0) (0) (00)   ;(00000000000000000000000000000000) (0) (0) (00)   ;(00000000000000000000000000000000) (0) (0) (00)   ;(00000000000000000000000000000000) (0) (0) (00)   ;(00000000000000000000000000000000) (0) (0) (00)   ;(00000000000000000000000000000000) (0) (0) (00)   ;
;1752;(00000000000000000000000000000000) (0) (0) (00)    ;(00000000000000000000000000000000) (0) (0) (00)   ;(00000000000000000000000000000000) (0) (0) (00)   ;(00000000000000000000000000000000) (0) (0) (00)   ;(00000000000000000000000000000000) (0) (0) (00)   ;(00000000000000000000000000000000) (0) (0) (00)   ;(00000000000000000000000000000000) (0) (0) (00)   ;(00000000000000000000000000000000) (0) (0) (00)   ;
;1760;(00000000000000000000000000000000) (0) (0) (00)    ;(00000000000000000000000000000000) (0) (0) (00)   ;(00000000000000000000000000000000) (0) (0) (00)   ;(00000000000000000000000000000000) (0) (0) (00)   ;(00000000000000000000000000000000) (0) (0) (00)   ;(00000000000000000000000000000000) (0) (0) (00)   ;(00000000000000000000000000000000) (0) (0) (00)   ;(00000000000000000000000000000000) (0) (0) (00)   ;
;1768;(00000000000000000000000000000000) (0) (0) (00)    ;(00000000000000000000000000000000) (0) (0) (00)   ;(00000000000000000000000000000000) (0) (0) (00)   ;(00000000000000000000000000000000) (0) (0) (00)   ;(00000000000000000000000000000000) (0) (0) (00)   ;(00000000000000000000000000000000) (0) (0) (00)   ;(00000000000000000000000000000000) (0) (0) (00)   ;(00000000000000000000000000000000) (0) (0) (00)   ;
;1776;(00000000000000000000000000000000) (0) (0) (00)    ;(00000000000000000000000000000000) (0) (0) (00)   ;(00000000000000000000000000000000) (0) (0) (00)   ;(00000000000000000000000000000000) (0) (0) (00)   ;(00000000000000000000000000000000) (0) (0) (00)   ;(00000000000000000000000000000000) (0) (0) (00)   ;(00000000000000000000000000000000) (0) (0) (00)   ;(00000000000000000000000000000000) (0) (0) (00)   ;
;1784;(00000000000000000000000000000000) (0) (0) (00)    ;(00000000000000000000000000000000) (0) (0) (00)   ;(00000000000000000000000000000000) (0) (0) (00)   ;(00000000000000000000000000000000) (0) (0) (00)   ;(00000000000000000000000000000000) (0) (0) (00)   ;(00000000000000000000000000000000) (0) (0) (00)   ;(00000000000000000000000000000000) (0) (0) (00)   ;(00000000000000000000000000000000) (0) (0) (00)   ;
;1792;(00000000000000000000000000000000) (0) (0) (00)    ;(00000000000000000000000000000000) (0) (0) (00)   ;(00000000000000000000000000000000) (0) (0) (00)   ;(00000000000000000000000000000000) (0) (0) (00)   ;(00000000000000000000000000000000) (0) (0) (00)   ;(00000000000000000000000000000000) (0) (0) (00)   ;(00000000000000000000000000000000) (0) (0) (00)   ;(00000000000000000000000000000000) (0) (0) (00)   ;
;1800;(00000000000000000000000000000000) (0) (0) (00)    ;(00000000000000000000000000000000) (0) (0) (00)   ;(00000000000000000000000000000000) (0) (0) (00)   ;(00000000000000000000000000000000) (0) (0) (00)   ;(00000000000000000000000000000000) (0) (0) (00)   ;(00000000000000000000000000000000) (0) (0) (00)   ;(00000000000000000000000000000000) (0) (0) (00)   ;(00000000000000000000000000000000) (0) (0) (00)   ;
;1808;(00000000000000000000000000000000) (0) (0) (00)    ;(00000000000000000000000000000000) (0) (0) (00)   ;(00000000000000000000000000000000) (0) (0) (00)   ;(00000000000000000000000000000000) (0) (0) (00)   ;(00000000000000000000000000000000) (0) (0) (00)   ;(00000000000000000000000000000000) (0) (0) (00)   ;(00000000000000000000000000000000) (0) (0) (00)   ;(00000000000000000000000000000000) (0) (0) (00)   ;
;1816;(00000000000000000000000000000000) (0) (0) (00)    ;(00000000000000000000000000000000) (0) (0) (00)   ;(00000000000000000000000000000000) (0) (0) (00)   ;(00000000000000000000000000000000) (0) (0) (00)   ;(00000000000000000000000000000000) (0) (0) (00)   ;(00000000000000000000000000000000) (0) (0) (00)   ;(00000000000000000000000000000000) (0) (0) (00)   ;(00000000000000000000000000000000) (0) (0) (00)   ;
;1824;(00000000000000000000000000000000) (0) (0) (00)    ;(00000000000000000000000000000000) (0) (0) (00)   ;(00000000000000000000000000000000) (0) (0) (00)   ;(00000000000000000000000000000000) (0) (0) (00)   ;(00000000000000000000000000000000) (0) (0) (00)   ;(00000000000000000000000000000000) (0) (0) (00)   ;(00000000000000000000000000000000) (0) (0) (00)   ;(00000000000000000000000000000000) (0) (0) (00)   ;
;1832;(00000000000000000000000000000000) (0) (0) (00)    ;(00000000000000000000000000000000) (0) (0) (00)   ;(00000000000000000000000000000000) (0) (0) (00)   ;(00000000000000000000000000000000) (0) (0) (00)   ;(00000000000000000000000000000000) (0) (0) (00)   ;(00000000000000000000000000000000) (0) (0) (00)   ;(00000000000000000000000000000000) (0) (0) (00)   ;(00000000000000000000000000000000) (0) (0) (00)   ;
;1840;(00000000000000000000000000000000) (0) (0) (00)    ;(00000000000000000000000000000000) (0) (0) (00)   ;(00000000000000000000000000000000) (0) (0) (00)   ;(00000000000000000000000000000000) (0) (0) (00)   ;(00000000000000000000000000000000) (0) (0) (00)   ;(00000000000000000000000000000000) (0) (0) (00)   ;(00000000000000000000000000000000) (0) (0) (00)   ;(00000000000000000000000000000000) (0) (0) (00)   ;
;1848;(00000000000000000000000000000000) (0) (0) (00)    ;(00000000000000000000000000000000) (0) (0) (00)   ;(00000000000000000000000000000000) (0) (0) (00)   ;(00000000000000000000000000000000) (0) (0) (00)   ;(00000000000000000000000000000000) (0) (0) (00)   ;(00000000000000000000000000000000) (0) (0) (00)   ;(00000000000000000000000000000000) (0) (0) (00)   ;(00000000000000000000000000000000) (0) (0) (00)   ;
;1856;(00000000000000000000000000000000) (0) (0) (00)    ;(00000000000000000000000000000000) (0) (0) (00)   ;(00000000000000000000000000000000) (0) (0) (00)   ;(00000000000000000000000000000000) (0) (0) (00)   ;(00000000000000000000000000000000) (0) (0) (00)   ;(00000000000000000000000000000000) (0) (0) (00)   ;(00000000000000000000000000000000) (0) (0) (00)   ;(00000000000000000000000000000000) (0) (0) (00)   ;
;1864;(00000000000000000000000000000000) (0) (0) (00)    ;(00000000000000000000000000000000) (0) (0) (00)   ;(00000000000000000000000000000000) (0) (0) (00)   ;(00000000000000000000000000000000) (0) (0) (00)   ;(00000000000000000000000000000000) (0) (0) (00)   ;(00000000000000000000000000000000) (0) (0) (00)   ;(00000000000000000000000000000000) (0) (0) (00)   ;(00000000000000000000000000000000) (0) (0) (00)   ;
;1872;(00000000000000000000000000000000) (0) (0) (00)    ;(00000000000000000000000000000000) (0) (0) (00)   ;(00000000000000000000000000000000) (0) (0) (00)   ;(00000000000000000000000000000000) (0) (0) (00)   ;(00000000000000000000000000000000) (0) (0) (00)   ;(00000000000000000000000000000000) (0) (0) (00)   ;(00000000000000000000000000000000) (0) (0) (00)   ;(00000000000000000000000000000000) (0) (0) (00)   ;
;1880;(00000000000000000000000000000000) (0) (0) (00)    ;(00000000000000000000000000000000) (0) (0) (00)   ;(00000000000000000000000000000000) (0) (0) (00)   ;(00000000000000000000000000000000) (0) (0) (00)   ;(00000000000000000000000000000000) (0) (0) (00)   ;(00000000000000000000000000000000) (0) (0) (00)   ;(00000000000000000000000000000000) (0) (0) (00)   ;(00000000000000000000000000000000) (0) (0) (00)   ;
;1888;(00000000000000000000000000000000) (0) (0) (00)    ;(00000000000000000000000000000000) (0) (0) (00)   ;(00000000000000000000000000000000) (0) (0) (00)   ;(00000000000000000000000000000000) (0) (0) (00)   ;(00000000000000000000000000000000) (0) (0) (00)   ;(00000000000000000000000000000000) (0) (0) (00)   ;(00000000000000000000000000000000) (0) (0) (00)   ;(00000000000000000000000000000000) (0) (0) (00)   ;
;1896;(00000000000000000000000000000000) (0) (0) (00)    ;(00000000000000000000000000000000) (0) (0) (00)   ;(00000000000000000000000000000000) (0) (0) (00)   ;(00000000000000000000000000000000) (0) (0) (00)   ;(00000000000000000000000000000000) (0) (0) (00)   ;(00000000000000000000000000000000) (0) (0) (00)   ;(00000000000000000000000000000000) (0) (0) (00)   ;(00000000000000000000000000000000) (0) (0) (00)   ;
;1904;(00000000000000000000000000000000) (0) (0) (00)    ;(00000000000000000000000000000000) (0) (0) (00)   ;(00000000000000000000000000000000) (0) (0) (00)   ;(00000000000000000000000000000000) (0) (0) (00)   ;(00000000000000000000000000000000) (0) (0) (00)   ;(00000000000000000000000000000000) (0) (0) (00)   ;(00000000000000000000000000000000) (0) (0) (00)   ;(00000000000000000000000000000000) (0) (0) (00)   ;
;1912;(00000000000000000000000000000000) (0) (0) (00)    ;(00000000000000000000000000000000) (0) (0) (00)   ;(00000000000000000000000000000000) (0) (0) (00)   ;(00000000000000000000000000000000) (0) (0) (00)   ;(00000000000000000000000000000000) (0) (0) (00)   ;(00000000000000000000000000000000) (0) (0) (00)   ;(00000000000000000000000000000000) (0) (0) (00)   ;(00000000000000000000000000000000) (0) (0) (00)   ;
;1920;(00000000000000000000000000000000) (0) (0) (00)    ;(00000000000000000000000000000000) (0) (0) (00)   ;(00000000000000000000000000000000) (0) (0) (00)   ;(00000000000000000000000000000000) (0) (0) (00)   ;(00000000000000000000000000000000) (0) (0) (00)   ;(00000000000000000000000000000000) (0) (0) (00)   ;(00000000000000000000000000000000) (0) (0) (00)   ;(00000000000000000000000000000000) (0) (0) (00)   ;
;1928;(00000000000000000000000000000000) (0) (0) (00)    ;(00000000000000000000000000000000) (0) (0) (00)   ;(00000000000000000000000000000000) (0) (0) (00)   ;(00000000000000000000000000000000) (0) (0) (00)   ;(00000000000000000000000000000000) (0) (0) (00)   ;(00000000000000000000000000000000) (0) (0) (00)   ;(00000000000000000000000000000000) (0) (0) (00)   ;(00000000000000000000000000000000) (0) (0) (00)   ;
;1936;(00000000000000000000000000000000) (0) (0) (00)    ;(00000000000000000000000000000000) (0) (0) (00)   ;(00000000000000000000000000000000) (0) (0) (00)   ;(00000000000000000000000000000000) (0) (0) (00)   ;(00000000000000000000000000000000) (0) (0) (00)   ;(00000000000000000000000000000000) (0) (0) (00)   ;(00000000000000000000000000000000) (0) (0) (00)   ;(00000000000000000000000000000000) (0) (0) (00)   ;
;1944;(00000000000000000000000000000000) (0) (0) (00)    ;(00000000000000000000000000000000) (0) (0) (00)   ;(00000000000000000000000000000000) (0) (0) (00)   ;(00000000000000000000000000000000) (0) (0) (00)   ;(00000000000000000000000000000000) (0) (0) (00)   ;(00000000000000000000000000000000) (0) (0) (00)   ;(00000000000000000000000000000000) (0) (0) (00)   ;(00000000000000000000000000000000) (0) (0) (00)   ;
;1952;(00000000000000000000000000000000) (0) (0) (00)    ;(00000000000000000000000000000000) (0) (0) (00)   ;(00000000000000000000000000000000) (0) (0) (00)   ;(00000000000000000000000000000000) (0) (0) (00)   ;(00000000000000000000000000000000) (0) (0) (00)   ;(00000000000000000000000000000000) (0) (0) (00)   ;(00000000000000000000000000000000) (0) (0) (00)   ;(00000000000000000000000000000000) (0) (0) (00)   ;
;1960;(00000000000000000000000000000000) (0) (0) (00)    ;(00000000000000000000000000000000) (0) (0) (00)   ;(00000000000000000000000000000000) (0) (0) (00)   ;(00000000000000000000000000000000) (0) (0) (00)   ;(00000000000000000000000000000000) (0) (0) (00)   ;(00000000000000000000000000000000) (0) (0) (00)   ;(00000000000000000000000000000000) (0) (0) (00)   ;(00000000000000000000000000000000) (0) (0) (00)   ;
;1968;(00000000000000000000000000000000) (0) (0) (00)    ;(00000000000000000000000000000000) (0) (0) (00)   ;(00000000000000000000000000000000) (0) (0) (00)   ;(00000000000000000000000000000000) (0) (0) (00)   ;(00000000000000000000000000000000) (0) (0) (00)   ;(00000000000000000000000000000000) (0) (0) (00)   ;(00000000000000000000000000000000) (0) (0) (00)   ;(00000000000000000000000000000000) (0) (0) (00)   ;
;1976;(00000000000000000000000000000000) (0) (0) (00)    ;(00000000000000000000000000000000) (0) (0) (00)   ;(00000000000000000000000000000000) (0) (0) (00)   ;(00000000000000000000000000000000) (0) (0) (00)   ;(00000000000000000000000000000000) (0) (0) (00)   ;(00000000000000000000000000000000) (0) (0) (00)   ;(00000000000000000000000000000000) (0) (0) (00)   ;(00000000000000000000000000000000) (0) (0) (00)   ;
;1984;(00000000000000000000000000000000) (0) (0) (00)    ;(00000000000000000000000000000000) (0) (0) (00)   ;(00000000000000000000000000000000) (0) (0) (00)   ;(00000000000000000000000000000000) (0) (0) (00)   ;(00000000000000000000000000000000) (0) (0) (00)   ;(00000000000000000000000000000000) (0) (0) (00)   ;(00000000000000000000000000000000) (0) (0) (00)   ;(00000000000000000000000000000000) (0) (0) (00)   ;
;1992;(00000000000000000000000000000000) (0) (0) (00)    ;(00000000000000000000000000000000) (0) (0) (00)   ;(00000000000000000000000000000000) (0) (0) (00)   ;(00000000000000000000000000000000) (0) (0) (00)   ;(00000000000000000000000000000000) (0) (0) (00)   ;(00000000000000000000000000000000) (0) (0) (00)   ;(00000000000000000000000000000000) (0) (0) (00)   ;(00000000000000000000000000000000) (0) (0) (00)   ;
;2000;(00000000000000000000000000000000) (0) (0) (00)    ;(00000000000000000000000000000000) (0) (0) (00)   ;(00000000000000000000000000000000) (0) (0) (00)   ;(00000000000000000000000000000000) (0) (0) (00)   ;(00000000000000000000000000000000) (0) (0) (00)   ;(00000000000000000000000000000000) (0) (0) (00)   ;(00000000000000000000000000000000) (0) (0) (00)   ;(00000000000000000000000000000000) (0) (0) (00)   ;
;2008;(00000000000000000000000000000000) (0) (0) (00)    ;(00000000000000000000000000000000) (0) (0) (00)   ;(00000000000000000000000000000000) (0) (0) (00)   ;(00000000000000000000000000000000) (0) (0) (00)   ;(00000000000000000000000000000000) (0) (0) (00)   ;(00000000000000000000000000000000) (0) (0) (00)   ;(00000000000000000000000000000000) (0) (0) (00)   ;(00000000000000000000000000000000) (0) (0) (00)   ;
;2016;(00000000000000000000000000000000) (0) (0) (00)    ;(00000000000000000000000000000000) (0) (0) (00)   ;(00000000000000000000000000000000) (0) (0) (00)   ;(00000000000000000000000000000000) (0) (0) (00)   ;(00000000000000000000000000000000) (0) (0) (00)   ;(00000000000000000000000000000000) (0) (0) (00)   ;(00000000000000000000000000000000) (0) (0) (00)   ;(00000000000000000000000000000000) (0) (0) (00)   ;
;2024;(00000000000000000000000000000000) (0) (0) (00)    ;(00000000000000000000000000000000) (0) (0) (00)   ;(00000000000000000000000000000000) (0) (0) (00)   ;(00000000000000000000000000000000) (0) (0) (00)   ;(00000000000000000000000000000000) (0) (0) (00)   ;(00000000000000000000000000000000) (0) (0) (00)   ;(00000000000000000000000000000000) (0) (0) (00)   ;(00000000000000000000000000000000) (0) (0) (00)   ;
;2032;(00000000000000000000000000000000) (0) (0) (00)    ;(00000000000000000000000000000000) (0) (0) (00)   ;(00000000000000000000000000000000) (0) (0) (00)   ;(00000000000000000000000000000000) (0) (0) (00)   ;(00000000000000000000000000000000) (0) (0) (00)   ;(00000000000000000000000000000000) (0) (0) (00)   ;(00000000000000000000000000000000) (0) (0) (00)   ;(00000000000000000000000000000000) (0) (0) (00)   ;
;2040;(00000000000000000000000000000000) (0) (0) (00)    ;(00000000000000000000000000000000) (0) (0) (00)   ;(00000000000000000000000000000000) (0) (0) (00)   ;(00000000000000000000000000000000) (0) (0) (00)   ;(00000000000000000000000000000000) (0) (0) (00)   ;(00000000000000000000000000000000) (0) (0) (00)   ;(00000000000000000000000000000000) (0) (0) (00)   ;(00000000000000000000000000000000) (0) (0) (00)   ;
;2048;(00000000000000000000000000000000) (0) (0) (00)    ;(00000000000000000000000000000000) (0) (0) (00)   ;(00000000000000000000000000000000) (0) (0) (00)   ;(00000000000000000000000000000000) (0) (0) (00)   ;(00000000000000000000000000000000) (0) (0) (00)   ;(00000000000000000000000000000000) (0) (0) (00)   ;(00000000000000000000000000000000) (0) (0) (00)   ;(00000000000000000000000000000000) (0) (0) (00)   ;
;2056;(00000000000000000000000000000000) (0) (0) (00)    ;(00000000000000000000000000000000) (0) (0) (00)   ;(00000000000000000000000000000000) (0) (0) (00)   ;(00000000000000000000000000000000) (0) (0) (00)   ;(00000000000000000000000000000000) (0) (0) (00)   ;(00000000000000000000000000000000) (0) (0) (00)   ;(00000000000000000000000000000000) (0) (0) (00)   ;(00000000000000000000000000000000) (0) (0) (00)   ;
;2064;(00000000000000000000000000000000) (0) (0) (00)    ;(00000000000000000000000000000000) (0) (0) (00)   ;(00000000000000000000000000000000) (0) (0) (00)   ;(00000000000000000000000000000000) (0) (0) (00)   ;(00000000000000000000000000000000) (0) (0) (00)   ;(00000000000000000000000000000000) (0) (0) (00)   ;(00000000000000000000000000000000) (0) (0) (00)   ;(00000000000000000000000000000000) (0) (0) (00)   ;
;2072;(00000000000000000000000000000000) (0) (0) (00)    ;(00000000000000000000000000000000) (0) (0) (00)   ;(00000000000000000000000000000000) (0) (0) (00)   ;(00000000000000000000000000000000) (0) (0) (00)   ;(00000000000000000000000000000000) (0) (0) (00)   ;(00000000000000000000000000000000) (0) (0) (00)   ;(00000000000000000000000000000000) (0) (0) (00)   ;(00000000000000000000000000000000) (0) (0) (00)   ;
;2080;(00000000000000000000000000000000) (0) (0) (00)    ;(00000000000000000000000000000000) (0) (0) (00)   ;(00000000000000000000000000000000) (0) (0) (00)   ;(00000000000000000000000000000000) (0) (0) (00)   ;(00000000000000000000000000000000) (0) (0) (00)   ;(00000000000000000000000000000000) (0) (0) (00)   ;(00000000000000000000000000000000) (0) (0) (00)   ;(00000000000000000000000000000000) (0) (0) (00)   ;
;2088;(00000000000000000000000000000000) (0) (0) (00)    ;(00000000000000000000000000000000) (0) (0) (00)   ;(00000000000000000000000000000000) (0) (0) (00)   ;(00000000000000000000000000000000) (0) (0) (00)   ;(00000000000000000000000000000000) (0) (0) (00)   ;(00000000000000000000000000000000) (0) (0) (00)   ;(00000000000000000000000000000000) (0) (0) (00)   ;(00000000000000000000000000000000) (0) (0) (00)   ;
;2096;(00000000000000000000000000000000) (0) (0) (00)    ;(00000000000000000000000000000000) (0) (0) (00)   ;(00000000000000000000000000000000) (0) (0) (00)   ;(00000000000000000000000000000000) (0) (0) (00)   ;(00000000000000000000000000000000) (0) (0) (00)   ;(00000000000000000000000000000000) (0) (0) (00)   ;(00000000000000000000000000000000) (0) (0) (00)   ;(00000000000000000000000000000000) (0) (0) (00)   ;
;2104;(00000000000000000000000000000000) (0) (0) (00)    ;(00000000000000000000000000000000) (0) (0) (00)   ;(00000000000000000000000000000000) (0) (0) (00)   ;(00000000000000000000000000000000) (0) (0) (00)   ;(00000000000000000000000000000000) (0) (0) (00)   ;(00000000000000000000000000000000) (0) (0) (00)   ;(00000000000000000000000000000000) (0) (0) (00)   ;(00000000000000000000000000000000) (0) (0) (00)   ;
;2112;(00000000000000000000000000000000) (0) (0) (00)    ;(00000000000000000000000000000000) (0) (0) (00)   ;(00000000000000000000000000000000) (0) (0) (00)   ;(00000000000000000000000000000000) (0) (0) (00)   ;(00000000000000000000000000000000) (0) (0) (00)   ;(00000000000000000000000000000000) (0) (0) (00)   ;(00000000000000000000000000000000) (0) (0) (00)   ;(00000000000000000000000000000000) (0) (0) (00)   ;
;2120;(00000000000000000000000000000000) (0) (0) (00)    ;(00000000000000000000000000000000) (0) (0) (00)   ;(00000000000000000000000000000000) (0) (0) (00)   ;(00000000000000000000000000000000) (0) (0) (00)   ;(00000000000000000000000000000000) (0) (0) (00)   ;(00000000000000000000000000000000) (0) (0) (00)   ;(00000000000000000000000000000000) (0) (0) (00)   ;(00000000000000000000000000000000) (0) (0) (00)   ;
;2128;(00000000000000000000000000000000) (0) (0) (00)    ;(00000000000000000000000000000000) (0) (0) (00)   ;(00000000000000000000000000000000) (0) (0) (00)   ;(00000000000000000000000000000000) (0) (0) (00)   ;(00000000000000000000000000000000) (0) (0) (00)   ;(00000000000000000000000000000000) (0) (0) (00)   ;(00000000000000000000000000000000) (0) (0) (00)   ;(00000000000000000000000000000000) (0) (0) (00)   ;
;2136;(00000000000000000000000000000000) (0) (0) (00)    ;(00000000000000000000000000000000) (0) (0) (00)   ;(00000000000000000000000000000000) (0) (0) (00)   ;(00000000000000000000000000000000) (0) (0) (00)   ;(00000000000000000000000000000000) (0) (0) (00)   ;(00000000000000000000000000000000) (0) (0) (00)   ;(00000000000000000000000000000000) (0) (0) (00)   ;(00000000000000000000000000000000) (0) (0) (00)   ;
;2144;(00000000000000000000000000000000) (0) (0) (00)    ;(00000000000000000000000000000000) (0) (0) (00)   ;(00000000000000000000000000000000) (0) (0) (00)   ;(00000000000000000000000000000000) (0) (0) (00)   ;(00000000000000000000000000000000) (0) (0) (00)   ;(00000000000000000000000000000000) (0) (0) (00)   ;(00000000000000000000000000000000) (0) (0) (00)   ;(00000000000000000000000000000000) (0) (0) (00)   ;
;2152;(00000000000000000000000000000000) (0) (0) (00)    ;(00000000000000000000000000000000) (0) (0) (00)   ;(00000000000000000000000000000000) (0) (0) (00)   ;(00000000000000000000000000000000) (0) (0) (00)   ;(00000000000000000000000000000000) (0) (0) (00)   ;(00000000000000000000000000000000) (0) (0) (00)   ;(00000000000000000000000000000000) (0) (0) (00)   ;(00000000000000000000000000000000) (0) (0) (00)   ;
;2160;(00000000000000000000000000000000) (0) (0) (00)    ;(00000000000000000000000000000000) (0) (0) (00)   ;(00000000000000000000000000000000) (0) (0) (00)   ;(00000000000000000000000000000000) (0) (0) (00)   ;(00000000000000000000000000000000) (0) (0) (00)   ;(00000000000000000000000000000000) (0) (0) (00)   ;(00000000000000000000000000000000) (0) (0) (00)   ;(00000000000000000000000000000000) (0) (0) (00)   ;
;2168;(00000000000000000000000000000000) (0) (0) (00)    ;(00000000000000000000000000000000) (0) (0) (00)   ;(00000000000000000000000000000000) (0) (0) (00)   ;(00000000000000000000000000000000) (0) (0) (00)   ;(00000000000000000000000000000000) (0) (0) (00)   ;(00000000000000000000000000000000) (0) (0) (00)   ;(00000000000000000000000000000000) (0) (0) (00)   ;(00000000000000000000000000000000) (0) (0) (00)   ;
;2176;(00000000000000000000000000000000) (0) (0) (00)    ;(00000000000000000000000000000000) (0) (0) (00)   ;(00000000000000000000000000000000) (0) (0) (00)   ;(00000000000000000000000000000000) (0) (0) (00)   ;(00000000000000000000000000000000) (0) (0) (00)   ;(00000000000000000000000000000000) (0) (0) (00)   ;(00000000000000000000000000000000) (0) (0) (00)   ;(00000000000000000000000000000000) (0) (0) (00)   ;
;2184;(00000000000000000000000000000000) (0) (0) (00)    ;(00000000000000000000000000000000) (0) (0) (00)   ;(00000000000000000000000000000000) (0) (0) (00)   ;(00000000000000000000000000000000) (0) (0) (00)   ;(00000000000000000000000000000000) (0) (0) (00)   ;(00000000000000000000000000000000) (0) (0) (00)   ;(00000000000000000000000000000000) (0) (0) (00)   ;(00000000000000000000000000000000) (0) (0) (00)   ;
;2192;(00000000000000000000000000000000) (0) (0) (00)    ;(00000000000000000000000000000000) (0) (0) (00)   ;(00000000000000000000000000000000) (0) (0) (00)   ;(00000000000000000000000000000000) (0) (0) (00)   ;(00000000000000000000000000000000) (0) (0) (00)   ;(00000000000000000000000000000000) (0) (0) (00)   ;(00000000000000000000000000000000) (0) (0) (00)   ;(00000000000000000000000000000000) (0) (0) (00)   ;
;2200;(00000000000000000000000000000000) (0) (0) (00)    ;(00000000000000000000000000000000) (0) (0) (00)   ;(00000000000000000000000000000000) (0) (0) (00)   ;(00000000000000000000000000000000) (0) (0) (00)   ;(00000000000000000000000000000000) (0) (0) (00)   ;(00000000000000000000000000000000) (0) (0) (00)   ;(00000000000000000000000000000000) (0) (0) (00)   ;(00000000000000000000000000000000) (0) (0) (00)   ;
;2208;(00000000000000000000000000000000) (0) (0) (00)    ;(00000000000000000000000000000000) (0) (0) (00)   ;(00000000000000000000000000000000) (0) (0) (00)   ;(00000000000000000000000000000000) (0) (0) (00)   ;(00000000000000000000000000000000) (0) (0) (00)   ;(00000000000000000000000000000000) (0) (0) (00)   ;(00000000000000000000000000000000) (0) (0) (00)   ;(00000000000000000000000000000000) (0) (0) (00)   ;
;2216;(00000000000000000000000000000000) (0) (0) (00)    ;(00000000000000000000000000000000) (0) (0) (00)   ;(00000000000000000000000000000000) (0) (0) (00)   ;(00000000000000000000000000000000) (0) (0) (00)   ;(00000000000000000000000000000000) (0) (0) (00)   ;(00000000000000000000000000000000) (0) (0) (00)   ;(00000000000000000000000000000000) (0) (0) (00)   ;(00000000000000000000000000000000) (0) (0) (00)   ;
;2224;(00000000000000000000000000000000) (0) (0) (00)    ;(00000000000000000000000000000000) (0) (0) (00)   ;(00000000000000000000000000000000) (0) (0) (00)   ;(00000000000000000000000000000000) (0) (0) (00)   ;(00000000000000000000000000000000) (0) (0) (00)   ;(00000000000000000000000000000000) (0) (0) (00)   ;(00000000000000000000000000000000) (0) (0) (00)   ;(00000000000000000000000000000000) (0) (0) (00)   ;
;2232;(00000000000000000000000000000000) (0) (0) (00)    ;(00000000000000000000000000000000) (0) (0) (00)   ;(00000000000000000000000000000000) (0) (0) (00)   ;(00000000000000000000000000000000) (0) (0) (00)   ;(00000000000000000000000000000000) (0) (0) (00)   ;(00000000000000000000000000000000) (0) (0) (00)   ;(00000000000000000000000000000000) (0) (0) (00)   ;(00000000000000000000000000000000) (0) (0) (00)   ;
;2240;(00000000000000000000000000000000) (0) (0) (00)    ;(00000000000000000000000000000000) (0) (0) (00)   ;(00000000000000000000000000000000) (0) (0) (00)   ;(00000000000000000000000000000000) (0) (0) (00)   ;(00000000000000000000000000000000) (0) (0) (00)   ;(00000000000000000000000000000000) (0) (0) (00)   ;(00000000000000000000000000000000) (0) (0) (00)   ;(00000000000000000000000000000000) (0) (0) (00)   ;
;2248;(00000000000000000000000000000000) (0) (0) (00)    ;(00000000000000000000000000000000) (0) (0) (00)   ;(00000000000000000000000000000000) (0) (0) (00)   ;(00000000000000000000000000000000) (0) (0) (00)   ;(00000000000000000000000000000000) (0) (0) (00)   ;(00000000000000000000000000000000) (0) (0) (00)   ;(00000000000000000000000000000000) (0) (0) (00)   ;(00000000000000000000000000000000) (0) (0) (00)   ;
;2256;(00000000000000000000000000000000) (0) (0) (00)    ;(00000000000000000000000000000000) (0) (0) (00)   ;(00000000000000000000000000000000) (0) (0) (00)   ;(00000000000000000000000000000000) (0) (0) (00)   ;(00000000000000000000000000000000) (0) (0) (00)   ;(00000000000000000000000000000000) (0) (0) (00)   ;(00000000000000000000000000000000) (0) (0) (00)   ;(00000000000000000000000000000000) (0) (0) (00)   ;
;2264;(00000000000000000000000000000000) (0) (0) (00)    ;(00000000000000000000000000000000) (0) (0) (00)   ;(00000000000000000000000000000000) (0) (0) (00)   ;(00000000000000000000000000000000) (0) (0) (00)   ;(00000000000000000000000000000000) (0) (0) (00)   ;(00000000000000000000000000000000) (0) (0) (00)   ;(00000000000000000000000000000000) (0) (0) (00)   ;(00000000000000000000000000000000) (0) (0) (00)   ;
;2272;(00000000000000000000000000000000) (0) (0) (00)    ;(00000000000000000000000000000000) (0) (0) (00)   ;(00000000000000000000000000000000) (0) (0) (00)   ;(00000000000000000000000000000000) (0) (0) (00)   ;(00000000000000000000000000000000) (0) (0) (00)   ;(00000000000000000000000000000000) (0) (0) (00)   ;(00000000000000000000000000000000) (0) (0) (00)   ;(00000000000000000000000000000000) (0) (0) (00)   ;
;2280;(00000000000000000000000000000000) (0) (0) (00)    ;(00000000000000000000000000000000) (0) (0) (00)   ;(00000000000000000000000000000000) (0) (0) (00)   ;(00000000000000000000000000000000) (0) (0) (00)   ;(00000000000000000000000000000000) (0) (0) (00)   ;(00000000000000000000000000000000) (0) (0) (00)   ;(00000000000000000000000000000000) (0) (0) (00)   ;(00000000000000000000000000000000) (0) (0) (00)   ;
;2288;(00000000000000000000000000000000) (0) (0) (00)    ;(00000000000000000000000000000000) (0) (0) (00)   ;(00000000000000000000000000000000) (0) (0) (00)   ;(00000000000000000000000000000000) (0) (0) (00)   ;(00000000000000000000000000000000) (0) (0) (00)   ;(00000000000000000000000000000000) (0) (0) (00)   ;(00000000000000000000000000000000) (0) (0) (00)   ;(00000000000000000000000000000000) (0) (0) (00)   ;
;2296;(00000000000000000000000000000000) (0) (0) (00)    ;(00000000000000000000000000000000) (0) (0) (00)   ;(00000000000000000000000000000000) (0) (0) (00)   ;(00000000000000000000000000000000) (0) (0) (00)   ;(00000000000000000000000000000000) (0) (0) (00)   ;(00000000000000000000000000000000) (0) (0) (00)   ;(00000000000000000000000000000000) (0) (0) (00)   ;(00000000000000000000000000000000) (0) (0) (00)   ;
;2304;(00000000000000000000000000000000) (0) (0) (00)    ;(00000000000000000000000000000000) (0) (0) (00)   ;(00000000000000000000000000000000) (0) (0) (00)   ;(00000000000000000000000000000000) (0) (0) (00)   ;(00000000000000000000000000000000) (0) (0) (00)   ;(00000000000000000000000000000000) (0) (0) (00)   ;(00000000000000000000000000000000) (0) (0) (00)   ;(00000000000000000000000000000000) (0) (0) (00)   ;
;2312;(00000000000000000000000000000000) (0) (0) (00)    ;(00000000000000000000000000000000) (0) (0) (00)   ;(00000000000000000000000000000000) (0) (0) (00)   ;(00000000000000000000000000000000) (0) (0) (00)   ;(00000000000000000000000000000000) (0) (0) (00)   ;(00000000000000000000000000000000) (0) (0) (00)   ;(00000000000000000000000000000000) (0) (0) (00)   ;(00000000000000000000000000000000) (0) (0) (00)   ;
;2320;(00000000000000000000000000000000) (0) (0) (00)    ;(00000000000000000000000000000000) (0) (0) (00)   ;(00000000000000000000000000000000) (0) (0) (00)   ;(00000000000000000000000000000000) (0) (0) (00)   ;(00000000000000000000000000000000) (0) (0) (00)   ;(00000000000000000000000000000000) (0) (0) (00)   ;(00000000000000000000000000000000) (0) (0) (00)   ;(00000000000000000000000000000000) (0) (0) (00)   ;
;2328;(00000000000000000000000000000000) (0) (0) (00)    ;(00000000000000000000000000000000) (0) (0) (00)   ;(00000000000000000000000000000000) (0) (0) (00)   ;(00000000000000000000000000000000) (0) (0) (00)   ;(00000000000000000000000000000000) (0) (0) (00)   ;(00000000000000000000000000000000) (0) (0) (00)   ;(00000000000000000000000000000000) (0) (0) (00)   ;(00000000000000000000000000000000) (0) (0) (00)   ;
;2336;(00000000000000000000000000000000) (0) (0) (00)    ;(00000000000000000000000000000000) (0) (0) (00)   ;(00000000000000000000000000000000) (0) (0) (00)   ;(00000000000000000000000000000000) (0) (0) (00)   ;(00000000000000000000000000000000) (0) (0) (00)   ;(00000000000000000000000000000000) (0) (0) (00)   ;(00000000000000000000000000000000) (0) (0) (00)   ;(00000000000000000000000000000000) (0) (0) (00)   ;
;2344;(00000000000000000000000000000000) (0) (0) (00)    ;(00000000000000000000000000000000) (0) (0) (00)   ;(00000000000000000000000000000000) (0) (0) (00)   ;(00000000000000000000000000000000) (0) (0) (00)   ;(00000000000000000000000000000000) (0) (0) (00)   ;(00000000000000000000000000000000) (0) (0) (00)   ;(00000000000000000000000000000000) (0) (0) (00)   ;(00000000000000000000000000000000) (0) (0) (00)   ;
;2352;(00000000000000000000000000000000) (0) (0) (00)    ;(00000000000000000000000000000000) (0) (0) (00)   ;(00000000000000000000000000000000) (0) (0) (00)   ;(00000000000000000000000000000000) (0) (0) (00)   ;(00000000000000000000000000000000) (0) (0) (00)   ;(00000000000000000000000000000000) (0) (0) (00)   ;(00000000000000000000000000000000) (0) (0) (00)   ;(00000000000000000000000000000000) (0) (0) (00)   ;
;2360;(00000000000000000000000000000000) (0) (0) (00)    ;(00000000000000000000000000000000) (0) (0) (00)   ;(00000000000000000000000000000000) (0) (0) (00)   ;(00000000000000000000000000000000) (0) (0) (00)   ;(00000000000000000000000000000000) (0) (0) (00)   ;(00000000000000000000000000000000) (0) (0) (00)   ;(00000000000000000000000000000000) (0) (0) (00)   ;(00000000000000000000000000000000) (0) (0) (00)   ;
;2368;(00000000000000000000000000000000) (0) (0) (00)    ;(00000000000000000000000000000000) (0) (0) (00)   ;(00000000000000000000000000000000) (0) (0) (00)   ;(00000000000000000000000000000000) (0) (0) (00)   ;(00000000000000000000000000000000) (0) (0) (00)   ;(00000000000000000000000000000000) (0) (0) (00)   ;(00000000000000000000000000000000) (0) (0) (00)   ;(00000000000000000000000000000000) (0) (0) (00)   ;
;2376;(00000000000000000000000000000000) (0) (0) (00)    ;(00000000000000000000000000000000) (0) (0) (00)   ;(00000000000000000000000000000000) (0) (0) (00)   ;(00000000000000000000000000000000) (0) (0) (00)   ;(00000000000000000000000000000000) (0) (0) (00)   ;(00000000000000000000000000000000) (0) (0) (00)   ;(00000000000000000000000000000000) (0) (0) (00)   ;(00000000000000000000000000000000) (0) (0) (00)   ;
;2384;(00000000000000000000000000000000) (0) (0) (00)    ;(00000000000000000000000000000000) (0) (0) (00)   ;(00000000000000000000000000000000) (0) (0) (00)   ;(00000000000000000000000000000000) (0) (0) (00)   ;(00000000000000000000000000000000) (0) (0) (00)   ;(00000000000000000000000000000000) (0) (0) (00)   ;(00000000000000000000000000000000) (0) (0) (00)   ;(00000000000000000000000000000000) (0) (0) (00)   ;
;2392;(00000000000000000000000000000000) (0) (0) (00)    ;(00000000000000000000000000000000) (0) (0) (00)   ;(00000000000000000000000000000000) (0) (0) (00)   ;(00000000000000000000000000000000) (0) (0) (00)   ;(00000000000000000000000000000000) (0) (0) (00)   ;(00000000000000000000000000000000) (0) (0) (00)   ;(00000000000000000000000000000000) (0) (0) (00)   ;(00000000000000000000000000000000) (0) (0) (00)   ;
;2400;(00000000000000000000000000000000) (0) (0) (00)    ;(00000000000000000000000000000000) (0) (0) (00)   ;(00000000000000000000000000000000) (0) (0) (00)   ;(00000000000000000000000000000000) (0) (0) (00)   ;(00000000000000000000000000000000) (0) (0) (00)   ;(00000000000000000000000000000000) (0) (0) (00)   ;(00000000000000000000000000000000) (0) (0) (00)   ;(00000000000000000000000000000000) (0) (0) (00)   ;
;2408;(00000000000000000000000000000000) (0) (0) (00)    ;(00000000000000000000000000000000) (0) (0) (00)   ;(00000000000000000000000000000000) (0) (0) (00)   ;(00000000000000000000000000000000) (0) (0) (00)   ;(00000000000000000000000000000000) (0) (0) (00)   ;(00000000000000000000000000000000) (0) (0) (00)   ;(00000000000000000000000000000000) (0) (0) (00)   ;(00000000000000000000000000000000) (0) (0) (00)   ;
;2416;(00000000000000000000000000000000) (0) (0) (00)    ;(00000000000000000000000000000000) (0) (0) (00)   ;(00000000000000000000000000000000) (0) (0) (00)   ;(00000000000000000000000000000000) (0) (0) (00)   ;(00000000000000000000000000000000) (0) (0) (00)   ;(00000000000000000000000000000000) (0) (0) (00)   ;(00000000000000000000000000000000) (0) (0) (00)   ;(00000000000000000000000000000000) (0) (0) (00)   ;
;2424;(00000000000000000000000000000000) (0) (0) (00)    ;(00000000000000000000000000000000) (0) (0) (00)   ;(00000000000000000000000000000000) (0) (0) (00)   ;(00000000000000000000000000000000) (0) (0) (00)   ;(00000000000000000000000000000000) (0) (0) (00)   ;(00000000000000000000000000000000) (0) (0) (00)   ;(00000000000000000000000000000000) (0) (0) (00)   ;(00000000000000000000000000000000) (0) (0) (00)   ;
;2432;(00000000000000000000000000000000) (0) (0) (00)    ;(00000000000000000000000000000000) (0) (0) (00)   ;(00000000000000000000000000000000) (0) (0) (00)   ;(00000000000000000000000000000000) (0) (0) (00)   ;(00000000000000000000000000000000) (0) (0) (00)   ;(00000000000000000000000000000000) (0) (0) (00)   ;(00000000000000000000000000000000) (0) (0) (00)   ;(00000000000000000000000000000000) (0) (0) (00)   ;
;2440;(00000000000000000000000000000000) (0) (0) (00)    ;(00000000000000000000000000000000) (0) (0) (00)   ;(00000000000000000000000000000000) (0) (0) (00)   ;(00000000000000000000000000000000) (0) (0) (00)   ;(00000000000000000000000000000000) (0) (0) (00)   ;(00000000000000000000000000000000) (0) (0) (00)   ;(00000000000000000000000000000000) (0) (0) (00)   ;(00000000000000000000000000000000) (0) (0) (00)   ;
;2448;(00000000000000000000000000000000) (0) (0) (00)    ;(00000000000000000000000000000000) (0) (0) (00)   ;(00000000000000000000000000000000) (0) (0) (00)   ;(00000000000000000000000000000000) (0) (0) (00)   ;(00000000000000000000000000000000) (0) (0) (00)   ;(00000000000000000000000000000000) (0) (0) (00)   ;(00000000000000000000000000000000) (0) (0) (00)   ;(00000000000000000000000000000000) (0) (0) (00)   ;
;2456;(00000000000000000000000000000000) (0) (0) (00)    ;(00000000000000000000000000000000) (0) (0) (00)   ;(00000000000000000000000000000000) (0) (0) (00)   ;(00000000000000000000000000000000) (0) (0) (00)   ;(00000000000000000000000000000000) (0) (0) (00)   ;(00000000000000000000000000000000) (0) (0) (00)   ;(00000000000000000000000000000000) (0) (0) (00)   ;(00000000000000000000000000000000) (0) (0) (00)   ;
;2464;(00000000000000000000000000000000) (0) (0) (00)    ;(00000000000000000000000000000000) (0) (0) (00)   ;(00000000000000000000000000000000) (0) (0) (00)   ;(00000000000000000000000000000000) (0) (0) (00)   ;(00000000000000000000000000000000) (0) (0) (00)   ;(00000000000000000000000000000000) (0) (0) (00)   ;(00000000000000000000000000000000) (0) (0) (00)   ;(00000000000000000000000000000000) (0) (0) (00)   ;
;2472;(00000000000000000000000000000000) (0) (0) (00)    ;(00000000000000000000000000000000) (0) (0) (00)   ;(00000000000000000000000000000000) (0) (0) (00)   ;(00000000000000000000000000000000) (0) (0) (00)   ;(00000000000000000000000000000000) (0) (0) (00)   ;(00000000000000000000000000000000) (0) (0) (00)   ;(00000000000000000000000000000000) (0) (0) (00)   ;(00000000000000000000000000000000) (0) (0) (00)   ;
;2480;(00000000000000000000000000000000) (0) (0) (00)    ;(00000000000000000000000000000000) (0) (0) (00)   ;(00000000000000000000000000000000) (0) (0) (00)   ;(00000000000000000000000000000000) (0) (0) (00)   ;(00000000000000000000000000000000) (0) (0) (00)   ;(00000000000000000000000000000000) (0) (0) (00)   ;(00000000000000000000000000000000) (0) (0) (00)   ;(00000000000000000000000000000000) (0) (0) (00)   ;
;2488;(00000000000000000000000000000000) (0) (0) (00)    ;(00000000000000000000000000000000) (0) (0) (00)   ;(00000000000000000000000000000000) (0) (0) (00)   ;(00000000000000000000000000000000) (0) (0) (00)   ;(00000000000000000000000000000000) (0) (0) (00)   ;(00000000000000000000000000000000) (0) (0) (00)   ;(00000000000000000000000000000000) (0) (0) (00)   ;(00000000000000000000000000000000) (0) (0) (00)   ;
;2496;(00000000000000000000000000000000) (0) (0) (00)    ;(00000000000000000000000000000000) (0) (0) (00)   ;(00000000000000000000000000000000) (0) (0) (00)   ;(00000000000000000000000000000000) (0) (0) (00)   ;(00000000000000000000000000000000) (0) (0) (00)   ;(00000000000000000000000000000000) (0) (0) (00)   ;(00000000000000000000000000000000) (0) (0) (00)   ;(00000000000000000000000000000000) (0) (0) (00)   ;
;2504;(00000000000000000000000000000000) (0) (0) (00)    ;(00000000000000000000000000000000) (0) (0) (00)   ;(00000000000000000000000000000000) (0) (0) (00)   ;(00000000000000000000000000000000) (0) (0) (00)   ;(00000000000000000000000000000000) (0) (0) (00)   ;(00000000000000000000000000000000) (0) (0) (00)   ;(00000000000000000000000000000000) (0) (0) (00)   ;(00000000000000000000000000000000) (0) (0) (00)   ;
;2512;(00000000000000000000000000000000) (0) (0) (00)    ;(00000000000000000000000000000000) (0) (0) (00)   ;(00000000000000000000000000000000) (0) (0) (00)   ;(00000000000000000000000000000000) (0) (0) (00)   ;(00000000000000000000000000000000) (0) (0) (00)   ;(00000000000000000000000000000000) (0) (0) (00)   ;(00000000000000000000000000000000) (0) (0) (00)   ;(00000000000000000000000000000000) (0) (0) (00)   ;
;2520;(00000000000000000000000000000000) (0) (0) (00)    ;(00000000000000000000000000000000) (0) (0) (00)   ;(00000000000000000000000000000000) (0) (0) (00)   ;(00000000000000000000000000000000) (0) (0) (00)   ;(00000000000000000000000000000000) (0) (0) (00)   ;(00000000000000000000000000000000) (0) (0) (00)   ;(00000000000000000000000000000000) (0) (0) (00)   ;(00000000000000000000000000000000) (0) (0) (00)   ;
;2528;(00000000000000000000000000000000) (0) (0) (00)    ;(00000000000000000000000000000000) (0) (0) (00)   ;(00000000000000000000000000000000) (0) (0) (00)   ;(00000000000000000000000000000000) (0) (0) (00)   ;(00000000000000000000000000000000) (0) (0) (00)   ;(00000000000000000000000000000000) (0) (0) (00)   ;(00000000000000000000000000000000) (0) (0) (00)   ;(00000000000000000000000000000000) (0) (0) (00)   ;
;2536;(00000000000000000000000000000000) (0) (0) (00)    ;(00000000000000000000000000000000) (0) (0) (00)   ;(00000000000000000000000000000000) (0) (0) (00)   ;(00000000000000000000000000000000) (0) (0) (00)   ;(00000000000000000000000000000000) (0) (0) (00)   ;(00000000000000000000000000000000) (0) (0) (00)   ;(00000000000000000000000000000000) (0) (0) (00)   ;(00000000000000000000000000000000) (0) (0) (00)   ;
;2544;(00000000000000000000000000000000) (0) (0) (00)    ;(00000000000000000000000000000000) (0) (0) (00)   ;(00000000000000000000000000000000) (0) (0) (00)   ;(00000000000000000000000000000000) (0) (0) (00)   ;(00000000000000000000000000000000) (0) (0) (00)   ;(00000000000000000000000000000000) (0) (0) (00)   ;(00000000000000000000000000000000) (0) (0) (00)   ;(00000000000000000000000000000000) (0) (0) (00)   ;
;2552;(00000000000000000000000000000000) (0) (0) (00)    ;(00000000000000000000000000000000) (0) (0) (00)   ;(00000000000000000000000000000000) (0) (0) (00)   ;(00000000000000000000000000000000) (0) (0) (00)   ;(00000000000000000000000000000000) (0) (0) (00)   ;(00000000000000000000000000000000) (0) (0) (00)   ;(00000000000000000000000000000000) (0) (0) (00)   ;(00000000000000000000000000000000) (0) (0) (00)   ;
;2560;(00000000000000000000000000000000) (0) (0) (00)    ;(00000000000000000000000000000000) (0) (0) (00)   ;(00000000000000000000000000000000) (0) (0) (00)   ;(00000000000000000000000000000000) (0) (0) (00)   ;(00000000000000000000000000000000) (0) (0) (00)   ;(00000000000000000000000000000000) (0) (0) (00)   ;(00000000000000000000000000000000) (0) (0) (00)   ;(00000000000000000000000000000000) (0) (0) (00)   ;
;2568;(00000000000000000000000000000000) (0) (0) (00)    ;(00000000000000000000000000000000) (0) (0) (00)   ;(00000000000000000000000000000000) (0) (0) (00)   ;(00000000000000000000000000000000) (0) (0) (00)   ;(00000000000000000000000000000000) (0) (0) (00)   ;(00000000000000000000000000000000) (0) (0) (00)   ;(00000000000000000000000000000000) (0) (0) (00)   ;(00000000000000000000000000000000) (0) (0) (00)   ;
;2576;(00000000000000000000000000000000) (0) (0) (00)    ;(00000000000000000000000000000000) (0) (0) (00)   ;(00000000000000000000000000000000) (0) (0) (00)   ;(00000000000000000000000000000000) (0) (0) (00)   ;(00000000000000000000000000000000) (0) (0) (00)   ;(00000000000000000000000000000000) (0) (0) (00)   ;(00000000000000000000000000000000) (0) (0) (00)   ;(00000000000000000000000000000000) (0) (0) (00)   ;
;2584;(00000000000000000000000000000000) (0) (0) (00)    ;(00000000000000000000000000000000) (0) (0) (00)   ;(00000000000000000000000000000000) (0) (0) (00)   ;(00000000000000000000000000000000) (0) (0) (00)   ;(00000000000000000000000000000000) (0) (0) (00)   ;(00000000000000000000000000000000) (0) (0) (00)   ;(00000000000000000000000000000000) (0) (0) (00)   ;(00000000000000000000000000000000) (0) (0) (00)   ;
;2592;(00000000000000000000000000000000) (0) (0) (00)    ;(00000000000000000000000000000000) (0) (0) (00)   ;(00000000000000000000000000000000) (0) (0) (00)   ;(00000000000000000000000000000000) (0) (0) (00)   ;(00000000000000000000000000000000) (0) (0) (00)   ;(00000000000000000000000000000000) (0) (0) (00)   ;(00000000000000000000000000000000) (0) (0) (00)   ;(00000000000000000000000000000000) (0) (0) (00)   ;
;2600;(00000000000000000000000000000000) (0) (0) (00)    ;(00000000000000000000000000000000) (0) (0) (00)   ;(00000000000000000000000000000000) (0) (0) (00)   ;(00000000000000000000000000000000) (0) (0) (00)   ;(00000000000000000000000000000000) (0) (0) (00)   ;(00000000000000000000000000000000) (0) (0) (00)   ;(00000000000000000000000000000000) (0) (0) (00)   ;(00000000000000000000000000000000) (0) (0) (00)   ;
;2608;(00000000000000000000000000000000) (0) (0) (00)    ;(00000000000000000000000000000000) (0) (0) (00)   ;(00000000000000000000000000000000) (0) (0) (00)   ;(00000000000000000000000000000000) (0) (0) (00)   ;(00000000000000000000000000000000) (0) (0) (00)   ;(00000000000000000000000000000000) (0) (0) (00)   ;(00000000000000000000000000000000) (0) (0) (00)   ;(00000000000000000000000000000000) (0) (0) (00)   ;
;2616;(00000000000000000000000000000000) (0) (0) (00)    ;(00000000000000000000000000000000) (0) (0) (00)   ;(00000000000000000000000000000000) (0) (0) (00)   ;(00000000000000000000000000000000) (0) (0) (00)   ;(00000000000000000000000000000000) (0) (0) (00)   ;(00000000000000000000000000000000) (0) (0) (00)   ;(00000000000000000000000000000000) (0) (0) (00)   ;(00000000000000000000000000000000) (0) (0) (00)   ;
;2624;(00000000000000000000000000000000) (0) (0) (00)    ;(00000000000000000000000000000000) (0) (0) (00)   ;(00000000000000000000000000000000) (0) (0) (00)   ;(00000000000000000000000000000000) (0) (0) (00)   ;(00000000000000000000000000000000) (0) (0) (00)   ;(00000000000000000000000000000000) (0) (0) (00)   ;(00000000000000000000000000000000) (0) (0) (00)   ;(00000000000000000000000000000000) (0) (0) (00)   ;
;2632;(00000000000000000000000000000000) (0) (0) (00)    ;(00000000000000000000000000000000) (0) (0) (00)   ;(00000000000000000000000000000000) (0) (0) (00)   ;(00000000000000000000000000000000) (0) (0) (00)   ;(00000000000000000000000000000000) (0) (0) (00)   ;(00000000000000000000000000000000) (0) (0) (00)   ;(00000000000000000000000000000000) (0) (0) (00)   ;(00000000000000000000000000000000) (0) (0) (00)   ;
;2640;(00000000000000000000000000000000) (0) (0) (00)    ;(00000000000000000000000000000000) (0) (0) (00)   ;(00000000000000000000000000000000) (0) (0) (00)   ;(00000000000000000000000000000000) (0) (0) (00)   ;(00000000000000000000000000000000) (0) (0) (00)   ;(00000000000000000000000000000000) (0) (0) (00)   ;(00000000000000000000000000000000) (0) (0) (00)   ;(00000000000000000000000000000000) (0) (0) (00)   ;
;2648;(00000000000000000000000000000000) (0) (0) (00)    ;(00000000000000000000000000000000) (0) (0) (00)   ;(00000000000000000000000000000000) (0) (0) (00)   ;(00000000000000000000000000000000) (0) (0) (00)   ;(00000000000000000000000000000000) (0) (0) (00)   ;(00000000000000000000000000000000) (0) (0) (00)   ;(00000000000000000000000000000000) (0) (0) (00)   ;(00000000000000000000000000000000) (0) (0) (00)   ;
;2656;(00000000000000000000000000000000) (0) (0) (00)    ;(00000000000000000000000000000000) (0) (0) (00)   ;(00000000000000000000000000000000) (0) (0) (00)   ;(00000000000000000000000000000000) (0) (0) (00)   ;(00000000000000000000000000000000) (0) (0) (00)   ;(00000000000000000000000000000000) (0) (0) (00)   ;(00000000000000000000000000000000) (0) (0) (00)   ;(00000000000000000000000000000000) (0) (0) (00)   ;
;2664;(00000000000000000000000000000000) (0) (0) (00)    ;(00000000000000000000000000000000) (0) (0) (00)   ;(00000000000000000000000000000000) (0) (0) (00)   ;(00000000000000000000000000000000) (0) (0) (00)   ;(00000000000000000000000000000000) (0) (0) (00)   ;(00000000000000000000000000000000) (0) (0) (00)   ;(00000000000000000000000000000000) (0) (0) (00)   ;(00000000000000000000000000000000) (0) (0) (00)   ;
;2672;(00000000000000000000000000000000) (0) (0) (00)    ;(00000000000000000000000000000000) (0) (0) (00)   ;(00000000000000000000000000000000) (0) (0) (00)   ;(00000000000000000000000000000000) (0) (0) (00)   ;(00000000000000000000000000000000) (0) (0) (00)   ;(00000000000000000000000000000000) (0) (0) (00)   ;(00000000000000000000000000000000) (0) (0) (00)   ;(00000000000000000000000000000000) (0) (0) (00)   ;
;2680;(00000000000000000000000000000000) (0) (0) (00)    ;(00000000000000000000000000000000) (0) (0) (00)   ;(00000000000000000000000000000000) (0) (0) (00)   ;(00000000000000000000000000000000) (0) (0) (00)   ;(00000000000000000000000000000000) (0) (0) (00)   ;(00000000000000000000000000000000) (0) (0) (00)   ;(00000000000000000000000000000000) (0) (0) (00)   ;(00000000000000000000000000000000) (0) (0) (00)   ;
;2688;(00000000000000000000000000000000) (0) (0) (00)    ;(00000000000000000000000000000000) (0) (0) (00)   ;(00000000000000000000000000000000) (0) (0) (00)   ;(00000000000000000000000000000000) (0) (0) (00)   ;(00000000000000000000000000000000) (0) (0) (00)   ;(00000000000000000000000000000000) (0) (0) (00)   ;(00000000000000000000000000000000) (0) (0) (00)   ;(00000000000000000000000000000000) (0) (0) (00)   ;
;2696;(00000000000000000000000000000000) (0) (0) (00)    ;(00000000000000000000000000000000) (0) (0) (00)   ;(00000000000000000000000000000000) (0) (0) (00)   ;(00000000000000000000000000000000) (0) (0) (00)   ;(00000000000000000000000000000000) (0) (0) (00)   ;(00000000000000000000000000000000) (0) (0) (00)   ;(00000000000000000000000000000000) (0) (0) (00)   ;(00000000000000000000000000000000) (0) (0) (00)   ;
;2704;(00000000000000000000000000000000) (0) (0) (00)    ;(00000000000000000000000000000000) (0) (0) (00)   ;(00000000000000000000000000000000) (0) (0) (00)   ;(00000000000000000000000000000000) (0) (0) (00)   ;(00000000000000000000000000000000) (0) (0) (00)   ;(00000000000000000000000000000000) (0) (0) (00)   ;(00000000000000000000000000000000) (0) (0) (00)   ;(00000000000000000000000000000000) (0) (0) (00)   ;
;2712;(00000000000000000000000000000000) (0) (0) (00)    ;(00000000000000000000000000000000) (0) (0) (00)   ;(00000000000000000000000000000000) (0) (0) (00)   ;(00000000000000000000000000000000) (0) (0) (00)   ;(00000000000000000000000000000000) (0) (0) (00)   ;(00000000000000000000000000000000) (0) (0) (00)   ;(00000000000000000000000000000000) (0) (0) (00)   ;(00000000000000000000000000000000) (0) (0) (00)   ;
;2720;(00000000000000000000000000000000) (0) (0) (00)    ;(00000000000000000000000000000000) (0) (0) (00)   ;(00000000000000000000000000000000) (0) (0) (00)   ;(00000000000000000000000000000000) (0) (0) (00)   ;(00000000000000000000000000000000) (0) (0) (00)   ;(00000000000000000000000000000000) (0) (0) (00)   ;(00000000000000000000000000000000) (0) (0) (00)   ;(00000000000000000000000000000000) (0) (0) (00)   ;
;2728;(00000000000000000000000000000000) (0) (0) (00)    ;(00000000000000000000000000000000) (0) (0) (00)   ;(00000000000000000000000000000000) (0) (0) (00)   ;(00000000000000000000000000000000) (0) (0) (00)   ;(00000000000000000000000000000000) (0) (0) (00)   ;(00000000000000000000000000000000) (0) (0) (00)   ;(00000000000000000000000000000000) (0) (0) (00)   ;(00000000000000000000000000000000) (0) (0) (00)   ;
;2736;(00000000000000000000000000000000) (0) (0) (00)    ;(00000000000000000000000000000000) (0) (0) (00)   ;(00000000000000000000000000000000) (0) (0) (00)   ;(00000000000000000000000000000000) (0) (0) (00)   ;(00000000000000000000000000000000) (0) (0) (00)   ;(00000000000000000000000000000000) (0) (0) (00)   ;(00000000000000000000000000000000) (0) (0) (00)   ;(00000000000000000000000000000000) (0) (0) (00)   ;
;2744;(00000000000000000000000000000000) (0) (0) (00)    ;(00000000000000000000000000000000) (0) (0) (00)   ;(00000000000000000000000000000000) (0) (0) (00)   ;(00000000000000000000000000000000) (0) (0) (00)   ;(00000000000000000000000000000000) (0) (0) (00)   ;(00000000000000000000000000000000) (0) (0) (00)   ;(00000000000000000000000000000000) (0) (0) (00)   ;(00000000000000000000000000000000) (0) (0) (00)   ;
;2752;(00000000000000000000000000000000) (0) (0) (00)    ;(00000000000000000000000000000000) (0) (0) (00)   ;(00000000000000000000000000000000) (0) (0) (00)   ;(00000000000000000000000000000000) (0) (0) (00)   ;(00000000000000000000000000000000) (0) (0) (00)   ;(00000000000000000000000000000000) (0) (0) (00)   ;(00000000000000000000000000000000) (0) (0) (00)   ;(00000000000000000000000000000000) (0) (0) (00)   ;
;2760;(00000000000000000000000000000000) (0) (0) (00)    ;(00000000000000000000000000000000) (0) (0) (00)   ;(00000000000000000000000000000000) (0) (0) (00)   ;(00000000000000000000000000000000) (0) (0) (00)   ;(00000000000000000000000000000000) (0) (0) (00)   ;(00000000000000000000000000000000) (0) (0) (00)   ;(00000000000000000000000000000000) (0) (0) (00)   ;(00000000000000000000000000000000) (0) (0) (00)   ;
;2768;(00000000000000000000000000000000) (0) (0) (00)    ;(00000000000000000000000000000000) (0) (0) (00)   ;(00000000000000000000000000000000) (0) (0) (00)   ;(00000000000000000000000000000000) (0) (0) (00)   ;(00000000000000000000000000000000) (0) (0) (00)   ;(00000000000000000000000000000000) (0) (0) (00)   ;(00000000000000000000000000000000) (0) (0) (00)   ;(00000000000000000000000000000000) (0) (0) (00)   ;
;2776;(00000000000000000000000000000000) (0) (0) (00)    ;(00000000000000000000000000000000) (0) (0) (00)   ;(00000000000000000000000000000000) (0) (0) (00)   ;(00000000000000000000000000000000) (0) (0) (00)   ;(00000000000000000000000000000000) (0) (0) (00)   ;(00000000000000000000000000000000) (0) (0) (00)   ;(00000000000000000000000000000000) (0) (0) (00)   ;(00000000000000000000000000000000) (0) (0) (00)   ;
;2784;(00000000000000000000000000000000) (0) (0) (00)    ;(00000000000000000000000000000000) (0) (0) (00)   ;(00000000000000000000000000000000) (0) (0) (00)   ;(00000000000000000000000000000000) (0) (0) (00)   ;(00000000000000000000000000000000) (0) (0) (00)   ;(00000000000000000000000000000000) (0) (0) (00)   ;(00000000000000000000000000000000) (0) (0) (00)   ;(00000000000000000000000000000000) (0) (0) (00)   ;
;2792;(00000000000000000000000000000000) (0) (0) (00)    ;(00000000000000000000000000000000) (0) (0) (00)   ;(00000000000000000000000000000000) (0) (0) (00)   ;(00000000000000000000000000000000) (0) (0) (00)   ;(00000000000000000000000000000000) (0) (0) (00)   ;(00000000000000000000000000000000) (0) (0) (00)   ;(00000000000000000000000000000000) (0) (0) (00)   ;(00000000000000000000000000000000) (0) (0) (00)   ;
;2800;(00000000000000000000000000000000) (0) (0) (00)    ;(00000000000000000000000000000000) (0) (0) (00)   ;(00000000000000000000000000000000) (0) (0) (00)   ;(00000000000000000000000000000000) (0) (0) (00)   ;(00000000000000000000000000000000) (0) (0) (00)   ;(00000000000000000000000000000000) (0) (0) (00)   ;(00000000000000000000000000000000) (0) (0) (00)   ;(00000000000000000000000000000000) (0) (0) (00)   ;
;2808;(00000000000000000000000000000000) (0) (0) (00)    ;(00000000000000000000000000000000) (0) (0) (00)   ;(00000000000000000000000000000000) (0) (0) (00)   ;(00000000000000000000000000000000) (0) (0) (00)   ;(00000000000000000000000000000000) (0) (0) (00)   ;(00000000000000000000000000000000) (0) (0) (00)   ;(00000000000000000000000000000000) (0) (0) (00)   ;(00000000000000000000000000000000) (0) (0) (00)   ;
;2816;(00000000000000000000000000000000) (0) (0) (00)    ;(00000000000000000000000000000000) (0) (0) (00)   ;(00000000000000000000000000000000) (0) (0) (00)   ;(00000000000000000000000000000000) (0) (0) (00)   ;(00000000000000000000000000000000) (0) (0) (00)   ;(00000000000000000000000000000000) (0) (0) (00)   ;(00000000000000000000000000000000) (0) (0) (00)   ;(00000000000000000000000000000000) (0) (0) (00)   ;
;2824;(00000000000000000000000000000000) (0) (0) (00)    ;(00000000000000000000000000000000) (0) (0) (00)   ;(00000000000000000000000000000000) (0) (0) (00)   ;(00000000000000000000000000000000) (0) (0) (00)   ;(00000000000000000000000000000000) (0) (0) (00)   ;(00000000000000000000000000000000) (0) (0) (00)   ;(00000000000000000000000000000000) (0) (0) (00)   ;(00000000000000000000000000000000) (0) (0) (00)   ;
;2832;(00000000000000000000000000000000) (0) (0) (00)    ;(00000000000000000000000000000000) (0) (0) (00)   ;(00000000000000000000000000000000) (0) (0) (00)   ;(00000000000000000000000000000000) (0) (0) (00)   ;(00000000000000000000000000000000) (0) (0) (00)   ;(00000000000000000000000000000000) (0) (0) (00)   ;(00000000000000000000000000000000) (0) (0) (00)   ;(00000000000000000000000000000000) (0) (0) (00)   ;
;2840;(00000000000000000000000000000000) (0) (0) (00)    ;(00000000000000000000000000000000) (0) (0) (00)   ;(00000000000000000000000000000000) (0) (0) (00)   ;(00000000000000000000000000000000) (0) (0) (00)   ;(00000000000000000000000000000000) (0) (0) (00)   ;(00000000000000000000000000000000) (0) (0) (00)   ;(00000000000000000000000000000000) (0) (0) (00)   ;(00000000000000000000000000000000) (0) (0) (00)   ;
;2848;(00000000000000000000000000000000) (0) (0) (00)    ;(00000000000000000000000000000000) (0) (0) (00)   ;(00000000000000000000000000000000) (0) (0) (00)   ;(00000000000000000000000000000000) (0) (0) (00)   ;(00000000000000000000000000000000) (0) (0) (00)   ;(00000000000000000000000000000000) (0) (0) (00)   ;(00000000000000000000000000000000) (0) (0) (00)   ;(00000000000000000000000000000000) (0) (0) (00)   ;
;2856;(00000000000000000000000000000000) (0) (0) (00)    ;(00000000000000000000000000000000) (0) (0) (00)   ;(00000000000000000000000000000000) (0) (0) (00)   ;(00000000000000000000000000000000) (0) (0) (00)   ;(00000000000000000000000000000000) (0) (0) (00)   ;(00000000000000000000000000000000) (0) (0) (00)   ;(00000000000000000000000000000000) (0) (0) (00)   ;(00000000000000000000000000000000) (0) (0) (00)   ;
;2864;(00000000000000000000000000000000) (0) (0) (00)    ;(00000000000000000000000000000000) (0) (0) (00)   ;(00000000000000000000000000000000) (0) (0) (00)   ;(00000000000000000000000000000000) (0) (0) (00)   ;(00000000000000000000000000000000) (0) (0) (00)   ;(00000000000000000000000000000000) (0) (0) (00)   ;(00000000000000000000000000000000) (0) (0) (00)   ;(00000000000000000000000000000000) (0) (0) (00)   ;
;2872;(00000000000000000000000000000000) (0) (0) (00)    ;(00000000000000000000000000000000) (0) (0) (00)   ;(00000000000000000000000000000000) (0) (0) (00)   ;(00000000000000000000000000000000) (0) (0) (00)   ;(00000000000000000000000000000000) (0) (0) (00)   ;(00000000000000000000000000000000) (0) (0) (00)   ;(00000000000000000000000000000000) (0) (0) (00)   ;(00000000000000000000000000000000) (0) (0) (00)   ;
;2880;(00000000000000000000000000000000) (0) (0) (00)    ;(00000000000000000000000000000000) (0) (0) (00)   ;(00000000000000000000000000000000) (0) (0) (00)   ;(00000000000000000000000000000000) (0) (0) (00)   ;(00000000000000000000000000000000) (0) (0) (00)   ;(00000000000000000000000000000000) (0) (0) (00)   ;(00000000000000000000000000000000) (0) (0) (00)   ;(00000000000000000000000000000000) (0) (0) (00)   ;
;2888;(00000000000000000000000000000000) (0) (0) (00)    ;(00000000000000000000000000000000) (0) (0) (00)   ;(00000000000000000000000000000000) (0) (0) (00)   ;(00000000000000000000000000000000) (0) (0) (00)   ;(00000000000000000000000000000000) (0) (0) (00)   ;(00000000000000000000000000000000) (0) (0) (00)   ;(00000000000000000000000000000000) (0) (0) (00)   ;(00000000000000000000000000000000) (0) (0) (00)   ;
;2896;(00000000000000000000000000000000) (0) (0) (00)    ;(00000000000000000000000000000000) (0) (0) (00)   ;(00000000000000000000000000000000) (0) (0) (00)   ;(00000000000000000000000000000000) (0) (0) (00)   ;(00000000000000000000000000000000) (0) (0) (00)   ;(00000000000000000000000000000000) (0) (0) (00)   ;(00000000000000000000000000000000) (0) (0) (00)   ;(00000000000000000000000000000000) (0) (0) (00)   ;
;2904;(00000000000000000000000000000000) (0) (0) (00)    ;(00000000000000000000000000000000) (0) (0) (00)   ;(00000000000000000000000000000000) (0) (0) (00)   ;(00000000000000000000000000000000) (0) (0) (00)   ;(00000000000000000000000000000000) (0) (0) (00)   ;(00000000000000000000000000000000) (0) (0) (00)   ;(00000000000000000000000000000000) (0) (0) (00)   ;(00000000000000000000000000000000) (0) (0) (00)   ;
;2912;(00000000000000000000000000000000) (0) (0) (00)    ;(00000000000000000000000000000000) (0) (0) (00)   ;(00000000000000000000000000000000) (0) (0) (00)   ;(00000000000000000000000000000000) (0) (0) (00)   ;(00000000000000000000000000000000) (0) (0) (00)   ;(00000000000000000000000000000000) (0) (0) (00)   ;(00000000000000000000000000000000) (0) (0) (00)   ;(00000000000000000000000000000000) (0) (0) (00)   ;
;2920;(00000000000000000000000000000000) (0) (0) (00)    ;(00000000000000000000000000000000) (0) (0) (00)   ;(00000000000000000000000000000000) (0) (0) (00)   ;(00000000000000000000000000000000) (0) (0) (00)   ;(00000000000000000000000000000000) (0) (0) (00)   ;(00000000000000000000000000000000) (0) (0) (00)   ;(00000000000000000000000000000000) (0) (0) (00)   ;(00000000000000000000000000000000) (0) (0) (00)   ;
;2928;(00000000000000000000000000000000) (0) (0) (00)    ;(00000000000000000000000000000000) (0) (0) (00)   ;(00000000000000000000000000000000) (0) (0) (00)   ;(00000000000000000000000000000000) (0) (0) (00)   ;(00000000000000000000000000000000) (0) (0) (00)   ;(00000000000000000000000000000000) (0) (0) (00)   ;(00000000000000000000000000000000) (0) (0) (00)   ;(00000000000000000000000000000000) (0) (0) (00)   ;
;2936;(00000000000000000000000000000000) (0) (0) (00)    ;(00000000000000000000000000000000) (0) (0) (00)   ;(00000000000000000000000000000000) (0) (0) (00)   ;(00000000000000000000000000000000) (0) (0) (00)   ;(00000000000000000000000000000000) (0) (0) (00)   ;(00000000000000000000000000000000) (0) (0) (00)   ;(00000000000000000000000000000000) (0) (0) (00)   ;(00000000000000000000000000000000) (0) (0) (00)   ;
;2944;(00000000000000000000000000000000) (0) (0) (00)    ;(00000000000000000000000000000000) (0) (0) (00)   ;(00000000000000000000000000000000) (0) (0) (00)   ;(00000000000000000000000000000000) (0) (0) (00)   ;(00000000000000000000000000000000) (0) (0) (00)   ;(00000000000000000000000000000000) (0) (0) (00)   ;(00000000000000000000000000000000) (0) (0) (00)   ;(00000000000000000000000000000000) (0) (0) (00)   ;
;2952;(00000000000000000000000000000000) (0) (0) (00)    ;(00000000000000000000000000000000) (0) (0) (00)   ;(00000000000000000000000000000000) (0) (0) (00)   ;(00000000000000000000000000000000) (0) (0) (00)   ;(00000000000000000000000000000000) (0) (0) (00)   ;(00000000000000000000000000000000) (0) (0) (00)   ;(00000000000000000000000000000000) (0) (0) (00)   ;(00000000000000000000000000000000) (0) (0) (00)   ;
;2960;(00000000000000000000000000000000) (0) (0) (00)    ;(00000000000000000000000000000000) (0) (0) (00)   ;(00000000000000000000000000000000) (0) (0) (00)   ;(00000000000000000000000000000000) (0) (0) (00)   ;(00000000000000000000000000000000) (0) (0) (00)   ;(00000000000000000000000000000000) (0) (0) (00)   ;(00000000000000000000000000000000) (0) (0) (00)   ;(00000000000000000000000000000000) (0) (0) (00)   ;
;2968;(00000000000000000000000000000000) (0) (0) (00)    ;(00000000000000000000000000000000) (0) (0) (00)   ;(00000000000000000000000000000000) (0) (0) (00)   ;(00000000000000000000000000000000) (0) (0) (00)   ;(00000000000000000000000000000000) (0) (0) (00)   ;(00000000000000000000000000000000) (0) (0) (00)   ;(00000000000000000000000000000000) (0) (0) (00)   ;(00000000000000000000000000000000) (0) (0) (00)   ;
;2976;(00000000000000000000000000000000) (0) (0) (00)    ;(00000000000000000000000000000000) (0) (0) (00)   ;(00000000000000000000000000000000) (0) (0) (00)   ;(00000000000000000000000000000000) (0) (0) (00)   ;(00000000000000000000000000000000) (0) (0) (00)   ;(00000000000000000000000000000000) (0) (0) (00)   ;(00000000000000000000000000000000) (0) (0) (00)   ;(00000000000000000000000000000000) (0) (0) (00)   ;
;2984;(00000000000000000000000000000000) (0) (0) (00)    ;(00000000000000000000000000000000) (0) (0) (00)   ;(00000000000000000000000000000000) (0) (0) (00)   ;(00000000000000000000000000000000) (0) (0) (00)   ;(00000000000000000000000000000000) (0) (0) (00)   ;(00000000000000000000000000000000) (0) (0) (00)   ;(00000000000000000000000000000000) (0) (0) (00)   ;(00000000000000000000000000000000) (0) (0) (00)   ;
;2992;(00000000000000000000000000000000) (0) (0) (00)    ;(00000000000000000000000000000000) (0) (0) (00)   ;(00000000000000000000000000000000) (0) (0) (00)   ;(00000000000000000000000000000000) (0) (0) (00)   ;(00000000000000000000000000000000) (0) (0) (00)   ;(00000000000000000000000000000000) (0) (0) (00)   ;(00000000000000000000000000000000) (0) (0) (00)   ;(00000000000000000000000000000000) (0) (0) (00)   ;
;3000;(00000000000000000000000000000000) (0) (0) (00)    ;(00000000000000000000000000000000) (0) (0) (00)   ;(00000000000000000000000000000000) (0) (0) (00)   ;(00000000000000000000000000000000) (0) (0) (00)   ;(00000000000000000000000000000000) (0) (0) (00)   ;(00000000000000000000000000000000) (0) (0) (00)   ;(00000000000000000000000000000000) (0) (0) (00)   ;(00000000000000000000000000000000) (0) (0) (00)   ;
;3008;(00000000000000000000000000000000) (0) (0) (00)    ;(00000000000000000000000000000000) (0) (0) (00)   ;(00000000000000000000000000000000) (0) (0) (00)   ;(00000000000000000000000000000000) (0) (0) (00)   ;(00000000000000000000000000000000) (0) (0) (00)   ;(00000000000000000000000000000000) (0) (0) (00)   ;(00000000000000000000000000000000) (0) (0) (00)   ;(00000000000000000000000000000000) (0) (0) (00)   ;
;3016;(00000000000000000000000000000000) (0) (0) (00)    ;(00000000000000000000000000000000) (0) (0) (00)   ;(00000000000000000000000000000000) (0) (0) (00)   ;(00000000000000000000000000000000) (0) (0) (00)   ;(00000000000000000000000000000000) (0) (0) (00)   ;(00000000000000000000000000000000) (0) (0) (00)   ;(00000000000000000000000000000000) (0) (0) (00)   ;(00000000000000000000000000000000) (0) (0) (00)   ;
;3024;(00000000000000000000000000000000) (0) (0) (00)    ;(00000000000000000000000000000000) (0) (0) (00)   ;(00000000000000000000000000000000) (0) (0) (00)   ;(00000000000000000000000000000000) (0) (0) (00)   ;(00000000000000000000000000000000) (0) (0) (00)   ;(00000000000000000000000000000000) (0) (0) (00)   ;(00000000000000000000000000000000) (0) (0) (00)   ;(00000000000000000000000000000000) (0) (0) (00)   ;
;3032;(00000000000000000000000000000000) (0) (0) (00)    ;(00000000000000000000000000000000) (0) (0) (00)   ;(00000000000000000000000000000000) (0) (0) (00)   ;(00000000000000000000000000000000) (0) (0) (00)   ;(00000000000000000000000000000000) (0) (0) (00)   ;(00000000000000000000000000000000) (0) (0) (00)   ;(00000000000000000000000000000000) (0) (0) (00)   ;(00000000000000000000000000000000) (0) (0) (00)   ;
;3040;(00000000000000000000000000000000) (0) (0) (00)    ;(00000000000000000000000000000000) (0) (0) (00)   ;(00000000000000000000000000000000) (0) (0) (00)   ;(00000000000000000000000000000000) (0) (0) (00)   ;(00000000000000000000000000000000) (0) (0) (00)   ;(00000000000000000000000000000000) (0) (0) (00)   ;(00000000000000000000000000000000) (0) (0) (00)   ;(00000000000000000000000000000000) (0) (0) (00)   ;
;3048;(00000000000000000000000000000000) (0) (0) (00)    ;(00000000000000000000000000000000) (0) (0) (00)   ;(00000000000000000000000000000000) (0) (0) (00)   ;(00000000000000000000000000000000) (0) (0) (00)   ;(00000000000000000000000000000000) (0) (0) (00)   ;(00000000000000000000000000000000) (0) (0) (00)   ;(00000000000000000000000000000000) (0) (0) (00)   ;(00000000000000000000000000000000) (0) (0) (00)   ;
;3056;(00000000000000000000000000000000) (0) (0) (00)    ;(00000000000000000000000000000000) (0) (0) (00)   ;(00000000000000000000000000000000) (0) (0) (00)   ;(00000000000000000000000000000000) (0) (0) (00)   ;(00000000000000000000000000000000) (0) (0) (00)   ;(00000000000000000000000000000000) (0) (0) (00)   ;(00000000000000000000000000000000) (0) (0) (00)   ;(00000000000000000000000000000000) (0) (0) (00)   ;
;3064;(00000000000000000000000000000000) (0) (0) (00)    ;(00000000000000000000000000000000) (0) (0) (00)   ;(00000000000000000000000000000000) (0) (0) (00)   ;(00000000000000000000000000000000) (0) (0) (00)   ;(00000000000000000000000000000000) (0) (0) (00)   ;(00000000000000000000000000000000) (0) (0) (00)   ;(00000000000000000000000000000000) (0) (0) (00)   ;(00000000000000000000000000000000) (0) (0) (00)   ;
;3072;(11111101000000010000000100010011) (-277577355) (-50265837) (-2-15-14-15-14-14-13)    ;(00000010000100010010011000100011) (204223043) (34678307) (2112623)   ;(00000010100000010010010000100011) (240222043) (42017827) (2812423)   ;(00000010110100010010001000100011) (264221043) (47260195) (2D12223)   ;(00000010111000010010000000100011) (270220043) (48308259) (2E12023)   ;(00000000111100010010111000100011) (74227043) (15805987) (F12E23)   ;(00000011000000010000010000010011) (300202023) (50398227) (3010413)   ;(00110100001000000010011111110011) (2115056467) (874522611) (342027F3)   ;
;3080;(11111100111101000010111000100011) (-302750735) (-51106269) (-30-11-13-1-13-13)    ;(00110100000100000010011111110011) (2109056467) (873474035) (341027F3)   ;(11111100111101000010110000100011) (-302751735) (-51106781) (-30-11-13-3-13-13)   ;(11111101110001000010011100000011) (-216754375) (-37476605) (-2-3-11-13-8-15-13)   ;(00000000100000000000011110010011) (40003623) (8390547) (800793)   ;(00000000111001111110101001100011) (71765143) (15198819) (E7EA63)   ;(11111101100001000010011110000011) (-236754175) (-41670781) (-2-7-11-13-8-7-13)   ;(00000000010001111000011110010011) (21703623) (4687763) (478793)   ;
;3088;(00110100000101111001000001110011) (2110742867) (873959539) (34179073)    ;(00010101100000000000000001101111) (-1754967139) (360710255) (1580006F)   ;(11111101110001000010011100000011) (-216754375) (-37476605) (-2-3-11-13-8-15-13)   ;(10000000000000000000011110110111) (-1335323167) (-2147481673) (-7-15-15-15-15-8-4-9)   ;(00000001000001111000011110010011) (101703623) (17270675) (1078793)   ;(00001100111101110001100001100011) (1475614143) (217520227) (CF71863)   ;(01000000000000000000011100110111) (-2147480181) (1073743671) (40000737)   ;(00000000000000000010011110110111) (23667) (10167) (27B7)   ;
;3096;(00000000000001110010011100000011) (1623403) (468739) (72703)    ;(00000110111001111010011000100011) (671723043) (115844643) (6E7A623)   ;(00000000000000000010011110110111) (23667) (10167) (27B7)   ;(00000110110001111010011100000011) (661723403) (113747715) (6C7A703)   ;(00010010100100000000011110010011) (-2050963673) (311429011) (12900793)   ;(00000010111101110001100001100011) (275614143) (49748067) (2F71863)   ;(00000000000000000010011110110111) (23667) (10167) (27B7)   ;(00111101000001111010011110000011) (-1088210989) (1023911811) (3D07A783)   ;
;3104;(00000000000001111001101001100011) (1715143) (498275) (79A63)    ;(00000000000000000010011110110111) (23667) (10167) (27B7)   ;(00000000000100000000011100010011) (4003423) (1050387) (100713)   ;(00111100111001111010100000100011) (-1118210549) (1021814819) (3CE7A823)   ;(00010000110000000000000001101111) (2060000157) (281018479) (10C0006F)   ;(00000000000000000010011110110111) (23667) (10167) (27B7)   ;(00000000011100000000011100010011) (34003423) (7341843) (700713)   ;(00000110111001111010000000100011) (671720043) (115843107) (6E7A023)   ;
;3112;(00001111110000000000000001101111) (1760000157) (264241263) (FC0006F)    ;(00000000000000000010011110110111) (23667) (10167) (27B7)   ;(00000110110001111010011100000011) (661723403) (113747715) (6C7A703)   ;(00110110101100000000011110010011) (-1935930969) (917505939) (36B00793)   ;(00000000111101110001101001100011) (75615143) (16194147) (F71A63)   ;(00000000000000000010011110110111) (23667) (10167) (27B7)   ;(00000000000100000000011100010011) (4003423) (1050387) (100713)   ;(00000110111001111010000000100011) (671720043) (115843107) (6E7A023)   ;
;3120;(00001101110000000000000001101111) (1560000157) (230686831) (DC0006F)    ;(00000000000000000010011110110111) (23667) (10167) (27B7)   ;(00000110110001111010011100000011) (661723403) (113747715) (6C7A703)   ;(00110111010000000000011110010011) (-1869930969) (926943123) (37400793)   ;(00000000111101110001101001100011) (75615143) (16194147) (F71A63)   ;(00000000000000000010011110110111) (23667) (10167) (27B7)   ;(00000000001000000000011100010011) (10003423) (2098963) (200713)   ;(00000110111001111010000000100011) (671720043) (115843107) (6E7A023)   ;
;3128;(00001011110000000000000001101111) (1360000157) (197132399) (BC0006F)    ;(00000000000000000010011110110111) (23667) (10167) (27B7)   ;(00000110110001111010011100000011) (661723403) (113747715) (6C7A703)   ;(00110111001000000000011110010011) (-1879930969) (924845971) (37200793)   ;(00000000111101110001101001100011) (75615143) (16194147) (F71A63)   ;(00000000000000000010011110110111) (23667) (10167) (27B7)   ;(00000000010100000000011100010011) (24003423) (5244691) (500713)   ;(00000110111001111010000000100011) (671720043) (115843107) (6E7A023)   ;
;3136;(00001001110000000000000001101111) (1160000157) (163577967) (9C0006F)    ;(00000000000000000010011110110111) (23667) (10167) (27B7)   ;(00000110110001111010011100000011) (661723403) (113747715) (6C7A703)   ;(00110111010100000000011110010011) (-1865930969) (927991699) (37500793)   ;(00001000111101110001011001100011) (1075613143) (150410851) (8F71663)   ;(00000000000000000010011110110111) (23667) (10167) (27B7)   ;(00000000011000000000011100010011) (30003423) (6293267) (600713)   ;(00000110111001111010000000100011) (671720043) (115843107) (6E7A023)   ;
;3144;(00000111110000000000000001101111) (760000157) (130023535) (7C0006F)    ;(11111101110001000010011100000011) (-216754375) (-37476605) (-2-3-11-13-8-15-13)   ;(10000000000000000000011110110111) (-1335323167) (-2147481673) (-7-15-15-15-15-8-4-9)   ;(00000001000101111000011110010011) (105703623) (18319251) (1178793)   ;(00000110111101110001011001100011) (675613143) (116856419) (6F71663)   ;(00000000000000000010011110110111) (23667) (10167) (27B7)   ;(00111111010001111010011110000011) (-868210989) (1061660547) (3F47A783)   ;(00000000001001111001011100010011) (11713423) (2594579) (279713)   ;
;3152;(00000000000000000010011110110111) (23667) (10167) (27B7)    ;(00000111000001111000011110010011) (701703623) (117933971) (7078793)   ;(00000000111101110000011100110011) (75603463) (16189235) (F70733)   ;(01010000000000000000011110110111) (-147479981) (1342179255) (500007B7)   ;(00000000000001110010011100000011) (1623403) (468739) (72703)   ;(00000000111001111010000000100011) (71720043) (15179811) (E7A023)   ;(00000000000000000010011100110111) (23467) (10039) (2737)   ;(00111111010001110010011110000011) (-868310989) (1061627779) (3F472783)   ;
;3160;(00000000000101111000011010010011) (5703223) (1541779) (178693)    ;(00111110110101110010101000100011) (-924309549) (1054288419) (3ED72A23)   ;(01010000000000000000011100110111) (-147480181) (1342179127) (50000737)   ;(00000000110001110000011100010011) (61603423) (13043475) (C70713)   ;(00000000111101110010000000100011) (75620043) (16195619) (F72023)   ;(00000000000000000010011110110111) (23667) (10167) (27B7)   ;(00111111010001111010011100000011) (-868211189) (1061660419) (3F47A703)   ;(00001100011100000000011110010011) (1434003623) (208668563) (C700793)   ;
;3168;(00000000111001111101111001100011) (71757143) (15195747) (E7DE63)    ;(00000000000000000010011110110111) (23667) (10167) (27B7)   ;(00111110000001111010101000100011) (-988209549) (1040689699) (3E07AA23)   ;(01010000000000000000011110110111) (-147479981) (1342179255) (500007B7)   ;(00000000100001111000011110010011) (41703623) (8882067) (878793)   ;(00000000000100000000011100010011) (4003423) (1050387) (100713)   ;(00000000111001111010000000100011) (71720043) (15179811) (E7A023)   ;(00000000000000000000000000010011) (23) (19) (13)   ;
;3176;(00000010110000010010000010000011) (260220203) (46211203) (2C12083)    ;(00000010100000010010010000000011) (240222003) (42017795) (2812403)   ;(00000010010000010010011010000011) (220223203) (37824131) (2412683)   ;(00000010000000010010011100000011) (200223403) (33629955) (2012703)   ;(00000001110000010010011110000011) (160223603) (29435779) (1C12783)   ;(00000011000000010000000100010011) (300200423) (50397459) (3010113)   ;(00110000001000000000000001110011) (1715032867) (807403635) (30200073)   ;(00000000000000000000000000000000) (0) (0) (00)   ;
;3184;(00000000000000000000000000000000) (0) (0) (00)    ;(00000000000000000000000000000000) (0) (0) (00)   ;(00000000000000000000000000000000) (0) (0) (00)   ;(00000000000000000000000000000000) (0) (0) (00)   ;(00000000000000000000000000000000) (0) (0) (00)   ;(00000000000000000000000000000000) (0) (0) (00)   ;(00000000000000000000000000000000) (0) (0) (00)   ;(00000000000000000000000000000000) (0) (0) (00)   ;
;3192;(00000000000000000000000000000000) (0) (0) (00)    ;(00000000000000000000000000000000) (0) (0) (00)   ;(00000000000000000000000000000000) (0) (0) (00)   ;(00000000000000000000000000000000) (0) (0) (00)   ;(00000000000000000000000000000000) (0) (0) (00)   ;(00000000000000000000000000000000) (0) (0) (00)   ;(00000000000000000000000000000000) (0) (0) (00)   ;(00000000000000000000000000000000) (0) (0) (00)   ;
;3200;(00000000000000000000000000000000) (0) (0) (00)    ;(00000000000000000000000000000000) (0) (0) (00)   ;(00000000000000000000000000000000) (0) (0) (00)   ;(00000000000000000000000000000000) (0) (0) (00)   ;(00000000000000000000000000000000) (0) (0) (00)   ;(00000000000000000000000000000000) (0) (0) (00)   ;(00000000000000000000000000000000) (0) (0) (00)   ;(00000000000000000000000000000000) (0) (0) (00)   ;
;3208;(00000000000000000000000000000000) (0) (0) (00)    ;(00000000000000000000000000000000) (0) (0) (00)   ;(00000000000000000000000000000000) (0) (0) (00)   ;(00000000000000000000000000000000) (0) (0) (00)   ;(00000000000000000000000000000000) (0) (0) (00)   ;(00000000000000000000000000000000) (0) (0) (00)   ;(00000000000000000000000000000000) (0) (0) (00)   ;(00000000000000000000000000000000) (0) (0) (00)   ;
;3216;(00000000000000000000000000000000) (0) (0) (00)    ;(00000000000000000000000000000000) (0) (0) (00)   ;(00000000000000000000000000000000) (0) (0) (00)   ;(00000000000000000000000000000000) (0) (0) (00)   ;(00000000000000000000000000000000) (0) (0) (00)   ;(00000000000000000000000000000000) (0) (0) (00)   ;(00000000000000000000000000000000) (0) (0) (00)   ;(00000000000000000000000000000000) (0) (0) (00)   ;
;3224;(00000000000000000000000000000000) (0) (0) (00)    ;(00000000000000000000000000000000) (0) (0) (00)   ;(00000000000000000000000000000000) (0) (0) (00)   ;(00000000000000000000000000000000) (0) (0) (00)   ;(00000000000000000000000000000000) (0) (0) (00)   ;(00000000000000000000000000000000) (0) (0) (00)   ;(00000000000000000000000000000000) (0) (0) (00)   ;(00000000000000000000000000000000) (0) (0) (00)   ;
;3232;(00000000000000000000000000000000) (0) (0) (00)    ;(00000000000000000000000000000000) (0) (0) (00)   ;(00000000000000000000000000000000) (0) (0) (00)   ;(00000000000000000000000000000000) (0) (0) (00)   ;(00000000000000000000000000000000) (0) (0) (00)   ;(00000000000000000000000000000000) (0) (0) (00)   ;(00000000000000000000000000000000) (0) (0) (00)   ;(00000000000000000000000000000000) (0) (0) (00)   ;
;3240;(00000000000000000000000000000000) (0) (0) (00)    ;(00000000000000000000000000000000) (0) (0) (00)   ;(00000000000000000000000000000000) (0) (0) (00)   ;(00000000000000000000000000000000) (0) (0) (00)   ;(00000000000000000000000000000000) (0) (0) (00)   ;(00000000000000000000000000000000) (0) (0) (00)   ;(00000000000000000000000000000000) (0) (0) (00)   ;(00000000000000000000000000000000) (0) (0) (00)   ;
;3248;(00000000000000000000000000000000) (0) (0) (00)    ;(00000000000000000000000000000000) (0) (0) (00)   ;(00000000000000000000000000000000) (0) (0) (00)   ;(00000000000000000000000000000000) (0) (0) (00)   ;(00000000000000000000000000000000) (0) (0) (00)   ;(00000000000000000000000000000000) (0) (0) (00)   ;(00000000000000000000000000000000) (0) (0) (00)   ;(00000000000000000000000000000000) (0) (0) (00)   ;
;3256;(00000000000000000000000000000000) (0) (0) (00)    ;(00000000000000000000000000000000) (0) (0) (00)   ;(00000000000000000000000000000000) (0) (0) (00)   ;(00000000000000000000000000000000) (0) (0) (00)   ;(00000000000000000000000000000000) (0) (0) (00)   ;(00000000000000000000000000000000) (0) (0) (00)   ;(00000000000000000000000000000000) (0) (0) (00)   ;(00000000000000000000000000000000) (0) (0) (00)   ;
;3264;(00000000000000000000000000000000) (0) (0) (00)    ;(00000000000000000000000000000000) (0) (0) (00)   ;(00000000000000000000000000000000) (0) (0) (00)   ;(00000000000000000000000000000000) (0) (0) (00)   ;(00000000000000000000000000000000) (0) (0) (00)   ;(00000000000000000000000000000000) (0) (0) (00)   ;(00000000000000000000000000000000) (0) (0) (00)   ;(00000000000000000000000000000000) (0) (0) (00)   ;
;3272;(00000000000000000000000000000000) (0) (0) (00)    ;(00000000000000000000000000000000) (0) (0) (00)   ;(00000000000000000000000000000000) (0) (0) (00)   ;(00000000000000000000000000000000) (0) (0) (00)   ;(00000000000000000000000000000000) (0) (0) (00)   ;(00000000000000000000000000000000) (0) (0) (00)   ;(00000000000000000000000000000000) (0) (0) (00)   ;(00000000000000000000000000000000) (0) (0) (00)   ;
;3280;(00000000000000000000000000000000) (0) (0) (00)    ;(00000000000000000000000000000000) (0) (0) (00)   ;(00000000000000000000000000000000) (0) (0) (00)   ;(00000000000000000000000000000000) (0) (0) (00)   ;(00000000000000000000000000000000) (0) (0) (00)   ;(00000000000000000000000000000000) (0) (0) (00)   ;(00000000000000000000000000000000) (0) (0) (00)   ;(00000000000000000000000000000000) (0) (0) (00)   ;
;3288;(00000000000000000000000000000000) (0) (0) (00)    ;(00000000000000000000000000000000) (0) (0) (00)   ;(00000000000000000000000000000000) (0) (0) (00)   ;(00000000000000000000000000000000) (0) (0) (00)   ;(00000000000000000000000000000000) (0) (0) (00)   ;(00000000000000000000000000000000) (0) (0) (00)   ;(00000000000000000000000000000000) (0) (0) (00)   ;(00000000000000000000000000000000) (0) (0) (00)   ;
;3296;(00000000000000000000000000000000) (0) (0) (00)    ;(00000000000000000000000000000000) (0) (0) (00)   ;(00000000000000000000000000000000) (0) (0) (00)   ;(00000000000000000000000000000000) (0) (0) (00)   ;(00000000000000000000000000000000) (0) (0) (00)   ;(00000000000000000000000000000000) (0) (0) (00)   ;(00000000000000000000000000000000) (0) (0) (00)   ;(00000000000000000000000000000000) (0) (0) (00)   ;
;3304;(00000000000000000000000000000000) (0) (0) (00)    ;(00000000000000000000000000000000) (0) (0) (00)   ;(00000000000000000000000000000000) (0) (0) (00)   ;(00000000000000000000000000000000) (0) (0) (00)   ;(00000000000000000000000000000000) (0) (0) (00)   ;(00000000000000000000000000000000) (0) (0) (00)   ;(00000000000000000000000000000000) (0) (0) (00)   ;(00000000000000000000000000000000) (0) (0) (00)   ;
;3312;(00000000000000000000000000000000) (0) (0) (00)    ;(00000000000000000000000000000000) (0) (0) (00)   ;(00000000000000000000000000000000) (0) (0) (00)   ;(00000000000000000000000000000000) (0) (0) (00)   ;(00000000000000000000000000000000) (0) (0) (00)   ;(00000000000000000000000000000000) (0) (0) (00)   ;(00000000000000000000000000000000) (0) (0) (00)   ;(00000000000000000000000000000000) (0) (0) (00)   ;
;3320;(00000000000000000000000000000000) (0) (0) (00)    ;(00000000000000000000000000000000) (0) (0) (00)   ;(00000000000000000000000000000000) (0) (0) (00)   ;(00000000000000000000000000000000) (0) (0) (00)   ;(00000000000000000000000000000000) (0) (0) (00)   ;(00000000000000000000000000000000) (0) (0) (00)   ;(00000000000000000000000000000000) (0) (0) (00)   ;(00000000000000000000000000000000) (0) (0) (00)   ;
;3328;(00000000000000000000000000000000) (0) (0) (00)    ;(00000000000000000000000000000000) (0) (0) (00)   ;(00000000000000000000000000000000) (0) (0) (00)   ;(00000000000000000000000000000000) (0) (0) (00)   ;(00000000000000000000000000000000) (0) (0) (00)   ;(00000000000000000000000000000000) (0) (0) (00)   ;(00000000000000000000000000000000) (0) (0) (00)   ;(00000000000000000000000000000000) (0) (0) (00)   ;
;3336;(00000000000000000000000000000000) (0) (0) (00)    ;(00000000000000000000000000000000) (0) (0) (00)   ;(00000000000000000000000000000000) (0) (0) (00)   ;(00000000000000000000000000000000) (0) (0) (00)   ;(00000000000000000000000000000000) (0) (0) (00)   ;(00000000000000000000000000000000) (0) (0) (00)   ;(00000000000000000000000000000000) (0) (0) (00)   ;(00000000000000000000000000000000) (0) (0) (00)   ;
;3344;(00000000000000000000000000000000) (0) (0) (00)    ;(00000000000000000000000000000000) (0) (0) (00)   ;(00000000000000000000000000000000) (0) (0) (00)   ;(00000000000000000000000000000000) (0) (0) (00)   ;(00000000000000000000000000000000) (0) (0) (00)   ;(00000000000000000000000000000000) (0) (0) (00)   ;(00000000000000000000000000000000) (0) (0) (00)   ;(00000000000000000000000000000000) (0) (0) (00)   ;
;3352;(00000000000000000000000000000000) (0) (0) (00)    ;(00000000000000000000000000000000) (0) (0) (00)   ;(00000000000000000000000000000000) (0) (0) (00)   ;(00000000000000000000000000000000) (0) (0) (00)   ;(00000000000000000000000000000000) (0) (0) (00)   ;(00000000000000000000000000000000) (0) (0) (00)   ;(00000000000000000000000000000000) (0) (0) (00)   ;(00000000000000000000000000000000) (0) (0) (00)   ;
;3360;(00000000000000000000000000000000) (0) (0) (00)    ;(00000000000000000000000000000000) (0) (0) (00)   ;(00000000000000000000000000000000) (0) (0) (00)   ;(00000000000000000000000000000000) (0) (0) (00)   ;(00000000000000000000000000000000) (0) (0) (00)   ;(00000000000000000000000000000000) (0) (0) (00)   ;(00000000000000000000000000000000) (0) (0) (00)   ;(00000000000000000000000000000000) (0) (0) (00)   ;
;3368;(00000000000000000000000000000000) (0) (0) (00)    ;(00000000000000000000000000000000) (0) (0) (00)   ;(00000000000000000000000000000000) (0) (0) (00)   ;(00000000000000000000000000000000) (0) (0) (00)   ;(00000000000000000000000000000000) (0) (0) (00)   ;(00000000000000000000000000000000) (0) (0) (00)   ;(00000000000000000000000000000000) (0) (0) (00)   ;(00000000000000000000000000000000) (0) (0) (00)   ;
;3376;(00000000000000000000000000000000) (0) (0) (00)    ;(00000000000000000000000000000000) (0) (0) (00)   ;(00000000000000000000000000000000) (0) (0) (00)   ;(00000000000000000000000000000000) (0) (0) (00)   ;(00000000000000000000000000000000) (0) (0) (00)   ;(00000000000000000000000000000000) (0) (0) (00)   ;(00000000000000000000000000000000) (0) (0) (00)   ;(00000000000000000000000000000000) (0) (0) (00)   ;
;3384;(00000000000000000000000000000000) (0) (0) (00)    ;(00000000000000000000000000000000) (0) (0) (00)   ;(00000000000000000000000000000000) (0) (0) (00)   ;(00000000000000000000000000000000) (0) (0) (00)   ;(00000000000000000000000000000000) (0) (0) (00)   ;(00000000000000000000000000000000) (0) (0) (00)   ;(00000000000000000000000000000000) (0) (0) (00)   ;(00000000000000000000000000000000) (0) (0) (00)   ;
;3392;(00000000000000000000000000000000) (0) (0) (00)    ;(00000000000000000000000000000000) (0) (0) (00)   ;(00000000000000000000000000000000) (0) (0) (00)   ;(00000000000000000000000000000000) (0) (0) (00)   ;(00000000000000000000000000000000) (0) (0) (00)   ;(00000000000000000000000000000000) (0) (0) (00)   ;(00000000000000000000000000000000) (0) (0) (00)   ;(00000000000000000000000000000000) (0) (0) (00)   ;
;3400;(00000000000000000000000000000000) (0) (0) (00)    ;(00000000000000000000000000000000) (0) (0) (00)   ;(00000000000000000000000000000000) (0) (0) (00)   ;(00000000000000000000000000000000) (0) (0) (00)   ;(00000000000000000000000000000000) (0) (0) (00)   ;(00000000000000000000000000000000) (0) (0) (00)   ;(00000000000000000000000000000000) (0) (0) (00)   ;(00000000000000000000000000000000) (0) (0) (00)   ;
;3408;(00000000000000000000000000000000) (0) (0) (00)    ;(00000000000000000000000000000000) (0) (0) (00)   ;(00000000000000000000000000000000) (0) (0) (00)   ;(00000000000000000000000000000000) (0) (0) (00)   ;(00000000000000000000000000000000) (0) (0) (00)   ;(00000000000000000000000000000000) (0) (0) (00)   ;(00000000000000000000000000000000) (0) (0) (00)   ;(00000000000000000000000000000000) (0) (0) (00)   ;
;3416;(00000000000000000000000000000000) (0) (0) (00)    ;(00000000000000000000000000000000) (0) (0) (00)   ;(00000000000000000000000000000000) (0) (0) (00)   ;(00000000000000000000000000000000) (0) (0) (00)   ;(00000000000000000000000000000000) (0) (0) (00)   ;(00000000000000000000000000000000) (0) (0) (00)   ;(00000000000000000000000000000000) (0) (0) (00)   ;(00000000000000000000000000000000) (0) (0) (00)   ;
;3424;(00000000000000000000000000000000) (0) (0) (00)    ;(00000000000000000000000000000000) (0) (0) (00)   ;(00000000000000000000000000000000) (0) (0) (00)   ;(00000000000000000000000000000000) (0) (0) (00)   ;(00000000000000000000000000000000) (0) (0) (00)   ;(00000000000000000000000000000000) (0) (0) (00)   ;(00000000000000000000000000000000) (0) (0) (00)   ;(00000000000000000000000000000000) (0) (0) (00)   ;
;3432;(00000000000000000000000000000000) (0) (0) (00)    ;(00000000000000000000000000000000) (0) (0) (00)   ;(00000000000000000000000000000000) (0) (0) (00)   ;(00000000000000000000000000000000) (0) (0) (00)   ;(00000000000000000000000000000000) (0) (0) (00)   ;(00000000000000000000000000000000) (0) (0) (00)   ;(00000000000000000000000000000000) (0) (0) (00)   ;(00000000000000000000000000000000) (0) (0) (00)   ;
;3440;(00000000000000000000000000000000) (0) (0) (00)    ;(00000000000000000000000000000000) (0) (0) (00)   ;(00000000000000000000000000000000) (0) (0) (00)   ;(00000000000000000000000000000000) (0) (0) (00)   ;(00000000000000000000000000000000) (0) (0) (00)   ;(00000000000000000000000000000000) (0) (0) (00)   ;(00000000000000000000000000000000) (0) (0) (00)   ;(00000000000000000000000000000000) (0) (0) (00)   ;
;3448;(00000000000000000000000000000000) (0) (0) (00)    ;(00000000000000000000000000000000) (0) (0) (00)   ;(00000000000000000000000000000000) (0) (0) (00)   ;(00000000000000000000000000000000) (0) (0) (00)   ;(00000000000000000000000000000000) (0) (0) (00)   ;(00000000000000000000000000000000) (0) (0) (00)   ;(00000000000000000000000000000000) (0) (0) (00)   ;(00000000000000000000000000000000) (0) (0) (00)   ;
;3456;(00000000000000000000000000000000) (0) (0) (00)    ;(00000000000000000000000000000000) (0) (0) (00)   ;(00000000000000000000000000000000) (0) (0) (00)   ;(00000000000000000000000000000000) (0) (0) (00)   ;(00000000000000000000000000000000) (0) (0) (00)   ;(00000000000000000000000000000000) (0) (0) (00)   ;(00000000000000000000000000000000) (0) (0) (00)   ;(00000000000000000000000000000000) (0) (0) (00)   ;
;3464;(00000000000000000000000000000000) (0) (0) (00)    ;(00000000000000000000000000000000) (0) (0) (00)   ;(00000000000000000000000000000000) (0) (0) (00)   ;(00000000000000000000000000000000) (0) (0) (00)   ;(00000000000000000000000000000000) (0) (0) (00)   ;(00000000000000000000000000000000) (0) (0) (00)   ;(00000000000000000000000000000000) (0) (0) (00)   ;(00000000000000000000000000000000) (0) (0) (00)   ;
;3472;(00000000000000000000000000000000) (0) (0) (00)    ;(00000000000000000000000000000000) (0) (0) (00)   ;(00000000000000000000000000000000) (0) (0) (00)   ;(00000000000000000000000000000000) (0) (0) (00)   ;(00000000000000000000000000000000) (0) (0) (00)   ;(00000000000000000000000000000000) (0) (0) (00)   ;(00000000000000000000000000000000) (0) (0) (00)   ;(00000000000000000000000000000000) (0) (0) (00)   ;
;3480;(00000000000000000000000000000000) (0) (0) (00)    ;(00000000000000000000000000000000) (0) (0) (00)   ;(00000000000000000000000000000000) (0) (0) (00)   ;(00000000000000000000000000000000) (0) (0) (00)   ;(00000000000000000000000000000000) (0) (0) (00)   ;(00000000000000000000000000000000) (0) (0) (00)   ;(00000000000000000000000000000000) (0) (0) (00)   ;(00000000000000000000000000000000) (0) (0) (00)   ;
;3488;(00000000000000000000000000000000) (0) (0) (00)    ;(00000000000000000000000000000000) (0) (0) (00)   ;(00000000000000000000000000000000) (0) (0) (00)   ;(00000000000000000000000000000000) (0) (0) (00)   ;(00000000000000000000000000000000) (0) (0) (00)   ;(00000000000000000000000000000000) (0) (0) (00)   ;(00000000000000000000000000000000) (0) (0) (00)   ;(00000000000000000000000000000000) (0) (0) (00)   ;
;3496;(00000000000000000000000000000000) (0) (0) (00)    ;(00000000000000000000000000000000) (0) (0) (00)   ;(00000000000000000000000000000000) (0) (0) (00)   ;(00000000000000000000000000000000) (0) (0) (00)   ;(00000000000000000000000000000000) (0) (0) (00)   ;(00000000000000000000000000000000) (0) (0) (00)   ;(00000000000000000000000000000000) (0) (0) (00)   ;(00000000000000000000000000000000) (0) (0) (00)   ;
;3504;(00000000000000000000000000000000) (0) (0) (00)    ;(00000000000000000000000000000000) (0) (0) (00)   ;(00000000000000000000000000000000) (0) (0) (00)   ;(00000000000000000000000000000000) (0) (0) (00)   ;(00000000000000000000000000000000) (0) (0) (00)   ;(00000000000000000000000000000000) (0) (0) (00)   ;(00000000000000000000000000000000) (0) (0) (00)   ;(00000000000000000000000000000000) (0) (0) (00)   ;
;3512;(00000000000000000000000000000000) (0) (0) (00)    ;(00000000000000000000000000000000) (0) (0) (00)   ;(00000000000000000000000000000000) (0) (0) (00)   ;(00000000000000000000000000000000) (0) (0) (00)   ;(00000000000000000000000000000000) (0) (0) (00)   ;(00000000000000000000000000000000) (0) (0) (00)   ;(00000000000000000000000000000000) (0) (0) (00)   ;(00000000000000000000000000000000) (0) (0) (00)   ;
;3520;(00000000000000000000000000000000) (0) (0) (00)    ;(00000000000000000000000000000000) (0) (0) (00)   ;(00000000000000000000000000000000) (0) (0) (00)   ;(00000000000000000000000000000000) (0) (0) (00)   ;(00000000000000000000000000000000) (0) (0) (00)   ;(00000000000000000000000000000000) (0) (0) (00)   ;(00000000000000000000000000000000) (0) (0) (00)   ;(00000000000000000000000000000000) (0) (0) (00)   ;
;3528;(00000000000000000000000000000000) (0) (0) (00)    ;(00000000000000000000000000000000) (0) (0) (00)   ;(00000000000000000000000000000000) (0) (0) (00)   ;(00000000000000000000000000000000) (0) (0) (00)   ;(00000000000000000000000000000000) (0) (0) (00)   ;(00000000000000000000000000000000) (0) (0) (00)   ;(00000000000000000000000000000000) (0) (0) (00)   ;(00000000000000000000000000000000) (0) (0) (00)   ;
;3536;(00000000000000000000000000000000) (0) (0) (00)    ;(00000000000000000000000000000000) (0) (0) (00)   ;(00000000000000000000000000000000) (0) (0) (00)   ;(00000000000000000000000000000000) (0) (0) (00)   ;(00000000000000000000000000000000) (0) (0) (00)   ;(00000000000000000000000000000000) (0) (0) (00)   ;(00000000000000000000000000000000) (0) (0) (00)   ;(00000000000000000000000000000000) (0) (0) (00)   ;
;3544;(00000000000000000000000000000000) (0) (0) (00)    ;(00000000000000000000000000000000) (0) (0) (00)   ;(00000000000000000000000000000000) (0) (0) (00)   ;(00000000000000000000000000000000) (0) (0) (00)   ;(00000000000000000000000000000000) (0) (0) (00)   ;(00000000000000000000000000000000) (0) (0) (00)   ;(00000000000000000000000000000000) (0) (0) (00)   ;(00000000000000000000000000000000) (0) (0) (00)   ;
;3552;(00000000000000000000000000000000) (0) (0) (00)    ;(00000000000000000000000000000000) (0) (0) (00)   ;(00000000000000000000000000000000) (0) (0) (00)   ;(00000000000000000000000000000000) (0) (0) (00)   ;(00000000000000000000000000000000) (0) (0) (00)   ;(00000000000000000000000000000000) (0) (0) (00)   ;(00000000000000000000000000000000) (0) (0) (00)   ;(00000000000000000000000000000000) (0) (0) (00)   ;
;3560;(00000000000000000000000000000000) (0) (0) (00)    ;(00000000000000000000000000000000) (0) (0) (00)   ;(00000000000000000000000000000000) (0) (0) (00)   ;(00000000000000000000000000000000) (0) (0) (00)   ;(00000000000000000000000000000000) (0) (0) (00)   ;(00000000000000000000000000000000) (0) (0) (00)   ;(00000000000000000000000000000000) (0) (0) (00)   ;(00000000000000000000000000000000) (0) (0) (00)   ;
;3568;(00000000000000000000000000000000) (0) (0) (00)    ;(00000000000000000000000000000000) (0) (0) (00)   ;(00000000000000000000000000000000) (0) (0) (00)   ;(00000000000000000000000000000000) (0) (0) (00)   ;(00000000000000000000000000000000) (0) (0) (00)   ;(00000000000000000000000000000000) (0) (0) (00)   ;(00000000000000000000000000000000) (0) (0) (00)   ;(00000000000000000000000000000000) (0) (0) (00)   ;
;3576;(00000000000000000000000000000000) (0) (0) (00)    ;(00000000000000000000000000000000) (0) (0) (00)   ;(00000000000000000000000000000000) (0) (0) (00)   ;(00000000000000000000000000000000) (0) (0) (00)   ;(00000000000000000000000000000000) (0) (0) (00)   ;(00000000000000000000000000000000) (0) (0) (00)   ;(00000000000000000000000000000000) (0) (0) (00)   ;(00000000000000000000000000000000) (0) (0) (00)   ;
;3584;(00000000000000000000000000000000) (0) (0) (00)    ;(00000000000000000000000000000000) (0) (0) (00)   ;(00000000000000000000000000000000) (0) (0) (00)   ;(00000000000000000000000000000000) (0) (0) (00)   ;(00000000000000000000000000000000) (0) (0) (00)   ;(00000000000000000000000000000000) (0) (0) (00)   ;(00000000000000000000000000000000) (0) (0) (00)   ;(00000000000000000000000000000000) (0) (0) (00)   ;
;3592;(00000000000000000000000000000000) (0) (0) (00)    ;(00000000000000000000000000000000) (0) (0) (00)   ;(00000000000000000000000000000000) (0) (0) (00)   ;(00000000000000000000000000000000) (0) (0) (00)   ;(00000000000000000000000000000000) (0) (0) (00)   ;(00000000000000000000000000000000) (0) (0) (00)   ;(00000000000000000000000000000000) (0) (0) (00)   ;(00000000000000000000000000000000) (0) (0) (00)   ;
;3600;(00000000000000000000000000000000) (0) (0) (00)    ;(00000000000000000000000000000000) (0) (0) (00)   ;(00000000000000000000000000000000) (0) (0) (00)   ;(00000000000000000000000000000000) (0) (0) (00)   ;(00000000000000000000000000000000) (0) (0) (00)   ;(00000000000000000000000000000000) (0) (0) (00)   ;(00000000000000000000000000000000) (0) (0) (00)   ;(00000000000000000000000000000000) (0) (0) (00)   ;
;3608;(00000000000000000000000000000000) (0) (0) (00)    ;(00000000000000000000000000000000) (0) (0) (00)   ;(00000000000000000000000000000000) (0) (0) (00)   ;(00000000000000000000000000000000) (0) (0) (00)   ;(00000000000000000000000000000000) (0) (0) (00)   ;(00000000000000000000000000000000) (0) (0) (00)   ;(00000000000000000000000000000000) (0) (0) (00)   ;(00000000000000000000000000000000) (0) (0) (00)   ;
;3616;(00000000000000000000000000000000) (0) (0) (00)    ;(00000000000000000000000000000000) (0) (0) (00)   ;(00000000000000000000000000000000) (0) (0) (00)   ;(00000000000000000000000000000000) (0) (0) (00)   ;(00000000000000000000000000000000) (0) (0) (00)   ;(00000000000000000000000000000000) (0) (0) (00)   ;(00000000000000000000000000000000) (0) (0) (00)   ;(00000000000000000000000000000000) (0) (0) (00)   ;
;3624;(00000000000000000000000000000000) (0) (0) (00)    ;(00000000000000000000000000000000) (0) (0) (00)   ;(00000000000000000000000000000000) (0) (0) (00)   ;(00000000000000000000000000000000) (0) (0) (00)   ;(00000000000000000000000000000000) (0) (0) (00)   ;(00000000000000000000000000000000) (0) (0) (00)   ;(00000000000000000000000000000000) (0) (0) (00)   ;(00000000000000000000000000000000) (0) (0) (00)   ;
;3632;(00000000000000000000000000000000) (0) (0) (00)    ;(00000000000000000000000000000000) (0) (0) (00)   ;(00000000000000000000000000000000) (0) (0) (00)   ;(00000000000000000000000000000000) (0) (0) (00)   ;(00000000000000000000000000000000) (0) (0) (00)   ;(00000000000000000000000000000000) (0) (0) (00)   ;(00000000000000000000000000000000) (0) (0) (00)   ;(00000000000000000000000000000000) (0) (0) (00)   ;
;3640;(00000000000000000000000000000000) (0) (0) (00)    ;(00000000000000000000000000000000) (0) (0) (00)   ;(00000000000000000000000000000000) (0) (0) (00)   ;(00000000000000000000000000000000) (0) (0) (00)   ;(00000000000000000000000000000000) (0) (0) (00)   ;(00000000000000000000000000000000) (0) (0) (00)   ;(00000000000000000000000000000000) (0) (0) (00)   ;(00000000000000000000000000000000) (0) (0) (00)   ;
;3648;(00000000000000000000000000000000) (0) (0) (00)    ;(00000000000000000000000000000000) (0) (0) (00)   ;(00000000000000000000000000000000) (0) (0) (00)   ;(00000000000000000000000000000000) (0) (0) (00)   ;(00000000000000000000000000000000) (0) (0) (00)   ;(00000000000000000000000000000000) (0) (0) (00)   ;(00000000000000000000000000000000) (0) (0) (00)   ;(00000000000000000000000000000000) (0) (0) (00)   ;
;3656;(00000000000000000000000000000000) (0) (0) (00)    ;(00000000000000000000000000000000) (0) (0) (00)   ;(00000000000000000000000000000000) (0) (0) (00)   ;(00000000000000000000000000000000) (0) (0) (00)   ;(00000000000000000000000000000000) (0) (0) (00)   ;(00000000000000000000000000000000) (0) (0) (00)   ;(00000000000000000000000000000000) (0) (0) (00)   ;(00000000000000000000000000000000) (0) (0) (00)   ;
;3664;(00000000000000000000000000000000) (0) (0) (00)    ;(00000000000000000000000000000000) (0) (0) (00)   ;(00000000000000000000000000000000) (0) (0) (00)   ;(00000000000000000000000000000000) (0) (0) (00)   ;(00000000000000000000000000000000) (0) (0) (00)   ;(00000000000000000000000000000000) (0) (0) (00)   ;(00000000000000000000000000000000) (0) (0) (00)   ;(00000000000000000000000000000000) (0) (0) (00)   ;
;3672;(00000000000000000000000000000000) (0) (0) (00)    ;(00000000000000000000000000000000) (0) (0) (00)   ;(00000000000000000000000000000000) (0) (0) (00)   ;(00000000000000000000000000000000) (0) (0) (00)   ;(00000000000000000000000000000000) (0) (0) (00)   ;(00000000000000000000000000000000) (0) (0) (00)   ;(00000000000000000000000000000000) (0) (0) (00)   ;(00000000000000000000000000000000) (0) (0) (00)   ;
;3680;(00000000000000000000000000000000) (0) (0) (00)    ;(00000000000000000000000000000000) (0) (0) (00)   ;(00000000000000000000000000000000) (0) (0) (00)   ;(00000000000000000000000000000000) (0) (0) (00)   ;(00000000000000000000000000000000) (0) (0) (00)   ;(00000000000000000000000000000000) (0) (0) (00)   ;(00000000000000000000000000000000) (0) (0) (00)   ;(00000000000000000000000000000000) (0) (0) (00)   ;
;3688;(00000000000000000000000000000000) (0) (0) (00)    ;(00000000000000000000000000000000) (0) (0) (00)   ;(00000000000000000000000000000000) (0) (0) (00)   ;(00000000000000000000000000000000) (0) (0) (00)   ;(00000000000000000000000000000000) (0) (0) (00)   ;(00000000000000000000000000000000) (0) (0) (00)   ;(00000000000000000000000000000000) (0) (0) (00)   ;(00000000000000000000000000000000) (0) (0) (00)   ;
;3696;(00000000000000000000000000000000) (0) (0) (00)    ;(00000000000000000000000000000000) (0) (0) (00)   ;(00000000000000000000000000000000) (0) (0) (00)   ;(00000000000000000000000000000000) (0) (0) (00)   ;(00000000000000000000000000000000) (0) (0) (00)   ;(00000000000000000000000000000000) (0) (0) (00)   ;(00000000000000000000000000000000) (0) (0) (00)   ;(00000000000000000000000000000000) (0) (0) (00)   ;
;3704;(00000000000000000000000000000000) (0) (0) (00)    ;(00000000000000000000000000000000) (0) (0) (00)   ;(00000000000000000000000000000000) (0) (0) (00)   ;(00000000000000000000000000000000) (0) (0) (00)   ;(00000000000000000000000000000000) (0) (0) (00)   ;(00000000000000000000000000000000) (0) (0) (00)   ;(00000000000000000000000000000000) (0) (0) (00)   ;(00000000000000000000000000000000) (0) (0) (00)   ;
;3712;(00000000000000000000000000000000) (0) (0) (00)    ;(00000000000000000000000000000000) (0) (0) (00)   ;(00000000000000000000000000000000) (0) (0) (00)   ;(00000000000000000000000000000000) (0) (0) (00)   ;(00000000000000000000000000000000) (0) (0) (00)   ;(00000000000000000000000000000000) (0) (0) (00)   ;(00000000000000000000000000000000) (0) (0) (00)   ;(00000000000000000000000000000000) (0) (0) (00)   ;
;3720;(00000000000000000000000000000000) (0) (0) (00)    ;(00000000000000000000000000000000) (0) (0) (00)   ;(00000000000000000000000000000000) (0) (0) (00)   ;(00000000000000000000000000000000) (0) (0) (00)   ;(00000000000000000000000000000000) (0) (0) (00)   ;(00000000000000000000000000000000) (0) (0) (00)   ;(00000000000000000000000000000000) (0) (0) (00)   ;(00000000000000000000000000000000) (0) (0) (00)   ;
;3728;(00000000000000000000000000000000) (0) (0) (00)    ;(00000000000000000000000000000000) (0) (0) (00)   ;(00000000000000000000000000000000) (0) (0) (00)   ;(00000000000000000000000000000000) (0) (0) (00)   ;(00000000000000000000000000000000) (0) (0) (00)   ;(00000000000000000000000000000000) (0) (0) (00)   ;(00000000000000000000000000000000) (0) (0) (00)   ;(00000000000000000000000000000000) (0) (0) (00)   ;
;3736;(00000000000000000000000000000000) (0) (0) (00)    ;(00000000000000000000000000000000) (0) (0) (00)   ;(00000000000000000000000000000000) (0) (0) (00)   ;(00000000000000000000000000000000) (0) (0) (00)   ;(00000000000000000000000000000000) (0) (0) (00)   ;(00000000000000000000000000000000) (0) (0) (00)   ;(00000000000000000000000000000000) (0) (0) (00)   ;(00000000000000000000000000000000) (0) (0) (00)   ;
;3744;(00000000000000000000000000000000) (0) (0) (00)    ;(00000000000000000000000000000000) (0) (0) (00)   ;(00000000000000000000000000000000) (0) (0) (00)   ;(00000000000000000000000000000000) (0) (0) (00)   ;(00000000000000000000000000000000) (0) (0) (00)   ;(00000000000000000000000000000000) (0) (0) (00)   ;(00000000000000000000000000000000) (0) (0) (00)   ;(00000000000000000000000000000000) (0) (0) (00)   ;
;3752;(00000000000000000000000000000000) (0) (0) (00)    ;(00000000000000000000000000000000) (0) (0) (00)   ;(00000000000000000000000000000000) (0) (0) (00)   ;(00000000000000000000000000000000) (0) (0) (00)   ;(00000000000000000000000000000000) (0) (0) (00)   ;(00000000000000000000000000000000) (0) (0) (00)   ;(00000000000000000000000000000000) (0) (0) (00)   ;(00000000000000000000000000000000) (0) (0) (00)   ;
;3760;(00000000000000000000000000000000) (0) (0) (00)    ;(00000000000000000000000000000000) (0) (0) (00)   ;(00000000000000000000000000000000) (0) (0) (00)   ;(00000000000000000000000000000000) (0) (0) (00)   ;(00000000000000000000000000000000) (0) (0) (00)   ;(00000000000000000000000000000000) (0) (0) (00)   ;(00000000000000000000000000000000) (0) (0) (00)   ;(00000000000000000000000000000000) (0) (0) (00)   ;
;3768;(00000000000000000000000000000000) (0) (0) (00)    ;(00000000000000000000000000000000) (0) (0) (00)   ;(00000000000000000000000000000000) (0) (0) (00)   ;(00000000000000000000000000000000) (0) (0) (00)   ;(00000000000000000000000000000000) (0) (0) (00)   ;(00000000000000000000000000000000) (0) (0) (00)   ;(00000000000000000000000000000000) (0) (0) (00)   ;(00000000000000000000000000000000) (0) (0) (00)   ;
;3776;(00000000000000000000000000000000) (0) (0) (00)    ;(00000000000000000000000000000000) (0) (0) (00)   ;(00000000000000000000000000000000) (0) (0) (00)   ;(00000000000000000000000000000000) (0) (0) (00)   ;(00000000000000000000000000000000) (0) (0) (00)   ;(00000000000000000000000000000000) (0) (0) (00)   ;(00000000000000000000000000000000) (0) (0) (00)   ;(00000000000000000000000000000000) (0) (0) (00)   ;
;3784;(00000000000000000000000000000000) (0) (0) (00)    ;(00000000000000000000000000000000) (0) (0) (00)   ;(00000000000000000000000000000000) (0) (0) (00)   ;(00000000000000000000000000000000) (0) (0) (00)   ;(00000000000000000000000000000000) (0) (0) (00)   ;(00000000000000000000000000000000) (0) (0) (00)   ;(00000000000000000000000000000000) (0) (0) (00)   ;(00000000000000000000000000000000) (0) (0) (00)   ;
;3792;(00000000000000000000000000000000) (0) (0) (00)    ;(00000000000000000000000000000000) (0) (0) (00)   ;(00000000000000000000000000000000) (0) (0) (00)   ;(00000000000000000000000000000000) (0) (0) (00)   ;(00000000000000000000000000000000) (0) (0) (00)   ;(00000000000000000000000000000000) (0) (0) (00)   ;(00000000000000000000000000000000) (0) (0) (00)   ;(00000000000000000000000000000000) (0) (0) (00)   ;
;3800;(00000000000000000000000000000000) (0) (0) (00)    ;(00000000000000000000000000000000) (0) (0) (00)   ;(00000000000000000000000000000000) (0) (0) (00)   ;(00000000000000000000000000000000) (0) (0) (00)   ;(00000000000000000000000000000000) (0) (0) (00)   ;(00000000000000000000000000000000) (0) (0) (00)   ;(00000000000000000000000000000000) (0) (0) (00)   ;(00000000000000000000000000000000) (0) (0) (00)   ;
;3808;(00000000000000000000000000000000) (0) (0) (00)    ;(00000000000000000000000000000000) (0) (0) (00)   ;(00000000000000000000000000000000) (0) (0) (00)   ;(00000000000000000000000000000000) (0) (0) (00)   ;(00000000000000000000000000000000) (0) (0) (00)   ;(00000000000000000000000000000000) (0) (0) (00)   ;(00000000000000000000000000000000) (0) (0) (00)   ;(00000000000000000000000000000000) (0) (0) (00)   ;
;3816;(00000000000000000000000000000000) (0) (0) (00)    ;(00000000000000000000000000000000) (0) (0) (00)   ;(00000000000000000000000000000000) (0) (0) (00)   ;(00000000000000000000000000000000) (0) (0) (00)   ;(00000000000000000000000000000000) (0) (0) (00)   ;(00000000000000000000000000000000) (0) (0) (00)   ;(00000000000000000000000000000000) (0) (0) (00)   ;(00000000000000000000000000000000) (0) (0) (00)   ;
;3824;(00000000000000000000000000000000) (0) (0) (00)    ;(00000000000000000000000000000000) (0) (0) (00)   ;(00000000000000000000000000000000) (0) (0) (00)   ;(00000000000000000000000000000000) (0) (0) (00)   ;(00000000000000000000000000000000) (0) (0) (00)   ;(00000000000000000000000000000000) (0) (0) (00)   ;(00000000000000000000000000000000) (0) (0) (00)   ;(00000000000000000000000000000000) (0) (0) (00)   ;
;3832;(00000000000000000000000000000000) (0) (0) (00)    ;(00000000000000000000000000000000) (0) (0) (00)   ;(00000000000000000000000000000000) (0) (0) (00)   ;(00000000000000000000000000000000) (0) (0) (00)   ;(00000000000000000000000000000000) (0) (0) (00)   ;(00000000000000000000000000000000) (0) (0) (00)   ;(00000000000000000000000000000000) (0) (0) (00)   ;(00000000000000000000000000000000) (0) (0) (00)   ;
;3840;(00000000000000000000000000000000) (0) (0) (00)    ;(00000000000000000000000000000000) (0) (0) (00)   ;(00000000000000000000000000000000) (0) (0) (00)   ;(00000000000000000000000000000000) (0) (0) (00)   ;(00000000000000000000000000000000) (0) (0) (00)   ;(00000000000000000000000000000000) (0) (0) (00)   ;(00000000000000000000000000000000) (0) (0) (00)   ;(00000000000000000000000000000000) (0) (0) (00)   ;
;3848;(00000000000000000000000000000000) (0) (0) (00)    ;(00000000000000000000000000000000) (0) (0) (00)   ;(00000000000000000000000000000000) (0) (0) (00)   ;(00000000000000000000000000000000) (0) (0) (00)   ;(00000000000000000000000000000000) (0) (0) (00)   ;(00000000000000000000000000000000) (0) (0) (00)   ;(00000000000000000000000000000000) (0) (0) (00)   ;(00000000000000000000000000000000) (0) (0) (00)   ;
;3856;(00000000000000000000000000000000) (0) (0) (00)    ;(00000000000000000000000000000000) (0) (0) (00)   ;(00000000000000000000000000000000) (0) (0) (00)   ;(00000000000000000000000000000000) (0) (0) (00)   ;(00000000000000000000000000000000) (0) (0) (00)   ;(00000000000000000000000000000000) (0) (0) (00)   ;(00000000000000000000000000000000) (0) (0) (00)   ;(00000000000000000000000000000000) (0) (0) (00)   ;
;3864;(00000000000000000000000000000000) (0) (0) (00)    ;(00000000000000000000000000000000) (0) (0) (00)   ;(00000000000000000000000000000000) (0) (0) (00)   ;(00000000000000000000000000000000) (0) (0) (00)   ;(00000000000000000000000000000000) (0) (0) (00)   ;(00000000000000000000000000000000) (0) (0) (00)   ;(00000000000000000000000000000000) (0) (0) (00)   ;(00000000000000000000000000000000) (0) (0) (00)   ;
;3872;(00000000000000000000000000000000) (0) (0) (00)    ;(00000000000000000000000000000000) (0) (0) (00)   ;(00000000000000000000000000000000) (0) (0) (00)   ;(00000000000000000000000000000000) (0) (0) (00)   ;(00000000000000000000000000000000) (0) (0) (00)   ;(00000000000000000000000000000000) (0) (0) (00)   ;(00000000000000000000000000000000) (0) (0) (00)   ;(00000000000000000000000000000000) (0) (0) (00)   ;
;3880;(00000000000000000000000000000000) (0) (0) (00)    ;(00000000000000000000000000000000) (0) (0) (00)   ;(00000000000000000000000000000000) (0) (0) (00)   ;(00000000000000000000000000000000) (0) (0) (00)   ;(00000000000000000000000000000000) (0) (0) (00)   ;(00000000000000000000000000000000) (0) (0) (00)   ;(00000000000000000000000000000000) (0) (0) (00)   ;(00000000000000000000000000000000) (0) (0) (00)   ;
;3888;(00000000000000000000000000000000) (0) (0) (00)    ;(00000000000000000000000000000000) (0) (0) (00)   ;(00000000000000000000000000000000) (0) (0) (00)   ;(00000000000000000000000000000000) (0) (0) (00)   ;(00000000000000000000000000000000) (0) (0) (00)   ;(00000000000000000000000000000000) (0) (0) (00)   ;(00000000000000000000000000000000) (0) (0) (00)   ;(00000000000000000000000000000000) (0) (0) (00)   ;
;3896;(00000000000000000000000000000000) (0) (0) (00)    ;(00000000000000000000000000000000) (0) (0) (00)   ;(00000000000000000000000000000000) (0) (0) (00)   ;(00000000000000000000000000000000) (0) (0) (00)   ;(00000000000000000000000000000000) (0) (0) (00)   ;(00000000000000000000000000000000) (0) (0) (00)   ;(00000000000000000000000000000000) (0) (0) (00)   ;(00000000000000000000000000000000) (0) (0) (00)   ;
;3904;(00000000000000000000000000000000) (0) (0) (00)    ;(00000000000000000000000000000000) (0) (0) (00)   ;(00000000000000000000000000000000) (0) (0) (00)   ;(00000000000000000000000000000000) (0) (0) (00)   ;(00000000000000000000000000000000) (0) (0) (00)   ;(00000000000000000000000000000000) (0) (0) (00)   ;(00000000000000000000000000000000) (0) (0) (00)   ;(00000000000000000000000000000000) (0) (0) (00)   ;
;3912;(00000000000000000000000000000000) (0) (0) (00)    ;(00000000000000000000000000000000) (0) (0) (00)   ;(00000000000000000000000000000000) (0) (0) (00)   ;(00000000000000000000000000000000) (0) (0) (00)   ;(00000000000000000000000000000000) (0) (0) (00)   ;(00000000000000000000000000000000) (0) (0) (00)   ;(00000000000000000000000000000000) (0) (0) (00)   ;(00000000000000000000000000000000) (0) (0) (00)   ;
;3920;(00000000000000000000000000000000) (0) (0) (00)    ;(00000000000000000000000000000000) (0) (0) (00)   ;(00000000000000000000000000000000) (0) (0) (00)   ;(00000000000000000000000000000000) (0) (0) (00)   ;(00000000000000000000000000000000) (0) (0) (00)   ;(00000000000000000000000000000000) (0) (0) (00)   ;(00000000000000000000000000000000) (0) (0) (00)   ;(00000000000000000000000000000000) (0) (0) (00)   ;
;3928;(00000000000000000000000000000000) (0) (0) (00)    ;(00000000000000000000000000000000) (0) (0) (00)   ;(00000000000000000000000000000000) (0) (0) (00)   ;(00000000000000000000000000000000) (0) (0) (00)   ;(00000000000000000000000000000000) (0) (0) (00)   ;(00000000000000000000000000000000) (0) (0) (00)   ;(00000000000000000000000000000000) (0) (0) (00)   ;(00000000000000000000000000000000) (0) (0) (00)   ;
;3936;(00000000000000000000000000000000) (0) (0) (00)    ;(00000000000000000000000000000000) (0) (0) (00)   ;(00000000000000000000000000000000) (0) (0) (00)   ;(00000000000000000000000000000000) (0) (0) (00)   ;(00000000000000000000000000000000) (0) (0) (00)   ;(00000000000000000000000000000000) (0) (0) (00)   ;(00000000000000000000000000000000) (0) (0) (00)   ;(00000000000000000000000000000000) (0) (0) (00)   ;
;3944;(00000000000000000000000000000000) (0) (0) (00)    ;(00000000000000000000000000000000) (0) (0) (00)   ;(00000000000000000000000000000000) (0) (0) (00)   ;(00000000000000000000000000000000) (0) (0) (00)   ;(00000000000000000000000000000000) (0) (0) (00)   ;(00000000000000000000000000000000) (0) (0) (00)   ;(00000000000000000000000000000000) (0) (0) (00)   ;(00000000000000000000000000000000) (0) (0) (00)   ;
;3952;(00000000000000000000000000000000) (0) (0) (00)    ;(00000000000000000000000000000000) (0) (0) (00)   ;(00000000000000000000000000000000) (0) (0) (00)   ;(00000000000000000000000000000000) (0) (0) (00)   ;(00000000000000000000000000000000) (0) (0) (00)   ;(00000000000000000000000000000000) (0) (0) (00)   ;(00000000000000000000000000000000) (0) (0) (00)   ;(00000000000000000000000000000000) (0) (0) (00)   ;
;3960;(00000000000000000000000000000000) (0) (0) (00)    ;(00000000000000000000000000000000) (0) (0) (00)   ;(00000000000000000000000000000000) (0) (0) (00)   ;(00000000000000000000000000000000) (0) (0) (00)   ;(00000000000000000000000000000000) (0) (0) (00)   ;(00000000000000000000000000000000) (0) (0) (00)   ;(00000000000000000000000000000000) (0) (0) (00)   ;(00000000000000000000000000000000) (0) (0) (00)   ;
;3968;(00000000000000000000000000000000) (0) (0) (00)    ;(00000000000000000000000000000000) (0) (0) (00)   ;(00000000000000000000000000000000) (0) (0) (00)   ;(00000000000000000000000000000000) (0) (0) (00)   ;(00000000000000000000000000000000) (0) (0) (00)   ;(00000000000000000000000000000000) (0) (0) (00)   ;(00000000000000000000000000000000) (0) (0) (00)   ;(00000000000000000000000000000000) (0) (0) (00)   ;
;3976;(00000000000000000000000000000000) (0) (0) (00)    ;(00000000000000000000000000000000) (0) (0) (00)   ;(00000000000000000000000000000000) (0) (0) (00)   ;(00000000000000000000000000000000) (0) (0) (00)   ;(00000000000000000000000000000000) (0) (0) (00)   ;(00000000000000000000000000000000) (0) (0) (00)   ;(00000000000000000000000000000000) (0) (0) (00)   ;(00000000000000000000000000000000) (0) (0) (00)   ;
;3984;(00000000000000000000000000000000) (0) (0) (00)    ;(00000000000000000000000000000000) (0) (0) (00)   ;(00000000000000000000000000000000) (0) (0) (00)   ;(00000000000000000000000000000000) (0) (0) (00)   ;(00000000000000000000000000000000) (0) (0) (00)   ;(00000000000000000000000000000000) (0) (0) (00)   ;(00000000000000000000000000000000) (0) (0) (00)   ;(00000000000000000000000000000000) (0) (0) (00)   ;
;3992;(00000000000000000000000000000000) (0) (0) (00)    ;(00000000000000000000000000000000) (0) (0) (00)   ;(00000000000000000000000000000000) (0) (0) (00)   ;(00000000000000000000000000000000) (0) (0) (00)   ;(00000000000000000000000000000000) (0) (0) (00)   ;(00000000000000000000000000000000) (0) (0) (00)   ;(00000000000000000000000000000000) (0) (0) (00)   ;(00000000000000000000000000000000) (0) (0) (00)   ;
;4000;(00000000000000000000000000000000) (0) (0) (00)    ;(00000000000000000000000000000000) (0) (0) (00)   ;(00000000000000000000000000000000) (0) (0) (00)   ;(00000000000000000000000000000000) (0) (0) (00)   ;(00000000000000000000000000000000) (0) (0) (00)   ;(00000000000000000000000000000000) (0) (0) (00)   ;(00000000000000000000000000000000) (0) (0) (00)   ;(00000000000000000000000000000000) (0) (0) (00)   ;
;4008;(00000000000000000000000000000000) (0) (0) (00)    ;(00000000000000000000000000000000) (0) (0) (00)   ;(00000000000000000000000000000000) (0) (0) (00)   ;(00000000000000000000000000000000) (0) (0) (00)   ;(00000000000000000000000000000000) (0) (0) (00)   ;(00000000000000000000000000000000) (0) (0) (00)   ;(00000000000000000000000000000000) (0) (0) (00)   ;(00000000000000000000000000000000) (0) (0) (00)   ;
;4016;(00000000000000000000000000000000) (0) (0) (00)    ;(00000000000000000000000000000000) (0) (0) (00)   ;(00000000000000000000000000000000) (0) (0) (00)   ;(00000000000000000000000000000000) (0) (0) (00)   ;(00000000000000000000000000000000) (0) (0) (00)   ;(00000000000000000000000000000000) (0) (0) (00)   ;(00000000000000000000000000000000) (0) (0) (00)   ;(00000000000000000000000000000000) (0) (0) (00)   ;
;4024;(00000000000000000000000000000000) (0) (0) (00)    ;(00000000000000000000000000000000) (0) (0) (00)   ;(00000000000000000000000000000000) (0) (0) (00)   ;(00000000000000000000000000000000) (0) (0) (00)   ;(00000000000000000000000000000000) (0) (0) (00)   ;(00000000000000000000000000000000) (0) (0) (00)   ;(00000000000000000000000000000000) (0) (0) (00)   ;(00000000000000000000000000000000) (0) (0) (00)   ;
;4032;(00000000000000000000000000000000) (0) (0) (00)    ;(00000000000000000000000000000000) (0) (0) (00)   ;(00000000000000000000000000000000) (0) (0) (00)   ;(00000000000000000000000000000000) (0) (0) (00)   ;(00000000000000000000000000000000) (0) (0) (00)   ;(00000000000000000000000000000000) (0) (0) (00)   ;(00000000000000000000000000000000) (0) (0) (00)   ;(00000000000000000000000000000000) (0) (0) (00)   ;
;4040;(00000000000000000000000000000000) (0) (0) (00)    ;(00000000000000000000000000000000) (0) (0) (00)   ;(00000000000000000000000000000000) (0) (0) (00)   ;(00000000000000000000000000000000) (0) (0) (00)   ;(00000000000000000000000000000000) (0) (0) (00)   ;(00000000000000000000000000000000) (0) (0) (00)   ;(00000000000000000000000000000000) (0) (0) (00)   ;(00000000000000000000000000000000) (0) (0) (00)   ;
;4048;(00000000000000000000000000000000) (0) (0) (00)    ;(00000000000000000000000000000000) (0) (0) (00)   ;(00000000000000000000000000000000) (0) (0) (00)   ;(00000000000000000000000000000000) (0) (0) (00)   ;(00000000000000000000000000000000) (0) (0) (00)   ;(00000000000000000000000000000000) (0) (0) (00)   ;(00000000000000000000000000000000) (0) (0) (00)   ;(00000000000000000000000000000000) (0) (0) (00)   ;
;4056;(00000000000000000000000000000000) (0) (0) (00)    ;(00000000000000000000000000000000) (0) (0) (00)   ;(00000000000000000000000000000000) (0) (0) (00)   ;(00000000000000000000000000000000) (0) (0) (00)   ;(00000000000000000000000000000000) (0) (0) (00)   ;(00000000000000000000000000000000) (0) (0) (00)   ;(00000000000000000000000000000000) (0) (0) (00)   ;(00000000000000000000000000000000) (0) (0) (00)   ;
;4064;(00000000000000000000000000000000) (0) (0) (00)    ;(00000000000000000000000000000000) (0) (0) (00)   ;(00000000000000000000000000000000) (0) (0) (00)   ;(00000000000000000000000000000000) (0) (0) (00)   ;(00000000000000000000000000000000) (0) (0) (00)   ;(00000000000000000000000000000000) (0) (0) (00)   ;(00000000000000000000000000000000) (0) (0) (00)   ;(00000000000000000000000000000000) (0) (0) (00)   ;
;4072;(00000000000000000000000000000000) (0) (0) (00)    ;(00000000000000000000000000000000) (0) (0) (00)   ;(00000000000000000000000000000000) (0) (0) (00)   ;(00000000000000000000000000000000) (0) (0) (00)   ;(00000000000000000000000000000000) (0) (0) (00)   ;(00000000000000000000000000000000) (0) (0) (00)   ;(00000000000000000000000000000000) (0) (0) (00)   ;(00000000000000000000000000000000) (0) (0) (00)   ;
;4080;(00000000000000000000000000000000) (0) (0) (00)    ;(00000000000000000000000000000000) (0) (0) (00)   ;(00000000000000000000000000000000) (0) (0) (00)   ;(00000000000000000000000000000000) (0) (0) (00)   ;(00000000000000000000000000000000) (0) (0) (00)   ;(00000000000000000000000000000000) (0) (0) (00)   ;(00000000000000000000000000000000) (0) (0) (00)   ;(00000000000000000000000000000000) (0) (0) (00)   ;
;4088;(00000000000000000000000000000000) (0) (0) (00)    ;(00000000000000000000000000000000) (0) (0) (00)   ;(00000000000000000000000000000000) (0) (0) (00)   ;(00000000000000000000000000000000) (0) (0) (00)   ;(00000000000000000000000000000000) (0) (0) (00)   ;(00000000000000000000000000000000) (0) (0) (00)   ;(00000000000000000000000000000000) (0) (0) (00)   ;(00000000000000000000000000000000) (0) (0) (00)   ;
;4096;(00000000000000000000000000000000) (0) (0) (00)    ;(00000000000000000000000000000000) (0) (0) (00)   ;(00000000000000000000000000000000) (0) (0) (00)   ;(00000000000000000000000000000000) (0) (0) (00)   ;(00000000000000000000000000000000) (0) (0) (00)   ;(00000000000000000000000000000000) (0) (0) (00)   ;(00000000000000000000000000000000) (0) (0) (00)   ;(00000000000000000000000000000000) (0) (0) (00)   ;
;4104;(00000000000000000000000000000000) (0) (0) (00)    ;(00000000000000000000000000000000) (0) (0) (00)   ;(00000000000000000000000000000000) (0) (0) (00)   ;(00000000000000000000000000000000) (0) (0) (00)   ;(00000000000000000000000000000000) (0) (0) (00)   ;(00000000000000000000000000000000) (0) (0) (00)   ;(00000000000000000000000000000000) (0) (0) (00)   ;(00000000000000000000000000000000) (0) (0) (00)   ;
;4112;(00000000000000000000000000000000) (0) (0) (00)    ;(00000000000000000000000000000000) (0) (0) (00)   ;(00000000000000000000000000000000) (0) (0) (00)   ;(00000000000000000000000000000000) (0) (0) (00)   ;(00000000000000000000000000000000) (0) (0) (00)   ;(00000000000000000000000000000000) (0) (0) (00)   ;(00000000000000000000000000000000) (0) (0) (00)   ;(00000000000000000000000000000000) (0) (0) (00)   ;
;4120;(00000000000000000000000000000000) (0) (0) (00)    ;(00000000000000000000000000000000) (0) (0) (00)   ;(00000000000000000000000000000000) (0) (0) (00)   ;(00000000000000000000000000000000) (0) (0) (00)   ;(00000000000000000000000000000000) (0) (0) (00)   ;(00000000000000000000000000000000) (0) (0) (00)   ;(00000000000000000000000000000000) (0) (0) (00)   ;(00000000000000000000000000000000) (0) (0) (00)   ;
;4128;(00000000000000000000000000000000) (0) (0) (00)    ;(00000000000000000000000000000000) (0) (0) (00)   ;(00000000000000000000000000000000) (0) (0) (00)   ;(00000000000000000000000000000000) (0) (0) (00)   ;(00000000000000000000000000000000) (0) (0) (00)   ;(00000000000000000000000000000000) (0) (0) (00)   ;(00000000000000000000000000000000) (0) (0) (00)   ;(00000000000000000000000000000000) (0) (0) (00)   ;
;4136;(00000000000000000000000000000000) (0) (0) (00)    ;(00000000000000000000000000000000) (0) (0) (00)   ;(00000000000000000000000000000000) (0) (0) (00)   ;(00000000000000000000000000000000) (0) (0) (00)   ;(00000000000000000000000000000000) (0) (0) (00)   ;(00000000000000000000000000000000) (0) (0) (00)   ;(00000000000000000000000000000000) (0) (0) (00)   ;(00000000000000000000000000000000) (0) (0) (00)   ;
;4144;(00000000000000000000000000000000) (0) (0) (00)    ;(00000000000000000000000000000000) (0) (0) (00)   ;(00000000000000000000000000000000) (0) (0) (00)   ;(00000000000000000000000000000000) (0) (0) (00)   ;(00000000000000000000000000000000) (0) (0) (00)   ;(00000000000000000000000000000000) (0) (0) (00)   ;(00000000000000000000000000000000) (0) (0) (00)   ;(00000000000000000000000000000000) (0) (0) (00)   ;
;4152;(00000000000000000000000000000000) (0) (0) (00)    ;(00000000000000000000000000000000) (0) (0) (00)   ;(00000000000000000000000000000000) (0) (0) (00)   ;(00000000000000000000000000000000) (0) (0) (00)   ;(00000000000000000000000000000000) (0) (0) (00)   ;(00000000000000000000000000000000) (0) (0) (00)   ;(00000000000000000000000000000000) (0) (0) (00)   ;(00000000000000000000000000000000) (0) (0) (00)   ;
;4160;(00000000000000000000000000000000) (0) (0) (00)    ;(00000000000000000000000000000000) (0) (0) (00)   ;(00000000000000000000000000000000) (0) (0) (00)   ;(00000000000000000000000000000000) (0) (0) (00)   ;(00000000000000000000000000000000) (0) (0) (00)   ;(00000000000000000000000000000000) (0) (0) (00)   ;(00000000000000000000000000000000) (0) (0) (00)   ;(00000000000000000000000000000000) (0) (0) (00)   ;
;4168;(00000000000000000000000000000000) (0) (0) (00)    ;(00000000000000000000000000000000) (0) (0) (00)   ;(00000000000000000000000000000000) (0) (0) (00)   ;(00000000000000000000000000000000) (0) (0) (00)   ;(00000000000000000000000000000000) (0) (0) (00)   ;(00000000000000000000000000000000) (0) (0) (00)   ;(00000000000000000000000000000000) (0) (0) (00)   ;(00000000000000000000000000000000) (0) (0) (00)   ;
;4176;(00000000000000000000000000000000) (0) (0) (00)    ;(00000000000000000000000000000000) (0) (0) (00)   ;(00000000000000000000000000000000) (0) (0) (00)   ;(00000000000000000000000000000000) (0) (0) (00)   ;(00000000000000000000000000000000) (0) (0) (00)   ;(00000000000000000000000000000000) (0) (0) (00)   ;(00000000000000000000000000000000) (0) (0) (00)   ;(00000000000000000000000000000000) (0) (0) (00)   ;
;4184;(00000000000000000000000000000000) (0) (0) (00)    ;(00000000000000000000000000000000) (0) (0) (00)   ;(00000000000000000000000000000000) (0) (0) (00)   ;(00000000000000000000000000000000) (0) (0) (00)   ;(00000000000000000000000000000000) (0) (0) (00)   ;(00000000000000000000000000000000) (0) (0) (00)   ;(00000000000000000000000000000000) (0) (0) (00)   ;(00000000000000000000000000000000) (0) (0) (00)   ;
;4192;(00000000000000000000000000000000) (0) (0) (00)    ;(00000000000000000000000000000000) (0) (0) (00)   ;(00000000000000000000000000000000) (0) (0) (00)   ;(00000000000000000000000000000000) (0) (0) (00)   ;(00000000000000000000000000000000) (0) (0) (00)   ;(00000000000000000000000000000000) (0) (0) (00)   ;(00000000000000000000000000000000) (0) (0) (00)   ;(00000000000000000000000000000000) (0) (0) (00)   ;
;4200;(00000000000000000000000000000000) (0) (0) (00)    ;(00000000000000000000000000000000) (0) (0) (00)   ;(00000000000000000000000000000000) (0) (0) (00)   ;(00000000000000000000000000000000) (0) (0) (00)   ;(00000000000000000000000000000000) (0) (0) (00)   ;(00000000000000000000000000000000) (0) (0) (00)   ;(00000000000000000000000000000000) (0) (0) (00)   ;(00000000000000000000000000000000) (0) (0) (00)   ;
;4208;(00000000000000000000000000000000) (0) (0) (00)    ;(00000000000000000000000000000000) (0) (0) (00)   ;(00000000000000000000000000000000) (0) (0) (00)   ;(00000000000000000000000000000000) (0) (0) (00)   ;(00000000000000000000000000000000) (0) (0) (00)   ;(00000000000000000000000000000000) (0) (0) (00)   ;(00000000000000000000000000000000) (0) (0) (00)   ;(00000000000000000000000000000000) (0) (0) (00)   ;
;4216;(00000000000000000000000000000000) (0) (0) (00)    ;(00000000000000000000000000000000) (0) (0) (00)   ;(00000000000000000000000000000000) (0) (0) (00)   ;(00000000000000000000000000000000) (0) (0) (00)   ;(00000000000000000000000000000000) (0) (0) (00)   ;(00000000000000000000000000000000) (0) (0) (00)   ;(00000000000000000000000000000000) (0) (0) (00)   ;(00000000000000000000000000000000) (0) (0) (00)   ;
;4224;(00000000000000000000000000000000) (0) (0) (00)    ;(00000000000000000000000000000000) (0) (0) (00)   ;(00000000000000000000000000000000) (0) (0) (00)   ;(00000000000000000000000000000000) (0) (0) (00)   ;(00000000000000000000000000000000) (0) (0) (00)   ;(00000000000000000000000000000000) (0) (0) (00)   ;(00000000000000000000000000000000) (0) (0) (00)   ;(00000000000000000000000000000000) (0) (0) (00)   ;
;4232;(00000000000000000000000000000000) (0) (0) (00)    ;(00000000000000000000000000000000) (0) (0) (00)   ;(00000000000000000000000000000000) (0) (0) (00)   ;(00000000000000000000000000000000) (0) (0) (00)   ;(00000000000000000000000000000000) (0) (0) (00)   ;(00000000000000000000000000000000) (0) (0) (00)   ;(00000000000000000000000000000000) (0) (0) (00)   ;(00000000000000000000000000000000) (0) (0) (00)   ;
;4240;(00000000000000000000000000000000) (0) (0) (00)    ;(00000000000000000000000000000000) (0) (0) (00)   ;(00000000000000000000000000000000) (0) (0) (00)   ;(00000000000000000000000000000000) (0) (0) (00)   ;(00000000000000000000000000000000) (0) (0) (00)   ;(00000000000000000000000000000000) (0) (0) (00)   ;(00000000000000000000000000000000) (0) (0) (00)   ;(00000000000000000000000000000000) (0) (0) (00)   ;
;4248;(00000000000000000000000000000000) (0) (0) (00)    ;(00000000000000000000000000000000) (0) (0) (00)   ;(00000000000000000000000000000000) (0) (0) (00)   ;(00000000000000000000000000000000) (0) (0) (00)   ;(00000000000000000000000000000000) (0) (0) (00)   ;(00000000000000000000000000000000) (0) (0) (00)   ;(00000000000000000000000000000000) (0) (0) (00)   ;(00000000000000000000000000000000) (0) (0) (00)   ;
;4256;(00000000000000000000000000000000) (0) (0) (00)    ;(00000000000000000000000000000000) (0) (0) (00)   ;(00000000000000000000000000000000) (0) (0) (00)   ;(00000000000000000000000000000000) (0) (0) (00)   ;(00000000000000000000000000000000) (0) (0) (00)   ;(00000000000000000000000000000000) (0) (0) (00)   ;(00000000000000000000000000000000) (0) (0) (00)   ;(00000000000000000000000000000000) (0) (0) (00)   ;
;4264;(00000000000000000000000000000000) (0) (0) (00)    ;(00000000000000000000000000000000) (0) (0) (00)   ;(00000000000000000000000000000000) (0) (0) (00)   ;(00000000000000000000000000000000) (0) (0) (00)   ;(00000000000000000000000000000000) (0) (0) (00)   ;(00000000000000000000000000000000) (0) (0) (00)   ;(00000000000000000000000000000000) (0) (0) (00)   ;(00000000000000000000000000000000) (0) (0) (00)   ;
;4272;(00000000000000000000000000000000) (0) (0) (00)    ;(00000000000000000000000000000000) (0) (0) (00)   ;(00000000000000000000000000000000) (0) (0) (00)   ;(00000000000000000000000000000000) (0) (0) (00)   ;(00000000000000000000000000000000) (0) (0) (00)   ;(00000000000000000000000000000000) (0) (0) (00)   ;(00000000000000000000000000000000) (0) (0) (00)   ;(00000000000000000000000000000000) (0) (0) (00)   ;
;4280;(00000000000000000000000000000000) (0) (0) (00)    ;(00000000000000000000000000000000) (0) (0) (00)   ;(00000000000000000000000000000000) (0) (0) (00)   ;(00000000000000000000000000000000) (0) (0) (00)   ;(00000000000000000000000000000000) (0) (0) (00)   ;(00000000000000000000000000000000) (0) (0) (00)   ;(00000000000000000000000000000000) (0) (0) (00)   ;(00000000000000000000000000000000) (0) (0) (00)   ;
;4288;(00000000000000000000000000000000) (0) (0) (00)    ;(00000000000000000000000000000000) (0) (0) (00)   ;(00000000000000000000000000000000) (0) (0) (00)   ;(00000000000000000000000000000000) (0) (0) (00)   ;(00000000000000000000000000000000) (0) (0) (00)   ;(00000000000000000000000000000000) (0) (0) (00)   ;(00000000000000000000000000000000) (0) (0) (00)   ;(00000000000000000000000000000000) (0) (0) (00)   ;
;4296;(00000000000000000000000000000000) (0) (0) (00)    ;(00000000000000000000000000000000) (0) (0) (00)   ;(00000000000000000000000000000000) (0) (0) (00)   ;(00000000000000000000000000000000) (0) (0) (00)   ;(00000000000000000000000000000000) (0) (0) (00)   ;(00000000000000000000000000000000) (0) (0) (00)   ;(00000000000000000000000000000000) (0) (0) (00)   ;(00000000000000000000000000000000) (0) (0) (00)   ;
;4304;(00000000000000000000000000000000) (0) (0) (00)    ;(00000000000000000000000000000000) (0) (0) (00)   ;(00000000000000000000000000000000) (0) (0) (00)   ;(00000000000000000000000000000000) (0) (0) (00)   ;(00000000000000000000000000000000) (0) (0) (00)   ;(00000000000000000000000000000000) (0) (0) (00)   ;(00000000000000000000000000000000) (0) (0) (00)   ;(00000000000000000000000000000000) (0) (0) (00)   ;
;4312;(00000000000000000000000000000000) (0) (0) (00)    ;(00000000000000000000000000000000) (0) (0) (00)   ;(00000000000000000000000000000000) (0) (0) (00)   ;(00000000000000000000000000000000) (0) (0) (00)   ;(00000000000000000000000000000000) (0) (0) (00)   ;(00000000000000000000000000000000) (0) (0) (00)   ;(00000000000000000000000000000000) (0) (0) (00)   ;(00000000000000000000000000000000) (0) (0) (00)   ;
;4320;(00000000000000000000000000000000) (0) (0) (00)    ;(00000000000000000000000000000000) (0) (0) (00)   ;(00000000000000000000000000000000) (0) (0) (00)   ;(00000000000000000000000000000000) (0) (0) (00)   ;(00000000000000000000000000000000) (0) (0) (00)   ;(00000000000000000000000000000000) (0) (0) (00)   ;(00000000000000000000000000000000) (0) (0) (00)   ;(00000000000000000000000000000000) (0) (0) (00)   ;
;4328;(00000000000000000000000000000000) (0) (0) (00)    ;(00000000000000000000000000000000) (0) (0) (00)   ;(00000000000000000000000000000000) (0) (0) (00)   ;(00000000000000000000000000000000) (0) (0) (00)   ;(00000000000000000000000000000000) (0) (0) (00)   ;(00000000000000000000000000000000) (0) (0) (00)   ;(00000000000000000000000000000000) (0) (0) (00)   ;(00000000000000000000000000000000) (0) (0) (00)   ;
;4336;(00000000000000000000000000000000) (0) (0) (00)    ;(00000000000000000000000000000000) (0) (0) (00)   ;(00000000000000000000000000000000) (0) (0) (00)   ;(00000000000000000000000000000000) (0) (0) (00)   ;(00000000000000000000000000000000) (0) (0) (00)   ;(00000000000000000000000000000000) (0) (0) (00)   ;(00000000000000000000000000000000) (0) (0) (00)   ;(00000000000000000000000000000000) (0) (0) (00)   ;
;4344;(00000000000000000000000000000000) (0) (0) (00)    ;(00000000000000000000000000000000) (0) (0) (00)   ;(00000000000000000000000000000000) (0) (0) (00)   ;(00000000000000000000000000000000) (0) (0) (00)   ;(00000000000000000000000000000000) (0) (0) (00)   ;(00000000000000000000000000000000) (0) (0) (00)   ;(00000000000000000000000000000000) (0) (0) (00)   ;(00000000000000000000000000000000) (0) (0) (00)   ;
;4352;(00000000000000000000000000000000) (0) (0) (00)    ;(00000000000000000000000000000000) (0) (0) (00)   ;(00000000000000000000000000000000) (0) (0) (00)   ;(00000000000000000000000000000000) (0) (0) (00)   ;(00000000000000000000000000000000) (0) (0) (00)   ;(00000000000000000000000000000000) (0) (0) (00)   ;(00000000000000000000000000000000) (0) (0) (00)   ;(00000000000000000000000000000000) (0) (0) (00)   ;
;4360;(00000000000000000000000000000000) (0) (0) (00)    ;(00000000000000000000000000000000) (0) (0) (00)   ;(00000000000000000000000000000000) (0) (0) (00)   ;(00000000000000000000000000000000) (0) (0) (00)   ;(00000000000000000000000000000000) (0) (0) (00)   ;(00000000000000000000000000000000) (0) (0) (00)   ;(00000000000000000000000000000000) (0) (0) (00)   ;(00000000000000000000000000000000) (0) (0) (00)   ;
;4368;(00000000000000000000000000000000) (0) (0) (00)    ;(00000000000000000000000000000000) (0) (0) (00)   ;(00000000000000000000000000000000) (0) (0) (00)   ;(00000000000000000000000000000000) (0) (0) (00)   ;(00000000000000000000000000000000) (0) (0) (00)   ;(00000000000000000000000000000000) (0) (0) (00)   ;(00000000000000000000000000000000) (0) (0) (00)   ;(00000000000000000000000000000000) (0) (0) (00)   ;
;4376;(00000000000000000000000000000000) (0) (0) (00)    ;(00000000000000000000000000000000) (0) (0) (00)   ;(00000000000000000000000000000000) (0) (0) (00)   ;(00000000000000000000000000000000) (0) (0) (00)   ;(00000000000000000000000000000000) (0) (0) (00)   ;(00000000000000000000000000000000) (0) (0) (00)   ;(00000000000000000000000000000000) (0) (0) (00)   ;(00000000000000000000000000000000) (0) (0) (00)   ;
;4384;(00000000000000000000000000000000) (0) (0) (00)    ;(00000000000000000000000000000000) (0) (0) (00)   ;(00000000000000000000000000000000) (0) (0) (00)   ;(00000000000000000000000000000000) (0) (0) (00)   ;(00000000000000000000000000000000) (0) (0) (00)   ;(00000000000000000000000000000000) (0) (0) (00)   ;(00000000000000000000000000000000) (0) (0) (00)   ;(00000000000000000000000000000000) (0) (0) (00)   ;
;4392;(00000000000000000000000000000000) (0) (0) (00)    ;(00000000000000000000000000000000) (0) (0) (00)   ;(00000000000000000000000000000000) (0) (0) (00)   ;(00000000000000000000000000000000) (0) (0) (00)   ;(00000000000000000000000000000000) (0) (0) (00)   ;(00000000000000000000000000000000) (0) (0) (00)   ;(00000000000000000000000000000000) (0) (0) (00)   ;(00000000000000000000000000000000) (0) (0) (00)   ;
;4400;(00000000000000000000000000000000) (0) (0) (00)    ;(00000000000000000000000000000000) (0) (0) (00)   ;(00000000000000000000000000000000) (0) (0) (00)   ;(00000000000000000000000000000000) (0) (0) (00)   ;(00000000000000000000000000000000) (0) (0) (00)   ;(00000000000000000000000000000000) (0) (0) (00)   ;(00000000000000000000000000000000) (0) (0) (00)   ;(00000000000000000000000000000000) (0) (0) (00)   ;
;4408;(00000000000000000000000000000000) (0) (0) (00)    ;(00000000000000000000000000000000) (0) (0) (00)   ;(00000000000000000000000000000000) (0) (0) (00)   ;(00000000000000000000000000000000) (0) (0) (00)   ;(00000000000000000000000000000000) (0) (0) (00)   ;(00000000000000000000000000000000) (0) (0) (00)   ;(00000000000000000000000000000000) (0) (0) (00)   ;(00000000000000000000000000000000) (0) (0) (00)   ;
;4416;(00000000000000000000000000000000) (0) (0) (00)    ;(00000000000000000000000000000000) (0) (0) (00)   ;(00000000000000000000000000000000) (0) (0) (00)   ;(00000000000000000000000000000000) (0) (0) (00)   ;(00000000000000000000000000000000) (0) (0) (00)   ;(00000000000000000000000000000000) (0) (0) (00)   ;(00000000000000000000000000000000) (0) (0) (00)   ;(00000000000000000000000000000000) (0) (0) (00)   ;
;4424;(00000000000000000000000000000000) (0) (0) (00)    ;(00000000000000000000000000000000) (0) (0) (00)   ;(00000000000000000000000000000000) (0) (0) (00)   ;(00000000000000000000000000000000) (0) (0) (00)   ;(00000000000000000000000000000000) (0) (0) (00)   ;(00000000000000000000000000000000) (0) (0) (00)   ;(00000000000000000000000000000000) (0) (0) (00)   ;(00000000000000000000000000000000) (0) (0) (00)   ;
;4432;(00000000000000000000000000000000) (0) (0) (00)    ;(00000000000000000000000000000000) (0) (0) (00)   ;(00000000000000000000000000000000) (0) (0) (00)   ;(00000000000000000000000000000000) (0) (0) (00)   ;(00000000000000000000000000000000) (0) (0) (00)   ;(00000000000000000000000000000000) (0) (0) (00)   ;(00000000000000000000000000000000) (0) (0) (00)   ;(00000000000000000000000000000000) (0) (0) (00)   ;
;4440;(00000000000000000000000000000000) (0) (0) (00)    ;(00000000000000000000000000000000) (0) (0) (00)   ;(00000000000000000000000000000000) (0) (0) (00)   ;(00000000000000000000000000000000) (0) (0) (00)   ;(00000000000000000000000000000000) (0) (0) (00)   ;(00000000000000000000000000000000) (0) (0) (00)   ;(00000000000000000000000000000000) (0) (0) (00)   ;(00000000000000000000000000000000) (0) (0) (00)   ;
;4448;(00000000000000000000000000000000) (0) (0) (00)    ;(00000000000000000000000000000000) (0) (0) (00)   ;(00000000000000000000000000000000) (0) (0) (00)   ;(00000000000000000000000000000000) (0) (0) (00)   ;(00000000000000000000000000000000) (0) (0) (00)   ;(00000000000000000000000000000000) (0) (0) (00)   ;(00000000000000000000000000000000) (0) (0) (00)   ;(00000000000000000000000000000000) (0) (0) (00)   ;
;4456;(00000000000000000000000000000000) (0) (0) (00)    ;(00000000000000000000000000000000) (0) (0) (00)   ;(00000000000000000000000000000000) (0) (0) (00)   ;(00000000000000000000000000000000) (0) (0) (00)   ;(00000000000000000000000000000000) (0) (0) (00)   ;(00000000000000000000000000000000) (0) (0) (00)   ;(00000000000000000000000000000000) (0) (0) (00)   ;(00000000000000000000000000000000) (0) (0) (00)   ;
;4464;(00000000000000000000000000000000) (0) (0) (00)    ;(00000000000000000000000000000000) (0) (0) (00)   ;(00000000000000000000000000000000) (0) (0) (00)   ;(00000000000000000000000000000000) (0) (0) (00)   ;(00000000000000000000000000000000) (0) (0) (00)   ;(00000000000000000000000000000000) (0) (0) (00)   ;(00000000000000000000000000000000) (0) (0) (00)   ;(00000000000000000000000000000000) (0) (0) (00)   ;
;4472;(00000000000000000000000000000000) (0) (0) (00)    ;(00000000000000000000000000000000) (0) (0) (00)   ;(00000000000000000000000000000000) (0) (0) (00)   ;(00000000000000000000000000000000) (0) (0) (00)   ;(00000000000000000000000000000000) (0) (0) (00)   ;(00000000000000000000000000000000) (0) (0) (00)   ;(00000000000000000000000000000000) (0) (0) (00)   ;(00000000000000000000000000000000) (0) (0) (00)   ;
;4480;(00000000000000000000000000000000) (0) (0) (00)    ;(00000000000000000000000000000000) (0) (0) (00)   ;(00000000000000000000000000000000) (0) (0) (00)   ;(00000000000000000000000000000000) (0) (0) (00)   ;(00000000000000000000000000000000) (0) (0) (00)   ;(00000000000000000000000000000000) (0) (0) (00)   ;(00000000000000000000000000000000) (0) (0) (00)   ;(00000000000000000000000000000000) (0) (0) (00)   ;
;4488;(00000000000000000000000000000000) (0) (0) (00)    ;(00000000000000000000000000000000) (0) (0) (00)   ;(00000000000000000000000000000000) (0) (0) (00)   ;(00000000000000000000000000000000) (0) (0) (00)   ;(00000000000000000000000000000000) (0) (0) (00)   ;(00000000000000000000000000000000) (0) (0) (00)   ;(00000000000000000000000000000000) (0) (0) (00)   ;(00000000000000000000000000000000) (0) (0) (00)   ;
;4496;(00000000000000000000000000000000) (0) (0) (00)    ;(00000000000000000000000000000000) (0) (0) (00)   ;(00000000000000000000000000000000) (0) (0) (00)   ;(00000000000000000000000000000000) (0) (0) (00)   ;(00000000000000000000000000000000) (0) (0) (00)   ;(00000000000000000000000000000000) (0) (0) (00)   ;(00000000000000000000000000000000) (0) (0) (00)   ;(00000000000000000000000000000000) (0) (0) (00)   ;
;4504;(00000000000000000000000000000000) (0) (0) (00)    ;(00000000000000000000000000000000) (0) (0) (00)   ;(00000000000000000000000000000000) (0) (0) (00)   ;(00000000000000000000000000000000) (0) (0) (00)   ;(00000000000000000000000000000000) (0) (0) (00)   ;(00000000000000000000000000000000) (0) (0) (00)   ;(00000000000000000000000000000000) (0) (0) (00)   ;(00000000000000000000000000000000) (0) (0) (00)   ;
;4512;(00000000000000000000000000000000) (0) (0) (00)    ;(00000000000000000000000000000000) (0) (0) (00)   ;(00000000000000000000000000000000) (0) (0) (00)   ;(00000000000000000000000000000000) (0) (0) (00)   ;(00000000000000000000000000000000) (0) (0) (00)   ;(00000000000000000000000000000000) (0) (0) (00)   ;(00000000000000000000000000000000) (0) (0) (00)   ;(00000000000000000000000000000000) (0) (0) (00)   ;
;4520;(00000000000000000000000000000000) (0) (0) (00)    ;(00000000000000000000000000000000) (0) (0) (00)   ;(00000000000000000000000000000000) (0) (0) (00)   ;(00000000000000000000000000000000) (0) (0) (00)   ;(00000000000000000000000000000000) (0) (0) (00)   ;(00000000000000000000000000000000) (0) (0) (00)   ;(00000000000000000000000000000000) (0) (0) (00)   ;(00000000000000000000000000000000) (0) (0) (00)   ;
;4528;(00000000000000000000000000000000) (0) (0) (00)    ;(00000000000000000000000000000000) (0) (0) (00)   ;(00000000000000000000000000000000) (0) (0) (00)   ;(00000000000000000000000000000000) (0) (0) (00)   ;(00000000000000000000000000000000) (0) (0) (00)   ;(00000000000000000000000000000000) (0) (0) (00)   ;(00000000000000000000000000000000) (0) (0) (00)   ;(00000000000000000000000000000000) (0) (0) (00)   ;
;4536;(00000000000000000000000000000000) (0) (0) (00)    ;(00000000000000000000000000000000) (0) (0) (00)   ;(00000000000000000000000000000000) (0) (0) (00)   ;(00000000000000000000000000000000) (0) (0) (00)   ;(00000000000000000000000000000000) (0) (0) (00)   ;(00000000000000000000000000000000) (0) (0) (00)   ;(00000000000000000000000000000000) (0) (0) (00)   ;(00000000000000000000000000000000) (0) (0) (00)   ;
;4544;(00000000000000000000000000000000) (0) (0) (00)    ;(00000000000000000000000000000000) (0) (0) (00)   ;(00000000000000000000000000000000) (0) (0) (00)   ;(00000000000000000000000000000000) (0) (0) (00)   ;(00000000000000000000000000000000) (0) (0) (00)   ;(00000000000000000000000000000000) (0) (0) (00)   ;(00000000000000000000000000000000) (0) (0) (00)   ;(00000000000000000000000000000000) (0) (0) (00)   ;
;4552;(00000000000000000000000000000000) (0) (0) (00)    ;(00000000000000000000000000000000) (0) (0) (00)   ;(00000000000000000000000000000000) (0) (0) (00)   ;(00000000000000000000000000000000) (0) (0) (00)   ;(00000000000000000000000000000000) (0) (0) (00)   ;(00000000000000000000000000000000) (0) (0) (00)   ;(00000000000000000000000000000000) (0) (0) (00)   ;(00000000000000000000000000000000) (0) (0) (00)   ;
;4560;(00000000000000000000000000000000) (0) (0) (00)    ;(00000000000000000000000000000000) (0) (0) (00)   ;(00000000000000000000000000000000) (0) (0) (00)   ;(00000000000000000000000000000000) (0) (0) (00)   ;(00000000000000000000000000000000) (0) (0) (00)   ;(00000000000000000000000000000000) (0) (0) (00)   ;(00000000000000000000000000000000) (0) (0) (00)   ;(00000000000000000000000000000000) (0) (0) (00)   ;
;4568;(00000000000000000000000000000000) (0) (0) (00)    ;(00000000000000000000000000000000) (0) (0) (00)   ;(00000000000000000000000000000000) (0) (0) (00)   ;(00000000000000000000000000000000) (0) (0) (00)   ;(00000000000000000000000000000000) (0) (0) (00)   ;(00000000000000000000000000000000) (0) (0) (00)   ;(00000000000000000000000000000000) (0) (0) (00)   ;(00000000000000000000000000000000) (0) (0) (00)   ;
;4576;(00000000000000000000000000000000) (0) (0) (00)    ;(00000000000000000000000000000000) (0) (0) (00)   ;(00000000000000000000000000000000) (0) (0) (00)   ;(00000000000000000000000000000000) (0) (0) (00)   ;(00000000000000000000000000000000) (0) (0) (00)   ;(00000000000000000000000000000000) (0) (0) (00)   ;(00000000000000000000000000000000) (0) (0) (00)   ;(00000000000000000000000000000000) (0) (0) (00)   ;
;4584;(00000000000000000000000000000000) (0) (0) (00)    ;(00000000000000000000000000000000) (0) (0) (00)   ;(00000000000000000000000000000000) (0) (0) (00)   ;(00000000000000000000000000000000) (0) (0) (00)   ;(00000000000000000000000000000000) (0) (0) (00)   ;(00000000000000000000000000000000) (0) (0) (00)   ;(00000000000000000000000000000000) (0) (0) (00)   ;(00000000000000000000000000000000) (0) (0) (00)   ;
;4592;(00000000000000000000000000000000) (0) (0) (00)    ;(00000000000000000000000000000000) (0) (0) (00)   ;(00000000000000000000000000000000) (0) (0) (00)   ;(00000000000000000000000000000000) (0) (0) (00)   ;(00000000000000000000000000000000) (0) (0) (00)   ;(00000000000000000000000000000000) (0) (0) (00)   ;(00000000000000000000000000000000) (0) (0) (00)   ;(00000000000000000000000000000000) (0) (0) (00)   ;
;4600;(00000000000000000000000000000000) (0) (0) (00)    ;(00000000000000000000000000000000) (0) (0) (00)   ;(00000000000000000000000000000000) (0) (0) (00)   ;(00000000000000000000000000000000) (0) (0) (00)   ;(00000000000000000000000000000000) (0) (0) (00)   ;(00000000000000000000000000000000) (0) (0) (00)   ;(00000000000000000000000000000000) (0) (0) (00)   ;(00000000000000000000000000000000) (0) (0) (00)   ;
;4608;(00000000000000000000000000000000) (0) (0) (00)    ;(00000000000000000000000000000000) (0) (0) (00)   ;(00000000000000000000000000000000) (0) (0) (00)   ;(00000000000000000000000000000000) (0) (0) (00)   ;(00000000000000000000000000000000) (0) (0) (00)   ;(00000000000000000000000000000000) (0) (0) (00)   ;(00000000000000000000000000000000) (0) (0) (00)   ;(00000000000000000000000000000000) (0) (0) (00)   ;
;4616;(00000000000000000000000000000000) (0) (0) (00)    ;(00000000000000000000000000000000) (0) (0) (00)   ;(00000000000000000000000000000000) (0) (0) (00)   ;(00000000000000000000000000000000) (0) (0) (00)   ;(00000000000000000000000000000000) (0) (0) (00)   ;(00000000000000000000000000000000) (0) (0) (00)   ;(00000000000000000000000000000000) (0) (0) (00)   ;(00000000000000000000000000000000) (0) (0) (00)   ;
;4624;(00000000000000000000000000000000) (0) (0) (00)    ;(00000000000000000000000000000000) (0) (0) (00)   ;(00000000000000000000000000000000) (0) (0) (00)   ;(00000000000000000000000000000000) (0) (0) (00)   ;(00000000000000000000000000000000) (0) (0) (00)   ;(00000000000000000000000000000000) (0) (0) (00)   ;(00000000000000000000000000000000) (0) (0) (00)   ;(00000000000000000000000000000000) (0) (0) (00)   ;
;4632;(00000000000000000000000000000000) (0) (0) (00)    ;(00000000000000000000000000000000) (0) (0) (00)   ;(00000000000000000000000000000000) (0) (0) (00)   ;(00000000000000000000000000000000) (0) (0) (00)   ;(00000000000000000000000000000000) (0) (0) (00)   ;(00000000000000000000000000000000) (0) (0) (00)   ;(00000000000000000000000000000000) (0) (0) (00)   ;(00000000000000000000000000000000) (0) (0) (00)   ;
;4640;(00000000000000000000000000000000) (0) (0) (00)    ;(00000000000000000000000000000000) (0) (0) (00)   ;(00000000000000000000000000000000) (0) (0) (00)   ;(00000000000000000000000000000000) (0) (0) (00)   ;(00000000000000000000000000000000) (0) (0) (00)   ;(00000000000000000000000000000000) (0) (0) (00)   ;(00000000000000000000000000000000) (0) (0) (00)   ;(00000000000000000000000000000000) (0) (0) (00)   ;
;4648;(00000000000000000000000000000000) (0) (0) (00)    ;(00000000000000000000000000000000) (0) (0) (00)   ;(00000000000000000000000000000000) (0) (0) (00)   ;(00000000000000000000000000000000) (0) (0) (00)   ;(00000000000000000000000000000000) (0) (0) (00)   ;(00000000000000000000000000000000) (0) (0) (00)   ;(00000000000000000000000000000000) (0) (0) (00)   ;(00000000000000000000000000000000) (0) (0) (00)   ;
;4656;(00000000000000000000000000000000) (0) (0) (00)    ;(00000000000000000000000000000000) (0) (0) (00)   ;(00000000000000000000000000000000) (0) (0) (00)   ;(00000000000000000000000000000000) (0) (0) (00)   ;(00000000000000000000000000000000) (0) (0) (00)   ;(00000000000000000000000000000000) (0) (0) (00)   ;(00000000000000000000000000000000) (0) (0) (00)   ;(00000000000000000000000000000000) (0) (0) (00)   ;
;4664;(00000000000000000000000000000000) (0) (0) (00)    ;(00000000000000000000000000000000) (0) (0) (00)   ;(00000000000000000000000000000000) (0) (0) (00)   ;(00000000000000000000000000000000) (0) (0) (00)   ;(00000000000000000000000000000000) (0) (0) (00)   ;(00000000000000000000000000000000) (0) (0) (00)   ;(00000000000000000000000000000000) (0) (0) (00)   ;(00000000000000000000000000000000) (0) (0) (00)   ;
;4672;(00000000000000000000000000000000) (0) (0) (00)    ;(00000000000000000000000000000000) (0) (0) (00)   ;(00000000000000000000000000000000) (0) (0) (00)   ;(00000000000000000000000000000000) (0) (0) (00)   ;(00000000000000000000000000000000) (0) (0) (00)   ;(00000000000000000000000000000000) (0) (0) (00)   ;(00000000000000000000000000000000) (0) (0) (00)   ;(00000000000000000000000000000000) (0) (0) (00)   ;
;4680;(00000000000000000000000000000000) (0) (0) (00)    ;(00000000000000000000000000000000) (0) (0) (00)   ;(00000000000000000000000000000000) (0) (0) (00)   ;(00000000000000000000000000000000) (0) (0) (00)   ;(00000000000000000000000000000000) (0) (0) (00)   ;(00000000000000000000000000000000) (0) (0) (00)   ;(00000000000000000000000000000000) (0) (0) (00)   ;(00000000000000000000000000000000) (0) (0) (00)   ;
;4688;(00000000000000000000000000000000) (0) (0) (00)    ;(00000000000000000000000000000000) (0) (0) (00)   ;(00000000000000000000000000000000) (0) (0) (00)   ;(00000000000000000000000000000000) (0) (0) (00)   ;(00000000000000000000000000000000) (0) (0) (00)   ;(00000000000000000000000000000000) (0) (0) (00)   ;(00000000000000000000000000000000) (0) (0) (00)   ;(00000000000000000000000000000000) (0) (0) (00)   ;
;4696;(00000000000000000000000000000000) (0) (0) (00)    ;(00000000000000000000000000000000) (0) (0) (00)   ;(00000000000000000000000000000000) (0) (0) (00)   ;(00000000000000000000000000000000) (0) (0) (00)   ;(00000000000000000000000000000000) (0) (0) (00)   ;(00000000000000000000000000000000) (0) (0) (00)   ;(00000000000000000000000000000000) (0) (0) (00)   ;(00000000000000000000000000000000) (0) (0) (00)   ;
;4704;(00000000000000000000000000000000) (0) (0) (00)    ;(00000000000000000000000000000000) (0) (0) (00)   ;(00000000000000000000000000000000) (0) (0) (00)   ;(00000000000000000000000000000000) (0) (0) (00)   ;(00000000000000000000000000000000) (0) (0) (00)   ;(00000000000000000000000000000000) (0) (0) (00)   ;(00000000000000000000000000000000) (0) (0) (00)   ;(00000000000000000000000000000000) (0) (0) (00)   ;
;4712;(00000000000000000000000000000000) (0) (0) (00)    ;(00000000000000000000000000000000) (0) (0) (00)   ;(00000000000000000000000000000000) (0) (0) (00)   ;(00000000000000000000000000000000) (0) (0) (00)   ;(00000000000000000000000000000000) (0) (0) (00)   ;(00000000000000000000000000000000) (0) (0) (00)   ;(00000000000000000000000000000000) (0) (0) (00)   ;(00000000000000000000000000000000) (0) (0) (00)   ;
;4720;(00000000000000000000000000000000) (0) (0) (00)    ;(00000000000000000000000000000000) (0) (0) (00)   ;(00000000000000000000000000000000) (0) (0) (00)   ;(00000000000000000000000000000000) (0) (0) (00)   ;(00000000000000000000000000000000) (0) (0) (00)   ;(00000000000000000000000000000000) (0) (0) (00)   ;(00000000000000000000000000000000) (0) (0) (00)   ;(00000000000000000000000000000000) (0) (0) (00)   ;
;4728;(00000000000000000000000000000000) (0) (0) (00)    ;(00000000000000000000000000000000) (0) (0) (00)   ;(00000000000000000000000000000000) (0) (0) (00)   ;(00000000000000000000000000000000) (0) (0) (00)   ;(00000000000000000000000000000000) (0) (0) (00)   ;(00000000000000000000000000000000) (0) (0) (00)   ;(00000000000000000000000000000000) (0) (0) (00)   ;(00000000000000000000000000000000) (0) (0) (00)   ;
;4736;(00000000000000000000000000000000) (0) (0) (00)    ;(00000000000000000000000000000000) (0) (0) (00)   ;(00000000000000000000000000000000) (0) (0) (00)   ;(00000000000000000000000000000000) (0) (0) (00)   ;(00000000000000000000000000000000) (0) (0) (00)   ;(00000000000000000000000000000000) (0) (0) (00)   ;(00000000000000000000000000000000) (0) (0) (00)   ;(00000000000000000000000000000000) (0) (0) (00)   ;
;4744;(00000000000000000000000000000000) (0) (0) (00)    ;(00000000000000000000000000000000) (0) (0) (00)   ;(00000000000000000000000000000000) (0) (0) (00)   ;(00000000000000000000000000000000) (0) (0) (00)   ;(00000000000000000000000000000000) (0) (0) (00)   ;(00000000000000000000000000000000) (0) (0) (00)   ;(00000000000000000000000000000000) (0) (0) (00)   ;(00000000000000000000000000000000) (0) (0) (00)   ;
;4752;(00000000000000000000000000000000) (0) (0) (00)    ;(00000000000000000000000000000000) (0) (0) (00)   ;(00000000000000000000000000000000) (0) (0) (00)   ;(00000000000000000000000000000000) (0) (0) (00)   ;(00000000000000000000000000000000) (0) (0) (00)   ;(00000000000000000000000000000000) (0) (0) (00)   ;(00000000000000000000000000000000) (0) (0) (00)   ;(00000000000000000000000000000000) (0) (0) (00)   ;
;4760;(00000000000000000000000000000000) (0) (0) (00)    ;(00000000000000000000000000000000) (0) (0) (00)   ;(00000000000000000000000000000000) (0) (0) (00)   ;(00000000000000000000000000000000) (0) (0) (00)   ;(00000000000000000000000000000000) (0) (0) (00)   ;(00000000000000000000000000000000) (0) (0) (00)   ;(00000000000000000000000000000000) (0) (0) (00)   ;(00000000000000000000000000000000) (0) (0) (00)   ;
;4768;(00000000000000000000000000000000) (0) (0) (00)    ;(00000000000000000000000000000000) (0) (0) (00)   ;(00000000000000000000000000000000) (0) (0) (00)   ;(00000000000000000000000000000000) (0) (0) (00)   ;(00000000000000000000000000000000) (0) (0) (00)   ;(00000000000000000000000000000000) (0) (0) (00)   ;(00000000000000000000000000000000) (0) (0) (00)   ;(00000000000000000000000000000000) (0) (0) (00)   ;
;4776;(00000000000000000000000000000000) (0) (0) (00)    ;(00000000000000000000000000000000) (0) (0) (00)   ;(00000000000000000000000000000000) (0) (0) (00)   ;(00000000000000000000000000000000) (0) (0) (00)   ;(00000000000000000000000000000000) (0) (0) (00)   ;(00000000000000000000000000000000) (0) (0) (00)   ;(00000000000000000000000000000000) (0) (0) (00)   ;(00000000000000000000000000000000) (0) (0) (00)   ;
;4784;(00000000000000000000000000000000) (0) (0) (00)    ;(00000000000000000000000000000000) (0) (0) (00)   ;(00000000000000000000000000000000) (0) (0) (00)   ;(00000000000000000000000000000000) (0) (0) (00)   ;(00000000000000000000000000000000) (0) (0) (00)   ;(00000000000000000000000000000000) (0) (0) (00)   ;(00000000000000000000000000000000) (0) (0) (00)   ;(00000000000000000000000000000000) (0) (0) (00)   ;
;4792;(00000000000000000000000000000000) (0) (0) (00)    ;(00000000000000000000000000000000) (0) (0) (00)   ;(00000000000000000000000000000000) (0) (0) (00)   ;(00000000000000000000000000000000) (0) (0) (00)   ;(00000000000000000000000000000000) (0) (0) (00)   ;(00000000000000000000000000000000) (0) (0) (00)   ;(00000000000000000000000000000000) (0) (0) (00)   ;(00000000000000000000000000000000) (0) (0) (00)   ;
;4800;(00000000000000000000000000000000) (0) (0) (00)    ;(00000000000000000000000000000000) (0) (0) (00)   ;(00000000000000000000000000000000) (0) (0) (00)   ;(00000000000000000000000000000000) (0) (0) (00)   ;(00000000000000000000000000000000) (0) (0) (00)   ;(00000000000000000000000000000000) (0) (0) (00)   ;(00000000000000000000000000000000) (0) (0) (00)   ;(00000000000000000000000000000000) (0) (0) (00)   ;
;4808;(00000000000000000000000000000000) (0) (0) (00)    ;(00000000000000000000000000000000) (0) (0) (00)   ;(00000000000000000000000000000000) (0) (0) (00)   ;(00000000000000000000000000000000) (0) (0) (00)   ;(00000000000000000000000000000000) (0) (0) (00)   ;(00000000000000000000000000000000) (0) (0) (00)   ;(00000000000000000000000000000000) (0) (0) (00)   ;(00000000000000000000000000000000) (0) (0) (00)   ;
;4816;(00000000000000000000000000000000) (0) (0) (00)    ;(00000000000000000000000000000000) (0) (0) (00)   ;(00000000000000000000000000000000) (0) (0) (00)   ;(00000000000000000000000000000000) (0) (0) (00)   ;(00000000000000000000000000000000) (0) (0) (00)   ;(00000000000000000000000000000000) (0) (0) (00)   ;(00000000000000000000000000000000) (0) (0) (00)   ;(00000000000000000000000000000000) (0) (0) (00)   ;
;4824;(00000000000000000000000000000000) (0) (0) (00)    ;(00000000000000000000000000000000) (0) (0) (00)   ;(00000000000000000000000000000000) (0) (0) (00)   ;(00000000000000000000000000000000) (0) (0) (00)   ;(00000000000000000000000000000000) (0) (0) (00)   ;(00000000000000000000000000000000) (0) (0) (00)   ;(00000000000000000000000000000000) (0) (0) (00)   ;(00000000000000000000000000000000) (0) (0) (00)   ;
;4832;(00000000000000000000000000000000) (0) (0) (00)    ;(00000000000000000000000000000000) (0) (0) (00)   ;(00000000000000000000000000000000) (0) (0) (00)   ;(00000000000000000000000000000000) (0) (0) (00)   ;(00000000000000000000000000000000) (0) (0) (00)   ;(00000000000000000000000000000000) (0) (0) (00)   ;(00000000000000000000000000000000) (0) (0) (00)   ;(00000000000000000000000000000000) (0) (0) (00)   ;
;4840;(00000000000000000000000000000000) (0) (0) (00)    ;(00000000000000000000000000000000) (0) (0) (00)   ;(00000000000000000000000000000000) (0) (0) (00)   ;(00000000000000000000000000000000) (0) (0) (00)   ;(00000000000000000000000000000000) (0) (0) (00)   ;(00000000000000000000000000000000) (0) (0) (00)   ;(00000000000000000000000000000000) (0) (0) (00)   ;(00000000000000000000000000000000) (0) (0) (00)   ;
;4848;(00000000000000000000000000000000) (0) (0) (00)    ;(00000000000000000000000000000000) (0) (0) (00)   ;(00000000000000000000000000000000) (0) (0) (00)   ;(00000000000000000000000000000000) (0) (0) (00)   ;(00000000000000000000000000000000) (0) (0) (00)   ;(00000000000000000000000000000000) (0) (0) (00)   ;(00000000000000000000000000000000) (0) (0) (00)   ;(00000000000000000000000000000000) (0) (0) (00)   ;
;4856;(00000000000000000000000000000000) (0) (0) (00)    ;(00000000000000000000000000000000) (0) (0) (00)   ;(00000000000000000000000000000000) (0) (0) (00)   ;(00000000000000000000000000000000) (0) (0) (00)   ;(00000000000000000000000000000000) (0) (0) (00)   ;(00000000000000000000000000000000) (0) (0) (00)   ;(00000000000000000000000000000000) (0) (0) (00)   ;(00000000000000000000000000000000) (0) (0) (00)   ;
;4864;(00000000000000000000000000000000) (0) (0) (00)    ;(00000000000000000000000000000000) (0) (0) (00)   ;(00000000000000000000000000000000) (0) (0) (00)   ;(00000000000000000000000000000000) (0) (0) (00)   ;(00000000000000000000000000000000) (0) (0) (00)   ;(00000000000000000000000000000000) (0) (0) (00)   ;(00000000000000000000000000000000) (0) (0) (00)   ;(00000000000000000000000000000000) (0) (0) (00)   ;
;4872;(00000000000000000000000000000000) (0) (0) (00)    ;(00000000000000000000000000000000) (0) (0) (00)   ;(00000000000000000000000000000000) (0) (0) (00)   ;(00000000000000000000000000000000) (0) (0) (00)   ;(00000000000000000000000000000000) (0) (0) (00)   ;(00000000000000000000000000000000) (0) (0) (00)   ;(00000000000000000000000000000000) (0) (0) (00)   ;(00000000000000000000000000000000) (0) (0) (00)   ;
;4880;(00000000000000000000000000000000) (0) (0) (00)    ;(00000000000000000000000000000000) (0) (0) (00)   ;(00000000000000000000000000000000) (0) (0) (00)   ;(00000000000000000000000000000000) (0) (0) (00)   ;(00000000000000000000000000000000) (0) (0) (00)   ;(00000000000000000000000000000000) (0) (0) (00)   ;(00000000000000000000000000000000) (0) (0) (00)   ;(00000000000000000000000000000000) (0) (0) (00)   ;
;4888;(00000000000000000000000000000000) (0) (0) (00)    ;(00000000000000000000000000000000) (0) (0) (00)   ;(00000000000000000000000000000000) (0) (0) (00)   ;(00000000000000000000000000000000) (0) (0) (00)   ;(00000000000000000000000000000000) (0) (0) (00)   ;(00000000000000000000000000000000) (0) (0) (00)   ;(00000000000000000000000000000000) (0) (0) (00)   ;(00000000000000000000000000000000) (0) (0) (00)   ;
;4896;(00000000000000000000000000000000) (0) (0) (00)    ;(00000000000000000000000000000000) (0) (0) (00)   ;(00000000000000000000000000000000) (0) (0) (00)   ;(00000000000000000000000000000000) (0) (0) (00)   ;(00000000000000000000000000000000) (0) (0) (00)   ;(00000000000000000000000000000000) (0) (0) (00)   ;(00000000000000000000000000000000) (0) (0) (00)   ;(00000000000000000000000000000000) (0) (0) (00)   ;
;4904;(00000000000000000000000000000000) (0) (0) (00)    ;(00000000000000000000000000000000) (0) (0) (00)   ;(00000000000000000000000000000000) (0) (0) (00)   ;(00000000000000000000000000000000) (0) (0) (00)   ;(00000000000000000000000000000000) (0) (0) (00)   ;(00000000000000000000000000000000) (0) (0) (00)   ;(00000000000000000000000000000000) (0) (0) (00)   ;(00000000000000000000000000000000) (0) (0) (00)   ;
;4912;(00000000000000000000000000000000) (0) (0) (00)    ;(00000000000000000000000000000000) (0) (0) (00)   ;(00000000000000000000000000000000) (0) (0) (00)   ;(00000000000000000000000000000000) (0) (0) (00)   ;(00000000000000000000000000000000) (0) (0) (00)   ;(00000000000000000000000000000000) (0) (0) (00)   ;(00000000000000000000000000000000) (0) (0) (00)   ;(00000000000000000000000000000000) (0) (0) (00)   ;
;4920;(00000000000000000000000000000000) (0) (0) (00)    ;(00000000000000000000000000000000) (0) (0) (00)   ;(00000000000000000000000000000000) (0) (0) (00)   ;(00000000000000000000000000000000) (0) (0) (00)   ;(00000000000000000000000000000000) (0) (0) (00)   ;(00000000000000000000000000000000) (0) (0) (00)   ;(00000000000000000000000000000000) (0) (0) (00)   ;(00000000000000000000000000000000) (0) (0) (00)   ;
;4928;(00000000000000000000000000000000) (0) (0) (00)    ;(00000000000000000000000000000000) (0) (0) (00)   ;(00000000000000000000000000000000) (0) (0) (00)   ;(00000000000000000000000000000000) (0) (0) (00)   ;(00000000000000000000000000000000) (0) (0) (00)   ;(00000000000000000000000000000000) (0) (0) (00)   ;(00000000000000000000000000000000) (0) (0) (00)   ;(00000000000000000000000000000000) (0) (0) (00)   ;
;4936;(00000000000000000000000000000000) (0) (0) (00)    ;(00000000000000000000000000000000) (0) (0) (00)   ;(00000000000000000000000000000000) (0) (0) (00)   ;(00000000000000000000000000000000) (0) (0) (00)   ;(00000000000000000000000000000000) (0) (0) (00)   ;(00000000000000000000000000000000) (0) (0) (00)   ;(00000000000000000000000000000000) (0) (0) (00)   ;(00000000000000000000000000000000) (0) (0) (00)   ;
;4944;(00000000000000000000000000000000) (0) (0) (00)    ;(00000000000000000000000000000000) (0) (0) (00)   ;(00000000000000000000000000000000) (0) (0) (00)   ;(00000000000000000000000000000000) (0) (0) (00)   ;(00000000000000000000000000000000) (0) (0) (00)   ;(00000000000000000000000000000000) (0) (0) (00)   ;(00000000000000000000000000000000) (0) (0) (00)   ;(00000000000000000000000000000000) (0) (0) (00)   ;
;4952;(00000000000000000000000000000000) (0) (0) (00)    ;(00000000000000000000000000000000) (0) (0) (00)   ;(00000000000000000000000000000000) (0) (0) (00)   ;(00000000000000000000000000000000) (0) (0) (00)   ;(00000000000000000000000000000000) (0) (0) (00)   ;(00000000000000000000000000000000) (0) (0) (00)   ;(00000000000000000000000000000000) (0) (0) (00)   ;(00000000000000000000000000000000) (0) (0) (00)   ;
;4960;(00000000000000000000000000000000) (0) (0) (00)    ;(00000000000000000000000000000000) (0) (0) (00)   ;(00000000000000000000000000000000) (0) (0) (00)   ;(00000000000000000000000000000000) (0) (0) (00)   ;(00000000000000000000000000000000) (0) (0) (00)   ;(00000000000000000000000000000000) (0) (0) (00)   ;(00000000000000000000000000000000) (0) (0) (00)   ;(00000000000000000000000000000000) (0) (0) (00)   ;
;4968;(00000000000000000000000000000000) (0) (0) (00)    ;(00000000000000000000000000000000) (0) (0) (00)   ;(00000000000000000000000000000000) (0) (0) (00)   ;(00000000000000000000000000000000) (0) (0) (00)   ;(00000000000000000000000000000000) (0) (0) (00)   ;(00000000000000000000000000000000) (0) (0) (00)   ;(00000000000000000000000000000000) (0) (0) (00)   ;(00000000000000000000000000000000) (0) (0) (00)   ;
;4976;(00000000000000000000000000000000) (0) (0) (00)    ;(00000000000000000000000000000000) (0) (0) (00)   ;(00000000000000000000000000000000) (0) (0) (00)   ;(00000000000000000000000000000000) (0) (0) (00)   ;(00000000000000000000000000000000) (0) (0) (00)   ;(00000000000000000000000000000000) (0) (0) (00)   ;(00000000000000000000000000000000) (0) (0) (00)   ;(00000000000000000000000000000000) (0) (0) (00)   ;
;4984;(00000000000000000000000000000000) (0) (0) (00)    ;(00000000000000000000000000000000) (0) (0) (00)   ;(00000000000000000000000000000000) (0) (0) (00)   ;(00000000000000000000000000000000) (0) (0) (00)   ;(00000000000000000000000000000000) (0) (0) (00)   ;(00000000000000000000000000000000) (0) (0) (00)   ;(00000000000000000000000000000000) (0) (0) (00)   ;(00000000000000000000000000000000) (0) (0) (00)   ;
;4992;(00000000000000000000000000000000) (0) (0) (00)    ;(00000000000000000000000000000000) (0) (0) (00)   ;(00000000000000000000000000000000) (0) (0) (00)   ;(00000000000000000000000000000000) (0) (0) (00)   ;(00000000000000000000000000000000) (0) (0) (00)   ;(00000000000000000000000000000000) (0) (0) (00)   ;(00000000000000000000000000000000) (0) (0) (00)   ;(00000000000000000000000000000000) (0) (0) (00)   ;
;5000;(00000000000000000000000000000000) (0) (0) (00)    ;(00000000000000000000000000000000) (0) (0) (00)   ;(00000000000000000000000000000000) (0) (0) (00)   ;(00000000000000000000000000000000) (0) (0) (00)   ;(00000000000000000000000000000000) (0) (0) (00)   ;(00000000000000000000000000000000) (0) (0) (00)   ;(00000000000000000000000000000000) (0) (0) (00)   ;(00000000000000000000000000000000) (0) (0) (00)   ;
;5008;(00000000000000000000000000000000) (0) (0) (00)    ;(00000000000000000000000000000000) (0) (0) (00)   ;(00000000000000000000000000000000) (0) (0) (00)   ;(00000000000000000000000000000000) (0) (0) (00)   ;(00000000000000000000000000000000) (0) (0) (00)   ;(00000000000000000000000000000000) (0) (0) (00)   ;(00000000000000000000000000000000) (0) (0) (00)   ;(00000000000000000000000000000000) (0) (0) (00)   ;
;5016;(00000000000000000000000000000000) (0) (0) (00)    ;(00000000000000000000000000000000) (0) (0) (00)   ;(00000000000000000000000000000000) (0) (0) (00)   ;(00000000000000000000000000000000) (0) (0) (00)   ;(00000000000000000000000000000000) (0) (0) (00)   ;(00000000000000000000000000000000) (0) (0) (00)   ;(00000000000000000000000000000000) (0) (0) (00)   ;(00000000000000000000000000000000) (0) (0) (00)   ;
;5024;(00000000000000000000000000000000) (0) (0) (00)    ;(00000000000000000000000000000000) (0) (0) (00)   ;(00000000000000000000000000000000) (0) (0) (00)   ;(00000000000000000000000000000000) (0) (0) (00)   ;(00000000000000000000000000000000) (0) (0) (00)   ;(00000000000000000000000000000000) (0) (0) (00)   ;(00000000000000000000000000000000) (0) (0) (00)   ;(00000000000000000000000000000000) (0) (0) (00)   ;
;5032;(00000000000000000000000000000000) (0) (0) (00)    ;(00000000000000000000000000000000) (0) (0) (00)   ;(00000000000000000000000000000000) (0) (0) (00)   ;(00000000000000000000000000000000) (0) (0) (00)   ;(00000000000000000000000000000000) (0) (0) (00)   ;(00000000000000000000000000000000) (0) (0) (00)   ;(00000000000000000000000000000000) (0) (0) (00)   ;(00000000000000000000000000000000) (0) (0) (00)   ;
;5040;(00000000000000000000000000000000) (0) (0) (00)    ;(00000000000000000000000000000000) (0) (0) (00)   ;(00000000000000000000000000000000) (0) (0) (00)   ;(00000000000000000000000000000000) (0) (0) (00)   ;(00000000000000000000000000000000) (0) (0) (00)   ;(00000000000000000000000000000000) (0) (0) (00)   ;(00000000000000000000000000000000) (0) (0) (00)   ;(00000000000000000000000000000000) (0) (0) (00)   ;
;5048;(00000000000000000000000000000000) (0) (0) (00)    ;(00000000000000000000000000000000) (0) (0) (00)   ;(00000000000000000000000000000000) (0) (0) (00)   ;(00000000000000000000000000000000) (0) (0) (00)   ;(00000000000000000000000000000000) (0) (0) (00)   ;(00000000000000000000000000000000) (0) (0) (00)   ;(00000000000000000000000000000000) (0) (0) (00)   ;(00000000000000000000000000000000) (0) (0) (00)   ;
;5056;(00000000000000000000000000000000) (0) (0) (00)    ;(00000000000000000000000000000000) (0) (0) (00)   ;(00000000000000000000000000000000) (0) (0) (00)   ;(00000000000000000000000000000000) (0) (0) (00)   ;(00000000000000000000000000000000) (0) (0) (00)   ;(00000000000000000000000000000000) (0) (0) (00)   ;(00000000000000000000000000000000) (0) (0) (00)   ;(00000000000000000000000000000000) (0) (0) (00)   ;
;5064;(00000000000000000000000000000000) (0) (0) (00)    ;(00000000000000000000000000000000) (0) (0) (00)   ;(00000000000000000000000000000000) (0) (0) (00)   ;(00000000000000000000000000000000) (0) (0) (00)   ;(00000000000000000000000000000000) (0) (0) (00)   ;(00000000000000000000000000000000) (0) (0) (00)   ;(00000000000000000000000000000000) (0) (0) (00)   ;(00000000000000000000000000000000) (0) (0) (00)   ;
;5072;(00000000000000000000000000000000) (0) (0) (00)    ;(00000000000000000000000000000000) (0) (0) (00)   ;(00000000000000000000000000000000) (0) (0) (00)   ;(00000000000000000000000000000000) (0) (0) (00)   ;(00000000000000000000000000000000) (0) (0) (00)   ;(00000000000000000000000000000000) (0) (0) (00)   ;(00000000000000000000000000000000) (0) (0) (00)   ;(00000000000000000000000000000000) (0) (0) (00)   ;
;5080;(00000000000000000000000000000000) (0) (0) (00)    ;(00000000000000000000000000000000) (0) (0) (00)   ;(00000000000000000000000000000000) (0) (0) (00)   ;(00000000000000000000000000000000) (0) (0) (00)   ;(00000000000000000000000000000000) (0) (0) (00)   ;(00000000000000000000000000000000) (0) (0) (00)   ;(00000000000000000000000000000000) (0) (0) (00)   ;(00000000000000000000000000000000) (0) (0) (00)   ;
;5088;(00000000000000000000000000000000) (0) (0) (00)    ;(00000000000000000000000000000000) (0) (0) (00)   ;(00000000000000000000000000000000) (0) (0) (00)   ;(00000000000000000000000000000000) (0) (0) (00)   ;(00000000000000000000000000000000) (0) (0) (00)   ;(00000000000000000000000000000000) (0) (0) (00)   ;(00000000000000000000000000000000) (0) (0) (00)   ;(00000000000000000000000000000000) (0) (0) (00)   ;
;5096;(00000000000000000000000000000000) (0) (0) (00)    ;(00000000000000000000000000000000) (0) (0) (00)   ;(00000000000000000000000000000000) (0) (0) (00)   ;(00000000000000000000000000000000) (0) (0) (00)   ;(00000000000000000000000000000000) (0) (0) (00)   ;(00000000000000000000000000000000) (0) (0) (00)   ;(00000000000000000000000000000000) (0) (0) (00)   ;(00000000000000000000000000000000) (0) (0) (00)   ;
;5104;(00000000000000000000000000000000) (0) (0) (00)    ;(00000000000000000000000000000000) (0) (0) (00)   ;(00000000000000000000000000000000) (0) (0) (00)   ;(00000000000000000000000000000000) (0) (0) (00)   ;(00000000000000000000000000000000) (0) (0) (00)   ;(00000000000000000000000000000000) (0) (0) (00)   ;(00000000000000000000000000000000) (0) (0) (00)   ;(00000000000000000000000000000000) (0) (0) (00)   ;
;5112;(00000000000000000000000000000000) (0) (0) (00)    ;(00000000000000000000000000000000) (0) (0) (00)   ;(00000000000000000000000000000000) (0) (0) (00)   ;(00000000000000000000000000000000) (0) (0) (00)   ;(00000000000000000000000000000000) (0) (0) (00)   ;(00000000000000000000000000000000) (0) (0) (00)   ;(00000000000000000000000000000000) (0) (0) (00)   ;(00000000000000000000000000000000) (0) (0) (00)   ;
;5120;(00000000000000000000000000000000) (0) (0) (00)    ;(00000000000000000000000000000000) (0) (0) (00)   ;(00000000000000000000000000000000) (0) (0) (00)   ;(00000000000000000000000000000000) (0) (0) (00)   ;(00000000000000000000000000000000) (0) (0) (00)   ;(00000000000000000000000000000000) (0) (0) (00)   ;(00000000000000000000000000000000) (0) (0) (00)   ;(00000000000000000000000000000000) (0) (0) (00)   ;
;5128;(00000000000000000000000000000000) (0) (0) (00)    ;(00000000000000000000000000000000) (0) (0) (00)   ;(00000000000000000000000000000000) (0) (0) (00)   ;(00000000000000000000000000000000) (0) (0) (00)   ;(00000000000000000000000000000000) (0) (0) (00)   ;(00000000000000000000000000000000) (0) (0) (00)   ;(00000000000000000000000000000000) (0) (0) (00)   ;(00000000000000000000000000000000) (0) (0) (00)   ;
;5136;(00000000000000000000000000000000) (0) (0) (00)    ;(00000000000000000000000000000000) (0) (0) (00)   ;(00000000000000000000000000000000) (0) (0) (00)   ;(00000000000000000000000000000000) (0) (0) (00)   ;(00000000000000000000000000000000) (0) (0) (00)   ;(00000000000000000000000000000000) (0) (0) (00)   ;(00000000000000000000000000000000) (0) (0) (00)   ;(00000000000000000000000000000000) (0) (0) (00)   ;
;5144;(00000000000000000000000000000000) (0) (0) (00)    ;(00000000000000000000000000000000) (0) (0) (00)   ;(00000000000000000000000000000000) (0) (0) (00)   ;(00000000000000000000000000000000) (0) (0) (00)   ;(00000000000000000000000000000000) (0) (0) (00)   ;(00000000000000000000000000000000) (0) (0) (00)   ;(00000000000000000000000000000000) (0) (0) (00)   ;(00000000000000000000000000000000) (0) (0) (00)   ;
;5152;(00000000000000000000000000000000) (0) (0) (00)    ;(00000000000000000000000000000000) (0) (0) (00)   ;(00000000000000000000000000000000) (0) (0) (00)   ;(00000000000000000000000000000000) (0) (0) (00)   ;(00000000000000000000000000000000) (0) (0) (00)   ;(00000000000000000000000000000000) (0) (0) (00)   ;(00000000000000000000000000000000) (0) (0) (00)   ;(00000000000000000000000000000000) (0) (0) (00)   ;
;5160;(00000000000000000000000000000000) (0) (0) (00)    ;(00000000000000000000000000000000) (0) (0) (00)   ;(00000000000000000000000000000000) (0) (0) (00)   ;(00000000000000000000000000000000) (0) (0) (00)   ;(00000000000000000000000000000000) (0) (0) (00)   ;(00000000000000000000000000000000) (0) (0) (00)   ;(00000000000000000000000000000000) (0) (0) (00)   ;(00000000000000000000000000000000) (0) (0) (00)   ;
;5168;(00000000000000000000000000000000) (0) (0) (00)    ;(00000000000000000000000000000000) (0) (0) (00)   ;(00000000000000000000000000000000) (0) (0) (00)   ;(00000000000000000000000000000000) (0) (0) (00)   ;(00000000000000000000000000000000) (0) (0) (00)   ;(00000000000000000000000000000000) (0) (0) (00)   ;(00000000000000000000000000000000) (0) (0) (00)   ;(00000000000000000000000000000000) (0) (0) (00)   ;
;5176;(00000000000000000000000000000000) (0) (0) (00)    ;(00000000000000000000000000000000) (0) (0) (00)   ;(00000000000000000000000000000000) (0) (0) (00)   ;(00000000000000000000000000000000) (0) (0) (00)   ;(00000000000000000000000000000000) (0) (0) (00)   ;(00000000000000000000000000000000) (0) (0) (00)   ;(00000000000000000000000000000000) (0) (0) (00)   ;(00000000000000000000000000000000) (0) (0) (00)   ;
;5184;(00000000000000000000000000000000) (0) (0) (00)    ;(00000000000000000000000000000000) (0) (0) (00)   ;(00000000000000000000000000000000) (0) (0) (00)   ;(00000000000000000000000000000000) (0) (0) (00)   ;(00000000000000000000000000000000) (0) (0) (00)   ;(00000000000000000000000000000000) (0) (0) (00)   ;(00000000000000000000000000000000) (0) (0) (00)   ;(00000000000000000000000000000000) (0) (0) (00)   ;
;5192;(00000000000000000000000000000000) (0) (0) (00)    ;(00000000000000000000000000000000) (0) (0) (00)   ;(00000000000000000000000000000000) (0) (0) (00)   ;(00000000000000000000000000000000) (0) (0) (00)   ;(00000000000000000000000000000000) (0) (0) (00)   ;(00000000000000000000000000000000) (0) (0) (00)   ;(00000000000000000000000000000000) (0) (0) (00)   ;(00000000000000000000000000000000) (0) (0) (00)   ;
;5200;(00000000000000000000000000000000) (0) (0) (00)    ;(00000000000000000000000000000000) (0) (0) (00)   ;(00000000000000000000000000000000) (0) (0) (00)   ;(00000000000000000000000000000000) (0) (0) (00)   ;(00000000000000000000000000000000) (0) (0) (00)   ;(00000000000000000000000000000000) (0) (0) (00)   ;(00000000000000000000000000000000) (0) (0) (00)   ;(00000000000000000000000000000000) (0) (0) (00)   ;
;5208;(00000000000000000000000000000000) (0) (0) (00)    ;(00000000000000000000000000000000) (0) (0) (00)   ;(00000000000000000000000000000000) (0) (0) (00)   ;(00000000000000000000000000000000) (0) (0) (00)   ;(00000000000000000000000000000000) (0) (0) (00)   ;(00000000000000000000000000000000) (0) (0) (00)   ;(00000000000000000000000000000000) (0) (0) (00)   ;(00000000000000000000000000000000) (0) (0) (00)   ;
;5216;(00000000000000000000000000000000) (0) (0) (00)    ;(00000000000000000000000000000000) (0) (0) (00)   ;(00000000000000000000000000000000) (0) (0) (00)   ;(00000000000000000000000000000000) (0) (0) (00)   ;(00000000000000000000000000000000) (0) (0) (00)   ;(00000000000000000000000000000000) (0) (0) (00)   ;(00000000000000000000000000000000) (0) (0) (00)   ;(00000000000000000000000000000000) (0) (0) (00)   ;
;5224;(00000000000000000000000000000000) (0) (0) (00)    ;(00000000000000000000000000000000) (0) (0) (00)   ;(00000000000000000000000000000000) (0) (0) (00)   ;(00000000000000000000000000000000) (0) (0) (00)   ;(00000000000000000000000000000000) (0) (0) (00)   ;(00000000000000000000000000000000) (0) (0) (00)   ;(00000000000000000000000000000000) (0) (0) (00)   ;(00000000000000000000000000000000) (0) (0) (00)   ;
;5232;(00000000000000000000000000000000) (0) (0) (00)    ;(00000000000000000000000000000000) (0) (0) (00)   ;(00000000000000000000000000000000) (0) (0) (00)   ;(00000000000000000000000000000000) (0) (0) (00)   ;(00000000000000000000000000000000) (0) (0) (00)   ;(00000000000000000000000000000000) (0) (0) (00)   ;(00000000000000000000000000000000) (0) (0) (00)   ;(00000000000000000000000000000000) (0) (0) (00)   ;
;5240;(00000000000000000000000000000000) (0) (0) (00)    ;(00000000000000000000000000000000) (0) (0) (00)   ;(00000000000000000000000000000000) (0) (0) (00)   ;(00000000000000000000000000000000) (0) (0) (00)   ;(00000000000000000000000000000000) (0) (0) (00)   ;(00000000000000000000000000000000) (0) (0) (00)   ;(00000000000000000000000000000000) (0) (0) (00)   ;(00000000000000000000000000000000) (0) (0) (00)   ;
;5248;(00000000000000000000000000000000) (0) (0) (00)    ;(00000000000000000000000000000000) (0) (0) (00)   ;(00000000000000000000000000000000) (0) (0) (00)   ;(00000000000000000000000000000000) (0) (0) (00)   ;(00000000000000000000000000000000) (0) (0) (00)   ;(00000000000000000000000000000000) (0) (0) (00)   ;(00000000000000000000000000000000) (0) (0) (00)   ;(00000000000000000000000000000000) (0) (0) (00)   ;
;5256;(00000000000000000000000000000000) (0) (0) (00)    ;(00000000000000000000000000000000) (0) (0) (00)   ;(00000000000000000000000000000000) (0) (0) (00)   ;(00000000000000000000000000000000) (0) (0) (00)   ;(00000000000000000000000000000000) (0) (0) (00)   ;(00000000000000000000000000000000) (0) (0) (00)   ;(00000000000000000000000000000000) (0) (0) (00)   ;(00000000000000000000000000000000) (0) (0) (00)   ;
;5264;(00000000000000000000000000000000) (0) (0) (00)    ;(00000000000000000000000000000000) (0) (0) (00)   ;(00000000000000000000000000000000) (0) (0) (00)   ;(00000000000000000000000000000000) (0) (0) (00)   ;(00000000000000000000000000000000) (0) (0) (00)   ;(00000000000000000000000000000000) (0) (0) (00)   ;(00000000000000000000000000000000) (0) (0) (00)   ;(00000000000000000000000000000000) (0) (0) (00)   ;
;5272;(00000000000000000000000000000000) (0) (0) (00)    ;(00000000000000000000000000000000) (0) (0) (00)   ;(00000000000000000000000000000000) (0) (0) (00)   ;(00000000000000000000000000000000) (0) (0) (00)   ;(00000000000000000000000000000000) (0) (0) (00)   ;(00000000000000000000000000000000) (0) (0) (00)   ;(00000000000000000000000000000000) (0) (0) (00)   ;(00000000000000000000000000000000) (0) (0) (00)   ;
;5280;(00000000000000000000000000000000) (0) (0) (00)    ;(00000000000000000000000000000000) (0) (0) (00)   ;(00000000000000000000000000000000) (0) (0) (00)   ;(00000000000000000000000000000000) (0) (0) (00)   ;(00000000000000000000000000000000) (0) (0) (00)   ;(00000000000000000000000000000000) (0) (0) (00)   ;(00000000000000000000000000000000) (0) (0) (00)   ;(00000000000000000000000000000000) (0) (0) (00)   ;
;5288;(00000000000000000000000000000000) (0) (0) (00)    ;(00000000000000000000000000000000) (0) (0) (00)   ;(00000000000000000000000000000000) (0) (0) (00)   ;(00000000000000000000000000000000) (0) (0) (00)   ;(00000000000000000000000000000000) (0) (0) (00)   ;(00000000000000000000000000000000) (0) (0) (00)   ;(00000000000000000000000000000000) (0) (0) (00)   ;(00000000000000000000000000000000) (0) (0) (00)   ;
;5296;(00000000000000000000000000000000) (0) (0) (00)    ;(00000000000000000000000000000000) (0) (0) (00)   ;(00000000000000000000000000000000) (0) (0) (00)   ;(00000000000000000000000000000000) (0) (0) (00)   ;(00000000000000000000000000000000) (0) (0) (00)   ;(00000000000000000000000000000000) (0) (0) (00)   ;(00000000000000000000000000000000) (0) (0) (00)   ;(00000000000000000000000000000000) (0) (0) (00)   ;
;5304;(00000000000000000000000000000000) (0) (0) (00)    ;(00000000000000000000000000000000) (0) (0) (00)   ;(00000000000000000000000000000000) (0) (0) (00)   ;(00000000000000000000000000000000) (0) (0) (00)   ;(00000000000000000000000000000000) (0) (0) (00)   ;(00000000000000000000000000000000) (0) (0) (00)   ;(00000000000000000000000000000000) (0) (0) (00)   ;(00000000000000000000000000000000) (0) (0) (00)   ;
;5312;(00000000000000000000000000000000) (0) (0) (00)    ;(00000000000000000000000000000000) (0) (0) (00)   ;(00000000000000000000000000000000) (0) (0) (00)   ;(00000000000000000000000000000000) (0) (0) (00)   ;(00000000000000000000000000000000) (0) (0) (00)   ;(00000000000000000000000000000000) (0) (0) (00)   ;(00000000000000000000000000000000) (0) (0) (00)   ;(00000000000000000000000000000000) (0) (0) (00)   ;
;5320;(00000000000000000000000000000000) (0) (0) (00)    ;(00000000000000000000000000000000) (0) (0) (00)   ;(00000000000000000000000000000000) (0) (0) (00)   ;(00000000000000000000000000000000) (0) (0) (00)   ;(00000000000000000000000000000000) (0) (0) (00)   ;(00000000000000000000000000000000) (0) (0) (00)   ;(00000000000000000000000000000000) (0) (0) (00)   ;(00000000000000000000000000000000) (0) (0) (00)   ;
;5328;(00000000000000000000000000000000) (0) (0) (00)    ;(00000000000000000000000000000000) (0) (0) (00)   ;(00000000000000000000000000000000) (0) (0) (00)   ;(00000000000000000000000000000000) (0) (0) (00)   ;(00000000000000000000000000000000) (0) (0) (00)   ;(00000000000000000000000000000000) (0) (0) (00)   ;(00000000000000000000000000000000) (0) (0) (00)   ;(00000000000000000000000000000000) (0) (0) (00)   ;
;5336;(00000000000000000000000000000000) (0) (0) (00)    ;(00000000000000000000000000000000) (0) (0) (00)   ;(00000000000000000000000000000000) (0) (0) (00)   ;(00000000000000000000000000000000) (0) (0) (00)   ;(00000000000000000000000000000000) (0) (0) (00)   ;(00000000000000000000000000000000) (0) (0) (00)   ;(00000000000000000000000000000000) (0) (0) (00)   ;(00000000000000000000000000000000) (0) (0) (00)   ;
;5344;(00000000000000000000000000000000) (0) (0) (00)    ;(00000000000000000000000000000000) (0) (0) (00)   ;(00000000000000000000000000000000) (0) (0) (00)   ;(00000000000000000000000000000000) (0) (0) (00)   ;(00000000000000000000000000000000) (0) (0) (00)   ;(00000000000000000000000000000000) (0) (0) (00)   ;(00000000000000000000000000000000) (0) (0) (00)   ;(00000000000000000000000000000000) (0) (0) (00)   ;
;5352;(00000000000000000000000000000000) (0) (0) (00)    ;(00000000000000000000000000000000) (0) (0) (00)   ;(00000000000000000000000000000000) (0) (0) (00)   ;(00000000000000000000000000000000) (0) (0) (00)   ;(00000000000000000000000000000000) (0) (0) (00)   ;(00000000000000000000000000000000) (0) (0) (00)   ;(00000000000000000000000000000000) (0) (0) (00)   ;(00000000000000000000000000000000) (0) (0) (00)   ;
;5360;(00000000000000000000000000000000) (0) (0) (00)    ;(00000000000000000000000000000000) (0) (0) (00)   ;(00000000000000000000000000000000) (0) (0) (00)   ;(00000000000000000000000000000000) (0) (0) (00)   ;(00000000000000000000000000000000) (0) (0) (00)   ;(00000000000000000000000000000000) (0) (0) (00)   ;(00000000000000000000000000000000) (0) (0) (00)   ;(00000000000000000000000000000000) (0) (0) (00)   ;
;5368;(00000000000000000000000000000000) (0) (0) (00)    ;(00000000000000000000000000000000) (0) (0) (00)   ;(00000000000000000000000000000000) (0) (0) (00)   ;(00000000000000000000000000000000) (0) (0) (00)   ;(00000000000000000000000000000000) (0) (0) (00)   ;(00000000000000000000000000000000) (0) (0) (00)   ;(00000000000000000000000000000000) (0) (0) (00)   ;(00000000000000000000000000000000) (0) (0) (00)   ;
;5376;(00000000000000000000000000000000) (0) (0) (00)    ;(00000000000000000000000000000000) (0) (0) (00)   ;(00000000000000000000000000000000) (0) (0) (00)   ;(00000000000000000000000000000000) (0) (0) (00)   ;(00000000000000000000000000000000) (0) (0) (00)   ;(00000000000000000000000000000000) (0) (0) (00)   ;(00000000000000000000000000000000) (0) (0) (00)   ;(00000000000000000000000000000000) (0) (0) (00)   ;
;5384;(00000000000000000000000000000000) (0) (0) (00)    ;(00000000000000000000000000000000) (0) (0) (00)   ;(00000000000000000000000000000000) (0) (0) (00)   ;(00000000000000000000000000000000) (0) (0) (00)   ;(00000000000000000000000000000000) (0) (0) (00)   ;(00000000000000000000000000000000) (0) (0) (00)   ;(00000000000000000000000000000000) (0) (0) (00)   ;(00000000000000000000000000000000) (0) (0) (00)   ;
;5392;(00000000000000000000000000000000) (0) (0) (00)    ;(00000000000000000000000000000000) (0) (0) (00)   ;(00000000000000000000000000000000) (0) (0) (00)   ;(00000000000000000000000000000000) (0) (0) (00)   ;(00000000000000000000000000000000) (0) (0) (00)   ;(00000000000000000000000000000000) (0) (0) (00)   ;(00000000000000000000000000000000) (0) (0) (00)   ;(00000000000000000000000000000000) (0) (0) (00)   ;
;5400;(00000000000000000000000000000000) (0) (0) (00)    ;(00000000000000000000000000000000) (0) (0) (00)   ;(00000000000000000000000000000000) (0) (0) (00)   ;(00000000000000000000000000000000) (0) (0) (00)   ;(00000000000000000000000000000000) (0) (0) (00)   ;(00000000000000000000000000000000) (0) (0) (00)   ;(00000000000000000000000000000000) (0) (0) (00)   ;(00000000000000000000000000000000) (0) (0) (00)   ;
;5408;(00000000000000000000000000000000) (0) (0) (00)    ;(00000000000000000000000000000000) (0) (0) (00)   ;(00000000000000000000000000000000) (0) (0) (00)   ;(00000000000000000000000000000000) (0) (0) (00)   ;(00000000000000000000000000000000) (0) (0) (00)   ;(00000000000000000000000000000000) (0) (0) (00)   ;(00000000000000000000000000000000) (0) (0) (00)   ;(00000000000000000000000000000000) (0) (0) (00)   ;
;5416;(00000000000000000000000000000000) (0) (0) (00)    ;(00000000000000000000000000000000) (0) (0) (00)   ;(00000000000000000000000000000000) (0) (0) (00)   ;(00000000000000000000000000000000) (0) (0) (00)   ;(00000000000000000000000000000000) (0) (0) (00)   ;(00000000000000000000000000000000) (0) (0) (00)   ;(00000000000000000000000000000000) (0) (0) (00)   ;(00000000000000000000000000000000) (0) (0) (00)   ;
;5424;(00000000000000000000000000000000) (0) (0) (00)    ;(00000000000000000000000000000000) (0) (0) (00)   ;(00000000000000000000000000000000) (0) (0) (00)   ;(00000000000000000000000000000000) (0) (0) (00)   ;(00000000000000000000000000000000) (0) (0) (00)   ;(00000000000000000000000000000000) (0) (0) (00)   ;(00000000000000000000000000000000) (0) (0) (00)   ;(00000000000000000000000000000000) (0) (0) (00)   ;
;5432;(00000000000000000000000000000000) (0) (0) (00)    ;(00000000000000000000000000000000) (0) (0) (00)   ;(00000000000000000000000000000000) (0) (0) (00)   ;(00000000000000000000000000000000) (0) (0) (00)   ;(00000000000000000000000000000000) (0) (0) (00)   ;(00000000000000000000000000000000) (0) (0) (00)   ;(00000000000000000000000000000000) (0) (0) (00)   ;(00000000000000000000000000000000) (0) (0) (00)   ;
;5440;(00000000000000000000000000000000) (0) (0) (00)    ;(00000000000000000000000000000000) (0) (0) (00)   ;(00000000000000000000000000000000) (0) (0) (00)   ;(00000000000000000000000000000000) (0) (0) (00)   ;(00000000000000000000000000000000) (0) (0) (00)   ;(00000000000000000000000000000000) (0) (0) (00)   ;(00000000000000000000000000000000) (0) (0) (00)   ;(00000000000000000000000000000000) (0) (0) (00)   ;
;5448;(00000000000000000000000000000000) (0) (0) (00)    ;(00000000000000000000000000000000) (0) (0) (00)   ;(00000000000000000000000000000000) (0) (0) (00)   ;(00000000000000000000000000000000) (0) (0) (00)   ;(00000000000000000000000000000000) (0) (0) (00)   ;(00000000000000000000000000000000) (0) (0) (00)   ;(00000000000000000000000000000000) (0) (0) (00)   ;(00000000000000000000000000000000) (0) (0) (00)   ;
;5456;(00000000000000000000000000000000) (0) (0) (00)    ;(00000000000000000000000000000000) (0) (0) (00)   ;(00000000000000000000000000000000) (0) (0) (00)   ;(00000000000000000000000000000000) (0) (0) (00)   ;(00000000000000000000000000000000) (0) (0) (00)   ;(00000000000000000000000000000000) (0) (0) (00)   ;(00000000000000000000000000000000) (0) (0) (00)   ;(00000000000000000000000000000000) (0) (0) (00)   ;
;5464;(00000000000000000000000000000000) (0) (0) (00)    ;(00000000000000000000000000000000) (0) (0) (00)   ;(00000000000000000000000000000000) (0) (0) (00)   ;(00000000000000000000000000000000) (0) (0) (00)   ;(00000000000000000000000000000000) (0) (0) (00)   ;(00000000000000000000000000000000) (0) (0) (00)   ;(00000000000000000000000000000000) (0) (0) (00)   ;(00000000000000000000000000000000) (0) (0) (00)   ;
;5472;(00000000000000000000000000000000) (0) (0) (00)    ;(00000000000000000000000000000000) (0) (0) (00)   ;(00000000000000000000000000000000) (0) (0) (00)   ;(00000000000000000000000000000000) (0) (0) (00)   ;(00000000000000000000000000000000) (0) (0) (00)   ;(00000000000000000000000000000000) (0) (0) (00)   ;(00000000000000000000000000000000) (0) (0) (00)   ;(00000000000000000000000000000000) (0) (0) (00)   ;
;5480;(00000000000000000000000000000000) (0) (0) (00)    ;(00000000000000000000000000000000) (0) (0) (00)   ;(00000000000000000000000000000000) (0) (0) (00)   ;(00000000000000000000000000000000) (0) (0) (00)   ;(00000000000000000000000000000000) (0) (0) (00)   ;(00000000000000000000000000000000) (0) (0) (00)   ;(00000000000000000000000000000000) (0) (0) (00)   ;(00000000000000000000000000000000) (0) (0) (00)   ;
;5488;(00000000000000000000000000000000) (0) (0) (00)    ;(00000000000000000000000000000000) (0) (0) (00)   ;(00000000000000000000000000000000) (0) (0) (00)   ;(00000000000000000000000000000000) (0) (0) (00)   ;(00000000000000000000000000000000) (0) (0) (00)   ;(00000000000000000000000000000000) (0) (0) (00)   ;(00000000000000000000000000000000) (0) (0) (00)   ;(00000000000000000000000000000000) (0) (0) (00)   ;
;5496;(00000000000000000000000000000000) (0) (0) (00)    ;(00000000000000000000000000000000) (0) (0) (00)   ;(00000000000000000000000000000000) (0) (0) (00)   ;(00000000000000000000000000000000) (0) (0) (00)   ;(00000000000000000000000000000000) (0) (0) (00)   ;(00000000000000000000000000000000) (0) (0) (00)   ;(00000000000000000000000000000000) (0) (0) (00)   ;(00000000000000000000000000000000) (0) (0) (00)   ;
;5504;(00000000000000000000000000000000) (0) (0) (00)    ;(00000000000000000000000000000000) (0) (0) (00)   ;(00000000000000000000000000000000) (0) (0) (00)   ;(00000000000000000000000000000000) (0) (0) (00)   ;(00000000000000000000000000000000) (0) (0) (00)   ;(00000000000000000000000000000000) (0) (0) (00)   ;(00000000000000000000000000000000) (0) (0) (00)   ;(00000000000000000000000000000000) (0) (0) (00)   ;
;5512;(00000000000000000000000000000000) (0) (0) (00)    ;(00000000000000000000000000000000) (0) (0) (00)   ;(00000000000000000000000000000000) (0) (0) (00)   ;(00000000000000000000000000000000) (0) (0) (00)   ;(00000000000000000000000000000000) (0) (0) (00)   ;(00000000000000000000000000000000) (0) (0) (00)   ;(00000000000000000000000000000000) (0) (0) (00)   ;(00000000000000000000000000000000) (0) (0) (00)   ;
;5520;(00000000000000000000000000000000) (0) (0) (00)    ;(00000000000000000000000000000000) (0) (0) (00)   ;(00000000000000000000000000000000) (0) (0) (00)   ;(00000000000000000000000000000000) (0) (0) (00)   ;(00000000000000000000000000000000) (0) (0) (00)   ;(00000000000000000000000000000000) (0) (0) (00)   ;(00000000000000000000000000000000) (0) (0) (00)   ;(00000000000000000000000000000000) (0) (0) (00)   ;
;5528;(00000000000000000000000000000000) (0) (0) (00)    ;(00000000000000000000000000000000) (0) (0) (00)   ;(00000000000000000000000000000000) (0) (0) (00)   ;(00000000000000000000000000000000) (0) (0) (00)   ;(00000000000000000000000000000000) (0) (0) (00)   ;(00000000000000000000000000000000) (0) (0) (00)   ;(00000000000000000000000000000000) (0) (0) (00)   ;(00000000000000000000000000000000) (0) (0) (00)   ;
;5536;(00000000000000000000000000000000) (0) (0) (00)    ;(00000000000000000000000000000000) (0) (0) (00)   ;(00000000000000000000000000000000) (0) (0) (00)   ;(00000000000000000000000000000000) (0) (0) (00)   ;(00000000000000000000000000000000) (0) (0) (00)   ;(00000000000000000000000000000000) (0) (0) (00)   ;(00000000000000000000000000000000) (0) (0) (00)   ;(00000000000000000000000000000000) (0) (0) (00)   ;
;5544;(00000000000000000000000000000000) (0) (0) (00)    ;(00000000000000000000000000000000) (0) (0) (00)   ;(00000000000000000000000000000000) (0) (0) (00)   ;(00000000000000000000000000000000) (0) (0) (00)   ;(00000000000000000000000000000000) (0) (0) (00)   ;(00000000000000000000000000000000) (0) (0) (00)   ;(00000000000000000000000000000000) (0) (0) (00)   ;(00000000000000000000000000000000) (0) (0) (00)   ;
;5552;(00000000000000000000000000000000) (0) (0) (00)    ;(00000000000000000000000000000000) (0) (0) (00)   ;(00000000000000000000000000000000) (0) (0) (00)   ;(00000000000000000000000000000000) (0) (0) (00)   ;(00000000000000000000000000000000) (0) (0) (00)   ;(00000000000000000000000000000000) (0) (0) (00)   ;(00000000000000000000000000000000) (0) (0) (00)   ;(00000000000000000000000000000000) (0) (0) (00)   ;
;5560;(00000000000000000000000000000000) (0) (0) (00)    ;(00000000000000000000000000000000) (0) (0) (00)   ;(00000000000000000000000000000000) (0) (0) (00)   ;(00000000000000000000000000000000) (0) (0) (00)   ;(00000000000000000000000000000000) (0) (0) (00)   ;(00000000000000000000000000000000) (0) (0) (00)   ;(00000000000000000000000000000000) (0) (0) (00)   ;(00000000000000000000000000000000) (0) (0) (00)   ;
;5568;(00000000000000000000000000000000) (0) (0) (00)    ;(00000000000000000000000000000000) (0) (0) (00)   ;(00000000000000000000000000000000) (0) (0) (00)   ;(00000000000000000000000000000000) (0) (0) (00)   ;(00000000000000000000000000000000) (0) (0) (00)   ;(00000000000000000000000000000000) (0) (0) (00)   ;(00000000000000000000000000000000) (0) (0) (00)   ;(00000000000000000000000000000000) (0) (0) (00)   ;
;5576;(00000000000000000000000000000000) (0) (0) (00)    ;(00000000000000000000000000000000) (0) (0) (00)   ;(00000000000000000000000000000000) (0) (0) (00)   ;(00000000000000000000000000000000) (0) (0) (00)   ;(00000000000000000000000000000000) (0) (0) (00)   ;(00000000000000000000000000000000) (0) (0) (00)   ;(00000000000000000000000000000000) (0) (0) (00)   ;(00000000000000000000000000000000) (0) (0) (00)   ;
;5584;(00000000000000000000000000000000) (0) (0) (00)    ;(00000000000000000000000000000000) (0) (0) (00)   ;(00000000000000000000000000000000) (0) (0) (00)   ;(00000000000000000000000000000000) (0) (0) (00)   ;(00000000000000000000000000000000) (0) (0) (00)   ;(00000000000000000000000000000000) (0) (0) (00)   ;(00000000000000000000000000000000) (0) (0) (00)   ;(00000000000000000000000000000000) (0) (0) (00)   ;
;5592;(00000000000000000000000000000000) (0) (0) (00)    ;(00000000000000000000000000000000) (0) (0) (00)   ;(00000000000000000000000000000000) (0) (0) (00)   ;(00000000000000000000000000000000) (0) (0) (00)   ;(00000000000000000000000000000000) (0) (0) (00)   ;(00000000000000000000000000000000) (0) (0) (00)   ;(00000000000000000000000000000000) (0) (0) (00)   ;(00000000000000000000000000000000) (0) (0) (00)   ;
;5600;(00000000000000000000000000000000) (0) (0) (00)    ;(00000000000000000000000000000000) (0) (0) (00)   ;(00000000000000000000000000000000) (0) (0) (00)   ;(00000000000000000000000000000000) (0) (0) (00)   ;(00000000000000000000000000000000) (0) (0) (00)   ;(00000000000000000000000000000000) (0) (0) (00)   ;(00000000000000000000000000000000) (0) (0) (00)   ;(00000000000000000000000000000000) (0) (0) (00)   ;
;5608;(00000000000000000000000000000000) (0) (0) (00)    ;(00000000000000000000000000000000) (0) (0) (00)   ;(00000000000000000000000000000000) (0) (0) (00)   ;(00000000000000000000000000000000) (0) (0) (00)   ;(00000000000000000000000000000000) (0) (0) (00)   ;(00000000000000000000000000000000) (0) (0) (00)   ;(00000000000000000000000000000000) (0) (0) (00)   ;(00000000000000000000000000000000) (0) (0) (00)   ;
;5616;(00000000000000000000000000000000) (0) (0) (00)    ;(00000000000000000000000000000000) (0) (0) (00)   ;(00000000000000000000000000000000) (0) (0) (00)   ;(00000000000000000000000000000000) (0) (0) (00)   ;(00000000000000000000000000000000) (0) (0) (00)   ;(00000000000000000000000000000000) (0) (0) (00)   ;(00000000000000000000000000000000) (0) (0) (00)   ;(00000000000000000000000000000000) (0) (0) (00)   ;
;5624;(00000000000000000000000000000000) (0) (0) (00)    ;(00000000000000000000000000000000) (0) (0) (00)   ;(00000000000000000000000000000000) (0) (0) (00)   ;(00000000000000000000000000000000) (0) (0) (00)   ;(00000000000000000000000000000000) (0) (0) (00)   ;(00000000000000000000000000000000) (0) (0) (00)   ;(00000000000000000000000000000000) (0) (0) (00)   ;(00000000000000000000000000000000) (0) (0) (00)   ;
;5632;(00000000000000000000000000000000) (0) (0) (00)    ;(00000000000000000000000000000000) (0) (0) (00)   ;(00000000000000000000000000000000) (0) (0) (00)   ;(00000000000000000000000000000000) (0) (0) (00)   ;(00000000000000000000000000000000) (0) (0) (00)   ;(00000000000000000000000000000000) (0) (0) (00)   ;(00000000000000000000000000000000) (0) (0) (00)   ;(00000000000000000000000000000000) (0) (0) (00)   ;
;5640;(00000000000000000000000000000000) (0) (0) (00)    ;(00000000000000000000000000000000) (0) (0) (00)   ;(00000000000000000000000000000000) (0) (0) (00)   ;(00000000000000000000000000000000) (0) (0) (00)   ;(00000000000000000000000000000000) (0) (0) (00)   ;(00000000000000000000000000000000) (0) (0) (00)   ;(00000000000000000000000000000000) (0) (0) (00)   ;(00000000000000000000000000000000) (0) (0) (00)   ;
;5648;(00000000000000000000000000000000) (0) (0) (00)    ;(00000000000000000000000000000000) (0) (0) (00)   ;(00000000000000000000000000000000) (0) (0) (00)   ;(00000000000000000000000000000000) (0) (0) (00)   ;(00000000000000000000000000000000) (0) (0) (00)   ;(00000000000000000000000000000000) (0) (0) (00)   ;(00000000000000000000000000000000) (0) (0) (00)   ;(00000000000000000000000000000000) (0) (0) (00)   ;
;5656;(00000000000000000000000000000000) (0) (0) (00)    ;(00000000000000000000000000000000) (0) (0) (00)   ;(00000000000000000000000000000000) (0) (0) (00)   ;(00000000000000000000000000000000) (0) (0) (00)   ;(00000000000000000000000000000000) (0) (0) (00)   ;(00000000000000000000000000000000) (0) (0) (00)   ;(00000000000000000000000000000000) (0) (0) (00)   ;(00000000000000000000000000000000) (0) (0) (00)   ;
;5664;(00000000000000000000000000000000) (0) (0) (00)    ;(00000000000000000000000000000000) (0) (0) (00)   ;(00000000000000000000000000000000) (0) (0) (00)   ;(00000000000000000000000000000000) (0) (0) (00)   ;(00000000000000000000000000000000) (0) (0) (00)   ;(00000000000000000000000000000000) (0) (0) (00)   ;(00000000000000000000000000000000) (0) (0) (00)   ;(00000000000000000000000000000000) (0) (0) (00)   ;
;5672;(00000000000000000000000000000000) (0) (0) (00)    ;(00000000000000000000000000000000) (0) (0) (00)   ;(00000000000000000000000000000000) (0) (0) (00)   ;(00000000000000000000000000000000) (0) (0) (00)   ;(00000000000000000000000000000000) (0) (0) (00)   ;(00000000000000000000000000000000) (0) (0) (00)   ;(00000000000000000000000000000000) (0) (0) (00)   ;(00000000000000000000000000000000) (0) (0) (00)   ;
;5680;(00000000000000000000000000000000) (0) (0) (00)    ;(00000000000000000000000000000000) (0) (0) (00)   ;(00000000000000000000000000000000) (0) (0) (00)   ;(00000000000000000000000000000000) (0) (0) (00)   ;(00000000000000000000000000000000) (0) (0) (00)   ;(00000000000000000000000000000000) (0) (0) (00)   ;(00000000000000000000000000000000) (0) (0) (00)   ;(00000000000000000000000000000000) (0) (0) (00)   ;
;5688;(00000000000000000000000000000000) (0) (0) (00)    ;(00000000000000000000000000000000) (0) (0) (00)   ;(00000000000000000000000000000000) (0) (0) (00)   ;(00000000000000000000000000000000) (0) (0) (00)   ;(00000000000000000000000000000000) (0) (0) (00)   ;(00000000000000000000000000000000) (0) (0) (00)   ;(00000000000000000000000000000000) (0) (0) (00)   ;(00000000000000000000000000000000) (0) (0) (00)   ;
;5696;(00000000000000000000000000000000) (0) (0) (00)    ;(00000000000000000000000000000000) (0) (0) (00)   ;(00000000000000000000000000000000) (0) (0) (00)   ;(00000000000000000000000000000000) (0) (0) (00)   ;(00000000000000000000000000000000) (0) (0) (00)   ;(00000000000000000000000000000000) (0) (0) (00)   ;(00000000000000000000000000000000) (0) (0) (00)   ;(00000000000000000000000000000000) (0) (0) (00)   ;
;5704;(00000000000000000000000000000000) (0) (0) (00)    ;(00000000000000000000000000000000) (0) (0) (00)   ;(00000000000000000000000000000000) (0) (0) (00)   ;(00000000000000000000000000000000) (0) (0) (00)   ;(00000000000000000000000000000000) (0) (0) (00)   ;(00000000000000000000000000000000) (0) (0) (00)   ;(00000000000000000000000000000000) (0) (0) (00)   ;(00000000000000000000000000000000) (0) (0) (00)   ;
;5712;(00000000000000000000000000000000) (0) (0) (00)    ;(00000000000000000000000000000000) (0) (0) (00)   ;(00000000000000000000000000000000) (0) (0) (00)   ;(00000000000000000000000000000000) (0) (0) (00)   ;(00000000000000000000000000000000) (0) (0) (00)   ;(00000000000000000000000000000000) (0) (0) (00)   ;(00000000000000000000000000000000) (0) (0) (00)   ;(00000000000000000000000000000000) (0) (0) (00)   ;
;5720;(00000000000000000000000000000000) (0) (0) (00)    ;(00000000000000000000000000000000) (0) (0) (00)   ;(00000000000000000000000000000000) (0) (0) (00)   ;(00000000000000000000000000000000) (0) (0) (00)   ;(00000000000000000000000000000000) (0) (0) (00)   ;(00000000000000000000000000000000) (0) (0) (00)   ;(00000000000000000000000000000000) (0) (0) (00)   ;(00000000000000000000000000000000) (0) (0) (00)   ;
;5728;(00000000000000000000000000000000) (0) (0) (00)    ;(00000000000000000000000000000000) (0) (0) (00)   ;(00000000000000000000000000000000) (0) (0) (00)   ;(00000000000000000000000000000000) (0) (0) (00)   ;(00000000000000000000000000000000) (0) (0) (00)   ;(00000000000000000000000000000000) (0) (0) (00)   ;(00000000000000000000000000000000) (0) (0) (00)   ;(00000000000000000000000000000000) (0) (0) (00)   ;
;5736;(00000000000000000000000000000000) (0) (0) (00)    ;(00000000000000000000000000000000) (0) (0) (00)   ;(00000000000000000000000000000000) (0) (0) (00)   ;(00000000000000000000000000000000) (0) (0) (00)   ;(00000000000000000000000000000000) (0) (0) (00)   ;(00000000000000000000000000000000) (0) (0) (00)   ;(00000000000000000000000000000000) (0) (0) (00)   ;(00000000000000000000000000000000) (0) (0) (00)   ;
;5744;(00000000000000000000000000000000) (0) (0) (00)    ;(00000000000000000000000000000000) (0) (0) (00)   ;(00000000000000000000000000000000) (0) (0) (00)   ;(00000000000000000000000000000000) (0) (0) (00)   ;(00000000000000000000000000000000) (0) (0) (00)   ;(00000000000000000000000000000000) (0) (0) (00)   ;(00000000000000000000000000000000) (0) (0) (00)   ;(00000000000000000000000000000000) (0) (0) (00)   ;
;5752;(00000000000000000000000000000000) (0) (0) (00)    ;(00000000000000000000000000000000) (0) (0) (00)   ;(00000000000000000000000000000000) (0) (0) (00)   ;(00000000000000000000000000000000) (0) (0) (00)   ;(00000000000000000000000000000000) (0) (0) (00)   ;(00000000000000000000000000000000) (0) (0) (00)   ;(00000000000000000000000000000000) (0) (0) (00)   ;(00000000000000000000000000000000) (0) (0) (00)   ;
;5760;(00000000000000000000000000000000) (0) (0) (00)    ;(00000000000000000000000000000000) (0) (0) (00)   ;(00000000000000000000000000000000) (0) (0) (00)   ;(00000000000000000000000000000000) (0) (0) (00)   ;(00000000000000000000000000000000) (0) (0) (00)   ;(00000000000000000000000000000000) (0) (0) (00)   ;(00000000000000000000000000000000) (0) (0) (00)   ;(00000000000000000000000000000000) (0) (0) (00)   ;
;5768;(00000000000000000000000000000000) (0) (0) (00)    ;(00000000000000000000000000000000) (0) (0) (00)   ;(00000000000000000000000000000000) (0) (0) (00)   ;(00000000000000000000000000000000) (0) (0) (00)   ;(00000000000000000000000000000000) (0) (0) (00)   ;(00000000000000000000000000000000) (0) (0) (00)   ;(00000000000000000000000000000000) (0) (0) (00)   ;(00000000000000000000000000000000) (0) (0) (00)   ;
;5776;(00000000000000000000000000000000) (0) (0) (00)    ;(00000000000000000000000000000000) (0) (0) (00)   ;(00000000000000000000000000000000) (0) (0) (00)   ;(00000000000000000000000000000000) (0) (0) (00)   ;(00000000000000000000000000000000) (0) (0) (00)   ;(00000000000000000000000000000000) (0) (0) (00)   ;(00000000000000000000000000000000) (0) (0) (00)   ;(00000000000000000000000000000000) (0) (0) (00)   ;
;5784;(00000000000000000000000000000000) (0) (0) (00)    ;(00000000000000000000000000000000) (0) (0) (00)   ;(00000000000000000000000000000000) (0) (0) (00)   ;(00000000000000000000000000000000) (0) (0) (00)   ;(00000000000000000000000000000000) (0) (0) (00)   ;(00000000000000000000000000000000) (0) (0) (00)   ;(00000000000000000000000000000000) (0) (0) (00)   ;(00000000000000000000000000000000) (0) (0) (00)   ;
;5792;(00000000000000000000000000000000) (0) (0) (00)    ;(00000000000000000000000000000000) (0) (0) (00)   ;(00000000000000000000000000000000) (0) (0) (00)   ;(00000000000000000000000000000000) (0) (0) (00)   ;(00000000000000000000000000000000) (0) (0) (00)   ;(00000000000000000000000000000000) (0) (0) (00)   ;(00000000000000000000000000000000) (0) (0) (00)   ;(00000000000000000000000000000000) (0) (0) (00)   ;
;5800;(00000000000000000000000000000000) (0) (0) (00)    ;(00000000000000000000000000000000) (0) (0) (00)   ;(00000000000000000000000000000000) (0) (0) (00)   ;(00000000000000000000000000000000) (0) (0) (00)   ;(00000000000000000000000000000000) (0) (0) (00)   ;(00000000000000000000000000000000) (0) (0) (00)   ;(00000000000000000000000000000000) (0) (0) (00)   ;(00000000000000000000000000000000) (0) (0) (00)   ;
;5808;(00000000000000000000000000000000) (0) (0) (00)    ;(00000000000000000000000000000000) (0) (0) (00)   ;(00000000000000000000000000000000) (0) (0) (00)   ;(00000000000000000000000000000000) (0) (0) (00)   ;(00000000000000000000000000000000) (0) (0) (00)   ;(00000000000000000000000000000000) (0) (0) (00)   ;(00000000000000000000000000000000) (0) (0) (00)   ;(00000000000000000000000000000000) (0) (0) (00)   ;
;5816;(00000000000000000000000000000000) (0) (0) (00)    ;(00000000000000000000000000000000) (0) (0) (00)   ;(00000000000000000000000000000000) (0) (0) (00)   ;(00000000000000000000000000000000) (0) (0) (00)   ;(00000000000000000000000000000000) (0) (0) (00)   ;(00000000000000000000000000000000) (0) (0) (00)   ;(00000000000000000000000000000000) (0) (0) (00)   ;(00000000000000000000000000000000) (0) (0) (00)   ;
;5824;(00000000000000000000000000000000) (0) (0) (00)    ;(00000000000000000000000000000000) (0) (0) (00)   ;(00000000000000000000000000000000) (0) (0) (00)   ;(00000000000000000000000000000000) (0) (0) (00)   ;(00000000000000000000000000000000) (0) (0) (00)   ;(00000000000000000000000000000000) (0) (0) (00)   ;(00000000000000000000000000000000) (0) (0) (00)   ;(00000000000000000000000000000000) (0) (0) (00)   ;
;5832;(00000000000000000000000000000000) (0) (0) (00)    ;(00000000000000000000000000000000) (0) (0) (00)   ;(00000000000000000000000000000000) (0) (0) (00)   ;(00000000000000000000000000000000) (0) (0) (00)   ;(00000000000000000000000000000000) (0) (0) (00)   ;(00000000000000000000000000000000) (0) (0) (00)   ;(00000000000000000000000000000000) (0) (0) (00)   ;(00000000000000000000000000000000) (0) (0) (00)   ;
;5840;(00000000000000000000000000000000) (0) (0) (00)    ;(00000000000000000000000000000000) (0) (0) (00)   ;(00000000000000000000000000000000) (0) (0) (00)   ;(00000000000000000000000000000000) (0) (0) (00)   ;(00000000000000000000000000000000) (0) (0) (00)   ;(00000000000000000000000000000000) (0) (0) (00)   ;(00000000000000000000000000000000) (0) (0) (00)   ;(00000000000000000000000000000000) (0) (0) (00)   ;
;5848;(00000000000000000000000000000000) (0) (0) (00)    ;(00000000000000000000000000000000) (0) (0) (00)   ;(00000000000000000000000000000000) (0) (0) (00)   ;(00000000000000000000000000000000) (0) (0) (00)   ;(00000000000000000000000000000000) (0) (0) (00)   ;(00000000000000000000000000000000) (0) (0) (00)   ;(00000000000000000000000000000000) (0) (0) (00)   ;(00000000000000000000000000000000) (0) (0) (00)   ;
;5856;(00000000000000000000000000000000) (0) (0) (00)    ;(00000000000000000000000000000000) (0) (0) (00)   ;(00000000000000000000000000000000) (0) (0) (00)   ;(00000000000000000000000000000000) (0) (0) (00)   ;(00000000000000000000000000000000) (0) (0) (00)   ;(00000000000000000000000000000000) (0) (0) (00)   ;(00000000000000000000000000000000) (0) (0) (00)   ;(00000000000000000000000000000000) (0) (0) (00)   ;
;5864;(00000000000000000000000000000000) (0) (0) (00)    ;(00000000000000000000000000000000) (0) (0) (00)   ;(00000000000000000000000000000000) (0) (0) (00)   ;(00000000000000000000000000000000) (0) (0) (00)   ;(00000000000000000000000000000000) (0) (0) (00)   ;(00000000000000000000000000000000) (0) (0) (00)   ;(00000000000000000000000000000000) (0) (0) (00)   ;(00000000000000000000000000000000) (0) (0) (00)   ;
;5872;(00000000000000000000000000000000) (0) (0) (00)    ;(00000000000000000000000000000000) (0) (0) (00)   ;(00000000000000000000000000000000) (0) (0) (00)   ;(00000000000000000000000000000000) (0) (0) (00)   ;(00000000000000000000000000000000) (0) (0) (00)   ;(00000000000000000000000000000000) (0) (0) (00)   ;(00000000000000000000000000000000) (0) (0) (00)   ;(00000000000000000000000000000000) (0) (0) (00)   ;
;5880;(00000000000000000000000000000000) (0) (0) (00)    ;(00000000000000000000000000000000) (0) (0) (00)   ;(00000000000000000000000000000000) (0) (0) (00)   ;(00000000000000000000000000000000) (0) (0) (00)   ;(00000000000000000000000000000000) (0) (0) (00)   ;(00000000000000000000000000000000) (0) (0) (00)   ;(00000000000000000000000000000000) (0) (0) (00)   ;(00000000000000000000000000000000) (0) (0) (00)   ;
;5888;(00000000000000000000000000000000) (0) (0) (00)    ;(00000000000000000000000000000000) (0) (0) (00)   ;(00000000000000000000000000000000) (0) (0) (00)   ;(00000000000000000000000000000000) (0) (0) (00)   ;(00000000000000000000000000000000) (0) (0) (00)   ;(00000000000000000000000000000000) (0) (0) (00)   ;(00000000000000000000000000000000) (0) (0) (00)   ;(00000000000000000000000000000000) (0) (0) (00)   ;
;5896;(00000000000000000000000000000000) (0) (0) (00)    ;(00000000000000000000000000000000) (0) (0) (00)   ;(00000000000000000000000000000000) (0) (0) (00)   ;(00000000000000000000000000000000) (0) (0) (00)   ;(00000000000000000000000000000000) (0) (0) (00)   ;(00000000000000000000000000000000) (0) (0) (00)   ;(00000000000000000000000000000000) (0) (0) (00)   ;(00000000000000000000000000000000) (0) (0) (00)   ;
;5904;(00000000000000000000000000000000) (0) (0) (00)    ;(00000000000000000000000000000000) (0) (0) (00)   ;(00000000000000000000000000000000) (0) (0) (00)   ;(00000000000000000000000000000000) (0) (0) (00)   ;(00000000000000000000000000000000) (0) (0) (00)   ;(00000000000000000000000000000000) (0) (0) (00)   ;(00000000000000000000000000000000) (0) (0) (00)   ;(00000000000000000000000000000000) (0) (0) (00)   ;
;5912;(00000000000000000000000000000000) (0) (0) (00)    ;(00000000000000000000000000000000) (0) (0) (00)   ;(00000000000000000000000000000000) (0) (0) (00)   ;(00000000000000000000000000000000) (0) (0) (00)   ;(00000000000000000000000000000000) (0) (0) (00)   ;(00000000000000000000000000000000) (0) (0) (00)   ;(00000000000000000000000000000000) (0) (0) (00)   ;(00000000000000000000000000000000) (0) (0) (00)   ;
;5920;(00000000000000000000000000000000) (0) (0) (00)    ;(00000000000000000000000000000000) (0) (0) (00)   ;(00000000000000000000000000000000) (0) (0) (00)   ;(00000000000000000000000000000000) (0) (0) (00)   ;(00000000000000000000000000000000) (0) (0) (00)   ;(00000000000000000000000000000000) (0) (0) (00)   ;(00000000000000000000000000000000) (0) (0) (00)   ;(00000000000000000000000000000000) (0) (0) (00)   ;
;5928;(00000000000000000000000000000000) (0) (0) (00)    ;(00000000000000000000000000000000) (0) (0) (00)   ;(00000000000000000000000000000000) (0) (0) (00)   ;(00000000000000000000000000000000) (0) (0) (00)   ;(00000000000000000000000000000000) (0) (0) (00)   ;(00000000000000000000000000000000) (0) (0) (00)   ;(00000000000000000000000000000000) (0) (0) (00)   ;(00000000000000000000000000000000) (0) (0) (00)   ;
;5936;(00000000000000000000000000000000) (0) (0) (00)    ;(00000000000000000000000000000000) (0) (0) (00)   ;(00000000000000000000000000000000) (0) (0) (00)   ;(00000000000000000000000000000000) (0) (0) (00)   ;(00000000000000000000000000000000) (0) (0) (00)   ;(00000000000000000000000000000000) (0) (0) (00)   ;(00000000000000000000000000000000) (0) (0) (00)   ;(00000000000000000000000000000000) (0) (0) (00)   ;
;5944;(00000000000000000000000000000000) (0) (0) (00)    ;(00000000000000000000000000000000) (0) (0) (00)   ;(00000000000000000000000000000000) (0) (0) (00)   ;(00000000000000000000000000000000) (0) (0) (00)   ;(00000000000000000000000000000000) (0) (0) (00)   ;(00000000000000000000000000000000) (0) (0) (00)   ;(00000000000000000000000000000000) (0) (0) (00)   ;(00000000000000000000000000000000) (0) (0) (00)   ;
;5952;(00000000000000000000000000000000) (0) (0) (00)    ;(00000000000000000000000000000000) (0) (0) (00)   ;(00000000000000000000000000000000) (0) (0) (00)   ;(00000000000000000000000000000000) (0) (0) (00)   ;(00000000000000000000000000000000) (0) (0) (00)   ;(00000000000000000000000000000000) (0) (0) (00)   ;(00000000000000000000000000000000) (0) (0) (00)   ;(00000000000000000000000000000000) (0) (0) (00)   ;
;5960;(00000000000000000000000000000000) (0) (0) (00)    ;(00000000000000000000000000000000) (0) (0) (00)   ;(00000000000000000000000000000000) (0) (0) (00)   ;(00000000000000000000000000000000) (0) (0) (00)   ;(00000000000000000000000000000000) (0) (0) (00)   ;(00000000000000000000000000000000) (0) (0) (00)   ;(00000000000000000000000000000000) (0) (0) (00)   ;(00000000000000000000000000000000) (0) (0) (00)   ;
;5968;(00000000000000000000000000000000) (0) (0) (00)    ;(00000000000000000000000000000000) (0) (0) (00)   ;(00000000000000000000000000000000) (0) (0) (00)   ;(00000000000000000000000000000000) (0) (0) (00)   ;(00000000000000000000000000000000) (0) (0) (00)   ;(00000000000000000000000000000000) (0) (0) (00)   ;(00000000000000000000000000000000) (0) (0) (00)   ;(00000000000000000000000000000000) (0) (0) (00)   ;
;5976;(00000000000000000000000000000000) (0) (0) (00)    ;(00000000000000000000000000000000) (0) (0) (00)   ;(00000000000000000000000000000000) (0) (0) (00)   ;(00000000000000000000000000000000) (0) (0) (00)   ;(00000000000000000000000000000000) (0) (0) (00)   ;(00000000000000000000000000000000) (0) (0) (00)   ;(00000000000000000000000000000000) (0) (0) (00)   ;(00000000000000000000000000000000) (0) (0) (00)   ;
;5984;(00000000000000000000000000000000) (0) (0) (00)    ;(00000000000000000000000000000000) (0) (0) (00)   ;(00000000000000000000000000000000) (0) (0) (00)   ;(00000000000000000000000000000000) (0) (0) (00)   ;(00000000000000000000000000000000) (0) (0) (00)   ;(00000000000000000000000000000000) (0) (0) (00)   ;(00000000000000000000000000000000) (0) (0) (00)   ;(00000000000000000000000000000000) (0) (0) (00)   ;
;5992;(00000000000000000000000000000000) (0) (0) (00)    ;(00000000000000000000000000000000) (0) (0) (00)   ;(00000000000000000000000000000000) (0) (0) (00)   ;(00000000000000000000000000000000) (0) (0) (00)   ;(00000000000000000000000000000000) (0) (0) (00)   ;(00000000000000000000000000000000) (0) (0) (00)   ;(00000000000000000000000000000000) (0) (0) (00)   ;(00000000000000000000000000000000) (0) (0) (00)   ;
;6000;(00000000000000000000000000000000) (0) (0) (00)    ;(00000000000000000000000000000000) (0) (0) (00)   ;(00000000000000000000000000000000) (0) (0) (00)   ;(00000000000000000000000000000000) (0) (0) (00)   ;(00000000000000000000000000000000) (0) (0) (00)   ;(00000000000000000000000000000000) (0) (0) (00)   ;(00000000000000000000000000000000) (0) (0) (00)   ;(00000000000000000000000000000000) (0) (0) (00)   ;
;6008;(00000000000000000000000000000000) (0) (0) (00)    ;(00000000000000000000000000000000) (0) (0) (00)   ;(00000000000000000000000000000000) (0) (0) (00)   ;(00000000000000000000000000000000) (0) (0) (00)   ;(00000000000000000000000000000000) (0) (0) (00)   ;(00000000000000000000000000000000) (0) (0) (00)   ;(00000000000000000000000000000000) (0) (0) (00)   ;(00000000000000000000000000000000) (0) (0) (00)   ;
;6016;(00000000000000000000000000000000) (0) (0) (00)    ;(00000000000000000000000000000000) (0) (0) (00)   ;(00000000000000000000000000000000) (0) (0) (00)   ;(00000000000000000000000000000000) (0) (0) (00)   ;(00000000000000000000000000000000) (0) (0) (00)   ;(00000000000000000000000000000000) (0) (0) (00)   ;(00000000000000000000000000000000) (0) (0) (00)   ;(00000000000000000000000000000000) (0) (0) (00)   ;
;6024;(00000000000000000000000000000000) (0) (0) (00)    ;(00000000000000000000000000000000) (0) (0) (00)   ;(00000000000000000000000000000000) (0) (0) (00)   ;(00000000000000000000000000000000) (0) (0) (00)   ;(00000000000000000000000000000000) (0) (0) (00)   ;(00000000000000000000000000000000) (0) (0) (00)   ;(00000000000000000000000000000000) (0) (0) (00)   ;(00000000000000000000000000000000) (0) (0) (00)   ;
;6032;(00000000000000000000000000000000) (0) (0) (00)    ;(00000000000000000000000000000000) (0) (0) (00)   ;(00000000000000000000000000000000) (0) (0) (00)   ;(00000000000000000000000000000000) (0) (0) (00)   ;(00000000000000000000000000000000) (0) (0) (00)   ;(00000000000000000000000000000000) (0) (0) (00)   ;(00000000000000000000000000000000) (0) (0) (00)   ;(00000000000000000000000000000000) (0) (0) (00)   ;
;6040;(00000000000000000000000000000000) (0) (0) (00)    ;(00000000000000000000000000000000) (0) (0) (00)   ;(00000000000000000000000000000000) (0) (0) (00)   ;(00000000000000000000000000000000) (0) (0) (00)   ;(00000000000000000000000000000000) (0) (0) (00)   ;(00000000000000000000000000000000) (0) (0) (00)   ;(00000000000000000000000000000000) (0) (0) (00)   ;(00000000000000000000000000000000) (0) (0) (00)   ;
;6048;(00000000000000000000000000000000) (0) (0) (00)    ;(00000000000000000000000000000000) (0) (0) (00)   ;(00000000000000000000000000000000) (0) (0) (00)   ;(00000000000000000000000000000000) (0) (0) (00)   ;(00000000000000000000000000000000) (0) (0) (00)   ;(00000000000000000000000000000000) (0) (0) (00)   ;(00000000000000000000000000000000) (0) (0) (00)   ;(00000000000000000000000000000000) (0) (0) (00)   ;
;6056;(00000000000000000000000000000000) (0) (0) (00)    ;(00000000000000000000000000000000) (0) (0) (00)   ;(00000000000000000000000000000000) (0) (0) (00)   ;(00000000000000000000000000000000) (0) (0) (00)   ;(00000000000000000000000000000000) (0) (0) (00)   ;(00000000000000000000000000000000) (0) (0) (00)   ;(00000000000000000000000000000000) (0) (0) (00)   ;(00000000000000000000000000000000) (0) (0) (00)   ;
;6064;(00000000000000000000000000000000) (0) (0) (00)    ;(00000000000000000000000000000000) (0) (0) (00)   ;(00000000000000000000000000000000) (0) (0) (00)   ;(00000000000000000000000000000000) (0) (0) (00)   ;(00000000000000000000000000000000) (0) (0) (00)   ;(00000000000000000000000000000000) (0) (0) (00)   ;(00000000000000000000000000000000) (0) (0) (00)   ;(00000000000000000000000000000000) (0) (0) (00)   ;
;6072;(00000000000000000000000000000000) (0) (0) (00)    ;(00000000000000000000000000000000) (0) (0) (00)   ;(00000000000000000000000000000000) (0) (0) (00)   ;(00000000000000000000000000000000) (0) (0) (00)   ;(00000000000000000000000000000000) (0) (0) (00)   ;(00000000000000000000000000000000) (0) (0) (00)   ;(00000000000000000000000000000000) (0) (0) (00)   ;(00000000000000000000000000000000) (0) (0) (00)   ;
;6080;(00000000000000000000000000000000) (0) (0) (00)    ;(00000000000000000000000000000000) (0) (0) (00)   ;(00000000000000000000000000000000) (0) (0) (00)   ;(00000000000000000000000000000000) (0) (0) (00)   ;(00000000000000000000000000000000) (0) (0) (00)   ;(00000000000000000000000000000000) (0) (0) (00)   ;(00000000000000000000000000000000) (0) (0) (00)   ;(00000000000000000000000000000000) (0) (0) (00)   ;
;6088;(00000000000000000000000000000000) (0) (0) (00)    ;(00000000000000000000000000000000) (0) (0) (00)   ;(00000000000000000000000000000000) (0) (0) (00)   ;(00000000000000000000000000000000) (0) (0) (00)   ;(00000000000000000000000000000000) (0) (0) (00)   ;(00000000000000000000000000000000) (0) (0) (00)   ;(00000000000000000000000000000000) (0) (0) (00)   ;(00000000000000000000000000000000) (0) (0) (00)   ;
;6096;(00000000000000000000000000000000) (0) (0) (00)    ;(00000000000000000000000000000000) (0) (0) (00)   ;(00000000000000000000000000000000) (0) (0) (00)   ;(00000000000000000000000000000000) (0) (0) (00)   ;(00000000000000000000000000000000) (0) (0) (00)   ;(00000000000000000000000000000000) (0) (0) (00)   ;(00000000000000000000000000000000) (0) (0) (00)   ;(00000000000000000000000000000000) (0) (0) (00)   ;
;6104;(00000000000000000000000000000000) (0) (0) (00)    ;(00000000000000000000000000000000) (0) (0) (00)   ;(00000000000000000000000000000000) (0) (0) (00)   ;(00000000000000000000000000000000) (0) (0) (00)   ;(00000000000000000000000000000000) (0) (0) (00)   ;(00000000000000000000000000000000) (0) (0) (00)   ;(00000000000000000000000000000000) (0) (0) (00)   ;(00000000000000000000000000000000) (0) (0) (00)   ;
;6112;(00000000000000000000000000000000) (0) (0) (00)    ;(00000000000000000000000000000000) (0) (0) (00)   ;(00000000000000000000000000000000) (0) (0) (00)   ;(00000000000000000000000000000000) (0) (0) (00)   ;(00000000000000000000000000000000) (0) (0) (00)   ;(00000000000000000000000000000000) (0) (0) (00)   ;(00000000000000000000000000000000) (0) (0) (00)   ;(00000000000000000000000000000000) (0) (0) (00)   ;
;6120;(00000000000000000000000000000000) (0) (0) (00)    ;(00000000000000000000000000000000) (0) (0) (00)   ;(00000000000000000000000000000000) (0) (0) (00)   ;(00000000000000000000000000000000) (0) (0) (00)   ;(00000000000000000000000000000000) (0) (0) (00)   ;(00000000000000000000000000000000) (0) (0) (00)   ;(00000000000000000000000000000000) (0) (0) (00)   ;(00000000000000000000000000000000) (0) (0) (00)   ;
;6128;(00000000000000000000000000000000) (0) (0) (00)    ;(00000000000000000000000000000000) (0) (0) (00)   ;(00000000000000000000000000000000) (0) (0) (00)   ;(00000000000000000000000000000000) (0) (0) (00)   ;(00000000000000000000000000000000) (0) (0) (00)   ;(00000000000000000000000000000000) (0) (0) (00)   ;(00000000000000000000000000000000) (0) (0) (00)   ;(00000000000000000000000000000000) (0) (0) (00)   ;
;6136;(00000000000000000000000000000000) (0) (0) (00)    ;(00000000000000000000000000000000) (0) (0) (00)   ;(00000000000000000000000000000000) (0) (0) (00)   ;(00000000000000000000000000000000) (0) (0) (00)   ;(00000000000000000000000000000000) (0) (0) (00)   ;(00000000000000000000000000000000) (0) (0) (00)   ;(00000000000000000000000000000000) (0) (0) (00)   ;(00000000000000000000000000000000) (0) (0) (00)   ;
;6144;(00000000000000000000000000000000) (0) (0) (00)    ;(00000000000000000000000000000000) (0) (0) (00)   ;(00000000000000000000000000000000) (0) (0) (00)   ;(00000000000000000000000000000000) (0) (0) (00)   ;(00000000000000000000000000000000) (0) (0) (00)   ;(00000000000000000000000000000000) (0) (0) (00)   ;(00000000000000000000000000000000) (0) (0) (00)   ;(00000000000000000000000000000000) (0) (0) (00)   ;
;6152;(00000000000000000000000000000000) (0) (0) (00)    ;(00000000000000000000000000000000) (0) (0) (00)   ;(00000000000000000000000000000000) (0) (0) (00)   ;(00000000000000000000000000000000) (0) (0) (00)   ;(00000000000000000000000000000000) (0) (0) (00)   ;(00000000000000000000000000000000) (0) (0) (00)   ;(00000000000000000000000000000000) (0) (0) (00)   ;(00000000000000000000000000000000) (0) (0) (00)   ;
;6160;(00000000000000000000000000000000) (0) (0) (00)    ;(00000000000000000000000000000000) (0) (0) (00)   ;(00000000000000000000000000000000) (0) (0) (00)   ;(00000000000000000000000000000000) (0) (0) (00)   ;(00000000000000000000000000000000) (0) (0) (00)   ;(00000000000000000000000000000000) (0) (0) (00)   ;(00000000000000000000000000000000) (0) (0) (00)   ;(00000000000000000000000000000000) (0) (0) (00)   ;
;6168;(00000000000000000000000000000000) (0) (0) (00)    ;(00000000000000000000000000000000) (0) (0) (00)   ;(00000000000000000000000000000000) (0) (0) (00)   ;(00000000000000000000000000000000) (0) (0) (00)   ;(00000000000000000000000000000000) (0) (0) (00)   ;(00000000000000000000000000000000) (0) (0) (00)   ;(00000000000000000000000000000000) (0) (0) (00)   ;(00000000000000000000000000000000) (0) (0) (00)   ;
;6176;(00000000000000000000000000000000) (0) (0) (00)    ;(00000000000000000000000000000000) (0) (0) (00)   ;(00000000000000000000000000000000) (0) (0) (00)   ;(00000000000000000000000000000000) (0) (0) (00)   ;(00000000000000000000000000000000) (0) (0) (00)   ;(00000000000000000000000000000000) (0) (0) (00)   ;(00000000000000000000000000000000) (0) (0) (00)   ;(00000000000000000000000000000000) (0) (0) (00)   ;
;6184;(00000000000000000000000000000000) (0) (0) (00)    ;(00000000000000000000000000000000) (0) (0) (00)   ;(00000000000000000000000000000000) (0) (0) (00)   ;(00000000000000000000000000000000) (0) (0) (00)   ;(00000000000000000000000000000000) (0) (0) (00)   ;(00000000000000000000000000000000) (0) (0) (00)   ;(00000000000000000000000000000000) (0) (0) (00)   ;(00000000000000000000000000000000) (0) (0) (00)   ;
;6192;(00000000000000000000000000000000) (0) (0) (00)    ;(00000000000000000000000000000000) (0) (0) (00)   ;(00000000000000000000000000000000) (0) (0) (00)   ;(00000000000000000000000000000000) (0) (0) (00)   ;(00000000000000000000000000000000) (0) (0) (00)   ;(00000000000000000000000000000000) (0) (0) (00)   ;(00000000000000000000000000000000) (0) (0) (00)   ;(00000000000000000000000000000000) (0) (0) (00)   ;
;6200;(00000000000000000000000000000000) (0) (0) (00)    ;(00000000000000000000000000000000) (0) (0) (00)   ;(00000000000000000000000000000000) (0) (0) (00)   ;(00000000000000000000000000000000) (0) (0) (00)   ;(00000000000000000000000000000000) (0) (0) (00)   ;(00000000000000000000000000000000) (0) (0) (00)   ;(00000000000000000000000000000000) (0) (0) (00)   ;(00000000000000000000000000000000) (0) (0) (00)   ;
;6208;(00000000000000000000000000000000) (0) (0) (00)    ;(00000000000000000000000000000000) (0) (0) (00)   ;(00000000000000000000000000000000) (0) (0) (00)   ;(00000000000000000000000000000000) (0) (0) (00)   ;(00000000000000000000000000000000) (0) (0) (00)   ;(00000000000000000000000000000000) (0) (0) (00)   ;(00000000000000000000000000000000) (0) (0) (00)   ;(00000000000000000000000000000000) (0) (0) (00)   ;
;6216;(00000000000000000000000000000000) (0) (0) (00)    ;(00000000000000000000000000000000) (0) (0) (00)   ;(00000000000000000000000000000000) (0) (0) (00)   ;(00000000000000000000000000000000) (0) (0) (00)   ;(00000000000000000000000000000000) (0) (0) (00)   ;(00000000000000000000000000000000) (0) (0) (00)   ;(00000000000000000000000000000000) (0) (0) (00)   ;(00000000000000000000000000000000) (0) (0) (00)   ;
;6224;(00000000000000000000000000000000) (0) (0) (00)    ;(00000000000000000000000000000000) (0) (0) (00)   ;(00000000000000000000000000000000) (0) (0) (00)   ;(00000000000000000000000000000000) (0) (0) (00)   ;(00000000000000000000000000000000) (0) (0) (00)   ;(00000000000000000000000000000000) (0) (0) (00)   ;(00000000000000000000000000000000) (0) (0) (00)   ;(00000000000000000000000000000000) (0) (0) (00)   ;
;6232;(00000000000000000000000000000000) (0) (0) (00)    ;(00000000000000000000000000000000) (0) (0) (00)   ;(00000000000000000000000000000000) (0) (0) (00)   ;(00000000000000000000000000000000) (0) (0) (00)   ;(00000000000000000000000000000000) (0) (0) (00)   ;(00000000000000000000000000000000) (0) (0) (00)   ;(00000000000000000000000000000000) (0) (0) (00)   ;(00000000000000000000000000000000) (0) (0) (00)   ;
;6240;(00000000000000000000000000000000) (0) (0) (00)    ;(00000000000000000000000000000000) (0) (0) (00)   ;(00000000000000000000000000000000) (0) (0) (00)   ;(00000000000000000000000000000000) (0) (0) (00)   ;(00000000000000000000000000000000) (0) (0) (00)   ;(00000000000000000000000000000000) (0) (0) (00)   ;(00000000000000000000000000000000) (0) (0) (00)   ;(00000000000000000000000000000000) (0) (0) (00)   ;
;6248;(00000000000000000000000000000000) (0) (0) (00)    ;(00000000000000000000000000000000) (0) (0) (00)   ;(00000000000000000000000000000000) (0) (0) (00)   ;(00000000000000000000000000000000) (0) (0) (00)   ;(00000000000000000000000000000000) (0) (0) (00)   ;(00000000000000000000000000000000) (0) (0) (00)   ;(00000000000000000000000000000000) (0) (0) (00)   ;(00000000000000000000000000000000) (0) (0) (00)   ;
;6256;(00000000000000000000000000000000) (0) (0) (00)    ;(00000000000000000000000000000000) (0) (0) (00)   ;(00000000000000000000000000000000) (0) (0) (00)   ;(00000000000000000000000000000000) (0) (0) (00)   ;(00000000000000000000000000000000) (0) (0) (00)   ;(00000000000000000000000000000000) (0) (0) (00)   ;(00000000000000000000000000000000) (0) (0) (00)   ;(00000000000000000000000000000000) (0) (0) (00)   ;
;6264;(00000000000000000000000000000000) (0) (0) (00)    ;(00000000000000000000000000000000) (0) (0) (00)   ;(00000000000000000000000000000000) (0) (0) (00)   ;(00000000000000000000000000000000) (0) (0) (00)   ;(00000000000000000000000000000000) (0) (0) (00)   ;(00000000000000000000000000000000) (0) (0) (00)   ;(00000000000000000000000000000000) (0) (0) (00)   ;(00000000000000000000000000000000) (0) (0) (00)   ;
;6272;(00000000000000000000000000000000) (0) (0) (00)    ;(00000000000000000000000000000000) (0) (0) (00)   ;(00000000000000000000000000000000) (0) (0) (00)   ;(00000000000000000000000000000000) (0) (0) (00)   ;(00000000000000000000000000000000) (0) (0) (00)   ;(00000000000000000000000000000000) (0) (0) (00)   ;(00000000000000000000000000000000) (0) (0) (00)   ;(00000000000000000000000000000000) (0) (0) (00)   ;
;6280;(00000000000000000000000000000000) (0) (0) (00)    ;(00000000000000000000000000000000) (0) (0) (00)   ;(00000000000000000000000000000000) (0) (0) (00)   ;(00000000000000000000000000000000) (0) (0) (00)   ;(00000000000000000000000000000000) (0) (0) (00)   ;(00000000000000000000000000000000) (0) (0) (00)   ;(00000000000000000000000000000000) (0) (0) (00)   ;(00000000000000000000000000000000) (0) (0) (00)   ;
;6288;(00000000000000000000000000000000) (0) (0) (00)    ;(00000000000000000000000000000000) (0) (0) (00)   ;(00000000000000000000000000000000) (0) (0) (00)   ;(00000000000000000000000000000000) (0) (0) (00)   ;(00000000000000000000000000000000) (0) (0) (00)   ;(00000000000000000000000000000000) (0) (0) (00)   ;(00000000000000000000000000000000) (0) (0) (00)   ;(00000000000000000000000000000000) (0) (0) (00)   ;
;6296;(00000000000000000000000000000000) (0) (0) (00)    ;(00000000000000000000000000000000) (0) (0) (00)   ;(00000000000000000000000000000000) (0) (0) (00)   ;(00000000000000000000000000000000) (0) (0) (00)   ;(00000000000000000000000000000000) (0) (0) (00)   ;(00000000000000000000000000000000) (0) (0) (00)   ;(00000000000000000000000000000000) (0) (0) (00)   ;(00000000000000000000000000000000) (0) (0) (00)   ;
;6304;(00000000000000000000000000000000) (0) (0) (00)    ;(00000000000000000000000000000000) (0) (0) (00)   ;(00000000000000000000000000000000) (0) (0) (00)   ;(00000000000000000000000000000000) (0) (0) (00)   ;(00000000000000000000000000000000) (0) (0) (00)   ;(00000000000000000000000000000000) (0) (0) (00)   ;(00000000000000000000000000000000) (0) (0) (00)   ;(00000000000000000000000000000000) (0) (0) (00)   ;
;6312;(00000000000000000000000000000000) (0) (0) (00)    ;(00000000000000000000000000000000) (0) (0) (00)   ;(00000000000000000000000000000000) (0) (0) (00)   ;(00000000000000000000000000000000) (0) (0) (00)   ;(00000000000000000000000000000000) (0) (0) (00)   ;(00000000000000000000000000000000) (0) (0) (00)   ;(00000000000000000000000000000000) (0) (0) (00)   ;(00000000000000000000000000000000) (0) (0) (00)   ;
;6320;(00000000000000000000000000000000) (0) (0) (00)    ;(00000000000000000000000000000000) (0) (0) (00)   ;(00000000000000000000000000000000) (0) (0) (00)   ;(00000000000000000000000000000000) (0) (0) (00)   ;(00000000000000000000000000000000) (0) (0) (00)   ;(00000000000000000000000000000000) (0) (0) (00)   ;(00000000000000000000000000000000) (0) (0) (00)   ;(00000000000000000000000000000000) (0) (0) (00)   ;
;6328;(00000000000000000000000000000000) (0) (0) (00)    ;(00000000000000000000000000000000) (0) (0) (00)   ;(00000000000000000000000000000000) (0) (0) (00)   ;(00000000000000000000000000000000) (0) (0) (00)   ;(00000000000000000000000000000000) (0) (0) (00)   ;(00000000000000000000000000000000) (0) (0) (00)   ;(00000000000000000000000000000000) (0) (0) (00)   ;(00000000000000000000000000000000) (0) (0) (00)   ;
;6336;(00000000000000000000000000000000) (0) (0) (00)    ;(00000000000000000000000000000000) (0) (0) (00)   ;(00000000000000000000000000000000) (0) (0) (00)   ;(00000000000000000000000000000000) (0) (0) (00)   ;(00000000000000000000000000000000) (0) (0) (00)   ;(00000000000000000000000000000000) (0) (0) (00)   ;(00000000000000000000000000000000) (0) (0) (00)   ;(00000000000000000000000000000000) (0) (0) (00)   ;
;6344;(00000000000000000000000000000000) (0) (0) (00)    ;(00000000000000000000000000000000) (0) (0) (00)   ;(00000000000000000000000000000000) (0) (0) (00)   ;(00000000000000000000000000000000) (0) (0) (00)   ;(00000000000000000000000000000000) (0) (0) (00)   ;(00000000000000000000000000000000) (0) (0) (00)   ;(00000000000000000000000000000000) (0) (0) (00)   ;(00000000000000000000000000000000) (0) (0) (00)   ;
;6352;(00000000000000000000000000000000) (0) (0) (00)    ;(00000000000000000000000000000000) (0) (0) (00)   ;(00000000000000000000000000000000) (0) (0) (00)   ;(00000000000000000000000000000000) (0) (0) (00)   ;(00000000000000000000000000000000) (0) (0) (00)   ;(00000000000000000000000000000000) (0) (0) (00)   ;(00000000000000000000000000000000) (0) (0) (00)   ;(00000000000000000000000000000000) (0) (0) (00)   ;
;6360;(00000000000000000000000000000000) (0) (0) (00)    ;(00000000000000000000000000000000) (0) (0) (00)   ;(00000000000000000000000000000000) (0) (0) (00)   ;(00000000000000000000000000000000) (0) (0) (00)   ;(00000000000000000000000000000000) (0) (0) (00)   ;(00000000000000000000000000000000) (0) (0) (00)   ;(00000000000000000000000000000000) (0) (0) (00)   ;(00000000000000000000000000000000) (0) (0) (00)   ;
;6368;(00000000000000000000000000000000) (0) (0) (00)    ;(00000000000000000000000000000000) (0) (0) (00)   ;(00000000000000000000000000000000) (0) (0) (00)   ;(00000000000000000000000000000000) (0) (0) (00)   ;(00000000000000000000000000000000) (0) (0) (00)   ;(00000000000000000000000000000000) (0) (0) (00)   ;(00000000000000000000000000000000) (0) (0) (00)   ;(00000000000000000000000000000000) (0) (0) (00)   ;
;6376;(00000000000000000000000000000000) (0) (0) (00)    ;(00000000000000000000000000000000) (0) (0) (00)   ;(00000000000000000000000000000000) (0) (0) (00)   ;(00000000000000000000000000000000) (0) (0) (00)   ;(00000000000000000000000000000000) (0) (0) (00)   ;(00000000000000000000000000000000) (0) (0) (00)   ;(00000000000000000000000000000000) (0) (0) (00)   ;(00000000000000000000000000000000) (0) (0) (00)   ;
;6384;(00000000000000000000000000000000) (0) (0) (00)    ;(00000000000000000000000000000000) (0) (0) (00)   ;(00000000000000000000000000000000) (0) (0) (00)   ;(00000000000000000000000000000000) (0) (0) (00)   ;(00000000000000000000000000000000) (0) (0) (00)   ;(00000000000000000000000000000000) (0) (0) (00)   ;(00000000000000000000000000000000) (0) (0) (00)   ;(00000000000000000000000000000000) (0) (0) (00)   ;
;6392;(00000000000000000000000000000000) (0) (0) (00)    ;(00000000000000000000000000000000) (0) (0) (00)   ;(00000000000000000000000000000000) (0) (0) (00)   ;(00000000000000000000000000000000) (0) (0) (00)   ;(00000000000000000000000000000000) (0) (0) (00)   ;(00000000000000000000000000000000) (0) (0) (00)   ;(00000000000000000000000000000000) (0) (0) (00)   ;(00000000000000000000000000000000) (0) (0) (00)   ;
;6400;(00000000000000000000000000000000) (0) (0) (00)    ;(00000000000000000000000000000000) (0) (0) (00)   ;(00000000000000000000000000000000) (0) (0) (00)   ;(00000000000000000000000000000000) (0) (0) (00)   ;(00000000000000000000000000000000) (0) (0) (00)   ;(00000000000000000000000000000000) (0) (0) (00)   ;(00000000000000000000000000000000) (0) (0) (00)   ;(00000000000000000000000000000000) (0) (0) (00)   ;
;6408;(00000000000000000000000000000000) (0) (0) (00)    ;(00000000000000000000000000000000) (0) (0) (00)   ;(00000000000000000000000000000000) (0) (0) (00)   ;(00000000000000000000000000000000) (0) (0) (00)   ;(00000000000000000000000000000000) (0) (0) (00)   ;(00000000000000000000000000000000) (0) (0) (00)   ;(00000000000000000000000000000000) (0) (0) (00)   ;(00000000000000000000000000000000) (0) (0) (00)   ;
;6416;(00000000000000000000000000000000) (0) (0) (00)    ;(00000000000000000000000000000000) (0) (0) (00)   ;(00000000000000000000000000000000) (0) (0) (00)   ;(00000000000000000000000000000000) (0) (0) (00)   ;(00000000000000000000000000000000) (0) (0) (00)   ;(00000000000000000000000000000000) (0) (0) (00)   ;(00000000000000000000000000000000) (0) (0) (00)   ;(00000000000000000000000000000000) (0) (0) (00)   ;
;6424;(00000000000000000000000000000000) (0) (0) (00)    ;(00000000000000000000000000000000) (0) (0) (00)   ;(00000000000000000000000000000000) (0) (0) (00)   ;(00000000000000000000000000000000) (0) (0) (00)   ;(00000000000000000000000000000000) (0) (0) (00)   ;(00000000000000000000000000000000) (0) (0) (00)   ;(00000000000000000000000000000000) (0) (0) (00)   ;(00000000000000000000000000000000) (0) (0) (00)   ;
;6432;(00000000000000000000000000000000) (0) (0) (00)    ;(00000000000000000000000000000000) (0) (0) (00)   ;(00000000000000000000000000000000) (0) (0) (00)   ;(00000000000000000000000000000000) (0) (0) (00)   ;(00000000000000000000000000000000) (0) (0) (00)   ;(00000000000000000000000000000000) (0) (0) (00)   ;(00000000000000000000000000000000) (0) (0) (00)   ;(00000000000000000000000000000000) (0) (0) (00)   ;
;6440;(00000000000000000000000000000000) (0) (0) (00)    ;(00000000000000000000000000000000) (0) (0) (00)   ;(00000000000000000000000000000000) (0) (0) (00)   ;(00000000000000000000000000000000) (0) (0) (00)   ;(00000000000000000000000000000000) (0) (0) (00)   ;(00000000000000000000000000000000) (0) (0) (00)   ;(00000000000000000000000000000000) (0) (0) (00)   ;(00000000000000000000000000000000) (0) (0) (00)   ;
;6448;(00000000000000000000000000000000) (0) (0) (00)    ;(00000000000000000000000000000000) (0) (0) (00)   ;(00000000000000000000000000000000) (0) (0) (00)   ;(00000000000000000000000000000000) (0) (0) (00)   ;(00000000000000000000000000000000) (0) (0) (00)   ;(00000000000000000000000000000000) (0) (0) (00)   ;(00000000000000000000000000000000) (0) (0) (00)   ;(00000000000000000000000000000000) (0) (0) (00)   ;
;6456;(00000000000000000000000000000000) (0) (0) (00)    ;(00000000000000000000000000000000) (0) (0) (00)   ;(00000000000000000000000000000000) (0) (0) (00)   ;(00000000000000000000000000000000) (0) (0) (00)   ;(00000000000000000000000000000000) (0) (0) (00)   ;(00000000000000000000000000000000) (0) (0) (00)   ;(00000000000000000000000000000000) (0) (0) (00)   ;(00000000000000000000000000000000) (0) (0) (00)   ;
;6464;(00000000000000000000000000000000) (0) (0) (00)    ;(00000000000000000000000000000000) (0) (0) (00)   ;(00000000000000000000000000000000) (0) (0) (00)   ;(00000000000000000000000000000000) (0) (0) (00)   ;(00000000000000000000000000000000) (0) (0) (00)   ;(00000000000000000000000000000000) (0) (0) (00)   ;(00000000000000000000000000000000) (0) (0) (00)   ;(00000000000000000000000000000000) (0) (0) (00)   ;
;6472;(00000000000000000000000000000000) (0) (0) (00)    ;(00000000000000000000000000000000) (0) (0) (00)   ;(00000000000000000000000000000000) (0) (0) (00)   ;(00000000000000000000000000000000) (0) (0) (00)   ;(00000000000000000000000000000000) (0) (0) (00)   ;(00000000000000000000000000000000) (0) (0) (00)   ;(00000000000000000000000000000000) (0) (0) (00)   ;(00000000000000000000000000000000) (0) (0) (00)   ;
;6480;(00000000000000000000000000000000) (0) (0) (00)    ;(00000000000000000000000000000000) (0) (0) (00)   ;(00000000000000000000000000000000) (0) (0) (00)   ;(00000000000000000000000000000000) (0) (0) (00)   ;(00000000000000000000000000000000) (0) (0) (00)   ;(00000000000000000000000000000000) (0) (0) (00)   ;(00000000000000000000000000000000) (0) (0) (00)   ;(00000000000000000000000000000000) (0) (0) (00)   ;
;6488;(00000000000000000000000000000000) (0) (0) (00)    ;(00000000000000000000000000000000) (0) (0) (00)   ;(00000000000000000000000000000000) (0) (0) (00)   ;(00000000000000000000000000000000) (0) (0) (00)   ;(00000000000000000000000000000000) (0) (0) (00)   ;(00000000000000000000000000000000) (0) (0) (00)   ;(00000000000000000000000000000000) (0) (0) (00)   ;(00000000000000000000000000000000) (0) (0) (00)   ;
;6496;(00000000000000000000000000000000) (0) (0) (00)    ;(00000000000000000000000000000000) (0) (0) (00)   ;(00000000000000000000000000000000) (0) (0) (00)   ;(00000000000000000000000000000000) (0) (0) (00)   ;(00000000000000000000000000000000) (0) (0) (00)   ;(00000000000000000000000000000000) (0) (0) (00)   ;(00000000000000000000000000000000) (0) (0) (00)   ;(00000000000000000000000000000000) (0) (0) (00)   ;
;6504;(00000000000000000000000000000000) (0) (0) (00)    ;(00000000000000000000000000000000) (0) (0) (00)   ;(00000000000000000000000000000000) (0) (0) (00)   ;(00000000000000000000000000000000) (0) (0) (00)   ;(00000000000000000000000000000000) (0) (0) (00)   ;(00000000000000000000000000000000) (0) (0) (00)   ;(00000000000000000000000000000000) (0) (0) (00)   ;(00000000000000000000000000000000) (0) (0) (00)   ;
;6512;(00000000000000000000000000000000) (0) (0) (00)    ;(00000000000000000000000000000000) (0) (0) (00)   ;(00000000000000000000000000000000) (0) (0) (00)   ;(00000000000000000000000000000000) (0) (0) (00)   ;(00000000000000000000000000000000) (0) (0) (00)   ;(00000000000000000000000000000000) (0) (0) (00)   ;(00000000000000000000000000000000) (0) (0) (00)   ;(00000000000000000000000000000000) (0) (0) (00)   ;
;6520;(00000000000000000000000000000000) (0) (0) (00)    ;(00000000000000000000000000000000) (0) (0) (00)   ;(00000000000000000000000000000000) (0) (0) (00)   ;(00000000000000000000000000000000) (0) (0) (00)   ;(00000000000000000000000000000000) (0) (0) (00)   ;(00000000000000000000000000000000) (0) (0) (00)   ;(00000000000000000000000000000000) (0) (0) (00)   ;(00000000000000000000000000000000) (0) (0) (00)   ;
;6528;(00000000000000000000000000000000) (0) (0) (00)    ;(00000000000000000000000000000000) (0) (0) (00)   ;(00000000000000000000000000000000) (0) (0) (00)   ;(00000000000000000000000000000000) (0) (0) (00)   ;(00000000000000000000000000000000) (0) (0) (00)   ;(00000000000000000000000000000000) (0) (0) (00)   ;(00000000000000000000000000000000) (0) (0) (00)   ;(00000000000000000000000000000000) (0) (0) (00)   ;
;6536;(00000000000000000000000000000000) (0) (0) (00)    ;(00000000000000000000000000000000) (0) (0) (00)   ;(00000000000000000000000000000000) (0) (0) (00)   ;(00000000000000000000000000000000) (0) (0) (00)   ;(00000000000000000000000000000000) (0) (0) (00)   ;(00000000000000000000000000000000) (0) (0) (00)   ;(00000000000000000000000000000000) (0) (0) (00)   ;(00000000000000000000000000000000) (0) (0) (00)   ;
;6544;(00000000000000000000000000000000) (0) (0) (00)    ;(00000000000000000000000000000000) (0) (0) (00)   ;(00000000000000000000000000000000) (0) (0) (00)   ;(00000000000000000000000000000000) (0) (0) (00)   ;(00000000000000000000000000000000) (0) (0) (00)   ;(00000000000000000000000000000000) (0) (0) (00)   ;(00000000000000000000000000000000) (0) (0) (00)   ;(00000000000000000000000000000000) (0) (0) (00)   ;
;6552;(00000000000000000000000000000000) (0) (0) (00)    ;(00000000000000000000000000000000) (0) (0) (00)   ;(00000000000000000000000000000000) (0) (0) (00)   ;(00000000000000000000000000000000) (0) (0) (00)   ;(00000000000000000000000000000000) (0) (0) (00)   ;(00000000000000000000000000000000) (0) (0) (00)   ;(00000000000000000000000000000000) (0) (0) (00)   ;(00000000000000000000000000000000) (0) (0) (00)   ;
;6560;(00000000000000000000000000000000) (0) (0) (00)    ;(00000000000000000000000000000000) (0) (0) (00)   ;(00000000000000000000000000000000) (0) (0) (00)   ;(00000000000000000000000000000000) (0) (0) (00)   ;(00000000000000000000000000000000) (0) (0) (00)   ;(00000000000000000000000000000000) (0) (0) (00)   ;(00000000000000000000000000000000) (0) (0) (00)   ;(00000000000000000000000000000000) (0) (0) (00)   ;
;6568;(00000000000000000000000000000000) (0) (0) (00)    ;(00000000000000000000000000000000) (0) (0) (00)   ;(00000000000000000000000000000000) (0) (0) (00)   ;(00000000000000000000000000000000) (0) (0) (00)   ;(00000000000000000000000000000000) (0) (0) (00)   ;(00000000000000000000000000000000) (0) (0) (00)   ;(00000000000000000000000000000000) (0) (0) (00)   ;(00000000000000000000000000000000) (0) (0) (00)   ;
;6576;(00000000000000000000000000000000) (0) (0) (00)    ;(00000000000000000000000000000000) (0) (0) (00)   ;(00000000000000000000000000000000) (0) (0) (00)   ;(00000000000000000000000000000000) (0) (0) (00)   ;(00000000000000000000000000000000) (0) (0) (00)   ;(00000000000000000000000000000000) (0) (0) (00)   ;(00000000000000000000000000000000) (0) (0) (00)   ;(00000000000000000000000000000000) (0) (0) (00)   ;
;6584;(00000000000000000000000000000000) (0) (0) (00)    ;(00000000000000000000000000000000) (0) (0) (00)   ;(00000000000000000000000000000000) (0) (0) (00)   ;(00000000000000000000000000000000) (0) (0) (00)   ;(00000000000000000000000000000000) (0) (0) (00)   ;(00000000000000000000000000000000) (0) (0) (00)   ;(00000000000000000000000000000000) (0) (0) (00)   ;(00000000000000000000000000000000) (0) (0) (00)   ;
;6592;(00000000000000000000000000000000) (0) (0) (00)    ;(00000000000000000000000000000000) (0) (0) (00)   ;(00000000000000000000000000000000) (0) (0) (00)   ;(00000000000000000000000000000000) (0) (0) (00)   ;(00000000000000000000000000000000) (0) (0) (00)   ;(00000000000000000000000000000000) (0) (0) (00)   ;(00000000000000000000000000000000) (0) (0) (00)   ;(00000000000000000000000000000000) (0) (0) (00)   ;
;6600;(00000000000000000000000000000000) (0) (0) (00)    ;(00000000000000000000000000000000) (0) (0) (00)   ;(00000000000000000000000000000000) (0) (0) (00)   ;(00000000000000000000000000000000) (0) (0) (00)   ;(00000000000000000000000000000000) (0) (0) (00)   ;(00000000000000000000000000000000) (0) (0) (00)   ;(00000000000000000000000000000000) (0) (0) (00)   ;(00000000000000000000000000000000) (0) (0) (00)   ;
;6608;(00000000000000000000000000000000) (0) (0) (00)    ;(00000000000000000000000000000000) (0) (0) (00)   ;(00000000000000000000000000000000) (0) (0) (00)   ;(00000000000000000000000000000000) (0) (0) (00)   ;(00000000000000000000000000000000) (0) (0) (00)   ;(00000000000000000000000000000000) (0) (0) (00)   ;(00000000000000000000000000000000) (0) (0) (00)   ;(00000000000000000000000000000000) (0) (0) (00)   ;
;6616;(00000000000000000000000000000000) (0) (0) (00)    ;(00000000000000000000000000000000) (0) (0) (00)   ;(00000000000000000000000000000000) (0) (0) (00)   ;(00000000000000000000000000000000) (0) (0) (00)   ;(00000000000000000000000000000000) (0) (0) (00)   ;(00000000000000000000000000000000) (0) (0) (00)   ;(00000000000000000000000000000000) (0) (0) (00)   ;(00000000000000000000000000000000) (0) (0) (00)   ;
;6624;(00000000000000000000000000000000) (0) (0) (00)    ;(00000000000000000000000000000000) (0) (0) (00)   ;(00000000000000000000000000000000) (0) (0) (00)   ;(00000000000000000000000000000000) (0) (0) (00)   ;(00000000000000000000000000000000) (0) (0) (00)   ;(00000000000000000000000000000000) (0) (0) (00)   ;(00000000000000000000000000000000) (0) (0) (00)   ;(00000000000000000000000000000000) (0) (0) (00)   ;
;6632;(00000000000000000000000000000000) (0) (0) (00)    ;(00000000000000000000000000000000) (0) (0) (00)   ;(00000000000000000000000000000000) (0) (0) (00)   ;(00000000000000000000000000000000) (0) (0) (00)   ;(00000000000000000000000000000000) (0) (0) (00)   ;(00000000000000000000000000000000) (0) (0) (00)   ;(00000000000000000000000000000000) (0) (0) (00)   ;(00000000000000000000000000000000) (0) (0) (00)   ;
;6640;(00000000000000000000000000000000) (0) (0) (00)    ;(00000000000000000000000000000000) (0) (0) (00)   ;(00000000000000000000000000000000) (0) (0) (00)   ;(00000000000000000000000000000000) (0) (0) (00)   ;(00000000000000000000000000000000) (0) (0) (00)   ;(00000000000000000000000000000000) (0) (0) (00)   ;(00000000000000000000000000000000) (0) (0) (00)   ;(00000000000000000000000000000000) (0) (0) (00)   ;
;6648;(00000000000000000000000000000000) (0) (0) (00)    ;(00000000000000000000000000000000) (0) (0) (00)   ;(00000000000000000000000000000000) (0) (0) (00)   ;(00000000000000000000000000000000) (0) (0) (00)   ;(00000000000000000000000000000000) (0) (0) (00)   ;(00000000000000000000000000000000) (0) (0) (00)   ;(00000000000000000000000000000000) (0) (0) (00)   ;(00000000000000000000000000000000) (0) (0) (00)   ;
;6656;(00000000000000000000000000000000) (0) (0) (00)    ;(00000000000000000000000000000000) (0) (0) (00)   ;(00000000000000000000000000000000) (0) (0) (00)   ;(00000000000000000000000000000000) (0) (0) (00)   ;(00000000000000000000000000000000) (0) (0) (00)   ;(00000000000000000000000000000000) (0) (0) (00)   ;(00000000000000000000000000000000) (0) (0) (00)   ;(00000000000000000000000000000000) (0) (0) (00)   ;
;6664;(00000000000000000000000000000000) (0) (0) (00)    ;(00000000000000000000000000000000) (0) (0) (00)   ;(00000000000000000000000000000000) (0) (0) (00)   ;(00000000000000000000000000000000) (0) (0) (00)   ;(00000000000000000000000000000000) (0) (0) (00)   ;(00000000000000000000000000000000) (0) (0) (00)   ;(00000000000000000000000000000000) (0) (0) (00)   ;(00000000000000000000000000000000) (0) (0) (00)   ;
;6672;(00000000000000000000000000000000) (0) (0) (00)    ;(00000000000000000000000000000000) (0) (0) (00)   ;(00000000000000000000000000000000) (0) (0) (00)   ;(00000000000000000000000000000000) (0) (0) (00)   ;(00000000000000000000000000000000) (0) (0) (00)   ;(00000000000000000000000000000000) (0) (0) (00)   ;(00000000000000000000000000000000) (0) (0) (00)   ;(00000000000000000000000000000000) (0) (0) (00)   ;
;6680;(00000000000000000000000000000000) (0) (0) (00)    ;(00000000000000000000000000000000) (0) (0) (00)   ;(00000000000000000000000000000000) (0) (0) (00)   ;(00000000000000000000000000000000) (0) (0) (00)   ;(00000000000000000000000000000000) (0) (0) (00)   ;(00000000000000000000000000000000) (0) (0) (00)   ;(00000000000000000000000000000000) (0) (0) (00)   ;(00000000000000000000000000000000) (0) (0) (00)   ;
;6688;(00000000000000000000000000000000) (0) (0) (00)    ;(00000000000000000000000000000000) (0) (0) (00)   ;(00000000000000000000000000000000) (0) (0) (00)   ;(00000000000000000000000000000000) (0) (0) (00)   ;(00000000000000000000000000000000) (0) (0) (00)   ;(00000000000000000000000000000000) (0) (0) (00)   ;(00000000000000000000000000000000) (0) (0) (00)   ;(00000000000000000000000000000000) (0) (0) (00)   ;
;6696;(00000000000000000000000000000000) (0) (0) (00)    ;(00000000000000000000000000000000) (0) (0) (00)   ;(00000000000000000000000000000000) (0) (0) (00)   ;(00000000000000000000000000000000) (0) (0) (00)   ;(00000000000000000000000000000000) (0) (0) (00)   ;(00000000000000000000000000000000) (0) (0) (00)   ;(00000000000000000000000000000000) (0) (0) (00)   ;(00000000000000000000000000000000) (0) (0) (00)   ;
;6704;(00000000000000000000000000000000) (0) (0) (00)    ;(00000000000000000000000000000000) (0) (0) (00)   ;(00000000000000000000000000000000) (0) (0) (00)   ;(00000000000000000000000000000000) (0) (0) (00)   ;(00000000000000000000000000000000) (0) (0) (00)   ;(00000000000000000000000000000000) (0) (0) (00)   ;(00000000000000000000000000000000) (0) (0) (00)   ;(00000000000000000000000000000000) (0) (0) (00)   ;
;6712;(00000000000000000000000000000000) (0) (0) (00)    ;(00000000000000000000000000000000) (0) (0) (00)   ;(00000000000000000000000000000000) (0) (0) (00)   ;(00000000000000000000000000000000) (0) (0) (00)   ;(00000000000000000000000000000000) (0) (0) (00)   ;(00000000000000000000000000000000) (0) (0) (00)   ;(00000000000000000000000000000000) (0) (0) (00)   ;(00000000000000000000000000000000) (0) (0) (00)   ;
;6720;(00000000000000000000000000000000) (0) (0) (00)    ;(00000000000000000000000000000000) (0) (0) (00)   ;(00000000000000000000000000000000) (0) (0) (00)   ;(00000000000000000000000000000000) (0) (0) (00)   ;(00000000000000000000000000000000) (0) (0) (00)   ;(00000000000000000000000000000000) (0) (0) (00)   ;(00000000000000000000000000000000) (0) (0) (00)   ;(00000000000000000000000000000000) (0) (0) (00)   ;
;6728;(00000000000000000000000000000000) (0) (0) (00)    ;(00000000000000000000000000000000) (0) (0) (00)   ;(00000000000000000000000000000000) (0) (0) (00)   ;(00000000000000000000000000000000) (0) (0) (00)   ;(00000000000000000000000000000000) (0) (0) (00)   ;(00000000000000000000000000000000) (0) (0) (00)   ;(00000000000000000000000000000000) (0) (0) (00)   ;(00000000000000000000000000000000) (0) (0) (00)   ;
;6736;(00000000000000000000000000000000) (0) (0) (00)    ;(00000000000000000000000000000000) (0) (0) (00)   ;(00000000000000000000000000000000) (0) (0) (00)   ;(00000000000000000000000000000000) (0) (0) (00)   ;(00000000000000000000000000000000) (0) (0) (00)   ;(00000000000000000000000000000000) (0) (0) (00)   ;(00000000000000000000000000000000) (0) (0) (00)   ;(00000000000000000000000000000000) (0) (0) (00)   ;
;6744;(00000000000000000000000000000000) (0) (0) (00)    ;(00000000000000000000000000000000) (0) (0) (00)   ;(00000000000000000000000000000000) (0) (0) (00)   ;(00000000000000000000000000000000) (0) (0) (00)   ;(00000000000000000000000000000000) (0) (0) (00)   ;(00000000000000000000000000000000) (0) (0) (00)   ;(00000000000000000000000000000000) (0) (0) (00)   ;(00000000000000000000000000000000) (0) (0) (00)   ;
;6752;(00000000000000000000000000000000) (0) (0) (00)    ;(00000000000000000000000000000000) (0) (0) (00)   ;(00000000000000000000000000000000) (0) (0) (00)   ;(00000000000000000000000000000000) (0) (0) (00)   ;(00000000000000000000000000000000) (0) (0) (00)   ;(00000000000000000000000000000000) (0) (0) (00)   ;(00000000000000000000000000000000) (0) (0) (00)   ;(00000000000000000000000000000000) (0) (0) (00)   ;
;6760;(00000000000000000000000000000000) (0) (0) (00)    ;(00000000000000000000000000000000) (0) (0) (00)   ;(00000000000000000000000000000000) (0) (0) (00)   ;(00000000000000000000000000000000) (0) (0) (00)   ;(00000000000000000000000000000000) (0) (0) (00)   ;(00000000000000000000000000000000) (0) (0) (00)   ;(00000000000000000000000000000000) (0) (0) (00)   ;(00000000000000000000000000000000) (0) (0) (00)   ;
;6768;(00000000000000000000000000000000) (0) (0) (00)    ;(00000000000000000000000000000000) (0) (0) (00)   ;(00000000000000000000000000000000) (0) (0) (00)   ;(00000000000000000000000000000000) (0) (0) (00)   ;(00000000000000000000000000000000) (0) (0) (00)   ;(00000000000000000000000000000000) (0) (0) (00)   ;(00000000000000000000000000000000) (0) (0) (00)   ;(00000000000000000000000000000000) (0) (0) (00)   ;
;6776;(00000000000000000000000000000000) (0) (0) (00)    ;(00000000000000000000000000000000) (0) (0) (00)   ;(00000000000000000000000000000000) (0) (0) (00)   ;(00000000000000000000000000000000) (0) (0) (00)   ;(00000000000000000000000000000000) (0) (0) (00)   ;(00000000000000000000000000000000) (0) (0) (00)   ;(00000000000000000000000000000000) (0) (0) (00)   ;(00000000000000000000000000000000) (0) (0) (00)   ;
;6784;(00000000000000000000000000000000) (0) (0) (00)    ;(00000000000000000000000000000000) (0) (0) (00)   ;(00000000000000000000000000000000) (0) (0) (00)   ;(00000000000000000000000000000000) (0) (0) (00)   ;(00000000000000000000000000000000) (0) (0) (00)   ;(00000000000000000000000000000000) (0) (0) (00)   ;(00000000000000000000000000000000) (0) (0) (00)   ;(00000000000000000000000000000000) (0) (0) (00)   ;
;6792;(00000000000000000000000000000000) (0) (0) (00)    ;(00000000000000000000000000000000) (0) (0) (00)   ;(00000000000000000000000000000000) (0) (0) (00)   ;(00000000000000000000000000000000) (0) (0) (00)   ;(00000000000000000000000000000000) (0) (0) (00)   ;(00000000000000000000000000000000) (0) (0) (00)   ;(00000000000000000000000000000000) (0) (0) (00)   ;(00000000000000000000000000000000) (0) (0) (00)   ;
;6800;(00000000000000000000000000000000) (0) (0) (00)    ;(00000000000000000000000000000000) (0) (0) (00)   ;(00000000000000000000000000000000) (0) (0) (00)   ;(00000000000000000000000000000000) (0) (0) (00)   ;(00000000000000000000000000000000) (0) (0) (00)   ;(00000000000000000000000000000000) (0) (0) (00)   ;(00000000000000000000000000000000) (0) (0) (00)   ;(00000000000000000000000000000000) (0) (0) (00)   ;
;6808;(00000000000000000000000000000000) (0) (0) (00)    ;(00000000000000000000000000000000) (0) (0) (00)   ;(00000000000000000000000000000000) (0) (0) (00)   ;(00000000000000000000000000000000) (0) (0) (00)   ;(00000000000000000000000000000000) (0) (0) (00)   ;(00000000000000000000000000000000) (0) (0) (00)   ;(00000000000000000000000000000000) (0) (0) (00)   ;(00000000000000000000000000000000) (0) (0) (00)   ;
;6816;(00000000000000000000000000000000) (0) (0) (00)    ;(00000000000000000000000000000000) (0) (0) (00)   ;(00000000000000000000000000000000) (0) (0) (00)   ;(00000000000000000000000000000000) (0) (0) (00)   ;(00000000000000000000000000000000) (0) (0) (00)   ;(00000000000000000000000000000000) (0) (0) (00)   ;(00000000000000000000000000000000) (0) (0) (00)   ;(00000000000000000000000000000000) (0) (0) (00)   ;
;6824;(00000000000000000000000000000000) (0) (0) (00)    ;(00000000000000000000000000000000) (0) (0) (00)   ;(00000000000000000000000000000000) (0) (0) (00)   ;(00000000000000000000000000000000) (0) (0) (00)   ;(00000000000000000000000000000000) (0) (0) (00)   ;(00000000000000000000000000000000) (0) (0) (00)   ;(00000000000000000000000000000000) (0) (0) (00)   ;(00000000000000000000000000000000) (0) (0) (00)   ;
;6832;(00000000000000000000000000000000) (0) (0) (00)    ;(00000000000000000000000000000000) (0) (0) (00)   ;(00000000000000000000000000000000) (0) (0) (00)   ;(00000000000000000000000000000000) (0) (0) (00)   ;(00000000000000000000000000000000) (0) (0) (00)   ;(00000000000000000000000000000000) (0) (0) (00)   ;(00000000000000000000000000000000) (0) (0) (00)   ;(00000000000000000000000000000000) (0) (0) (00)   ;
;6840;(00000000000000000000000000000000) (0) (0) (00)    ;(00000000000000000000000000000000) (0) (0) (00)   ;(00000000000000000000000000000000) (0) (0) (00)   ;(00000000000000000000000000000000) (0) (0) (00)   ;(00000000000000000000000000000000) (0) (0) (00)   ;(00000000000000000000000000000000) (0) (0) (00)   ;(00000000000000000000000000000000) (0) (0) (00)   ;(00000000000000000000000000000000) (0) (0) (00)   ;
;6848;(00000000000000000000000000000000) (0) (0) (00)    ;(00000000000000000000000000000000) (0) (0) (00)   ;(00000000000000000000000000000000) (0) (0) (00)   ;(00000000000000000000000000000000) (0) (0) (00)   ;(00000000000000000000000000000000) (0) (0) (00)   ;(00000000000000000000000000000000) (0) (0) (00)   ;(00000000000000000000000000000000) (0) (0) (00)   ;(00000000000000000000000000000000) (0) (0) (00)   ;
;6856;(00000000000000000000000000000000) (0) (0) (00)    ;(00000000000000000000000000000000) (0) (0) (00)   ;(00000000000000000000000000000000) (0) (0) (00)   ;(00000000000000000000000000000000) (0) (0) (00)   ;(00000000000000000000000000000000) (0) (0) (00)   ;(00000000000000000000000000000000) (0) (0) (00)   ;(00000000000000000000000000000000) (0) (0) (00)   ;(00000000000000000000000000000000) (0) (0) (00)   ;
;6864;(00000000000000000000000000000000) (0) (0) (00)    ;(00000000000000000000000000000000) (0) (0) (00)   ;(00000000000000000000000000000000) (0) (0) (00)   ;(00000000000000000000000000000000) (0) (0) (00)   ;(00000000000000000000000000000000) (0) (0) (00)   ;(00000000000000000000000000000000) (0) (0) (00)   ;(00000000000000000000000000000000) (0) (0) (00)   ;(00000000000000000000000000000000) (0) (0) (00)   ;
;6872;(00000000000000000000000000000000) (0) (0) (00)    ;(00000000000000000000000000000000) (0) (0) (00)   ;(00000000000000000000000000000000) (0) (0) (00)   ;(00000000000000000000000000000000) (0) (0) (00)   ;(00000000000000000000000000000000) (0) (0) (00)   ;(00000000000000000000000000000000) (0) (0) (00)   ;(00000000000000000000000000000000) (0) (0) (00)   ;(00000000000000000000000000000000) (0) (0) (00)   ;
;6880;(00000000000000000000000000000000) (0) (0) (00)    ;(00000000000000000000000000000000) (0) (0) (00)   ;(00000000000000000000000000000000) (0) (0) (00)   ;(00000000000000000000000000000000) (0) (0) (00)   ;(00000000000000000000000000000000) (0) (0) (00)   ;(00000000000000000000000000000000) (0) (0) (00)   ;(00000000000000000000000000000000) (0) (0) (00)   ;(00000000000000000000000000000000) (0) (0) (00)   ;
;6888;(00000000000000000000000000000000) (0) (0) (00)    ;(00000000000000000000000000000000) (0) (0) (00)   ;(00000000000000000000000000000000) (0) (0) (00)   ;(00000000000000000000000000000000) (0) (0) (00)   ;(00000000000000000000000000000000) (0) (0) (00)   ;(00000000000000000000000000000000) (0) (0) (00)   ;(00000000000000000000000000000000) (0) (0) (00)   ;(00000000000000000000000000000000) (0) (0) (00)   ;
;6896;(00000000000000000000000000000000) (0) (0) (00)    ;(00000000000000000000000000000000) (0) (0) (00)   ;(00000000000000000000000000000000) (0) (0) (00)   ;(00000000000000000000000000000000) (0) (0) (00)   ;(00000000000000000000000000000000) (0) (0) (00)   ;(00000000000000000000000000000000) (0) (0) (00)   ;(00000000000000000000000000000000) (0) (0) (00)   ;(00000000000000000000000000000000) (0) (0) (00)   ;
;6904;(00000000000000000000000000000000) (0) (0) (00)    ;(00000000000000000000000000000000) (0) (0) (00)   ;(00000000000000000000000000000000) (0) (0) (00)   ;(00000000000000000000000000000000) (0) (0) (00)   ;(00000000000000000000000000000000) (0) (0) (00)   ;(00000000000000000000000000000000) (0) (0) (00)   ;(00000000000000000000000000000000) (0) (0) (00)   ;(00000000000000000000000000000000) (0) (0) (00)   ;
;6912;(00000000000000000000000000000000) (0) (0) (00)    ;(00000000000000000000000000000000) (0) (0) (00)   ;(00000000000000000000000000000000) (0) (0) (00)   ;(00000000000000000000000000000000) (0) (0) (00)   ;(00000000000000000000000000000000) (0) (0) (00)   ;(00000000000000000000000000000000) (0) (0) (00)   ;(00000000000000000000000000000000) (0) (0) (00)   ;(00000000000000000000000000000000) (0) (0) (00)   ;
;6920;(00000000000000000000000000000000) (0) (0) (00)    ;(00000000000000000000000000000000) (0) (0) (00)   ;(00000000000000000000000000000000) (0) (0) (00)   ;(00000000000000000000000000000000) (0) (0) (00)   ;(00000000000000000000000000000000) (0) (0) (00)   ;(00000000000000000000000000000000) (0) (0) (00)   ;(00000000000000000000000000000000) (0) (0) (00)   ;(00000000000000000000000000000000) (0) (0) (00)   ;
;6928;(00000000000000000000000000000000) (0) (0) (00)    ;(00000000000000000000000000000000) (0) (0) (00)   ;(00000000000000000000000000000000) (0) (0) (00)   ;(00000000000000000000000000000000) (0) (0) (00)   ;(00000000000000000000000000000000) (0) (0) (00)   ;(00000000000000000000000000000000) (0) (0) (00)   ;(00000000000000000000000000000000) (0) (0) (00)   ;(00000000000000000000000000000000) (0) (0) (00)   ;
;6936;(00000000000000000000000000000000) (0) (0) (00)    ;(00000000000000000000000000000000) (0) (0) (00)   ;(00000000000000000000000000000000) (0) (0) (00)   ;(00000000000000000000000000000000) (0) (0) (00)   ;(00000000000000000000000000000000) (0) (0) (00)   ;(00000000000000000000000000000000) (0) (0) (00)   ;(00000000000000000000000000000000) (0) (0) (00)   ;(00000000000000000000000000000000) (0) (0) (00)   ;
;6944;(00000000000000000000000000000000) (0) (0) (00)    ;(00000000000000000000000000000000) (0) (0) (00)   ;(00000000000000000000000000000000) (0) (0) (00)   ;(00000000000000000000000000000000) (0) (0) (00)   ;(00000000000000000000000000000000) (0) (0) (00)   ;(00000000000000000000000000000000) (0) (0) (00)   ;(00000000000000000000000000000000) (0) (0) (00)   ;(00000000000000000000000000000000) (0) (0) (00)   ;
;6952;(00000000000000000000000000000000) (0) (0) (00)    ;(00000000000000000000000000000000) (0) (0) (00)   ;(00000000000000000000000000000000) (0) (0) (00)   ;(00000000000000000000000000000000) (0) (0) (00)   ;(00000000000000000000000000000000) (0) (0) (00)   ;(00000000000000000000000000000000) (0) (0) (00)   ;(00000000000000000000000000000000) (0) (0) (00)   ;(00000000000000000000000000000000) (0) (0) (00)   ;
;6960;(00000000000000000000000000000000) (0) (0) (00)    ;(00000000000000000000000000000000) (0) (0) (00)   ;(00000000000000000000000000000000) (0) (0) (00)   ;(00000000000000000000000000000000) (0) (0) (00)   ;(00000000000000000000000000000000) (0) (0) (00)   ;(00000000000000000000000000000000) (0) (0) (00)   ;(00000000000000000000000000000000) (0) (0) (00)   ;(00000000000000000000000000000000) (0) (0) (00)   ;
;6968;(00000000000000000000000000000000) (0) (0) (00)    ;(00000000000000000000000000000000) (0) (0) (00)   ;(00000000000000000000000000000000) (0) (0) (00)   ;(00000000000000000000000000000000) (0) (0) (00)   ;(00000000000000000000000000000000) (0) (0) (00)   ;(00000000000000000000000000000000) (0) (0) (00)   ;(00000000000000000000000000000000) (0) (0) (00)   ;(00000000000000000000000000000000) (0) (0) (00)   ;
;6976;(00000000000000000000000000000000) (0) (0) (00)    ;(00000000000000000000000000000000) (0) (0) (00)   ;(00000000000000000000000000000000) (0) (0) (00)   ;(00000000000000000000000000000000) (0) (0) (00)   ;(00000000000000000000000000000000) (0) (0) (00)   ;(00000000000000000000000000000000) (0) (0) (00)   ;(00000000000000000000000000000000) (0) (0) (00)   ;(00000000000000000000000000000000) (0) (0) (00)   ;
;6984;(00000000000000000000000000000000) (0) (0) (00)    ;(00000000000000000000000000000000) (0) (0) (00)   ;(00000000000000000000000000000000) (0) (0) (00)   ;(00000000000000000000000000000000) (0) (0) (00)   ;(00000000000000000000000000000000) (0) (0) (00)   ;(00000000000000000000000000000000) (0) (0) (00)   ;(00000000000000000000000000000000) (0) (0) (00)   ;(00000000000000000000000000000000) (0) (0) (00)   ;
;6992;(00000000000000000000000000000000) (0) (0) (00)    ;(00000000000000000000000000000000) (0) (0) (00)   ;(00000000000000000000000000000000) (0) (0) (00)   ;(00000000000000000000000000000000) (0) (0) (00)   ;(00000000000000000000000000000000) (0) (0) (00)   ;(00000000000000000000000000000000) (0) (0) (00)   ;(00000000000000000000000000000000) (0) (0) (00)   ;(00000000000000000000000000000000) (0) (0) (00)   ;
;7000;(00000000000000000000000000000000) (0) (0) (00)    ;(00000000000000000000000000000000) (0) (0) (00)   ;(00000000000000000000000000000000) (0) (0) (00)   ;(00000000000000000000000000000000) (0) (0) (00)   ;(00000000000000000000000000000000) (0) (0) (00)   ;(00000000000000000000000000000000) (0) (0) (00)   ;(00000000000000000000000000000000) (0) (0) (00)   ;(00000000000000000000000000000000) (0) (0) (00)   ;
;7008;(00000000000000000000000000000000) (0) (0) (00)    ;(00000000000000000000000000000000) (0) (0) (00)   ;(00000000000000000000000000000000) (0) (0) (00)   ;(00000000000000000000000000000000) (0) (0) (00)   ;(00000000000000000000000000000000) (0) (0) (00)   ;(00000000000000000000000000000000) (0) (0) (00)   ;(00000000000000000000000000000000) (0) (0) (00)   ;(00000000000000000000000000000000) (0) (0) (00)   ;
;7016;(00000000000000000000000000000000) (0) (0) (00)    ;(00000000000000000000000000000000) (0) (0) (00)   ;(00000000000000000000000000000000) (0) (0) (00)   ;(00000000000000000000000000000000) (0) (0) (00)   ;(00000000000000000000000000000000) (0) (0) (00)   ;(00000000000000000000000000000000) (0) (0) (00)   ;(00000000000000000000000000000000) (0) (0) (00)   ;(00000000000000000000000000000000) (0) (0) (00)   ;
;7024;(00000000000000000000000000000000) (0) (0) (00)    ;(00000000000000000000000000000000) (0) (0) (00)   ;(00000000000000000000000000000000) (0) (0) (00)   ;(00000000000000000000000000000000) (0) (0) (00)   ;(00000000000000000000000000000000) (0) (0) (00)   ;(00000000000000000000000000000000) (0) (0) (00)   ;(00000000000000000000000000000000) (0) (0) (00)   ;(00000000000000000000000000000000) (0) (0) (00)   ;
;7032;(00000000000000000000000000000000) (0) (0) (00)    ;(00000000000000000000000000000000) (0) (0) (00)   ;(00000000000000000000000000000000) (0) (0) (00)   ;(00000000000000000000000000000000) (0) (0) (00)   ;(00000000000000000000000000000000) (0) (0) (00)   ;(00000000000000000000000000000000) (0) (0) (00)   ;(00000000000000000000000000000000) (0) (0) (00)   ;(00000000000000000000000000000000) (0) (0) (00)   ;
;7040;(00000000000000000000000000000000) (0) (0) (00)    ;(00000000000000000000000000000000) (0) (0) (00)   ;(00000000000000000000000000000000) (0) (0) (00)   ;(00000000000000000000000000000000) (0) (0) (00)   ;(00000000000000000000000000000000) (0) (0) (00)   ;(00000000000000000000000000000000) (0) (0) (00)   ;(00000000000000000000000000000000) (0) (0) (00)   ;(00000000000000000000000000000000) (0) (0) (00)   ;
;7048;(00000000000000000000000000000000) (0) (0) (00)    ;(00000000000000000000000000000000) (0) (0) (00)   ;(00000000000000000000000000000000) (0) (0) (00)   ;(00000000000000000000000000000000) (0) (0) (00)   ;(00000000000000000000000000000000) (0) (0) (00)   ;(00000000000000000000000000000000) (0) (0) (00)   ;(00000000000000000000000000000000) (0) (0) (00)   ;(00000000000000000000000000000000) (0) (0) (00)   ;
;7056;(00000000000000000000000000000000) (0) (0) (00)    ;(00000000000000000000000000000000) (0) (0) (00)   ;(00000000000000000000000000000000) (0) (0) (00)   ;(00000000000000000000000000000000) (0) (0) (00)   ;(00000000000000000000000000000000) (0) (0) (00)   ;(00000000000000000000000000000000) (0) (0) (00)   ;(00000000000000000000000000000000) (0) (0) (00)   ;(00000000000000000000000000000000) (0) (0) (00)   ;
;7064;(00000000000000000000000000000000) (0) (0) (00)    ;(00000000000000000000000000000000) (0) (0) (00)   ;(00000000000000000000000000000000) (0) (0) (00)   ;(00000000000000000000000000000000) (0) (0) (00)   ;(00000000000000000000000000000000) (0) (0) (00)   ;(00000000000000000000000000000000) (0) (0) (00)   ;(00000000000000000000000000000000) (0) (0) (00)   ;(00000000000000000000000000000000) (0) (0) (00)   ;
;7072;(00000000000000000000000000000000) (0) (0) (00)    ;(00000000000000000000000000000000) (0) (0) (00)   ;(00000000000000000000000000000000) (0) (0) (00)   ;(00000000000000000000000000000000) (0) (0) (00)   ;(00000000000000000000000000000000) (0) (0) (00)   ;(00000000000000000000000000000000) (0) (0) (00)   ;(00000000000000000000000000000000) (0) (0) (00)   ;(00000000000000000000000000000000) (0) (0) (00)   ;
;7080;(00000000000000000000000000000000) (0) (0) (00)    ;(00000000000000000000000000000000) (0) (0) (00)   ;(00000000000000000000000000000000) (0) (0) (00)   ;(00000000000000000000000000000000) (0) (0) (00)   ;(00000000000000000000000000000000) (0) (0) (00)   ;(00000000000000000000000000000000) (0) (0) (00)   ;(00000000000000000000000000000000) (0) (0) (00)   ;(00000000000000000000000000000000) (0) (0) (00)   ;
;7088;(00000000000000000000000000000000) (0) (0) (00)    ;(00000000000000000000000000000000) (0) (0) (00)   ;(00000000000000000000000000000000) (0) (0) (00)   ;(00000000000000000000000000000000) (0) (0) (00)   ;(00000000000000000000000000000000) (0) (0) (00)   ;(00000000000000000000000000000000) (0) (0) (00)   ;(00000000000000000000000000000000) (0) (0) (00)   ;(00000000000000000000000000000000) (0) (0) (00)   ;
;7096;(00000000000000000000000000000000) (0) (0) (00)    ;(00000000000000000000000000000000) (0) (0) (00)   ;(00000000000000000000000000000000) (0) (0) (00)   ;(00000000000000000000000000000000) (0) (0) (00)   ;(00000000000000000000000000000000) (0) (0) (00)   ;(00000000000000000000000000000000) (0) (0) (00)   ;(00000000000000000000000000000000) (0) (0) (00)   ;(00000000000000000000000000000000) (0) (0) (00)   ;
;7104;(00000000000000000000000000000000) (0) (0) (00)    ;(00000000000000000000000000000000) (0) (0) (00)   ;(00000000000000000000000000000000) (0) (0) (00)   ;(00000000000000000000000000000000) (0) (0) (00)   ;(00000000000000000000000000000000) (0) (0) (00)   ;(00000000000000000000000000000000) (0) (0) (00)   ;(00000000000000000000000000000000) (0) (0) (00)   ;(00000000000000000000000000000000) (0) (0) (00)   ;
;7112;(00000000000000000000000000000000) (0) (0) (00)    ;(00000000000000000000000000000000) (0) (0) (00)   ;(00000000000000000000000000000000) (0) (0) (00)   ;(00000000000000000000000000000000) (0) (0) (00)   ;(00000000000000000000000000000000) (0) (0) (00)   ;(00000000000000000000000000000000) (0) (0) (00)   ;(00000000000000000000000000000000) (0) (0) (00)   ;(00000000000000000000000000000000) (0) (0) (00)   ;
;7120;(00000000000000000000000000000000) (0) (0) (00)    ;(00000000000000000000000000000000) (0) (0) (00)   ;(00000000000000000000000000000000) (0) (0) (00)   ;(00000000000000000000000000000000) (0) (0) (00)   ;(00000000000000000000000000000000) (0) (0) (00)   ;(00000000000000000000000000000000) (0) (0) (00)   ;(00000000000000000000000000000000) (0) (0) (00)   ;(00000000000000000000000000000000) (0) (0) (00)   ;
;7128;(00000000000000000000000000000000) (0) (0) (00)    ;(00000000000000000000000000000000) (0) (0) (00)   ;(00000000000000000000000000000000) (0) (0) (00)   ;(00000000000000000000000000000000) (0) (0) (00)   ;(00000000000000000000000000000000) (0) (0) (00)   ;(00000000000000000000000000000000) (0) (0) (00)   ;(00000000000000000000000000000000) (0) (0) (00)   ;(00000000000000000000000000000000) (0) (0) (00)   ;
;7136;(00000000000000000000000000000000) (0) (0) (00)    ;(00000000000000000000000000000000) (0) (0) (00)   ;(00000000000000000000000000000000) (0) (0) (00)   ;(00000000000000000000000000000000) (0) (0) (00)   ;(00000000000000000000000000000000) (0) (0) (00)   ;(00000000000000000000000000000000) (0) (0) (00)   ;(00000000000000000000000000000000) (0) (0) (00)   ;(00000000000000000000000000000000) (0) (0) (00)   ;
;7144;(00000000000000000000000000000000) (0) (0) (00)    ;(00000000000000000000000000000000) (0) (0) (00)   ;(00000000000000000000000000000000) (0) (0) (00)   ;(00000000000000000000000000000000) (0) (0) (00)   ;(00000000000000000000000000000000) (0) (0) (00)   ;(00000000000000000000000000000000) (0) (0) (00)   ;(00000000000000000000000000000000) (0) (0) (00)   ;(00000000000000000000000000000000) (0) (0) (00)   ;
;7152;(00000000000000000000000000000000) (0) (0) (00)    ;(00000000000000000000000000000000) (0) (0) (00)   ;(00000000000000000000000000000000) (0) (0) (00)   ;(00000000000000000000000000000000) (0) (0) (00)   ;(00000000000000000000000000000000) (0) (0) (00)   ;(00000000000000000000000000000000) (0) (0) (00)   ;(00000000000000000000000000000000) (0) (0) (00)   ;(00000000000000000000000000000000) (0) (0) (00)   ;
;7160;(00000000000000000000000000000000) (0) (0) (00)    ;(00000000000000000000000000000000) (0) (0) (00)   ;(00000000000000000000000000000000) (0) (0) (00)   ;(00000000000000000000000000000000) (0) (0) (00)   ;(00000000000000000000000000000000) (0) (0) (00)   ;(00000000000000000000000000000000) (0) (0) (00)   ;(00000000000000000000000000000000) (0) (0) (00)   ;(00000000000000000000000000000000) (0) (0) (00)   ;
;7168;(00000000000000000000000000000000) (0) (0) (00)    ;(00000000000000000000000000000000) (0) (0) (00)   ;(00000000000000000000000000000000) (0) (0) (00)   ;(00000000000000000000000000000000) (0) (0) (00)   ;(00000000000000000000000000000000) (0) (0) (00)   ;(00000000000000000000000000000000) (0) (0) (00)   ;(00000000000000000000000000000000) (0) (0) (00)   ;(00000000000000000000000000000000) (0) (0) (00)   ;
;7176;(00000000000000000000000000000000) (0) (0) (00)    ;(00000000000000000000000000000000) (0) (0) (00)   ;(00000000000000000000000000000000) (0) (0) (00)   ;(00000000000000000000000000000000) (0) (0) (00)   ;(00000000000000000000000000000000) (0) (0) (00)   ;(00000000000000000000000000000000) (0) (0) (00)   ;(00000000000000000000000000000000) (0) (0) (00)   ;(00000000000000000000000000000000) (0) (0) (00)   ;
;7184;(00000000000000000000000000000000) (0) (0) (00)    ;(00000000000000000000000000000000) (0) (0) (00)   ;(00000000000000000000000000000000) (0) (0) (00)   ;(00000000000000000000000000000000) (0) (0) (00)   ;(00000000000000000000000000000000) (0) (0) (00)   ;(00000000000000000000000000000000) (0) (0) (00)   ;(00000000000000000000000000000000) (0) (0) (00)   ;(00000000000000000000000000000000) (0) (0) (00)   ;
;7192;(00000000000000000000000000000000) (0) (0) (00)    ;(00000000000000000000000000000000) (0) (0) (00)   ;(00000000000000000000000000000000) (0) (0) (00)   ;(00000000000000000000000000000000) (0) (0) (00)   ;(00000000000000000000000000000000) (0) (0) (00)   ;(00000000000000000000000000000000) (0) (0) (00)   ;(00000000000000000000000000000000) (0) (0) (00)   ;(00000000000000000000000000000000) (0) (0) (00)   ;
;7200;(00000000000000000000000000000000) (0) (0) (00)    ;(00000000000000000000000000000000) (0) (0) (00)   ;(00000000000000000000000000000000) (0) (0) (00)   ;(00000000000000000000000000000000) (0) (0) (00)   ;(00000000000000000000000000000000) (0) (0) (00)   ;(00000000000000000000000000000000) (0) (0) (00)   ;(00000000000000000000000000000000) (0) (0) (00)   ;(00000000000000000000000000000000) (0) (0) (00)   ;
;7208;(00000000000000000000000000000000) (0) (0) (00)    ;(00000000000000000000000000000000) (0) (0) (00)   ;(00000000000000000000000000000000) (0) (0) (00)   ;(00000000000000000000000000000000) (0) (0) (00)   ;(00000000000000000000000000000000) (0) (0) (00)   ;(00000000000000000000000000000000) (0) (0) (00)   ;(00000000000000000000000000000000) (0) (0) (00)   ;(00000000000000000000000000000000) (0) (0) (00)   ;
;7216;(00000000000000000000000000000000) (0) (0) (00)    ;(00000000000000000000000000000000) (0) (0) (00)   ;(00000000000000000000000000000000) (0) (0) (00)   ;(00000000000000000000000000000000) (0) (0) (00)   ;(00000000000000000000000000000000) (0) (0) (00)   ;(00000000000000000000000000000000) (0) (0) (00)   ;(00000000000000000000000000000000) (0) (0) (00)   ;(00000000000000000000000000000000) (0) (0) (00)   ;
;7224;(00000000000000000000000000000000) (0) (0) (00)    ;(00000000000000000000000000000000) (0) (0) (00)   ;(00000000000000000000000000000000) (0) (0) (00)   ;(00000000000000000000000000000000) (0) (0) (00)   ;(00000000000000000000000000000000) (0) (0) (00)   ;(00000000000000000000000000000000) (0) (0) (00)   ;(00000000000000000000000000000000) (0) (0) (00)   ;(00000000000000000000000000000000) (0) (0) (00)   ;
;7232;(00000000000000000000000000000000) (0) (0) (00)    ;(00000000000000000000000000000000) (0) (0) (00)   ;(00000000000000000000000000000000) (0) (0) (00)   ;(00000000000000000000000000000000) (0) (0) (00)   ;(00000000000000000000000000000000) (0) (0) (00)   ;(00000000000000000000000000000000) (0) (0) (00)   ;(00000000000000000000000000000000) (0) (0) (00)   ;(00000000000000000000000000000000) (0) (0) (00)   ;
;7240;(00000000000000000000000000000000) (0) (0) (00)    ;(00000000000000000000000000000000) (0) (0) (00)   ;(00000000000000000000000000000000) (0) (0) (00)   ;(00000000000000000000000000000000) (0) (0) (00)   ;(00000000000000000000000000000000) (0) (0) (00)   ;(00000000000000000000000000000000) (0) (0) (00)   ;(00000000000000000000000000000000) (0) (0) (00)   ;(00000000000000000000000000000000) (0) (0) (00)   ;
;7248;(00000000000000000000000000000000) (0) (0) (00)    ;(00000000000000000000000000000000) (0) (0) (00)   ;(00000000000000000000000000000000) (0) (0) (00)   ;(00000000000000000000000000000000) (0) (0) (00)   ;(00000000000000000000000000000000) (0) (0) (00)   ;(00000000000000000000000000000000) (0) (0) (00)   ;(00000000000000000000000000000000) (0) (0) (00)   ;(00000000000000000000000000000000) (0) (0) (00)   ;
;7256;(00000000000000000000000000000000) (0) (0) (00)    ;(00000000000000000000000000000000) (0) (0) (00)   ;(00000000000000000000000000000000) (0) (0) (00)   ;(00000000000000000000000000000000) (0) (0) (00)   ;(00000000000000000000000000000000) (0) (0) (00)   ;(00000000000000000000000000000000) (0) (0) (00)   ;(00000000000000000000000000000000) (0) (0) (00)   ;(00000000000000000000000000000000) (0) (0) (00)   ;
;7264;(00000000000000000000000000000000) (0) (0) (00)    ;(00000000000000000000000000000000) (0) (0) (00)   ;(00000000000000000000000000000000) (0) (0) (00)   ;(00000000000000000000000000000000) (0) (0) (00)   ;(00000000000000000000000000000000) (0) (0) (00)   ;(00000000000000000000000000000000) (0) (0) (00)   ;(00000000000000000000000000000000) (0) (0) (00)   ;(00000000000000000000000000000000) (0) (0) (00)   ;
;7272;(00000000000000000000000000000000) (0) (0) (00)    ;(00000000000000000000000000000000) (0) (0) (00)   ;(00000000000000000000000000000000) (0) (0) (00)   ;(00000000000000000000000000000000) (0) (0) (00)   ;(00000000000000000000000000000000) (0) (0) (00)   ;(00000000000000000000000000000000) (0) (0) (00)   ;(00000000000000000000000000000000) (0) (0) (00)   ;(00000000000000000000000000000000) (0) (0) (00)   ;
;7280;(00000000000000000000000000000000) (0) (0) (00)    ;(00000000000000000000000000000000) (0) (0) (00)   ;(00000000000000000000000000000000) (0) (0) (00)   ;(00000000000000000000000000000000) (0) (0) (00)   ;(00000000000000000000000000000000) (0) (0) (00)   ;(00000000000000000000000000000000) (0) (0) (00)   ;(00000000000000000000000000000000) (0) (0) (00)   ;(00000000000000000000000000000000) (0) (0) (00)   ;
;7288;(00000000000000000000000000000000) (0) (0) (00)    ;(00000000000000000000000000000000) (0) (0) (00)   ;(00000000000000000000000000000000) (0) (0) (00)   ;(00000000000000000000000000000000) (0) (0) (00)   ;(00000000000000000000000000000000) (0) (0) (00)   ;(00000000000000000000000000000000) (0) (0) (00)   ;(00000000000000000000000000000000) (0) (0) (00)   ;(00000000000000000000000000000000) (0) (0) (00)   ;
;7296;(00000000000000000000000000000000) (0) (0) (00)    ;(00000000000000000000000000000000) (0) (0) (00)   ;(00000000000000000000000000000000) (0) (0) (00)   ;(00000000000000000000000000000000) (0) (0) (00)   ;(00000000000000000000000000000000) (0) (0) (00)   ;(00000000000000000000000000000000) (0) (0) (00)   ;(00000000000000000000000000000000) (0) (0) (00)   ;(00000000000000000000000000000000) (0) (0) (00)   ;
;7304;(00000000000000000000000000000000) (0) (0) (00)    ;(00000000000000000000000000000000) (0) (0) (00)   ;(00000000000000000000000000000000) (0) (0) (00)   ;(00000000000000000000000000000000) (0) (0) (00)   ;(00000000000000000000000000000000) (0) (0) (00)   ;(00000000000000000000000000000000) (0) (0) (00)   ;(00000000000000000000000000000000) (0) (0) (00)   ;(00000000000000000000000000000000) (0) (0) (00)   ;
;7312;(00000000000000000000000000000000) (0) (0) (00)    ;(00000000000000000000000000000000) (0) (0) (00)   ;(00000000000000000000000000000000) (0) (0) (00)   ;(00000000000000000000000000000000) (0) (0) (00)   ;(00000000000000000000000000000000) (0) (0) (00)   ;(00000000000000000000000000000000) (0) (0) (00)   ;(00000000000000000000000000000000) (0) (0) (00)   ;(00000000000000000000000000000000) (0) (0) (00)   ;
;7320;(00000000000000000000000000000000) (0) (0) (00)    ;(00000000000000000000000000000000) (0) (0) (00)   ;(00000000000000000000000000000000) (0) (0) (00)   ;(00000000000000000000000000000000) (0) (0) (00)   ;(00000000000000000000000000000000) (0) (0) (00)   ;(00000000000000000000000000000000) (0) (0) (00)   ;(00000000000000000000000000000000) (0) (0) (00)   ;(00000000000000000000000000000000) (0) (0) (00)   ;
;7328;(00000000000000000000000000000000) (0) (0) (00)    ;(00000000000000000000000000000000) (0) (0) (00)   ;(00000000000000000000000000000000) (0) (0) (00)   ;(00000000000000000000000000000000) (0) (0) (00)   ;(00000000000000000000000000000000) (0) (0) (00)   ;(00000000000000000000000000000000) (0) (0) (00)   ;(00000000000000000000000000000000) (0) (0) (00)   ;(00000000000000000000000000000000) (0) (0) (00)   ;
;7336;(00000000000000000000000000000000) (0) (0) (00)    ;(00000000000000000000000000000000) (0) (0) (00)   ;(00000000000000000000000000000000) (0) (0) (00)   ;(00000000000000000000000000000000) (0) (0) (00)   ;(00000000000000000000000000000000) (0) (0) (00)   ;(00000000000000000000000000000000) (0) (0) (00)   ;(00000000000000000000000000000000) (0) (0) (00)   ;(00000000000000000000000000000000) (0) (0) (00)   ;
;7344;(00000000000000000000000000000000) (0) (0) (00)    ;(00000000000000000000000000000000) (0) (0) (00)   ;(00000000000000000000000000000000) (0) (0) (00)   ;(00000000000000000000000000000000) (0) (0) (00)   ;(00000000000000000000000000000000) (0) (0) (00)   ;(00000000000000000000000000000000) (0) (0) (00)   ;(00000000000000000000000000000000) (0) (0) (00)   ;(00000000000000000000000000000000) (0) (0) (00)   ;
;7352;(00000000000000000000000000000000) (0) (0) (00)    ;(00000000000000000000000000000000) (0) (0) (00)   ;(00000000000000000000000000000000) (0) (0) (00)   ;(00000000000000000000000000000000) (0) (0) (00)   ;(00000000000000000000000000000000) (0) (0) (00)   ;(00000000000000000000000000000000) (0) (0) (00)   ;(00000000000000000000000000000000) (0) (0) (00)   ;(00000000000000000000000000000000) (0) (0) (00)   ;
;7360;(00000000000000000000000000000000) (0) (0) (00)    ;(00000000000000000000000000000000) (0) (0) (00)   ;(00000000000000000000000000000000) (0) (0) (00)   ;(00000000000000000000000000000000) (0) (0) (00)   ;(00000000000000000000000000000000) (0) (0) (00)   ;(00000000000000000000000000000000) (0) (0) (00)   ;(00000000000000000000000000000000) (0) (0) (00)   ;(00000000000000000000000000000000) (0) (0) (00)   ;
;7368;(00000000000000000000000000000000) (0) (0) (00)    ;(00000000000000000000000000000000) (0) (0) (00)   ;(00000000000000000000000000000000) (0) (0) (00)   ;(00000000000000000000000000000000) (0) (0) (00)   ;(00000000000000000000000000000000) (0) (0) (00)   ;(00000000000000000000000000000000) (0) (0) (00)   ;(00000000000000000000000000000000) (0) (0) (00)   ;(00000000000000000000000000000000) (0) (0) (00)   ;
;7376;(00000000000000000000000000000000) (0) (0) (00)    ;(00000000000000000000000000000000) (0) (0) (00)   ;(00000000000000000000000000000000) (0) (0) (00)   ;(00000000000000000000000000000000) (0) (0) (00)   ;(00000000000000000000000000000000) (0) (0) (00)   ;(00000000000000000000000000000000) (0) (0) (00)   ;(00000000000000000000000000000000) (0) (0) (00)   ;(00000000000000000000000000000000) (0) (0) (00)   ;
;7384;(00000000000000000000000000000000) (0) (0) (00)    ;(00000000000000000000000000000000) (0) (0) (00)   ;(00000000000000000000000000000000) (0) (0) (00)   ;(00000000000000000000000000000000) (0) (0) (00)   ;(00000000000000000000000000000000) (0) (0) (00)   ;(00000000000000000000000000000000) (0) (0) (00)   ;(00000000000000000000000000000000) (0) (0) (00)   ;(00000000000000000000000000000000) (0) (0) (00)   ;
;7392;(00000000000000000000000000000000) (0) (0) (00)    ;(00000000000000000000000000000000) (0) (0) (00)   ;(00000000000000000000000000000000) (0) (0) (00)   ;(00000000000000000000000000000000) (0) (0) (00)   ;(00000000000000000000000000000000) (0) (0) (00)   ;(00000000000000000000000000000000) (0) (0) (00)   ;(00000000000000000000000000000000) (0) (0) (00)   ;(00000000000000000000000000000000) (0) (0) (00)   ;
;7400;(00000000000000000000000000000000) (0) (0) (00)    ;(00000000000000000000000000000000) (0) (0) (00)   ;(00000000000000000000000000000000) (0) (0) (00)   ;(00000000000000000000000000000000) (0) (0) (00)   ;(00000000000000000000000000000000) (0) (0) (00)   ;(00000000000000000000000000000000) (0) (0) (00)   ;(00000000000000000000000000000000) (0) (0) (00)   ;(00000000000000000000000000000000) (0) (0) (00)   ;
;7408;(00000000000000000000000000000000) (0) (0) (00)    ;(00000000000000000000000000000000) (0) (0) (00)   ;(00000000000000000000000000000000) (0) (0) (00)   ;(00000000000000000000000000000000) (0) (0) (00)   ;(00000000000000000000000000000000) (0) (0) (00)   ;(00000000000000000000000000000000) (0) (0) (00)   ;(00000000000000000000000000000000) (0) (0) (00)   ;(00000000000000000000000000000000) (0) (0) (00)   ;
;7416;(00000000000000000000000000000000) (0) (0) (00)    ;(00000000000000000000000000000000) (0) (0) (00)   ;(00000000000000000000000000000000) (0) (0) (00)   ;(00000000000000000000000000000000) (0) (0) (00)   ;(00000000000000000000000000000000) (0) (0) (00)   ;(00000000000000000000000000000000) (0) (0) (00)   ;(00000000000000000000000000000000) (0) (0) (00)   ;(00000000000000000000000000000000) (0) (0) (00)   ;
;7424;(00000000000000000000000000000000) (0) (0) (00)    ;(00000000000000000000000000000000) (0) (0) (00)   ;(00000000000000000000000000000000) (0) (0) (00)   ;(00000000000000000000000000000000) (0) (0) (00)   ;(00000000000000000000000000000000) (0) (0) (00)   ;(00000000000000000000000000000000) (0) (0) (00)   ;(00000000000000000000000000000000) (0) (0) (00)   ;(00000000000000000000000000000000) (0) (0) (00)   ;
;7432;(00000000000000000000000000000000) (0) (0) (00)    ;(00000000000000000000000000000000) (0) (0) (00)   ;(00000000000000000000000000000000) (0) (0) (00)   ;(00000000000000000000000000000000) (0) (0) (00)   ;(00000000000000000000000000000000) (0) (0) (00)   ;(00000000000000000000000000000000) (0) (0) (00)   ;(00000000000000000000000000000000) (0) (0) (00)   ;(00000000000000000000000000000000) (0) (0) (00)   ;
;7440;(00000000000000000000000000000000) (0) (0) (00)    ;(00000000000000000000000000000000) (0) (0) (00)   ;(00000000000000000000000000000000) (0) (0) (00)   ;(00000000000000000000000000000000) (0) (0) (00)   ;(00000000000000000000000000000000) (0) (0) (00)   ;(00000000000000000000000000000000) (0) (0) (00)   ;(00000000000000000000000000000000) (0) (0) (00)   ;(00000000000000000000000000000000) (0) (0) (00)   ;
;7448;(00000000000000000000000000000000) (0) (0) (00)    ;(00000000000000000000000000000000) (0) (0) (00)   ;(00000000000000000000000000000000) (0) (0) (00)   ;(00000000000000000000000000000000) (0) (0) (00)   ;(00000000000000000000000000000000) (0) (0) (00)   ;(00000000000000000000000000000000) (0) (0) (00)   ;(00000000000000000000000000000000) (0) (0) (00)   ;(00000000000000000000000000000000) (0) (0) (00)   ;
;7456;(00000000000000000000000000000000) (0) (0) (00)    ;(00000000000000000000000000000000) (0) (0) (00)   ;(00000000000000000000000000000000) (0) (0) (00)   ;(00000000000000000000000000000000) (0) (0) (00)   ;(00000000000000000000000000000000) (0) (0) (00)   ;(00000000000000000000000000000000) (0) (0) (00)   ;(00000000000000000000000000000000) (0) (0) (00)   ;(00000000000000000000000000000000) (0) (0) (00)   ;
;7464;(00000000000000000000000000000000) (0) (0) (00)    ;(00000000000000000000000000000000) (0) (0) (00)   ;(00000000000000000000000000000000) (0) (0) (00)   ;(00000000000000000000000000000000) (0) (0) (00)   ;(00000000000000000000000000000000) (0) (0) (00)   ;(00000000000000000000000000000000) (0) (0) (00)   ;(00000000000000000000000000000000) (0) (0) (00)   ;(00000000000000000000000000000000) (0) (0) (00)   ;
;7472;(00000000000000000000000000000000) (0) (0) (00)    ;(00000000000000000000000000000000) (0) (0) (00)   ;(00000000000000000000000000000000) (0) (0) (00)   ;(00000000000000000000000000000000) (0) (0) (00)   ;(00000000000000000000000000000000) (0) (0) (00)   ;(00000000000000000000000000000000) (0) (0) (00)   ;(00000000000000000000000000000000) (0) (0) (00)   ;(00000000000000000000000000000000) (0) (0) (00)   ;
;7480;(00000000000000000000000000000000) (0) (0) (00)    ;(00000000000000000000000000000000) (0) (0) (00)   ;(00000000000000000000000000000000) (0) (0) (00)   ;(00000000000000000000000000000000) (0) (0) (00)   ;(00000000000000000000000000000000) (0) (0) (00)   ;(00000000000000000000000000000000) (0) (0) (00)   ;(00000000000000000000000000000000) (0) (0) (00)   ;(00000000000000000000000000000000) (0) (0) (00)   ;
;7488;(00000000000000000000000000000000) (0) (0) (00)    ;(00000000000000000000000000000000) (0) (0) (00)   ;(00000000000000000000000000000000) (0) (0) (00)   ;(00000000000000000000000000000000) (0) (0) (00)   ;(00000000000000000000000000000000) (0) (0) (00)   ;(00000000000000000000000000000000) (0) (0) (00)   ;(00000000000000000000000000000000) (0) (0) (00)   ;(00000000000000000000000000000000) (0) (0) (00)   ;
;7496;(00000000000000000000000000000000) (0) (0) (00)    ;(00000000000000000000000000000000) (0) (0) (00)   ;(00000000000000000000000000000000) (0) (0) (00)   ;(00000000000000000000000000000000) (0) (0) (00)   ;(00000000000000000000000000000000) (0) (0) (00)   ;(00000000000000000000000000000000) (0) (0) (00)   ;(00000000000000000000000000000000) (0) (0) (00)   ;(00000000000000000000000000000000) (0) (0) (00)   ;
;7504;(00000000000000000000000000000000) (0) (0) (00)    ;(00000000000000000000000000000000) (0) (0) (00)   ;(00000000000000000000000000000000) (0) (0) (00)   ;(00000000000000000000000000000000) (0) (0) (00)   ;(00000000000000000000000000000000) (0) (0) (00)   ;(00000000000000000000000000000000) (0) (0) (00)   ;(00000000000000000000000000000000) (0) (0) (00)   ;(00000000000000000000000000000000) (0) (0) (00)   ;
;7512;(00000000000000000000000000000000) (0) (0) (00)    ;(00000000000000000000000000000000) (0) (0) (00)   ;(00000000000000000000000000000000) (0) (0) (00)   ;(00000000000000000000000000000000) (0) (0) (00)   ;(00000000000000000000000000000000) (0) (0) (00)   ;(00000000000000000000000000000000) (0) (0) (00)   ;(00000000000000000000000000000000) (0) (0) (00)   ;(00000000000000000000000000000000) (0) (0) (00)   ;
;7520;(00000000000000000000000000000000) (0) (0) (00)    ;(00000000000000000000000000000000) (0) (0) (00)   ;(00000000000000000000000000000000) (0) (0) (00)   ;(00000000000000000000000000000000) (0) (0) (00)   ;(00000000000000000000000000000000) (0) (0) (00)   ;(00000000000000000000000000000000) (0) (0) (00)   ;(00000000000000000000000000000000) (0) (0) (00)   ;(00000000000000000000000000000000) (0) (0) (00)   ;
;7528;(00000000000000000000000000000000) (0) (0) (00)    ;(00000000000000000000000000000000) (0) (0) (00)   ;(00000000000000000000000000000000) (0) (0) (00)   ;(00000000000000000000000000000000) (0) (0) (00)   ;(00000000000000000000000000000000) (0) (0) (00)   ;(00000000000000000000000000000000) (0) (0) (00)   ;(00000000000000000000000000000000) (0) (0) (00)   ;(00000000000000000000000000000000) (0) (0) (00)   ;
;7536;(00000000000000000000000000000000) (0) (0) (00)    ;(00000000000000000000000000000000) (0) (0) (00)   ;(00000000000000000000000000000000) (0) (0) (00)   ;(00000000000000000000000000000000) (0) (0) (00)   ;(00000000000000000000000000000000) (0) (0) (00)   ;(00000000000000000000000000000000) (0) (0) (00)   ;(00000000000000000000000000000000) (0) (0) (00)   ;(00000000000000000000000000000000) (0) (0) (00)   ;
;7544;(00000000000000000000000000000000) (0) (0) (00)    ;(00000000000000000000000000000000) (0) (0) (00)   ;(00000000000000000000000000000000) (0) (0) (00)   ;(00000000000000000000000000000000) (0) (0) (00)   ;(00000000000000000000000000000000) (0) (0) (00)   ;(00000000000000000000000000000000) (0) (0) (00)   ;(00000000000000000000000000000000) (0) (0) (00)   ;(00000000000000000000000000000000) (0) (0) (00)   ;
;7552;(00000000000000000000000000000000) (0) (0) (00)    ;(00000000000000000000000000000000) (0) (0) (00)   ;(00000000000000000000000000000000) (0) (0) (00)   ;(00000000000000000000000000000000) (0) (0) (00)   ;(00000000000000000000000000000000) (0) (0) (00)   ;(00000000000000000000000000000000) (0) (0) (00)   ;(00000000000000000000000000000000) (0) (0) (00)   ;(00000000000000000000000000000000) (0) (0) (00)   ;
;7560;(00000000000000000000000000000000) (0) (0) (00)    ;(00000000000000000000000000000000) (0) (0) (00)   ;(00000000000000000000000000000000) (0) (0) (00)   ;(00000000000000000000000000000000) (0) (0) (00)   ;(00000000000000000000000000000000) (0) (0) (00)   ;(00000000000000000000000000000000) (0) (0) (00)   ;(00000000000000000000000000000000) (0) (0) (00)   ;(00000000000000000000000000000000) (0) (0) (00)   ;
;7568;(00000000000000000000000000000000) (0) (0) (00)    ;(00000000000000000000000000000000) (0) (0) (00)   ;(00000000000000000000000000000000) (0) (0) (00)   ;(00000000000000000000000000000000) (0) (0) (00)   ;(00000000000000000000000000000000) (0) (0) (00)   ;(00000000000000000000000000000000) (0) (0) (00)   ;(00000000000000000000000000000000) (0) (0) (00)   ;(00000000000000000000000000000000) (0) (0) (00)   ;
;7576;(00000000000000000000000000000000) (0) (0) (00)    ;(00000000000000000000000000000000) (0) (0) (00)   ;(00000000000000000000000000000000) (0) (0) (00)   ;(00000000000000000000000000000000) (0) (0) (00)   ;(00000000000000000000000000000000) (0) (0) (00)   ;(00000000000000000000000000000000) (0) (0) (00)   ;(00000000000000000000000000000000) (0) (0) (00)   ;(00000000000000000000000000000000) (0) (0) (00)   ;
;7584;(00000000000000000000000000000000) (0) (0) (00)    ;(00000000000000000000000000000000) (0) (0) (00)   ;(00000000000000000000000000000000) (0) (0) (00)   ;(00000000000000000000000000000000) (0) (0) (00)   ;(00000000000000000000000000000000) (0) (0) (00)   ;(00000000000000000000000000000000) (0) (0) (00)   ;(00000000000000000000000000000000) (0) (0) (00)   ;(00000000000000000000000000000000) (0) (0) (00)   ;
;7592;(00000000000000000000000000000000) (0) (0) (00)    ;(00000000000000000000000000000000) (0) (0) (00)   ;(00000000000000000000000000000000) (0) (0) (00)   ;(00000000000000000000000000000000) (0) (0) (00)   ;(00000000000000000000000000000000) (0) (0) (00)   ;(00000000000000000000000000000000) (0) (0) (00)   ;(00000000000000000000000000000000) (0) (0) (00)   ;(00000000000000000000000000000000) (0) (0) (00)   ;
;7600;(00000000000000000000000000000000) (0) (0) (00)    ;(00000000000000000000000000000000) (0) (0) (00)   ;(00000000000000000000000000000000) (0) (0) (00)   ;(00000000000000000000000000000000) (0) (0) (00)   ;(00000000000000000000000000000000) (0) (0) (00)   ;(00000000000000000000000000000000) (0) (0) (00)   ;(00000000000000000000000000000000) (0) (0) (00)   ;(00000000000000000000000000000000) (0) (0) (00)   ;
;7608;(00000000000000000000000000000000) (0) (0) (00)    ;(00000000000000000000000000000000) (0) (0) (00)   ;(00000000000000000000000000000000) (0) (0) (00)   ;(00000000000000000000000000000000) (0) (0) (00)   ;(00000000000000000000000000000000) (0) (0) (00)   ;(00000000000000000000000000000000) (0) (0) (00)   ;(00000000000000000000000000000000) (0) (0) (00)   ;(00000000000000000000000000000000) (0) (0) (00)   ;
;7616;(00000000000000000000000000000000) (0) (0) (00)    ;(00000000000000000000000000000000) (0) (0) (00)   ;(00000000000000000000000000000000) (0) (0) (00)   ;(00000000000000000000000000000000) (0) (0) (00)   ;(00000000000000000000000000000000) (0) (0) (00)   ;(00000000000000000000000000000000) (0) (0) (00)   ;(00000000000000000000000000000000) (0) (0) (00)   ;(00000000000000000000000000000000) (0) (0) (00)   ;
;7624;(00000000000000000000000000000000) (0) (0) (00)    ;(00000000000000000000000000000000) (0) (0) (00)   ;(00000000000000000000000000000000) (0) (0) (00)   ;(00000000000000000000000000000000) (0) (0) (00)   ;(00000000000000000000000000000000) (0) (0) (00)   ;(00000000000000000000000000000000) (0) (0) (00)   ;(00000000000000000000000000000000) (0) (0) (00)   ;(00000000000000000000000000000000) (0) (0) (00)   ;
;7632;(00000000000000000000000000000000) (0) (0) (00)    ;(00000000000000000000000000000000) (0) (0) (00)   ;(00000000000000000000000000000000) (0) (0) (00)   ;(00000000000000000000000000000000) (0) (0) (00)   ;(00000000000000000000000000000000) (0) (0) (00)   ;(00000000000000000000000000000000) (0) (0) (00)   ;(00000000000000000000000000000000) (0) (0) (00)   ;(00000000000000000000000000000000) (0) (0) (00)   ;
;7640;(00000000000000000000000000000000) (0) (0) (00)    ;(00000000000000000000000000000000) (0) (0) (00)   ;(00000000000000000000000000000000) (0) (0) (00)   ;(00000000000000000000000000000000) (0) (0) (00)   ;(00000000000000000000000000000000) (0) (0) (00)   ;(00000000000000000000000000000000) (0) (0) (00)   ;(00000000000000000000000000000000) (0) (0) (00)   ;(00000000000000000000000000000000) (0) (0) (00)   ;
;7648;(00000000000000000000000000000000) (0) (0) (00)    ;(00000000000000000000000000000000) (0) (0) (00)   ;(00000000000000000000000000000000) (0) (0) (00)   ;(00000000000000000000000000000000) (0) (0) (00)   ;(00000000000000000000000000000000) (0) (0) (00)   ;(00000000000000000000000000000000) (0) (0) (00)   ;(00000000000000000000000000000000) (0) (0) (00)   ;(00000000000000000000000000000000) (0) (0) (00)   ;
;7656;(00000000000000000000000000000000) (0) (0) (00)    ;(00000000000000000000000000000000) (0) (0) (00)   ;(00000000000000000000000000000000) (0) (0) (00)   ;(00000000000000000000000000000000) (0) (0) (00)   ;(00000000000000000000000000000000) (0) (0) (00)   ;(00000000000000000000000000000000) (0) (0) (00)   ;(00000000000000000000000000000000) (0) (0) (00)   ;(00000000000000000000000000000000) (0) (0) (00)   ;
;7664;(00000000000000000000000000000000) (0) (0) (00)    ;(00000000000000000000000000000000) (0) (0) (00)   ;(00000000000000000000000000000000) (0) (0) (00)   ;(00000000000000000000000000000000) (0) (0) (00)   ;(00000000000000000000000000000000) (0) (0) (00)   ;(00000000000000000000000000000000) (0) (0) (00)   ;(00000000000000000000000000000000) (0) (0) (00)   ;(00000000000000000000000000000000) (0) (0) (00)   ;
;7672;(00000000000000000000000000000000) (0) (0) (00)    ;(00000000000000000000000000000000) (0) (0) (00)   ;(00000000000000000000000000000000) (0) (0) (00)   ;(00000000000000000000000000000000) (0) (0) (00)   ;(00000000000000000000000000000000) (0) (0) (00)   ;(00000000000000000000000000000000) (0) (0) (00)   ;(00000000000000000000000000000000) (0) (0) (00)   ;(00000000000000000000000000000000) (0) (0) (00)   ;
;7680;(00000000000000000000000000000000) (0) (0) (00)    ;(00000000000000000000000000000000) (0) (0) (00)   ;(00000000000000000000000000000000) (0) (0) (00)   ;(00000000000000000000000000000000) (0) (0) (00)   ;(00000000000000000000000000000000) (0) (0) (00)   ;(00000000000000000000000000000000) (0) (0) (00)   ;(00000000000000000000000000000000) (0) (0) (00)   ;(00000000000000000000000000000000) (0) (0) (00)   ;
;7688;(00000000000000000000000000000000) (0) (0) (00)    ;(00000000000000000000000000000000) (0) (0) (00)   ;(00000000000000000000000000000000) (0) (0) (00)   ;(00000000000000000000000000000000) (0) (0) (00)   ;(00000000000000000000000000000000) (0) (0) (00)   ;(00000000000000000000000000000000) (0) (0) (00)   ;(00000000000000000000000000000000) (0) (0) (00)   ;(00000000000000000000000000000000) (0) (0) (00)   ;
;7696;(00000000000000000000000000000000) (0) (0) (00)    ;(00000000000000000000000000000000) (0) (0) (00)   ;(00000000000000000000000000000000) (0) (0) (00)   ;(00000000000000000000000000000000) (0) (0) (00)   ;(00000000000000000000000000000000) (0) (0) (00)   ;(00000000000000000000000000000000) (0) (0) (00)   ;(00000000000000000000000000000000) (0) (0) (00)   ;(00000000000000000000000000000000) (0) (0) (00)   ;
;7704;(00000000000000000000000000000000) (0) (0) (00)    ;(00000000000000000000000000000000) (0) (0) (00)   ;(00000000000000000000000000000000) (0) (0) (00)   ;(00000000000000000000000000000000) (0) (0) (00)   ;(00000000000000000000000000000000) (0) (0) (00)   ;(00000000000000000000000000000000) (0) (0) (00)   ;(00000000000000000000000000000000) (0) (0) (00)   ;(00000000000000000000000000000000) (0) (0) (00)   ;
;7712;(00000000000000000000000000000000) (0) (0) (00)    ;(00000000000000000000000000000000) (0) (0) (00)   ;(00000000000000000000000000000000) (0) (0) (00)   ;(00000000000000000000000000000000) (0) (0) (00)   ;(00000000000000000000000000000000) (0) (0) (00)   ;(00000000000000000000000000000000) (0) (0) (00)   ;(00000000000000000000000000000000) (0) (0) (00)   ;(00000000000000000000000000000000) (0) (0) (00)   ;
;7720;(00000000000000000000000000000000) (0) (0) (00)    ;(00000000000000000000000000000000) (0) (0) (00)   ;(00000000000000000000000000000000) (0) (0) (00)   ;(00000000000000000000000000000000) (0) (0) (00)   ;(00000000000000000000000000000000) (0) (0) (00)   ;(00000000000000000000000000000000) (0) (0) (00)   ;(00000000000000000000000000000000) (0) (0) (00)   ;(00000000000000000000000000000000) (0) (0) (00)   ;
;7728;(00000000000000000000000000000000) (0) (0) (00)    ;(00000000000000000000000000000000) (0) (0) (00)   ;(00000000000000000000000000000000) (0) (0) (00)   ;(00000000000000000000000000000000) (0) (0) (00)   ;(00000000000000000000000000000000) (0) (0) (00)   ;(00000000000000000000000000000000) (0) (0) (00)   ;(00000000000000000000000000000000) (0) (0) (00)   ;(00000000000000000000000000000000) (0) (0) (00)   ;
;7736;(00000000000000000000000000000000) (0) (0) (00)    ;(00000000000000000000000000000000) (0) (0) (00)   ;(00000000000000000000000000000000) (0) (0) (00)   ;(00000000000000000000000000000000) (0) (0) (00)   ;(00000000000000000000000000000000) (0) (0) (00)   ;(00000000000000000000000000000000) (0) (0) (00)   ;(00000000000000000000000000000000) (0) (0) (00)   ;(00000000000000000000000000000000) (0) (0) (00)   ;
;7744;(00000000000000000000000000000000) (0) (0) (00)    ;(00000000000000000000000000000000) (0) (0) (00)   ;(00000000000000000000000000000000) (0) (0) (00)   ;(00000000000000000000000000000000) (0) (0) (00)   ;(00000000000000000000000000000000) (0) (0) (00)   ;(00000000000000000000000000000000) (0) (0) (00)   ;(00000000000000000000000000000000) (0) (0) (00)   ;(00000000000000000000000000000000) (0) (0) (00)   ;
;7752;(00000000000000000000000000000000) (0) (0) (00)    ;(00000000000000000000000000000000) (0) (0) (00)   ;(00000000000000000000000000000000) (0) (0) (00)   ;(00000000000000000000000000000000) (0) (0) (00)   ;(00000000000000000000000000000000) (0) (0) (00)   ;(00000000000000000000000000000000) (0) (0) (00)   ;(00000000000000000000000000000000) (0) (0) (00)   ;(00000000000000000000000000000000) (0) (0) (00)   ;
;7760;(00000000000000000000000000000000) (0) (0) (00)    ;(00000000000000000000000000000000) (0) (0) (00)   ;(00000000000000000000000000000000) (0) (0) (00)   ;(00000000000000000000000000000000) (0) (0) (00)   ;(00000000000000000000000000000000) (0) (0) (00)   ;(00000000000000000000000000000000) (0) (0) (00)   ;(00000000000000000000000000000000) (0) (0) (00)   ;(00000000000000000000000000000000) (0) (0) (00)   ;
;7768;(00000000000000000000000000000000) (0) (0) (00)    ;(00000000000000000000000000000000) (0) (0) (00)   ;(00000000000000000000000000000000) (0) (0) (00)   ;(00000000000000000000000000000000) (0) (0) (00)   ;(00000000000000000000000000000000) (0) (0) (00)   ;(00000000000000000000000000000000) (0) (0) (00)   ;(00000000000000000000000000000000) (0) (0) (00)   ;(00000000000000000000000000000000) (0) (0) (00)   ;
;7776;(00000000000000000000000000000000) (0) (0) (00)    ;(00000000000000000000000000000000) (0) (0) (00)   ;(00000000000000000000000000000000) (0) (0) (00)   ;(00000000000000000000000000000000) (0) (0) (00)   ;(00000000000000000000000000000000) (0) (0) (00)   ;(00000000000000000000000000000000) (0) (0) (00)   ;(00000000000000000000000000000000) (0) (0) (00)   ;(00000000000000000000000000000000) (0) (0) (00)   ;
;7784;(00000000000000000000000000000000) (0) (0) (00)    ;(00000000000000000000000000000000) (0) (0) (00)   ;(00000000000000000000000000000000) (0) (0) (00)   ;(00000000000000000000000000000000) (0) (0) (00)   ;(00000000000000000000000000000000) (0) (0) (00)   ;(00000000000000000000000000000000) (0) (0) (00)   ;(00000000000000000000000000000000) (0) (0) (00)   ;(00000000000000000000000000000000) (0) (0) (00)   ;
;7792;(00000000000000000000000000000000) (0) (0) (00)    ;(00000000000000000000000000000000) (0) (0) (00)   ;(00000000000000000000000000000000) (0) (0) (00)   ;(00000000000000000000000000000000) (0) (0) (00)   ;(00000000000000000000000000000000) (0) (0) (00)   ;(00000000000000000000000000000000) (0) (0) (00)   ;(00000000000000000000000000000000) (0) (0) (00)   ;(00000000000000000000000000000000) (0) (0) (00)   ;
;7800;(00000000000000000000000000000000) (0) (0) (00)    ;(00000000000000000000000000000000) (0) (0) (00)   ;(00000000000000000000000000000000) (0) (0) (00)   ;(00000000000000000000000000000000) (0) (0) (00)   ;(00000000000000000000000000000000) (0) (0) (00)   ;(00000000000000000000000000000000) (0) (0) (00)   ;(00000000000000000000000000000000) (0) (0) (00)   ;(00000000000000000000000000000000) (0) (0) (00)   ;
;7808;(00000000000000000000000000000000) (0) (0) (00)    ;(00000000000000000000000000000000) (0) (0) (00)   ;(00000000000000000000000000000000) (0) (0) (00)   ;(00000000000000000000000000000000) (0) (0) (00)   ;(00000000000000000000000000000000) (0) (0) (00)   ;(00000000000000000000000000000000) (0) (0) (00)   ;(00000000000000000000000000000000) (0) (0) (00)   ;(00000000000000000000000000000000) (0) (0) (00)   ;
;7816;(00000000000000000000000000000000) (0) (0) (00)    ;(00000000000000000000000000000000) (0) (0) (00)   ;(00000000000000000000000000000000) (0) (0) (00)   ;(00000000000000000000000000000000) (0) (0) (00)   ;(00000000000000000000000000000000) (0) (0) (00)   ;(00000000000000000000000000000000) (0) (0) (00)   ;(00000000000000000000000000000000) (0) (0) (00)   ;(00000000000000000000000000000000) (0) (0) (00)   ;
;7824;(00000000000000000000000000000000) (0) (0) (00)    ;(00000000000000000000000000000000) (0) (0) (00)   ;(00000000000000000000000000000000) (0) (0) (00)   ;(00000000000000000000000000000000) (0) (0) (00)   ;(00000000000000000000000000000000) (0) (0) (00)   ;(00000000000000000000000000000000) (0) (0) (00)   ;(00000000000000000000000000000000) (0) (0) (00)   ;(00000000000000000000000000000000) (0) (0) (00)   ;
;7832;(00000000000000000000000000000000) (0) (0) (00)    ;(00000000000000000000000000000000) (0) (0) (00)   ;(00000000000000000000000000000000) (0) (0) (00)   ;(00000000000000000000000000000000) (0) (0) (00)   ;(00000000000000000000000000000000) (0) (0) (00)   ;(00000000000000000000000000000000) (0) (0) (00)   ;(00000000000000000000000000000000) (0) (0) (00)   ;(00000000000000000000000000000000) (0) (0) (00)   ;
;7840;(00000000000000000000000000000000) (0) (0) (00)    ;(00000000000000000000000000000000) (0) (0) (00)   ;(00000000000000000000000000000000) (0) (0) (00)   ;(00000000000000000000000000000000) (0) (0) (00)   ;(00000000000000000000000000000000) (0) (0) (00)   ;(00000000000000000000000000000000) (0) (0) (00)   ;(00000000000000000000000000000000) (0) (0) (00)   ;(00000000000000000000000000000000) (0) (0) (00)   ;
;7848;(00000000000000000000000000000000) (0) (0) (00)    ;(00000000000000000000000000000000) (0) (0) (00)   ;(00000000000000000000000000000000) (0) (0) (00)   ;(00000000000000000000000000000000) (0) (0) (00)   ;(00000000000000000000000000000000) (0) (0) (00)   ;(00000000000000000000000000000000) (0) (0) (00)   ;(00000000000000000000000000000000) (0) (0) (00)   ;(00000000000000000000000000000000) (0) (0) (00)   ;
;7856;(00000000000000000000000000000000) (0) (0) (00)    ;(00000000000000000000000000000000) (0) (0) (00)   ;(00000000000000000000000000000000) (0) (0) (00)   ;(00000000000000000000000000000000) (0) (0) (00)   ;(00000000000000000000000000000000) (0) (0) (00)   ;(00000000000000000000000000000000) (0) (0) (00)   ;(00000000000000000000000000000000) (0) (0) (00)   ;(00000000000000000000000000000000) (0) (0) (00)   ;
;7864;(00000000000000000000000000000000) (0) (0) (00)    ;(00000000000000000000000000000000) (0) (0) (00)   ;(00000000000000000000000000000000) (0) (0) (00)   ;(00000000000000000000000000000000) (0) (0) (00)   ;(00000000000000000000000000000000) (0) (0) (00)   ;(00000000000000000000000000000000) (0) (0) (00)   ;(00000000000000000000000000000000) (0) (0) (00)   ;(00000000000000000000000000000000) (0) (0) (00)   ;
;7872;(00000000000000000000000000000000) (0) (0) (00)    ;(00000000000000000000000000000000) (0) (0) (00)   ;(00000000000000000000000000000000) (0) (0) (00)   ;(00000000000000000000000000000000) (0) (0) (00)   ;(00000000000000000000000000000000) (0) (0) (00)   ;(00000000000000000000000000000000) (0) (0) (00)   ;(00000000000000000000000000000000) (0) (0) (00)   ;(00000000000000000000000000000000) (0) (0) (00)   ;
;7880;(00000000000000000000000000000000) (0) (0) (00)    ;(00000000000000000000000000000000) (0) (0) (00)   ;(00000000000000000000000000000000) (0) (0) (00)   ;(00000000000000000000000000000000) (0) (0) (00)   ;(00000000000000000000000000000000) (0) (0) (00)   ;(00000000000000000000000000000000) (0) (0) (00)   ;(00000000000000000000000000000000) (0) (0) (00)   ;(00000000000000000000000000000000) (0) (0) (00)   ;
;7888;(00000000000000000000000000000000) (0) (0) (00)    ;(00000000000000000000000000000000) (0) (0) (00)   ;(00000000000000000000000000000000) (0) (0) (00)   ;(00000000000000000000000000000000) (0) (0) (00)   ;(00000000000000000000000000000000) (0) (0) (00)   ;(00000000000000000000000000000000) (0) (0) (00)   ;(00000000000000000000000000000000) (0) (0) (00)   ;(00000000000000000000000000000000) (0) (0) (00)   ;
;7896;(00000000000000000000000000000000) (0) (0) (00)    ;(00000000000000000000000000000000) (0) (0) (00)   ;(00000000000000000000000000000000) (0) (0) (00)   ;(00000000000000000000000000000000) (0) (0) (00)   ;(00000000000000000000000000000000) (0) (0) (00)   ;(00000000000000000000000000000000) (0) (0) (00)   ;(00000000000000000000000000000000) (0) (0) (00)   ;(00000000000000000000000000000000) (0) (0) (00)   ;
;7904;(00000000000000000000000000000000) (0) (0) (00)    ;(00000000000000000000000000000000) (0) (0) (00)   ;(00000000000000000000000000000000) (0) (0) (00)   ;(00000000000000000000000000000000) (0) (0) (00)   ;(00000000000000000000000000000000) (0) (0) (00)   ;(00000000000000000000000000000000) (0) (0) (00)   ;(00000000000000000000000000000000) (0) (0) (00)   ;(00000000000000000000000000000000) (0) (0) (00)   ;
;7912;(00000000000000000000000000000000) (0) (0) (00)    ;(00000000000000000000000000000000) (0) (0) (00)   ;(00000000000000000000000000000000) (0) (0) (00)   ;(00000000000000000000000000000000) (0) (0) (00)   ;(00000000000000000000000000000000) (0) (0) (00)   ;(00000000000000000000000000000000) (0) (0) (00)   ;(00000000000000000000000000000000) (0) (0) (00)   ;(00000000000000000000000000000000) (0) (0) (00)   ;
;7920;(00000000000000000000000000000000) (0) (0) (00)    ;(00000000000000000000000000000000) (0) (0) (00)   ;(00000000000000000000000000000000) (0) (0) (00)   ;(00000000000000000000000000000000) (0) (0) (00)   ;(00000000000000000000000000000000) (0) (0) (00)   ;(00000000000000000000000000000000) (0) (0) (00)   ;(00000000000000000000000000000000) (0) (0) (00)   ;(00000000000000000000000000000000) (0) (0) (00)   ;
;7928;(00000000000000000000000000000000) (0) (0) (00)    ;(00000000000000000000000000000000) (0) (0) (00)   ;(00000000000000000000000000000000) (0) (0) (00)   ;(00000000000000000000000000000000) (0) (0) (00)   ;(00000000000000000000000000000000) (0) (0) (00)   ;(00000000000000000000000000000000) (0) (0) (00)   ;(00000000000000000000000000000000) (0) (0) (00)   ;(00000000000000000000000000000000) (0) (0) (00)   ;
;7936;(00000000000000000000000000000000) (0) (0) (00)    ;(00000000000000000000000000000000) (0) (0) (00)   ;(00000000000000000000000000000000) (0) (0) (00)   ;(00000000000000000000000000000000) (0) (0) (00)   ;(00000000000000000000000000000000) (0) (0) (00)   ;(00000000000000000000000000000000) (0) (0) (00)   ;(00000000000000000000000000000000) (0) (0) (00)   ;(00000000000000000000000000000000) (0) (0) (00)   ;
;7944;(00000000000000000000000000000000) (0) (0) (00)    ;(00000000000000000000000000000000) (0) (0) (00)   ;(00000000000000000000000000000000) (0) (0) (00)   ;(00000000000000000000000000000000) (0) (0) (00)   ;(00000000000000000000000000000000) (0) (0) (00)   ;(00000000000000000000000000000000) (0) (0) (00)   ;(00000000000000000000000000000000) (0) (0) (00)   ;(00000000000000000000000000000000) (0) (0) (00)   ;
;7952;(00000000000000000000000000000000) (0) (0) (00)    ;(00000000000000000000000000000000) (0) (0) (00)   ;(00000000000000000000000000000000) (0) (0) (00)   ;(00000000000000000000000000000000) (0) (0) (00)   ;(00000000000000000000000000000000) (0) (0) (00)   ;(00000000000000000000000000000000) (0) (0) (00)   ;(00000000000000000000000000000000) (0) (0) (00)   ;(00000000000000000000000000000000) (0) (0) (00)   ;
;7960;(00000000000000000000000000000000) (0) (0) (00)    ;(00000000000000000000000000000000) (0) (0) (00)   ;(00000000000000000000000000000000) (0) (0) (00)   ;(00000000000000000000000000000000) (0) (0) (00)   ;(00000000000000000000000000000000) (0) (0) (00)   ;(00000000000000000000000000000000) (0) (0) (00)   ;(00000000000000000000000000000000) (0) (0) (00)   ;(00000000000000000000000000000000) (0) (0) (00)   ;
;7968;(00000000000000000000000000000000) (0) (0) (00)    ;(00000000000000000000000000000000) (0) (0) (00)   ;(00000000000000000000000000000000) (0) (0) (00)   ;(00000000000000000000000000000000) (0) (0) (00)   ;(00000000000000000000000000000000) (0) (0) (00)   ;(00000000000000000000000000000000) (0) (0) (00)   ;(00000000000000000000000000000000) (0) (0) (00)   ;(00000000000000000000000000000000) (0) (0) (00)   ;
;7976;(00000000000000000000000000000000) (0) (0) (00)    ;(00000000000000000000000000000000) (0) (0) (00)   ;(00000000000000000000000000000000) (0) (0) (00)   ;(00000000000000000000000000000000) (0) (0) (00)   ;(00000000000000000000000000000000) (0) (0) (00)   ;(00000000000000000000000000000000) (0) (0) (00)   ;(00000000000000000000000000000000) (0) (0) (00)   ;(00000000000000000000000000000000) (0) (0) (00)   ;
;7984;(00000000000000000000000000000000) (0) (0) (00)    ;(00000000000000000000000000000000) (0) (0) (00)   ;(00000000000000000000000000000000) (0) (0) (00)   ;(00000000000000000000000000000000) (0) (0) (00)   ;(00000000000000000000000000000000) (0) (0) (00)   ;(00000000000000000000000000000000) (0) (0) (00)   ;(00000000000000000000000000000000) (0) (0) (00)   ;(00000000000000000000000000000000) (0) (0) (00)   ;
;7992;(00000000000000000000000000000000) (0) (0) (00)    ;(00000000000000000000000000000000) (0) (0) (00)   ;(00000000000000000000000000000000) (0) (0) (00)   ;(00000000000000000000000000000000) (0) (0) (00)   ;(00000000000000000000000000000000) (0) (0) (00)   ;(00000000000000000000000000000000) (0) (0) (00)   ;(00000000000000000000000000000000) (0) (0) (00)   ;(00000000000000000000000000000000) (0) (0) (00)   ;
;8000;(00000000000000000000000000000000) (0) (0) (00)    ;(00000000000000000000000000000000) (0) (0) (00)   ;(00000000000000000000000000000000) (0) (0) (00)   ;(00000000000000000000000000000000) (0) (0) (00)   ;(00000000000000000000000000000000) (0) (0) (00)   ;(00000000000000000000000000000000) (0) (0) (00)   ;(00000000000000000000000000000000) (0) (0) (00)   ;(00000000000000000000000000000000) (0) (0) (00)   ;
;8008;(00000000000000000000000000000000) (0) (0) (00)    ;(00000000000000000000000000000000) (0) (0) (00)   ;(00000000000000000000000000000000) (0) (0) (00)   ;(00000000000000000000000000000000) (0) (0) (00)   ;(00000000000000000000000000000000) (0) (0) (00)   ;(00000000000000000000000000000000) (0) (0) (00)   ;(00000000000000000000000000000000) (0) (0) (00)   ;(00000000000000000000000000000000) (0) (0) (00)   ;
;8016;(00000000000000000000000000000000) (0) (0) (00)    ;(00000000000000000000000000000000) (0) (0) (00)   ;(00000000000000000000000000000000) (0) (0) (00)   ;(00000000000000000000000000000000) (0) (0) (00)   ;(00000000000000000000000000000000) (0) (0) (00)   ;(00000000000000000000000000000000) (0) (0) (00)   ;(00000000000000000000000000000000) (0) (0) (00)   ;(00000000000000000000000000000000) (0) (0) (00)   ;
;8024;(00000000000000000000000000000000) (0) (0) (00)    ;(00000000000000000000000000000000) (0) (0) (00)   ;(00000000000000000000000000000000) (0) (0) (00)   ;(00000000000000000000000000000000) (0) (0) (00)   ;(00000000000000000000000000000000) (0) (0) (00)   ;(00000000000000000000000000000000) (0) (0) (00)   ;(00000000000000000000000000000000) (0) (0) (00)   ;(00000000000000000000000000000000) (0) (0) (00)   ;
;8032;(00000000000000000000000000000000) (0) (0) (00)    ;(00000000000000000000000000000000) (0) (0) (00)   ;(00000000000000000000000000000000) (0) (0) (00)   ;(00000000000000000000000000000000) (0) (0) (00)   ;(00000000000000000000000000000000) (0) (0) (00)   ;(00000000000000000000000000000000) (0) (0) (00)   ;(00000000000000000000000000000000) (0) (0) (00)   ;(00000000000000000000000000000000) (0) (0) (00)   ;
;8040;(00000000000000000000000000000000) (0) (0) (00)    ;(00000000000000000000000000000000) (0) (0) (00)   ;(00000000000000000000000000000000) (0) (0) (00)   ;(00000000000000000000000000000000) (0) (0) (00)   ;(00000000000000000000000000000000) (0) (0) (00)   ;(00000000000000000000000000000000) (0) (0) (00)   ;(00000000000000000000000000000000) (0) (0) (00)   ;(00000000000000000000000000000000) (0) (0) (00)   ;
;8048;(00000000000000000000000000000000) (0) (0) (00)    ;(00000000000000000000000000000000) (0) (0) (00)   ;(00000000000000000000000000000000) (0) (0) (00)   ;(00000000000000000000000000000000) (0) (0) (00)   ;(00000000000000000000000000000000) (0) (0) (00)   ;(00000000000000000000000000000000) (0) (0) (00)   ;(00000000000000000000000000000000) (0) (0) (00)   ;(00000000000000000000000000000000) (0) (0) (00)   ;
;8056;(00000000000000000000000000000000) (0) (0) (00)    ;(00000000000000000000000000000000) (0) (0) (00)   ;(00000000000000000000000000000000) (0) (0) (00)   ;(00000000000000000000000000000000) (0) (0) (00)   ;(00000000000000000000000000000000) (0) (0) (00)   ;(00000000000000000000000000000000) (0) (0) (00)   ;(00000000000000000000000000000000) (0) (0) (00)   ;(00000000000000000000000000000000) (0) (0) (00)   ;
;8064;(00000000000000000000000000000000) (0) (0) (00)    ;(00000000000000000000000000000000) (0) (0) (00)   ;(00000000000000000000000000000000) (0) (0) (00)   ;(00000000000000000000000000000000) (0) (0) (00)   ;(00000000000000000000000000000000) (0) (0) (00)   ;(00000000000000000000000000000000) (0) (0) (00)   ;(00000000000000000000000000000000) (0) (0) (00)   ;(00000000000000000000000000000000) (0) (0) (00)   ;
;8072;(00000000000000000000000000000000) (0) (0) (00)    ;(00000000000000000000000000000000) (0) (0) (00)   ;(00000000000000000000000000000000) (0) (0) (00)   ;(00000000000000000000000000000000) (0) (0) (00)   ;(00000000000000000000000000000000) (0) (0) (00)   ;(00000000000000000000000000000000) (0) (0) (00)   ;(00000000000000000000000000000000) (0) (0) (00)   ;(00000000000000000000000000000000) (0) (0) (00)   ;
;8080;(00000000000000000000000000000000) (0) (0) (00)    ;(00000000000000000000000000000000) (0) (0) (00)   ;(00000000000000000000000000000000) (0) (0) (00)   ;(00000000000000000000000000000000) (0) (0) (00)   ;(00000000000000000000000000000000) (0) (0) (00)   ;(00000000000000000000000000000000) (0) (0) (00)   ;(00000000000000000000000000000000) (0) (0) (00)   ;(00000000000000000000000000000000) (0) (0) (00)   ;
;8088;(00000000000000000000000000000000) (0) (0) (00)    ;(00000000000000000000000000000000) (0) (0) (00)   ;(00000000000000000000000000000000) (0) (0) (00)   ;(00000000000000000000000000000000) (0) (0) (00)   ;(00000000000000000000000000000000) (0) (0) (00)   ;(00000000000000000000000000000000) (0) (0) (00)   ;(00000000000000000000000000000000) (0) (0) (00)   ;(00000000000000000000000000000000) (0) (0) (00)   ;
;8096;(00000000000000000000000000000000) (0) (0) (00)    ;(00000000000000000000000000000000) (0) (0) (00)   ;(00000000000000000000000000000000) (0) (0) (00)   ;(00000000000000000000000000000000) (0) (0) (00)   ;(00000000000000000000000000000000) (0) (0) (00)   ;(00000000000000000000000000000000) (0) (0) (00)   ;(00000000000000000000000000000000) (0) (0) (00)   ;(00000000000000000000000000000000) (0) (0) (00)   ;
;8104;(00000000000000000000000000000000) (0) (0) (00)    ;(00000000000000000000000000000000) (0) (0) (00)   ;(00000000000000000000000000000000) (0) (0) (00)   ;(00000000000000000000000000000000) (0) (0) (00)   ;(00000000000000000000000000000000) (0) (0) (00)   ;(00000000000000000000000000000000) (0) (0) (00)   ;(00000000000000000000000000000000) (0) (0) (00)   ;(00000000000000000000000000000000) (0) (0) (00)   ;
;8112;(00000000000000000000000000000000) (0) (0) (00)    ;(00000000000000000000000000000000) (0) (0) (00)   ;(00000000000000000000000000000000) (0) (0) (00)   ;(00000000000000000000000000000000) (0) (0) (00)   ;(00000000000000000000000000000000) (0) (0) (00)   ;(00000000000000000000000000000000) (0) (0) (00)   ;(00000000000000000000000000000000) (0) (0) (00)   ;(00000000000000000000000000000000) (0) (0) (00)   ;
;8120;(00000000000000000000000000000000) (0) (0) (00)    ;(00000000000000000000000000000000) (0) (0) (00)   ;(00000000000000000000000000000000) (0) (0) (00)   ;(00000000000000000000000000000000) (0) (0) (00)   ;(00000000000000000000000000000000) (0) (0) (00)   ;(00000000000000000000000000000000) (0) (0) (00)   ;(00000000000000000000000000000000) (0) (0) (00)   ;(00000000000000000000000000000000) (0) (0) (00)   ;
;8128;(00000000000000000000000000000000) (0) (0) (00)    ;(00000000000000000000000000000000) (0) (0) (00)   ;(00000000000000000000000000000000) (0) (0) (00)   ;(00000000000000000000000000000000) (0) (0) (00)   ;(00000000000000000000000000000000) (0) (0) (00)   ;(00000000000000000000000000000000) (0) (0) (00)   ;(00000000000000000000000000000000) (0) (0) (00)   ;(00000000000000000000000000000000) (0) (0) (00)   ;
;8136;(00000000000000000000000000000000) (0) (0) (00)    ;(00000000000000000000000000000000) (0) (0) (00)   ;(00000000000000000000000000000000) (0) (0) (00)   ;(00000000000000000000000000000000) (0) (0) (00)   ;(00000000000000000000000000000000) (0) (0) (00)   ;(00000000000000000000000000000000) (0) (0) (00)   ;(00000000000000000000000000000000) (0) (0) (00)   ;(00000000000000000000000000000000) (0) (0) (00)   ;
;8144;(00000000000000000000000000000000) (0) (0) (00)    ;(00000000000000000000000000000000) (0) (0) (00)   ;(00000000000000000000000000000000) (0) (0) (00)   ;(00000000000000000000000000000000) (0) (0) (00)   ;(00000000000000000000000000000000) (0) (0) (00)   ;(00000000000000000000000000000000) (0) (0) (00)   ;(00000000000000000000000000000000) (0) (0) (00)   ;(00000000000000000000000000000000) (0) (0) (00)   ;
;8152;(00000000000000000000000000000000) (0) (0) (00)    ;(00000000000000000000000000000000) (0) (0) (00)   ;(00000000000000000000000000000000) (0) (0) (00)   ;(00000000000000000000000000000000) (0) (0) (00)   ;(00000000000000000000000000000000) (0) (0) (00)   ;(00000000000000000000000000000000) (0) (0) (00)   ;(00000000000000000000000000000000) (0) (0) (00)   ;(00000000000000000000000000000000) (0) (0) (00)   ;
;8160;(00000000000000000000000000000000) (0) (0) (00)    ;(00000000000000000000000000000000) (0) (0) (00)   ;(00000000000000000000000000000000) (0) (0) (00)   ;(00000000000000000000000000000000) (0) (0) (00)   ;(00000000000000000000000000000000) (0) (0) (00)   ;(00000000000000000000000000000000) (0) (0) (00)   ;(00000000000000000000000000000000) (0) (0) (00)   ;(00000000000000000000000000000000) (0) (0) (00)   ;
;8168;(00000000000000000000000000000000) (0) (0) (00)    ;(00000000000000000000000000000000) (0) (0) (00)   ;(00000000000000000000000000000000) (0) (0) (00)   ;(00000000000000000000000000000000) (0) (0) (00)   ;(00000000000000000000000000000000) (0) (0) (00)   ;(00000000000000000000000000000000) (0) (0) (00)   ;(00000000000000000000000000000000) (0) (0) (00)   ;(00000000000000000000000000000000) (0) (0) (00)   ;
;8176;(00000000000000000000000000000000) (0) (0) (00)    ;(00000000000000000000000000000000) (0) (0) (00)   ;(00000000000000000000000000000000) (0) (0) (00)   ;(00000000000000000000000000000000) (0) (0) (00)   ;(00000000000000000000000000000000) (0) (0) (00)   ;(00000000000000000000000000000000) (0) (0) (00)   ;(00000000000000000000000000000000) (0) (0) (00)   ;(00000000000000000000000000000000) (0) (0) (00)   ;
;8184;(00000000000000000000000000000000) (0) (0) (00)    ;(00000000000000000000000000000000) (0) (0) (00)   ;(00000000000000000000000000000000) (0) (0) (00)   ;(00000000000000000000000000000000) (0) (0) (00)   ;(00000000000000000000000000000000) (0) (0) (00)   ;(00000000000000000000000000000000) (0) (0) (00)   ;(00000000000000000000000000000000) (0) (0) (00)   ;(00000000000000000000000000000000) (0) (0) (00)   ;


+-------------------------------------------------+
; Routing Usage Summary                           ;
+-----------------------+-------------------------+
; Routing Resource Type ; Usage                   ;
+-----------------------+-------------------------+
; Block interconnects   ; 6,774 / 47,787 ( 14 % ) ;
; C16 interconnects     ; 147 / 1,804 ( 8 % )     ;
; C4 interconnects      ; 4,552 / 31,272 ( 15 % ) ;
; Direct links          ; 533 / 47,787 ( 1 % )    ;
; Global clocks         ; 2 / 20 ( 10 % )         ;
; Local interconnects   ; 1,639 / 15,408 ( 11 % ) ;
; R24 interconnects     ; 142 / 1,775 ( 8 % )     ;
; R4 interconnects      ; 5,245 / 41,310 ( 13 % ) ;
+-----------------------+-------------------------+


+-----------------------------------------------------------------------------+
; LAB Logic Elements                                                          ;
+---------------------------------------------+-------------------------------+
; Number of Logic Elements  (Average = 13.44) ; Number of LABs  (Total = 262) ;
+---------------------------------------------+-------------------------------+
; 1                                           ; 8                             ;
; 2                                           ; 4                             ;
; 3                                           ; 4                             ;
; 4                                           ; 5                             ;
; 5                                           ; 3                             ;
; 6                                           ; 5                             ;
; 7                                           ; 2                             ;
; 8                                           ; 5                             ;
; 9                                           ; 3                             ;
; 10                                          ; 5                             ;
; 11                                          ; 4                             ;
; 12                                          ; 16                            ;
; 13                                          ; 16                            ;
; 14                                          ; 18                            ;
; 15                                          ; 24                            ;
; 16                                          ; 140                           ;
+---------------------------------------------+-------------------------------+


+--------------------------------------------------------------------+
; LAB-wide Signals                                                   ;
+------------------------------------+-------------------------------+
; LAB-wide Signals  (Average = 1.66) ; Number of LABs  (Total = 262) ;
+------------------------------------+-------------------------------+
; 1 Clock                            ; 219                           ;
; 1 Clock enable                     ; 46                            ;
; 1 Sync. clear                      ; 2                             ;
; 1 Sync. load                       ; 20                            ;
; 2 Clock enables                    ; 145                           ;
; 2 Clocks                           ; 2                             ;
+------------------------------------+-------------------------------+


+------------------------------------------------------------------------------+
; LAB Signals Sourced                                                          ;
+----------------------------------------------+-------------------------------+
; Number of Signals Sourced  (Average = 20.02) ; Number of LABs  (Total = 262) ;
+----------------------------------------------+-------------------------------+
; 0                                            ; 2                             ;
; 1                                            ; 2                             ;
; 2                                            ; 9                             ;
; 3                                            ; 0                             ;
; 4                                            ; 4                             ;
; 5                                            ; 1                             ;
; 6                                            ; 4                             ;
; 7                                            ; 2                             ;
; 8                                            ; 5                             ;
; 9                                            ; 0                             ;
; 10                                           ; 2                             ;
; 11                                           ; 3                             ;
; 12                                           ; 6                             ;
; 13                                           ; 2                             ;
; 14                                           ; 8                             ;
; 15                                           ; 12                            ;
; 16                                           ; 29                            ;
; 17                                           ; 15                            ;
; 18                                           ; 14                            ;
; 19                                           ; 9                             ;
; 20                                           ; 11                            ;
; 21                                           ; 10                            ;
; 22                                           ; 10                            ;
; 23                                           ; 4                             ;
; 24                                           ; 17                            ;
; 25                                           ; 8                             ;
; 26                                           ; 7                             ;
; 27                                           ; 6                             ;
; 28                                           ; 8                             ;
; 29                                           ; 2                             ;
; 30                                           ; 14                            ;
; 31                                           ; 7                             ;
; 32                                           ; 29                            ;
+----------------------------------------------+-------------------------------+


+---------------------------------------------------------------------------------+
; LAB Signals Sourced Out                                                         ;
+-------------------------------------------------+-------------------------------+
; Number of Signals Sourced Out  (Average = 9.28) ; Number of LABs  (Total = 262) ;
+-------------------------------------------------+-------------------------------+
; 0                                               ; 2                             ;
; 1                                               ; 15                            ;
; 2                                               ; 5                             ;
; 3                                               ; 9                             ;
; 4                                               ; 6                             ;
; 5                                               ; 14                            ;
; 6                                               ; 16                            ;
; 7                                               ; 17                            ;
; 8                                               ; 26                            ;
; 9                                               ; 31                            ;
; 10                                              ; 28                            ;
; 11                                              ; 15                            ;
; 12                                              ; 25                            ;
; 13                                              ; 9                             ;
; 14                                              ; 6                             ;
; 15                                              ; 8                             ;
; 16                                              ; 17                            ;
; 17                                              ; 5                             ;
; 18                                              ; 3                             ;
; 19                                              ; 1                             ;
; 20                                              ; 1                             ;
; 21                                              ; 0                             ;
; 22                                              ; 2                             ;
; 23                                              ; 1                             ;
+-------------------------------------------------+-------------------------------+


+------------------------------------------------------------------------------+
; LAB Distinct Inputs                                                          ;
+----------------------------------------------+-------------------------------+
; Number of Distinct Inputs  (Average = 22.80) ; Number of LABs  (Total = 262) ;
+----------------------------------------------+-------------------------------+
; 0                                            ; 0                             ;
; 1                                            ; 0                             ;
; 2                                            ; 2                             ;
; 3                                            ; 6                             ;
; 4                                            ; 0                             ;
; 5                                            ; 3                             ;
; 6                                            ; 7                             ;
; 7                                            ; 6                             ;
; 8                                            ; 4                             ;
; 9                                            ; 2                             ;
; 10                                           ; 3                             ;
; 11                                           ; 2                             ;
; 12                                           ; 5                             ;
; 13                                           ; 4                             ;
; 14                                           ; 2                             ;
; 15                                           ; 10                            ;
; 16                                           ; 5                             ;
; 17                                           ; 9                             ;
; 18                                           ; 5                             ;
; 19                                           ; 8                             ;
; 20                                           ; 12                            ;
; 21                                           ; 6                             ;
; 22                                           ; 11                            ;
; 23                                           ; 9                             ;
; 24                                           ; 8                             ;
; 25                                           ; 12                            ;
; 26                                           ; 7                             ;
; 27                                           ; 10                            ;
; 28                                           ; 17                            ;
; 29                                           ; 9                             ;
; 30                                           ; 10                            ;
; 31                                           ; 17                            ;
; 32                                           ; 21                            ;
; 33                                           ; 30                            ;
+----------------------------------------------+-------------------------------+


+------------------------------------------+
; I/O Rules Summary                        ;
+----------------------------------+-------+
; I/O Rules Statistic              ; Total ;
+----------------------------------+-------+
; Total I/O Rules                  ; 30    ;
; Number of I/O Rules Passed       ; 12    ;
; Number of I/O Rules Failed       ; 0     ;
; Number of I/O Rules Unchecked    ; 0     ;
; Number of I/O Rules Inapplicable ; 18    ;
+----------------------------------+-------+


+-----------------------------------------------------------------------------------------------------------------------------------------------------------------------------------------------------------------------------------------------------------------------------------------------------+
; I/O Rules Details                                                                                                                                                                                                                                                                                   ;
+--------------+-----------+-----------------------------------+------------------------------------------------------------------------------------------------------+----------+--------------------------------------------------------------------------+---------------------+-------------------+
; Status       ; ID        ; Category                          ; Rule Description                                                                                     ; Severity ; Information                                                              ; Area                ; Extra Information ;
+--------------+-----------+-----------------------------------+------------------------------------------------------------------------------------------------------+----------+--------------------------------------------------------------------------+---------------------+-------------------+
; Pass         ; IO_000001 ; Capacity Checks                   ; Number of pins in an I/O bank should not exceed the number of locations available.                   ; Critical ; 0 such failures found.                                                   ; I/O                 ;                   ;
; Inapplicable ; IO_000002 ; Capacity Checks                   ; Number of clocks in an I/O bank should not exceed the number of clocks available.                    ; Critical ; No Global Signal assignments found.                                      ; I/O                 ;                   ;
; Pass         ; IO_000003 ; Capacity Checks                   ; Number of pins in a Vrefgroup should not exceed the number of locations available.                   ; Critical ; 0 such failures found.                                                   ; I/O                 ;                   ;
; Inapplicable ; IO_000004 ; Voltage Compatibility Checks      ; The I/O bank should support the requested VCCIO.                                                     ; Critical ; No IOBANK_VCCIO assignments found.                                       ; I/O                 ;                   ;
; Inapplicable ; IO_000005 ; Voltage Compatibility Checks      ; The I/O bank should not have competing VREF values.                                                  ; Critical ; No VREF I/O Standard assignments found.                                  ; I/O                 ;                   ;
; Pass         ; IO_000006 ; Voltage Compatibility Checks      ; The I/O bank should not have competing VCCIO values.                                                 ; Critical ; 0 such failures found.                                                   ; I/O                 ;                   ;
; Pass         ; IO_000007 ; Valid Location Checks             ; Checks for unavailable locations.                                                                    ; Critical ; 0 such failures found.                                                   ; I/O                 ;                   ;
; Inapplicable ; IO_000008 ; Valid Location Checks             ; Checks for reserved locations.                                                                       ; Critical ; No reserved LogicLock region found.                                      ; I/O                 ;                   ;
; Pass         ; IO_000009 ; I/O Properties Checks for One I/O ; The location should support the requested I/O standard.                                              ; Critical ; 0 such failures found.                                                   ; I/O                 ;                   ;
; Pass         ; IO_000010 ; I/O Properties Checks for One I/O ; The location should support the requested I/O direction.                                             ; Critical ; 0 such failures found.                                                   ; I/O                 ;                   ;
; Inapplicable ; IO_000011 ; I/O Properties Checks for One I/O ; The location should support the requested Current Strength.                                          ; Critical ; No Current Strength assignments found.                                   ; I/O                 ;                   ;
; Pass         ; IO_000012 ; I/O Properties Checks for One I/O ; The location should support the requested On Chip Termination value.                                 ; Critical ; 0 such failures found.                                                   ; I/O                 ;                   ;
; Inapplicable ; IO_000013 ; I/O Properties Checks for One I/O ; The location should support the requested Bus Hold value.                                            ; Critical ; No Enable Bus-Hold Circuitry assignments found.                          ; I/O                 ;                   ;
; Inapplicable ; IO_000014 ; I/O Properties Checks for One I/O ; The location should support the requested Weak Pull Up value.                                        ; Critical ; No Weak Pull-Up Resistor assignments found.                              ; I/O                 ;                   ;
; Pass         ; IO_000015 ; I/O Properties Checks for One I/O ; The location should support the requested PCI Clamp Diode.                                           ; Critical ; 0 such failures found.                                                   ; I/O                 ;                   ;
; Inapplicable ; IO_000018 ; I/O Properties Checks for One I/O ; The I/O standard should support the requested Current Strength.                                      ; Critical ; No Current Strength assignments found.                                   ; I/O                 ;                   ;
; Pass         ; IO_000019 ; I/O Properties Checks for One I/O ; The I/O standard should support the requested On Chip Termination value.                             ; Critical ; 0 such failures found.                                                   ; I/O                 ;                   ;
; Pass         ; IO_000020 ; I/O Properties Checks for One I/O ; The I/O standard should support the requested PCI Clamp Diode.                                       ; Critical ; 0 such failures found.                                                   ; I/O                 ;                   ;
; Inapplicable ; IO_000021 ; I/O Properties Checks for One I/O ; The I/O standard should support the requested Weak Pull Up value.                                    ; Critical ; No Weak Pull-Up Resistor assignments found.                              ; I/O                 ;                   ;
; Inapplicable ; IO_000022 ; I/O Properties Checks for One I/O ; The I/O standard should support the requested Bus Hold value.                                        ; Critical ; No Enable Bus-Hold Circuitry assignments found.                          ; I/O                 ;                   ;
; Inapplicable ; IO_000023 ; I/O Properties Checks for One I/O ; The I/O standard should support the Open Drain value.                                                ; Critical ; No open drain assignments found.                                         ; I/O                 ;                   ;
; Pass         ; IO_000024 ; I/O Properties Checks for One I/O ; The I/O direction should support the On Chip Termination value.                                      ; Critical ; 0 such failures found.                                                   ; I/O                 ;                   ;
; Inapplicable ; IO_000026 ; I/O Properties Checks for One I/O ; On Chip Termination and Current Strength should not be used at the same time.                        ; Critical ; No Current Strength assignments found.                                   ; I/O                 ;                   ;
; Inapplicable ; IO_000027 ; I/O Properties Checks for One I/O ; Weak Pull Up and Bus Hold should not be used at the same time.                                       ; Critical ; No Enable Bus-Hold Circuitry or Weak Pull-Up Resistor assignments found. ; I/O                 ;                   ;
; Inapplicable ; IO_000045 ; I/O Properties Checks for One I/O ; The I/O standard should support the requested Slew Rate value.                                       ; Critical ; No Slew Rate assignments found.                                          ; I/O                 ;                   ;
; Inapplicable ; IO_000046 ; I/O Properties Checks for One I/O ; The location should support the requested Slew Rate value.                                           ; Critical ; No Slew Rate assignments found.                                          ; I/O                 ;                   ;
; Inapplicable ; IO_000047 ; I/O Properties Checks for One I/O ; On Chip Termination and Slew Rate should not be used at the same time.                               ; Critical ; No Slew Rate assignments found.                                          ; I/O                 ;                   ;
; Pass         ; IO_000033 ; Electromigration Checks           ; Current density for consecutive I/Os should not exceed 240mA for row I/Os and 240mA for column I/Os. ; Critical ; 0 such failures found.                                                   ; I/O                 ;                   ;
; Inapplicable ; IO_000034 ; SI Related Distance Checks        ; Single-ended outputs should be 5 LAB row(s) away from a differential I/O.                            ; High     ; No Differential I/O Standard assignments found.                          ; I/O                 ;                   ;
; Inapplicable ; IO_000042 ; SI Related SSO Limit Checks       ; No more than 20 outputs are allowed in a VREF group when VREF is being read from.                    ; High     ; No VREF I/O Standard assignments found.                                  ; I/O                 ;                   ;
; ----         ; ----      ; Disclaimer                        ; OCT rules are checked but not reported.                                                              ; None     ; ----                                                                     ; On Chip Termination ;                   ;
+--------------+-----------+-----------------------------------+------------------------------------------------------------------------------------------------------+----------+--------------------------------------------------------------------------+---------------------+-------------------+


+--------------------------------------------------------------------------------------------------------------------------------------------------------------------------------------------------------------------------------------------------------------------------------------------------------------------------------------------------------------------------------------------------------------------------------------------------------------------------+
; I/O Rules Matrix                                                                                                                                                                                                                                                                                                                                                                                                                                                         ;
+--------------------+--------------+--------------+--------------+--------------+--------------+-----------+--------------+--------------+-----------+-----------+--------------+--------------+--------------+--------------+--------------+--------------+--------------+--------------+--------------+--------------+--------------+--------------+--------------+--------------+--------------+--------------+--------------+-----------+--------------+--------------+
; Pin/Rules          ; IO_000001    ; IO_000002    ; IO_000003    ; IO_000004    ; IO_000005    ; IO_000006 ; IO_000007    ; IO_000008    ; IO_000009 ; IO_000010 ; IO_000011    ; IO_000012    ; IO_000013    ; IO_000014    ; IO_000015    ; IO_000018    ; IO_000019    ; IO_000020    ; IO_000021    ; IO_000022    ; IO_000023    ; IO_000024    ; IO_000026    ; IO_000027    ; IO_000045    ; IO_000046    ; IO_000047    ; IO_000033 ; IO_000034    ; IO_000042    ;
+--------------------+--------------+--------------+--------------+--------------+--------------+-----------+--------------+--------------+-----------+-----------+--------------+--------------+--------------+--------------+--------------+--------------+--------------+--------------+--------------+--------------+--------------+--------------+--------------+--------------+--------------+--------------+--------------+-----------+--------------+--------------+
; Total Pass         ; 66           ; 0            ; 66           ; 0            ; 0            ; 67        ; 66           ; 0            ; 67        ; 67        ; 0            ; 52           ; 0            ; 0            ; 15           ; 0            ; 52           ; 15           ; 0            ; 0            ; 0            ; 52           ; 0            ; 0            ; 0            ; 0            ; 0            ; 67        ; 0            ; 0            ;
; Total Unchecked    ; 0            ; 0            ; 0            ; 0            ; 0            ; 0         ; 0            ; 0            ; 0         ; 0         ; 0            ; 0            ; 0            ; 0            ; 0            ; 0            ; 0            ; 0            ; 0            ; 0            ; 0            ; 0            ; 0            ; 0            ; 0            ; 0            ; 0            ; 0         ; 0            ; 0            ;
; Total Inapplicable ; 1            ; 67           ; 1            ; 67           ; 67           ; 0         ; 1            ; 67           ; 0         ; 0         ; 67           ; 15           ; 67           ; 67           ; 52           ; 67           ; 15           ; 52           ; 67           ; 67           ; 67           ; 15           ; 67           ; 67           ; 67           ; 67           ; 67           ; 0         ; 67           ; 67           ;
; Total Fail         ; 0            ; 0            ; 0            ; 0            ; 0            ; 0         ; 0            ; 0            ; 0         ; 0         ; 0            ; 0            ; 0            ; 0            ; 0            ; 0            ; 0            ; 0            ; 0            ; 0            ; 0            ; 0            ; 0            ; 0            ; 0            ; 0            ; 0            ; 0         ; 0            ; 0            ;
; LED0               ; Pass         ; Inapplicable ; Pass         ; Inapplicable ; Inapplicable ; Pass      ; Pass         ; Inapplicable ; Pass      ; Pass      ; Inapplicable ; Pass         ; Inapplicable ; Inapplicable ; Inapplicable ; Inapplicable ; Pass         ; Inapplicable ; Inapplicable ; Inapplicable ; Inapplicable ; Pass         ; Inapplicable ; Inapplicable ; Inapplicable ; Inapplicable ; Inapplicable ; Pass      ; Inapplicable ; Inapplicable ;
; LED1               ; Pass         ; Inapplicable ; Pass         ; Inapplicable ; Inapplicable ; Pass      ; Pass         ; Inapplicable ; Pass      ; Pass      ; Inapplicable ; Pass         ; Inapplicable ; Inapplicable ; Inapplicable ; Inapplicable ; Pass         ; Inapplicable ; Inapplicable ; Inapplicable ; Inapplicable ; Pass         ; Inapplicable ; Inapplicable ; Inapplicable ; Inapplicable ; Inapplicable ; Pass      ; Inapplicable ; Inapplicable ;
; LED2               ; Pass         ; Inapplicable ; Pass         ; Inapplicable ; Inapplicable ; Pass      ; Pass         ; Inapplicable ; Pass      ; Pass      ; Inapplicable ; Pass         ; Inapplicable ; Inapplicable ; Inapplicable ; Inapplicable ; Pass         ; Inapplicable ; Inapplicable ; Inapplicable ; Inapplicable ; Pass         ; Inapplicable ; Inapplicable ; Inapplicable ; Inapplicable ; Inapplicable ; Pass      ; Inapplicable ; Inapplicable ;
; LED3               ; Pass         ; Inapplicable ; Pass         ; Inapplicable ; Inapplicable ; Pass      ; Pass         ; Inapplicable ; Pass      ; Pass      ; Inapplicable ; Pass         ; Inapplicable ; Inapplicable ; Inapplicable ; Inapplicable ; Pass         ; Inapplicable ; Inapplicable ; Inapplicable ; Inapplicable ; Pass         ; Inapplicable ; Inapplicable ; Inapplicable ; Inapplicable ; Inapplicable ; Pass      ; Inapplicable ; Inapplicable ;
; LED4               ; Pass         ; Inapplicable ; Pass         ; Inapplicable ; Inapplicable ; Pass      ; Pass         ; Inapplicable ; Pass      ; Pass      ; Inapplicable ; Pass         ; Inapplicable ; Inapplicable ; Inapplicable ; Inapplicable ; Pass         ; Inapplicable ; Inapplicable ; Inapplicable ; Inapplicable ; Pass         ; Inapplicable ; Inapplicable ; Inapplicable ; Inapplicable ; Inapplicable ; Pass      ; Inapplicable ; Inapplicable ;
; LED5               ; Pass         ; Inapplicable ; Pass         ; Inapplicable ; Inapplicable ; Pass      ; Pass         ; Inapplicable ; Pass      ; Pass      ; Inapplicable ; Pass         ; Inapplicable ; Inapplicable ; Inapplicable ; Inapplicable ; Pass         ; Inapplicable ; Inapplicable ; Inapplicable ; Inapplicable ; Pass         ; Inapplicable ; Inapplicable ; Inapplicable ; Inapplicable ; Inapplicable ; Pass      ; Inapplicable ; Inapplicable ;
; LED6               ; Pass         ; Inapplicable ; Pass         ; Inapplicable ; Inapplicable ; Pass      ; Pass         ; Inapplicable ; Pass      ; Pass      ; Inapplicable ; Pass         ; Inapplicable ; Inapplicable ; Inapplicable ; Inapplicable ; Pass         ; Inapplicable ; Inapplicable ; Inapplicable ; Inapplicable ; Pass         ; Inapplicable ; Inapplicable ; Inapplicable ; Inapplicable ; Inapplicable ; Pass      ; Inapplicable ; Inapplicable ;
; LED7               ; Pass         ; Inapplicable ; Pass         ; Inapplicable ; Inapplicable ; Pass      ; Pass         ; Inapplicable ; Pass      ; Pass      ; Inapplicable ; Pass         ; Inapplicable ; Inapplicable ; Inapplicable ; Inapplicable ; Pass         ; Inapplicable ; Inapplicable ; Inapplicable ; Inapplicable ; Pass         ; Inapplicable ; Inapplicable ; Inapplicable ; Inapplicable ; Inapplicable ; Pass      ; Inapplicable ; Inapplicable ;
; LED8               ; Pass         ; Inapplicable ; Pass         ; Inapplicable ; Inapplicable ; Pass      ; Pass         ; Inapplicable ; Pass      ; Pass      ; Inapplicable ; Pass         ; Inapplicable ; Inapplicable ; Inapplicable ; Inapplicable ; Pass         ; Inapplicable ; Inapplicable ; Inapplicable ; Inapplicable ; Pass         ; Inapplicable ; Inapplicable ; Inapplicable ; Inapplicable ; Inapplicable ; Pass      ; Inapplicable ; Inapplicable ;
; LED9               ; Pass         ; Inapplicable ; Pass         ; Inapplicable ; Inapplicable ; Pass      ; Pass         ; Inapplicable ; Pass      ; Pass      ; Inapplicable ; Pass         ; Inapplicable ; Inapplicable ; Inapplicable ; Inapplicable ; Pass         ; Inapplicable ; Inapplicable ; Inapplicable ; Inapplicable ; Pass         ; Inapplicable ; Inapplicable ; Inapplicable ; Inapplicable ; Inapplicable ; Pass      ; Inapplicable ; Inapplicable ;
; HEX0               ; Pass         ; Inapplicable ; Pass         ; Inapplicable ; Inapplicable ; Pass      ; Pass         ; Inapplicable ; Pass      ; Pass      ; Inapplicable ; Pass         ; Inapplicable ; Inapplicable ; Inapplicable ; Inapplicable ; Pass         ; Inapplicable ; Inapplicable ; Inapplicable ; Inapplicable ; Pass         ; Inapplicable ; Inapplicable ; Inapplicable ; Inapplicable ; Inapplicable ; Pass      ; Inapplicable ; Inapplicable ;
; HEX1               ; Pass         ; Inapplicable ; Pass         ; Inapplicable ; Inapplicable ; Pass      ; Pass         ; Inapplicable ; Pass      ; Pass      ; Inapplicable ; Pass         ; Inapplicable ; Inapplicable ; Inapplicable ; Inapplicable ; Pass         ; Inapplicable ; Inapplicable ; Inapplicable ; Inapplicable ; Pass         ; Inapplicable ; Inapplicable ; Inapplicable ; Inapplicable ; Inapplicable ; Pass      ; Inapplicable ; Inapplicable ;
; HEX2               ; Pass         ; Inapplicable ; Pass         ; Inapplicable ; Inapplicable ; Pass      ; Pass         ; Inapplicable ; Pass      ; Pass      ; Inapplicable ; Pass         ; Inapplicable ; Inapplicable ; Inapplicable ; Inapplicable ; Pass         ; Inapplicable ; Inapplicable ; Inapplicable ; Inapplicable ; Pass         ; Inapplicable ; Inapplicable ; Inapplicable ; Inapplicable ; Inapplicable ; Pass      ; Inapplicable ; Inapplicable ;
; HEX3               ; Pass         ; Inapplicable ; Pass         ; Inapplicable ; Inapplicable ; Pass      ; Pass         ; Inapplicable ; Pass      ; Pass      ; Inapplicable ; Pass         ; Inapplicable ; Inapplicable ; Inapplicable ; Inapplicable ; Pass         ; Inapplicable ; Inapplicable ; Inapplicable ; Inapplicable ; Pass         ; Inapplicable ; Inapplicable ; Inapplicable ; Inapplicable ; Inapplicable ; Pass      ; Inapplicable ; Inapplicable ;
; HEX4               ; Pass         ; Inapplicable ; Pass         ; Inapplicable ; Inapplicable ; Pass      ; Pass         ; Inapplicable ; Pass      ; Pass      ; Inapplicable ; Pass         ; Inapplicable ; Inapplicable ; Inapplicable ; Inapplicable ; Pass         ; Inapplicable ; Inapplicable ; Inapplicable ; Inapplicable ; Pass         ; Inapplicable ; Inapplicable ; Inapplicable ; Inapplicable ; Inapplicable ; Pass      ; Inapplicable ; Inapplicable ;
; HEX5               ; Pass         ; Inapplicable ; Pass         ; Inapplicable ; Inapplicable ; Pass      ; Pass         ; Inapplicable ; Pass      ; Pass      ; Inapplicable ; Pass         ; Inapplicable ; Inapplicable ; Inapplicable ; Inapplicable ; Pass         ; Inapplicable ; Inapplicable ; Inapplicable ; Inapplicable ; Pass         ; Inapplicable ; Inapplicable ; Inapplicable ; Inapplicable ; Inapplicable ; Pass      ; Inapplicable ; Inapplicable ;
; HEX6               ; Pass         ; Inapplicable ; Pass         ; Inapplicable ; Inapplicable ; Pass      ; Pass         ; Inapplicable ; Pass      ; Pass      ; Inapplicable ; Pass         ; Inapplicable ; Inapplicable ; Inapplicable ; Inapplicable ; Pass         ; Inapplicable ; Inapplicable ; Inapplicable ; Inapplicable ; Pass         ; Inapplicable ; Inapplicable ; Inapplicable ; Inapplicable ; Inapplicable ; Pass      ; Inapplicable ; Inapplicable ;
; HEX7               ; Pass         ; Inapplicable ; Pass         ; Inapplicable ; Inapplicable ; Pass      ; Pass         ; Inapplicable ; Pass      ; Pass      ; Inapplicable ; Pass         ; Inapplicable ; Inapplicable ; Inapplicable ; Inapplicable ; Pass         ; Inapplicable ; Inapplicable ; Inapplicable ; Inapplicable ; Pass         ; Inapplicable ; Inapplicable ; Inapplicable ; Inapplicable ; Inapplicable ; Pass      ; Inapplicable ; Inapplicable ;
; HEX8               ; Pass         ; Inapplicable ; Pass         ; Inapplicable ; Inapplicable ; Pass      ; Pass         ; Inapplicable ; Pass      ; Pass      ; Inapplicable ; Pass         ; Inapplicable ; Inapplicable ; Inapplicable ; Inapplicable ; Pass         ; Inapplicable ; Inapplicable ; Inapplicable ; Inapplicable ; Pass         ; Inapplicable ; Inapplicable ; Inapplicable ; Inapplicable ; Inapplicable ; Pass      ; Inapplicable ; Inapplicable ;
; HEX9               ; Pass         ; Inapplicable ; Pass         ; Inapplicable ; Inapplicable ; Pass      ; Pass         ; Inapplicable ; Pass      ; Pass      ; Inapplicable ; Pass         ; Inapplicable ; Inapplicable ; Inapplicable ; Inapplicable ; Pass         ; Inapplicable ; Inapplicable ; Inapplicable ; Inapplicable ; Pass         ; Inapplicable ; Inapplicable ; Inapplicable ; Inapplicable ; Inapplicable ; Pass      ; Inapplicable ; Inapplicable ;
; HEX10              ; Pass         ; Inapplicable ; Pass         ; Inapplicable ; Inapplicable ; Pass      ; Pass         ; Inapplicable ; Pass      ; Pass      ; Inapplicable ; Pass         ; Inapplicable ; Inapplicable ; Inapplicable ; Inapplicable ; Pass         ; Inapplicable ; Inapplicable ; Inapplicable ; Inapplicable ; Pass         ; Inapplicable ; Inapplicable ; Inapplicable ; Inapplicable ; Inapplicable ; Pass      ; Inapplicable ; Inapplicable ;
; HEX11              ; Pass         ; Inapplicable ; Pass         ; Inapplicable ; Inapplicable ; Pass      ; Pass         ; Inapplicable ; Pass      ; Pass      ; Inapplicable ; Pass         ; Inapplicable ; Inapplicable ; Inapplicable ; Inapplicable ; Pass         ; Inapplicable ; Inapplicable ; Inapplicable ; Inapplicable ; Pass         ; Inapplicable ; Inapplicable ; Inapplicable ; Inapplicable ; Inapplicable ; Pass      ; Inapplicable ; Inapplicable ;
; HEX12              ; Pass         ; Inapplicable ; Pass         ; Inapplicable ; Inapplicable ; Pass      ; Pass         ; Inapplicable ; Pass      ; Pass      ; Inapplicable ; Pass         ; Inapplicable ; Inapplicable ; Inapplicable ; Inapplicable ; Pass         ; Inapplicable ; Inapplicable ; Inapplicable ; Inapplicable ; Pass         ; Inapplicable ; Inapplicable ; Inapplicable ; Inapplicable ; Inapplicable ; Pass      ; Inapplicable ; Inapplicable ;
; HEX13              ; Pass         ; Inapplicable ; Pass         ; Inapplicable ; Inapplicable ; Pass      ; Pass         ; Inapplicable ; Pass      ; Pass      ; Inapplicable ; Pass         ; Inapplicable ; Inapplicable ; Inapplicable ; Inapplicable ; Pass         ; Inapplicable ; Inapplicable ; Inapplicable ; Inapplicable ; Pass         ; Inapplicable ; Inapplicable ; Inapplicable ; Inapplicable ; Inapplicable ; Pass      ; Inapplicable ; Inapplicable ;
; HEX14              ; Pass         ; Inapplicable ; Pass         ; Inapplicable ; Inapplicable ; Pass      ; Pass         ; Inapplicable ; Pass      ; Pass      ; Inapplicable ; Pass         ; Inapplicable ; Inapplicable ; Inapplicable ; Inapplicable ; Pass         ; Inapplicable ; Inapplicable ; Inapplicable ; Inapplicable ; Pass         ; Inapplicable ; Inapplicable ; Inapplicable ; Inapplicable ; Inapplicable ; Pass      ; Inapplicable ; Inapplicable ;
; HEX15              ; Pass         ; Inapplicable ; Pass         ; Inapplicable ; Inapplicable ; Pass      ; Pass         ; Inapplicable ; Pass      ; Pass      ; Inapplicable ; Pass         ; Inapplicable ; Inapplicable ; Inapplicable ; Inapplicable ; Pass         ; Inapplicable ; Inapplicable ; Inapplicable ; Inapplicable ; Pass         ; Inapplicable ; Inapplicable ; Inapplicable ; Inapplicable ; Inapplicable ; Pass      ; Inapplicable ; Inapplicable ;
; HEX16              ; Pass         ; Inapplicable ; Pass         ; Inapplicable ; Inapplicable ; Pass      ; Pass         ; Inapplicable ; Pass      ; Pass      ; Inapplicable ; Pass         ; Inapplicable ; Inapplicable ; Inapplicable ; Inapplicable ; Pass         ; Inapplicable ; Inapplicable ; Inapplicable ; Inapplicable ; Pass         ; Inapplicable ; Inapplicable ; Inapplicable ; Inapplicable ; Inapplicable ; Pass      ; Inapplicable ; Inapplicable ;
; HEX17              ; Pass         ; Inapplicable ; Pass         ; Inapplicable ; Inapplicable ; Pass      ; Pass         ; Inapplicable ; Pass      ; Pass      ; Inapplicable ; Pass         ; Inapplicable ; Inapplicable ; Inapplicable ; Inapplicable ; Pass         ; Inapplicable ; Inapplicable ; Inapplicable ; Inapplicable ; Pass         ; Inapplicable ; Inapplicable ; Inapplicable ; Inapplicable ; Inapplicable ; Pass      ; Inapplicable ; Inapplicable ;
; HEX18              ; Pass         ; Inapplicable ; Pass         ; Inapplicable ; Inapplicable ; Pass      ; Pass         ; Inapplicable ; Pass      ; Pass      ; Inapplicable ; Pass         ; Inapplicable ; Inapplicable ; Inapplicable ; Inapplicable ; Pass         ; Inapplicable ; Inapplicable ; Inapplicable ; Inapplicable ; Pass         ; Inapplicable ; Inapplicable ; Inapplicable ; Inapplicable ; Inapplicable ; Pass      ; Inapplicable ; Inapplicable ;
; HEX19              ; Pass         ; Inapplicable ; Pass         ; Inapplicable ; Inapplicable ; Pass      ; Pass         ; Inapplicable ; Pass      ; Pass      ; Inapplicable ; Pass         ; Inapplicable ; Inapplicable ; Inapplicable ; Inapplicable ; Pass         ; Inapplicable ; Inapplicable ; Inapplicable ; Inapplicable ; Pass         ; Inapplicable ; Inapplicable ; Inapplicable ; Inapplicable ; Inapplicable ; Pass      ; Inapplicable ; Inapplicable ;
; HEX20              ; Pass         ; Inapplicable ; Pass         ; Inapplicable ; Inapplicable ; Pass      ; Pass         ; Inapplicable ; Pass      ; Pass      ; Inapplicable ; Pass         ; Inapplicable ; Inapplicable ; Inapplicable ; Inapplicable ; Pass         ; Inapplicable ; Inapplicable ; Inapplicable ; Inapplicable ; Pass         ; Inapplicable ; Inapplicable ; Inapplicable ; Inapplicable ; Inapplicable ; Pass      ; Inapplicable ; Inapplicable ;
; HEX21              ; Pass         ; Inapplicable ; Pass         ; Inapplicable ; Inapplicable ; Pass      ; Pass         ; Inapplicable ; Pass      ; Pass      ; Inapplicable ; Pass         ; Inapplicable ; Inapplicable ; Inapplicable ; Inapplicable ; Pass         ; Inapplicable ; Inapplicable ; Inapplicable ; Inapplicable ; Pass         ; Inapplicable ; Inapplicable ; Inapplicable ; Inapplicable ; Inapplicable ; Pass      ; Inapplicable ; Inapplicable ;
; HEX22              ; Pass         ; Inapplicable ; Pass         ; Inapplicable ; Inapplicable ; Pass      ; Pass         ; Inapplicable ; Pass      ; Pass      ; Inapplicable ; Pass         ; Inapplicable ; Inapplicable ; Inapplicable ; Inapplicable ; Pass         ; Inapplicable ; Inapplicable ; Inapplicable ; Inapplicable ; Pass         ; Inapplicable ; Inapplicable ; Inapplicable ; Inapplicable ; Inapplicable ; Pass      ; Inapplicable ; Inapplicable ;
; HEX23              ; Pass         ; Inapplicable ; Pass         ; Inapplicable ; Inapplicable ; Pass      ; Pass         ; Inapplicable ; Pass      ; Pass      ; Inapplicable ; Pass         ; Inapplicable ; Inapplicable ; Inapplicable ; Inapplicable ; Pass         ; Inapplicable ; Inapplicable ; Inapplicable ; Inapplicable ; Pass         ; Inapplicable ; Inapplicable ; Inapplicable ; Inapplicable ; Inapplicable ; Pass      ; Inapplicable ; Inapplicable ;
; HEX24              ; Pass         ; Inapplicable ; Pass         ; Inapplicable ; Inapplicable ; Pass      ; Pass         ; Inapplicable ; Pass      ; Pass      ; Inapplicable ; Pass         ; Inapplicable ; Inapplicable ; Inapplicable ; Inapplicable ; Pass         ; Inapplicable ; Inapplicable ; Inapplicable ; Inapplicable ; Pass         ; Inapplicable ; Inapplicable ; Inapplicable ; Inapplicable ; Inapplicable ; Pass      ; Inapplicable ; Inapplicable ;
; HEX25              ; Pass         ; Inapplicable ; Pass         ; Inapplicable ; Inapplicable ; Pass      ; Pass         ; Inapplicable ; Pass      ; Pass      ; Inapplicable ; Pass         ; Inapplicable ; Inapplicable ; Inapplicable ; Inapplicable ; Pass         ; Inapplicable ; Inapplicable ; Inapplicable ; Inapplicable ; Pass         ; Inapplicable ; Inapplicable ; Inapplicable ; Inapplicable ; Inapplicable ; Pass      ; Inapplicable ; Inapplicable ;
; HEX26              ; Pass         ; Inapplicable ; Pass         ; Inapplicable ; Inapplicable ; Pass      ; Pass         ; Inapplicable ; Pass      ; Pass      ; Inapplicable ; Pass         ; Inapplicable ; Inapplicable ; Inapplicable ; Inapplicable ; Pass         ; Inapplicable ; Inapplicable ; Inapplicable ; Inapplicable ; Pass         ; Inapplicable ; Inapplicable ; Inapplicable ; Inapplicable ; Inapplicable ; Pass      ; Inapplicable ; Inapplicable ;
; HEX27              ; Pass         ; Inapplicable ; Pass         ; Inapplicable ; Inapplicable ; Pass      ; Pass         ; Inapplicable ; Pass      ; Pass      ; Inapplicable ; Pass         ; Inapplicable ; Inapplicable ; Inapplicable ; Inapplicable ; Pass         ; Inapplicable ; Inapplicable ; Inapplicable ; Inapplicable ; Pass         ; Inapplicable ; Inapplicable ; Inapplicable ; Inapplicable ; Inapplicable ; Pass      ; Inapplicable ; Inapplicable ;
; HS                 ; Pass         ; Inapplicable ; Pass         ; Inapplicable ; Inapplicable ; Pass      ; Pass         ; Inapplicable ; Pass      ; Pass      ; Inapplicable ; Pass         ; Inapplicable ; Inapplicable ; Inapplicable ; Inapplicable ; Pass         ; Inapplicable ; Inapplicable ; Inapplicable ; Inapplicable ; Pass         ; Inapplicable ; Inapplicable ; Inapplicable ; Inapplicable ; Inapplicable ; Pass      ; Inapplicable ; Inapplicable ;
; VS                 ; Pass         ; Inapplicable ; Pass         ; Inapplicable ; Inapplicable ; Pass      ; Pass         ; Inapplicable ; Pass      ; Pass      ; Inapplicable ; Pass         ; Inapplicable ; Inapplicable ; Inapplicable ; Inapplicable ; Pass         ; Inapplicable ; Inapplicable ; Inapplicable ; Inapplicable ; Pass         ; Inapplicable ; Inapplicable ; Inapplicable ; Inapplicable ; Inapplicable ; Pass      ; Inapplicable ; Inapplicable ;
; BLUE[3]            ; Pass         ; Inapplicable ; Pass         ; Inapplicable ; Inapplicable ; Pass      ; Pass         ; Inapplicable ; Pass      ; Pass      ; Inapplicable ; Pass         ; Inapplicable ; Inapplicable ; Inapplicable ; Inapplicable ; Pass         ; Inapplicable ; Inapplicable ; Inapplicable ; Inapplicable ; Pass         ; Inapplicable ; Inapplicable ; Inapplicable ; Inapplicable ; Inapplicable ; Pass      ; Inapplicable ; Inapplicable ;
; BLUE[2]            ; Pass         ; Inapplicable ; Pass         ; Inapplicable ; Inapplicable ; Pass      ; Pass         ; Inapplicable ; Pass      ; Pass      ; Inapplicable ; Pass         ; Inapplicable ; Inapplicable ; Inapplicable ; Inapplicable ; Pass         ; Inapplicable ; Inapplicable ; Inapplicable ; Inapplicable ; Pass         ; Inapplicable ; Inapplicable ; Inapplicable ; Inapplicable ; Inapplicable ; Pass      ; Inapplicable ; Inapplicable ;
; BLUE[1]            ; Pass         ; Inapplicable ; Pass         ; Inapplicable ; Inapplicable ; Pass      ; Pass         ; Inapplicable ; Pass      ; Pass      ; Inapplicable ; Pass         ; Inapplicable ; Inapplicable ; Inapplicable ; Inapplicable ; Pass         ; Inapplicable ; Inapplicable ; Inapplicable ; Inapplicable ; Pass         ; Inapplicable ; Inapplicable ; Inapplicable ; Inapplicable ; Inapplicable ; Pass      ; Inapplicable ; Inapplicable ;
; BLUE[0]            ; Inapplicable ; Inapplicable ; Inapplicable ; Inapplicable ; Inapplicable ; Pass      ; Inapplicable ; Inapplicable ; Pass      ; Pass      ; Inapplicable ; Pass         ; Inapplicable ; Inapplicable ; Inapplicable ; Inapplicable ; Pass         ; Inapplicable ; Inapplicable ; Inapplicable ; Inapplicable ; Pass         ; Inapplicable ; Inapplicable ; Inapplicable ; Inapplicable ; Inapplicable ; Pass      ; Inapplicable ; Inapplicable ;
; GREEN[3]           ; Pass         ; Inapplicable ; Pass         ; Inapplicable ; Inapplicable ; Pass      ; Pass         ; Inapplicable ; Pass      ; Pass      ; Inapplicable ; Pass         ; Inapplicable ; Inapplicable ; Inapplicable ; Inapplicable ; Pass         ; Inapplicable ; Inapplicable ; Inapplicable ; Inapplicable ; Pass         ; Inapplicable ; Inapplicable ; Inapplicable ; Inapplicable ; Inapplicable ; Pass      ; Inapplicable ; Inapplicable ;
; GREEN[2]           ; Pass         ; Inapplicable ; Pass         ; Inapplicable ; Inapplicable ; Pass      ; Pass         ; Inapplicable ; Pass      ; Pass      ; Inapplicable ; Pass         ; Inapplicable ; Inapplicable ; Inapplicable ; Inapplicable ; Pass         ; Inapplicable ; Inapplicable ; Inapplicable ; Inapplicable ; Pass         ; Inapplicable ; Inapplicable ; Inapplicable ; Inapplicable ; Inapplicable ; Pass      ; Inapplicable ; Inapplicable ;
; GREEN[1]           ; Pass         ; Inapplicable ; Pass         ; Inapplicable ; Inapplicable ; Pass      ; Pass         ; Inapplicable ; Pass      ; Pass      ; Inapplicable ; Pass         ; Inapplicable ; Inapplicable ; Inapplicable ; Inapplicable ; Pass         ; Inapplicable ; Inapplicable ; Inapplicable ; Inapplicable ; Pass         ; Inapplicable ; Inapplicable ; Inapplicable ; Inapplicable ; Inapplicable ; Pass      ; Inapplicable ; Inapplicable ;
; GREEN[0]           ; Pass         ; Inapplicable ; Pass         ; Inapplicable ; Inapplicable ; Pass      ; Pass         ; Inapplicable ; Pass      ; Pass      ; Inapplicable ; Pass         ; Inapplicable ; Inapplicable ; Inapplicable ; Inapplicable ; Pass         ; Inapplicable ; Inapplicable ; Inapplicable ; Inapplicable ; Pass         ; Inapplicable ; Inapplicable ; Inapplicable ; Inapplicable ; Inapplicable ; Pass      ; Inapplicable ; Inapplicable ;
; RED[3]             ; Pass         ; Inapplicable ; Pass         ; Inapplicable ; Inapplicable ; Pass      ; Pass         ; Inapplicable ; Pass      ; Pass      ; Inapplicable ; Pass         ; Inapplicable ; Inapplicable ; Inapplicable ; Inapplicable ; Pass         ; Inapplicable ; Inapplicable ; Inapplicable ; Inapplicable ; Pass         ; Inapplicable ; Inapplicable ; Inapplicable ; Inapplicable ; Inapplicable ; Pass      ; Inapplicable ; Inapplicable ;
; RED[2]             ; Pass         ; Inapplicable ; Pass         ; Inapplicable ; Inapplicable ; Pass      ; Pass         ; Inapplicable ; Pass      ; Pass      ; Inapplicable ; Pass         ; Inapplicable ; Inapplicable ; Inapplicable ; Inapplicable ; Pass         ; Inapplicable ; Inapplicable ; Inapplicable ; Inapplicable ; Pass         ; Inapplicable ; Inapplicable ; Inapplicable ; Inapplicable ; Inapplicable ; Pass      ; Inapplicable ; Inapplicable ;
; RED[1]             ; Pass         ; Inapplicable ; Pass         ; Inapplicable ; Inapplicable ; Pass      ; Pass         ; Inapplicable ; Pass      ; Pass      ; Inapplicable ; Pass         ; Inapplicable ; Inapplicable ; Inapplicable ; Inapplicable ; Pass         ; Inapplicable ; Inapplicable ; Inapplicable ; Inapplicable ; Pass         ; Inapplicable ; Inapplicable ; Inapplicable ; Inapplicable ; Inapplicable ; Pass      ; Inapplicable ; Inapplicable ;
; RED[0]             ; Pass         ; Inapplicable ; Pass         ; Inapplicable ; Inapplicable ; Pass      ; Pass         ; Inapplicable ; Pass      ; Pass      ; Inapplicable ; Pass         ; Inapplicable ; Inapplicable ; Inapplicable ; Inapplicable ; Pass         ; Inapplicable ; Inapplicable ; Inapplicable ; Inapplicable ; Pass         ; Inapplicable ; Inapplicable ; Inapplicable ; Inapplicable ; Inapplicable ; Pass      ; Inapplicable ; Inapplicable ;
; BTN2               ; Pass         ; Inapplicable ; Pass         ; Inapplicable ; Inapplicable ; Pass      ; Pass         ; Inapplicable ; Pass      ; Pass      ; Inapplicable ; Inapplicable ; Inapplicable ; Inapplicable ; Pass         ; Inapplicable ; Inapplicable ; Pass         ; Inapplicable ; Inapplicable ; Inapplicable ; Inapplicable ; Inapplicable ; Inapplicable ; Inapplicable ; Inapplicable ; Inapplicable ; Pass      ; Inapplicable ; Inapplicable ;
; BTN1               ; Pass         ; Inapplicable ; Pass         ; Inapplicable ; Inapplicable ; Pass      ; Pass         ; Inapplicable ; Pass      ; Pass      ; Inapplicable ; Inapplicable ; Inapplicable ; Inapplicable ; Pass         ; Inapplicable ; Inapplicable ; Pass         ; Inapplicable ; Inapplicable ; Inapplicable ; Inapplicable ; Inapplicable ; Inapplicable ; Inapplicable ; Inapplicable ; Inapplicable ; Pass      ; Inapplicable ; Inapplicable ;
; SW7                ; Pass         ; Inapplicable ; Pass         ; Inapplicable ; Inapplicable ; Pass      ; Pass         ; Inapplicable ; Pass      ; Pass      ; Inapplicable ; Inapplicable ; Inapplicable ; Inapplicable ; Pass         ; Inapplicable ; Inapplicable ; Pass         ; Inapplicable ; Inapplicable ; Inapplicable ; Inapplicable ; Inapplicable ; Inapplicable ; Inapplicable ; Inapplicable ; Inapplicable ; Pass      ; Inapplicable ; Inapplicable ;
; SW5                ; Pass         ; Inapplicable ; Pass         ; Inapplicable ; Inapplicable ; Pass      ; Pass         ; Inapplicable ; Pass      ; Pass      ; Inapplicable ; Inapplicable ; Inapplicable ; Inapplicable ; Pass         ; Inapplicable ; Inapplicable ; Pass         ; Inapplicable ; Inapplicable ; Inapplicable ; Inapplicable ; Inapplicable ; Inapplicable ; Inapplicable ; Inapplicable ; Inapplicable ; Pass      ; Inapplicable ; Inapplicable ;
; SW6                ; Pass         ; Inapplicable ; Pass         ; Inapplicable ; Inapplicable ; Pass      ; Pass         ; Inapplicable ; Pass      ; Pass      ; Inapplicable ; Inapplicable ; Inapplicable ; Inapplicable ; Pass         ; Inapplicable ; Inapplicable ; Pass         ; Inapplicable ; Inapplicable ; Inapplicable ; Inapplicable ; Inapplicable ; Inapplicable ; Inapplicable ; Inapplicable ; Inapplicable ; Pass      ; Inapplicable ; Inapplicable ;
; SW9                ; Pass         ; Inapplicable ; Pass         ; Inapplicable ; Inapplicable ; Pass      ; Pass         ; Inapplicable ; Pass      ; Pass      ; Inapplicable ; Inapplicable ; Inapplicable ; Inapplicable ; Pass         ; Inapplicable ; Inapplicable ; Pass         ; Inapplicable ; Inapplicable ; Inapplicable ; Inapplicable ; Inapplicable ; Inapplicable ; Inapplicable ; Inapplicable ; Inapplicable ; Pass      ; Inapplicable ; Inapplicable ;
; SW0                ; Pass         ; Inapplicable ; Pass         ; Inapplicable ; Inapplicable ; Pass      ; Pass         ; Inapplicable ; Pass      ; Pass      ; Inapplicable ; Inapplicable ; Inapplicable ; Inapplicable ; Pass         ; Inapplicable ; Inapplicable ; Pass         ; Inapplicable ; Inapplicable ; Inapplicable ; Inapplicable ; Inapplicable ; Inapplicable ; Inapplicable ; Inapplicable ; Inapplicable ; Pass      ; Inapplicable ; Inapplicable ;
; SW3                ; Pass         ; Inapplicable ; Pass         ; Inapplicable ; Inapplicable ; Pass      ; Pass         ; Inapplicable ; Pass      ; Pass      ; Inapplicable ; Inapplicable ; Inapplicable ; Inapplicable ; Pass         ; Inapplicable ; Inapplicable ; Pass         ; Inapplicable ; Inapplicable ; Inapplicable ; Inapplicable ; Inapplicable ; Inapplicable ; Inapplicable ; Inapplicable ; Inapplicable ; Pass      ; Inapplicable ; Inapplicable ;
; SW1                ; Pass         ; Inapplicable ; Pass         ; Inapplicable ; Inapplicable ; Pass      ; Pass         ; Inapplicable ; Pass      ; Pass      ; Inapplicable ; Inapplicable ; Inapplicable ; Inapplicable ; Pass         ; Inapplicable ; Inapplicable ; Pass         ; Inapplicable ; Inapplicable ; Inapplicable ; Inapplicable ; Inapplicable ; Inapplicable ; Inapplicable ; Inapplicable ; Inapplicable ; Pass      ; Inapplicable ; Inapplicable ;
; SW2                ; Pass         ; Inapplicable ; Pass         ; Inapplicable ; Inapplicable ; Pass      ; Pass         ; Inapplicable ; Pass      ; Pass      ; Inapplicable ; Inapplicable ; Inapplicable ; Inapplicable ; Pass         ; Inapplicable ; Inapplicable ; Pass         ; Inapplicable ; Inapplicable ; Inapplicable ; Inapplicable ; Inapplicable ; Inapplicable ; Inapplicable ; Inapplicable ; Inapplicable ; Pass      ; Inapplicable ; Inapplicable ;
; SW4                ; Pass         ; Inapplicable ; Pass         ; Inapplicable ; Inapplicable ; Pass      ; Pass         ; Inapplicable ; Pass      ; Pass      ; Inapplicable ; Inapplicable ; Inapplicable ; Inapplicable ; Pass         ; Inapplicable ; Inapplicable ; Pass         ; Inapplicable ; Inapplicable ; Inapplicable ; Inapplicable ; Inapplicable ; Inapplicable ; Inapplicable ; Inapplicable ; Inapplicable ; Pass      ; Inapplicable ; Inapplicable ;
; CLK                ; Pass         ; Inapplicable ; Pass         ; Inapplicable ; Inapplicable ; Pass      ; Pass         ; Inapplicable ; Pass      ; Pass      ; Inapplicable ; Inapplicable ; Inapplicable ; Inapplicable ; Pass         ; Inapplicable ; Inapplicable ; Pass         ; Inapplicable ; Inapplicable ; Inapplicable ; Inapplicable ; Inapplicable ; Inapplicable ; Inapplicable ; Inapplicable ; Inapplicable ; Pass      ; Inapplicable ; Inapplicable ;
; SW8                ; Pass         ; Inapplicable ; Pass         ; Inapplicable ; Inapplicable ; Pass      ; Pass         ; Inapplicable ; Pass      ; Pass      ; Inapplicable ; Inapplicable ; Inapplicable ; Inapplicable ; Pass         ; Inapplicable ; Inapplicable ; Pass         ; Inapplicable ; Inapplicable ; Inapplicable ; Inapplicable ; Inapplicable ; Inapplicable ; Inapplicable ; Inapplicable ; Inapplicable ; Pass      ; Inapplicable ; Inapplicable ;
; PS2_DATA           ; Pass         ; Inapplicable ; Pass         ; Inapplicable ; Inapplicable ; Pass      ; Pass         ; Inapplicable ; Pass      ; Pass      ; Inapplicable ; Inapplicable ; Inapplicable ; Inapplicable ; Pass         ; Inapplicable ; Inapplicable ; Pass         ; Inapplicable ; Inapplicable ; Inapplicable ; Inapplicable ; Inapplicable ; Inapplicable ; Inapplicable ; Inapplicable ; Inapplicable ; Pass      ; Inapplicable ; Inapplicable ;
; PS2_CLK            ; Pass         ; Inapplicable ; Pass         ; Inapplicable ; Inapplicable ; Pass      ; Pass         ; Inapplicable ; Pass      ; Pass      ; Inapplicable ; Inapplicable ; Inapplicable ; Inapplicable ; Pass         ; Inapplicable ; Inapplicable ; Pass         ; Inapplicable ; Inapplicable ; Inapplicable ; Inapplicable ; Inapplicable ; Inapplicable ; Inapplicable ; Inapplicable ; Inapplicable ; Pass      ; Inapplicable ; Inapplicable ;
+--------------------+--------------+--------------+--------------+--------------+--------------+-----------+--------------+--------------+-----------+-----------+--------------+--------------+--------------+--------------+--------------+--------------+--------------+--------------+--------------+--------------+--------------+--------------+--------------+--------------+--------------+--------------+--------------+-----------+--------------+--------------+


+---------------------------------------------------------------------------------------------+
; Fitter Device Options                                                                       ;
+------------------------------------------------------------------+--------------------------+
; Option                                                           ; Setting                  ;
+------------------------------------------------------------------+--------------------------+
; Enable user-supplied start-up clock (CLKUSR)                     ; Off                      ;
; Enable device-wide reset (DEV_CLRn)                              ; Off                      ;
; Enable device-wide output enable (DEV_OE)                        ; Off                      ;
; Enable INIT_DONE output                                          ; Off                      ;
; Configuration scheme                                             ; Active Serial            ;
; Error detection CRC                                              ; Off                      ;
; Enable open drain on CRC_ERROR pin                               ; Off                      ;
; Enable input tri-state on active configuration pins in user mode ; Off                      ;
; Configuration Voltage Level                                      ; Auto                     ;
; Force Configuration Voltage Level                                ; Off                      ;
; nCEO                                                             ; As output driving ground ;
; Data[0]                                                          ; As input tri-stated      ;
; Data[1]/ASDO                                                     ; As input tri-stated      ;
; Data[7..2]                                                       ; Unreserved               ;
; FLASH_nCE/nCSO                                                   ; As input tri-stated      ;
; Other Active Parallel pins                                       ; Unreserved               ;
; DCLK                                                             ; As output driving ground ;
; Base pin-out file on sameframe device                            ; Off                      ;
+------------------------------------------------------------------+--------------------------+


+------------------------------------+
; Operating Settings and Conditions  ;
+---------------------------+--------+
; Setting                   ; Value  ;
+---------------------------+--------+
; Nominal Core Voltage      ; 1.20 V ;
; Low Junction Temperature  ; 0 °C   ;
; High Junction Temperature ; 85 °C  ;
+---------------------------+--------+


+----------------------------------------------------------------------------------------------------+
; Estimated Delay Added for Hold Timing Summary                                                      ;
+---------------------------------------------------------+----------------------+-------------------+
; Source Clock(s)                                         ; Destination Clock(s) ; Delay Added in ns ;
+---------------------------------------------------------+----------------------+-------------------+
; KPTastature:inst11|KeyFetch:inst|Debouncer:inst39|inst1 ; CLK                  ; 3.5               ;
+---------------------------------------------------------+----------------------+-------------------+
Note: For more information on problematic transfers, consider running the Fitter again with the Optimize hold timing option (Settings Menu) turned off.
This will disable optimization of problematic paths and expose them for further analysis using the TimeQuest Timing Analyzer.


+----------------------------------------------------------------------------------------------------------------------------------------------------------------------------+
; Estimated Delay Added for Hold Timing Details                                                                                                                              ;
+-----------------------------------------+--------------------------------------------------------------------------------------------------------------+-------------------+
; Source Register                         ; Destination Register                                                                                         ; Delay Added in ns ;
+-----------------------------------------+--------------------------------------------------------------------------------------------------------------+-------------------+
; KPTastature:inst11|KeyFetch:inst|inst1  ; KPTastature:inst11|KeyFetch:inst|inst30                                                                      ; 0.397             ;
; KPTastature:inst11|KeyFetch:inst|inst2  ; KPTastature:inst11|KeyFetch:inst|inst31                                                                      ; 0.397             ;
; KPTastature:inst11|KeyFetch:inst|inst4  ; KPTastature:inst11|KeyFetch:inst|inst33                                                                      ; 0.397             ;
; KPTastature:inst11|KeyFetch:inst|inst6  ; KPTastature:inst11|KeyFetch:inst|inst35                                                                      ; 0.397             ;
; KPTastature:inst11|KeyFetch:inst|inst7  ; KPTastature:inst11|KeyFetch:inst|inst36                                                                      ; 0.397             ;
; KPTastature:inst11|KeyFetch:inst|inst3  ; KPTastature:inst11|KeyFetch:inst|inst32                                                                      ; 0.371             ;
; KPTastature:inst11|KeyFetch:inst|inst5  ; KPTastature:inst11|KeyFetch:inst|inst34                                                                      ; 0.371             ;
; KPTastature:inst11|KeyFetch:inst|inst8  ; CPU:inst|RegisterX:inst23|data[7]                                                                            ; 0.371             ;
; KPTastature:inst11|KeyFetch:inst|inst19 ; KPTastature:inst11|KeyFetch:inst|inst33                                                                      ; 0.371             ;
; CPU:inst|RegisterX:inst23|data[30]      ; memTest:inst9|altsyncram:altsyncram_component|altsyncram_dos3:auto_generated|ram_block1a30~porta_datain_reg0 ; 0.173             ;
+-----------------------------------------+--------------------------------------------------------------------------------------------------------------+-------------------+
Note: This table only shows the top 10 path(s) that have the largest delay added for hold.


+-----------------+
; Fitter Messages ;
+-----------------+
Warning (20028): Parallel compilation is not licensed and has been disabled
Info (119006): Selected device EP3C16F484C6 for design "Main"
Info (21077): Core supply voltage is 1.2V
Info (21077): Low junction temperature is 0 degrees C
Info (21077): High junction temperature is 85 degrees C
Info (171003): Fitter is performing an Auto Fit compilation, which may decrease Fitter effort to reduce compilation time
Warning (292013): Feature LogicLock is only available with a valid subscription license. You can purchase a software subscription to gain full access to this feature.
Info (176444): Device migration not selected. If you intend to use device migration later, you may need to change the pin assignments as they may be incompatible with other devices
    Info (176445): Device EP3C40F484C6 is compatible
    Info (176445): Device EP3C55F484C6 is compatible
    Info (176445): Device EP3C80F484C6 is compatible
Info (169124): Fitter converted 5 user pins into dedicated programming pins
    Info (169125): Pin ~ALTERA_ASDO_DATA1~ is reserved at location D1
    Info (169125): Pin ~ALTERA_FLASH_nCE_nCSO~ is reserved at location E2
    Info (169125): Pin ~ALTERA_DCLK~ is reserved at location K2
    Info (169125): Pin ~ALTERA_DATA0~ is reserved at location K1
    Info (169125): Pin ~ALTERA_nCEO~ is reserved at location K22
Warning (15714): Some pins have incomplete I/O assignments. Refer to the I/O Assignment Warnings report for details
Info (176045): Design uses memory blocks. Violating setup or hold times of memory block address registers for either read or write operations could cause memory contents to be corrupted. Make sure that all memory block address registers meet the setup and hold time requirements.
Critical Warning (169085): No exact pin location assignment(s) for 1 pins of 67 total pins
    Info (169086): Pin BLUE[0] not assigned to an exact location on the device
Critical Warning (332012): Synopsys Design Constraints File file not found: 'Main.sdc'. A Synopsys Design Constraints File is required by the TimeQuest Timing Analyzer to get proper timing constraints. Without it, the Compiler will not properly optimize the design.
Info (332144): No user constrained base clocks found in the design
Warning (332125): Found combinational loop of 15 nodes
    Warning (332126): Node "inst|inst12|inst61|combout"
    Warning (332126): Node "inst|inst31|inst121~0|datad"
    Warning (332126): Node "inst|inst31|inst121~0|combout"
    Warning (332126): Node "inst|inst55~0|datac"
    Warning (332126): Node "inst|inst55~0|combout"
    Warning (332126): Node "inst|inst24|inst76~0|dataa"
    Warning (332126): Node "inst|inst24|inst76~0|combout"
    Warning (332126): Node "inst|inst12|inst~3|datab"
    Warning (332126): Node "inst|inst12|inst~3|combout"
    Warning (332126): Node "inst|inst12|inst61|datab"
    Warning (332126): Node "inst|inst12|inst19~0|dataa"
    Warning (332126): Node "inst|inst12|inst19~0|combout"
    Warning (332126): Node "inst|inst12|inst19|dataa"
    Warning (332126): Node "inst|inst12|inst19|combout"
    Warning (332126): Node "inst|inst12|inst61|datac"
Info (332143): No user constrained clock uncertainty found in the design. Calling "derive_clock_uncertainty"
Info (332123): Deriving Clock Uncertainty. Please refer to report_sdc in TimeQuest to see clock uncertainties.
Info (332130): Timing requirements not specified -- quality metrics such as performance may be sacrificed to reduce compilation time.
Info (176353): Automatically promoted node CLK~input (placed in PIN G21 (CLK4, DIFFCLK_2p))
    Info (176355): Automatically promoted destinations to use location or clock signal Global Clock CLKCTRL_G9
Info (176353): Automatically promoted node KPTastature:inst11|KeyFetch:inst|Debouncer:inst39|inst1 
    Info (176355): Automatically promoted destinations to use location or clock signal Global Clock
Info (176233): Starting register packing
Info (176235): Finished register packing
    Extra Info (176219): No registers were packed into other blocks
Info (176214): Statistics of I/O pins that need to be placed that use the same VCCIO and VREF, before I/O pin placement
    Info (176211): Number of I/O pins in group: 1 (unused VREF, 2.5V VCCIO, 0 input, 1 output, 0 bidirectional)
        Info (176212): I/O standards used: 2.5 V.
Info (176215): I/O bank details before I/O pin placement
    Info (176214): Statistics of I/O banks
        Info (176213): I/O bank number 1 does not use VREF pins and has 2.5V VCCIO pins. 26 total pin(s) used --  7 pins available
        Info (176213): I/O bank number 2 does not use VREF pins and has undetermined VCCIO pins. 0 total pin(s) used --  48 pins available
        Info (176213): I/O bank number 3 does not use VREF pins and has undetermined VCCIO pins. 0 total pin(s) used --  46 pins available
        Info (176213): I/O bank number 4 does not use VREF pins and has undetermined VCCIO pins. 0 total pin(s) used --  41 pins available
        Info (176213): I/O bank number 5 does not use VREF pins and has undetermined VCCIO pins. 2 total pin(s) used --  44 pins available
        Info (176213): I/O bank number 6 does not use VREF pins and has 2.5V VCCIO pins. 15 total pin(s) used --  28 pins available
        Info (176213): I/O bank number 7 does not use VREF pins and has 2.5V VCCIO pins. 28 total pin(s) used --  19 pins available
        Info (176213): I/O bank number 8 does not use VREF pins and has undetermined VCCIO pins. 0 total pin(s) used --  43 pins available
Info (171121): Fitter preparation operations ending: elapsed time is 00:00:03
Info (170189): Fitter placement preparation operations beginning
Info (170190): Fitter placement preparation operations ending: elapsed time is 00:00:02
Info (170191): Fitter placement operations beginning
Info (170137): Fitter placement was successful
Info (170192): Fitter placement operations ending: elapsed time is 00:00:09
Info (170193): Fitter routing operations beginning
Info (170195): Router estimated average interconnect usage is 10% of the available device resources
    Info (170196): Router estimated peak interconnect usage is 48% of the available device resources in the region that extends from location X21_Y10 to location X30_Y19
Info (170194): Fitter routing operations ending: elapsed time is 00:00:17
Info (170199): The Fitter performed an Auto Fit compilation.  Optimizations were skipped to reduce compilation time.
    Info (170201): Optimizations that may affect the design's routability were skipped
Info (11888): Total time spent on timing analysis during the Fitter is 3.97 seconds.
Info (334003): Started post-fitting delay annotation
Info (334004): Delay annotation completed successfully
Info (334003): Started post-fitting delay annotation
Info (334004): Delay annotation completed successfully
Info (11218): Fitter post-fit operations ending: elapsed time is 00:00:03
Info (144001): Generated suppressed messages file C:/Users/TEMP/Desktop/AR-project-Tetris/quartus/execute faza/output_files/Main.fit.smsg
Info: Quartus II 64-Bit Fitter was successful. 0 errors, 21 warnings
    Info: Peak virtual memory: 5020 megabytes
    Info: Processing ended: Fri Sep 18 17:25:42 2026
    Info: Elapsed time: 00:00:39
    Info: Total CPU time (on all processors): 00:00:39


+----------------------------+
; Fitter Suppressed Messages ;
+----------------------------+
The suppressed messages can be found in C:/Users/TEMP/Desktop/AR-project-Tetris/quartus/execute faza/output_files/Main.fit.smsg.


